{"type": "FeatureCollection", "name": "reguleti_pirms_1940_full", "crs": {"type": "name", "properties": {"name": "urn:ogc:def:crs:OGC:1.3:CRS84"}}, "features": [{"type": "Feature", "properties": {"fid": 95, "nosaukums": "Kānupe", "garums": 1793, "posmaID": null, "gadsAvotos": null, "regulets19": 1, "kolhozs": null, "udenskratu": null, "piezimes": null}, "geometry": {"type": "MultiLineString", "coordinates": [[[23.50051722396421, 56.35884213691652], [23.49897914176761, 56.35781212831654], [23.498285370186657, 56.356599988818914], [23.49729900339543, 56.355271915318376], [23.496825670387036, 56.35455784285978], [23.49647826756014, 56.35405514769157], [23.496276223840535, 56.35367877220149], [23.496296881696473, 56.35350251616444], [23.49649696464392, 56.35268040606675], [23.496456593538536, 56.35255618324049], [23.49610692702569, 56.35187224280283], [23.49549013960719, 56.35170784831634], [23.493070649802917, 56.35111231833138], [23.4925379828625, 56.35095141743359], [23.492064176364522, 56.350742616129], [23.49052868681773, 56.35010608301312], [23.488999779853494, 56.34946994416733], [23.487423427530548, 56.348806591447804], [23.48731477605399, 56.34870779695839], [23.48726697532761, 56.34862733106083], [23.487116324756364, 56.34841626752093], [23.487096944669243, 56.34838911411298], [23.48707756460954, 56.348361960701936], [23.4869533107683, 56.34818787437961], [23.486507157258114, 56.34790354737694], [23.486308797075985, 56.3478065626593], [23.484091143042598, 56.34741640064074], [23.48392561673294, 56.347352836597935], [23.483727565703777, 56.34723365799942], [23.48370886946788, 56.347224972899255]]]}}, {"type": "Feature", "properties": {"fid": 129, "nosaukums": "Lielplatones grāvis", "garums": 5669, "posmaID": null, "gadsAvotos": null, "regulets19": 1, "kolhozs": null, "udenskratu": null, "piezimes": null}, "geometry": {"type": "MultiLineString", "coordinates": [[[23.668395840109188, 56.42266218527565], [23.66933227000921, 56.4252888624212], [23.67112618321677, 56.427354792530075], [23.671386418678818, 56.429539878261984], [23.671694548313354, 56.42987396912452], [23.672830045266757, 56.43110508385849], [23.673283209689444, 56.43159638228736], [23.671667561949054, 56.432338775307336], [23.671897288522622, 56.43351615367001], [23.67234955551183, 56.43378395241169], [23.673631901180485, 56.434448959712824], [23.673743133010223, 56.434526745914006], [23.67376290033191, 56.43455388394188], [23.673827771553622, 56.434670485534646], [23.674327888251632, 56.435666154206295], [23.675024892117346, 56.43694348398025], [23.67530084412608, 56.43740820265415], [23.67533347416709, 56.437468885731185], [23.675429655044308, 56.43764775985571], [23.675642918264284, 56.43803193787133], [23.67567866393281, 56.438103966355726], [23.67573409001659, 56.43819755031207], [23.67578278727911, 56.43824981556401], [23.675818449677035, 56.43828347248625], [23.675903755456805, 56.43835221358606], [23.676061168106983, 56.43845879179869], [23.676360810127115, 56.438658302113026], [23.67662534337471, 56.43884436318071], [23.67673797198608, 56.43892643309764], [23.676816009496434, 56.438993343381995], [23.676871986493087, 56.43906796855447], [23.676890133926175, 56.43911090173235], [23.676915127312974, 56.439176955105644], [23.676929178328557, 56.439316226764824], [23.676835809645407, 56.44035787981115], [23.67673853584299, 56.44120547565716], [23.676758702541264, 56.44129437895519], [23.677043840318227, 56.44179925217772], [23.678153995191366, 56.44371049209431], [23.67829090086661, 56.44401603011439], [23.678272862102897, 56.44408745027431], [23.677226357592506, 56.44618431113491], [23.67662840836442, 56.446783462719104], [23.67556466878424, 56.44721832000768], [23.674851099622742, 56.44751066607323], [23.673741459460764, 56.448309190631875], [23.673778656244117, 56.44956897887995], [23.67377978774226, 56.449607325236066], [23.67378091923485, 56.44964567249037], [23.673814976215667, 56.45079901559936], [23.674014602608224, 56.451267441786214], [23.675516218405335, 56.452903611124384], [23.675737552990025, 56.45311693857216], [23.67634259558092, 56.45349275644025], [23.67642504780449, 56.453614048792794], [23.67735120348826, 56.455974165326076], [23.677977589888346, 56.45759382490185], [23.678300322918776, 56.45845320954255], [23.678720202011156, 56.46052361747531], [23.67911355429703, 56.46244425878027], [23.679257956558228, 56.46323933836132], [23.67923359668848, 56.46329871391005], [23.678895698023613, 56.46375793302816], [23.67789177033227, 56.46491547266974], [23.677838364263824, 56.46493138999271], [23.67778878658763, 56.46494616633596], [23.677739208872925, 56.4649609426594], [23.677532967392608, 56.46502240980108], [23.67708279344989, 56.465118101613584], [23.67683992276339, 56.46515269187786], [23.676784670953985, 56.46516914390197], [23.67625341987945, 56.46538011057806], [23.67615267435091, 56.465536147175435], [23.676069880286242, 56.46591897498036], [23.675981209971486, 56.46609264770264], [23.675962250984032, 56.466126862623746], [23.67591892803947, 56.46620504610168], [23.675823758352667, 56.466316560802554], [23.675737817088702, 56.466398296747094], [23.675643069819195, 56.46646013990955], [23.67560690263248, 56.46649233237388], [23.675593168071618, 56.46652458433586], [23.67557949539814, 56.46654938486406], [23.675529974655678, 56.46656912429071], [23.675462591756165, 56.46657888305214], [23.67539962981993, 56.46657590458619], [23.6753750303798, 56.46656728540838], [23.675353555117198, 56.46654840891153], [23.675341280535008, 56.46653811133595], [23.675319630114775, 56.46653976534023], [23.675282410568894, 56.46655506713457], [23.675254417611164, 56.4665755248916], [23.675244926522986, 56.46660116467348], [23.675250889393343, 56.46662684397485], [23.67524755100414, 56.46665592107661], [23.67523814588599, 56.46667129560023], [23.675216350963755, 56.46669005894479], [23.67515428831198, 56.46671898242827], [23.675104660849936, 56.46673938355049], [23.67506134514213, 56.46674440294673], [23.675015057791786, 56.466735727839556], [23.674990360935087, 56.46673224107201], [23.674937760149202, 56.466738946735774], [23.67487269314522, 56.46675759673125], [23.67484172662422, 56.46676435989823], [23.674817015145553, 56.46676258367222], [23.674789315867155, 56.46674882441774], [23.674724746074443, 56.46670930307343], [23.67468776017315, 56.466697230082815], [23.67465064263837, 56.46670055406157], [23.67457624494821, 56.4667260237073], [23.674532652744396, 56.46676355015484], [23.67446103761084, 56.46682495621362], [23.67442068173815, 56.46684538226843], [23.674380400663665, 56.466857252739764], [23.674343310604783, 56.46685715547038], [23.674306339331494, 56.46684337089214], [23.674275489813922, 56.4668364466155], [23.674250763662744, 56.466836381751015], [23.674219753028652, 56.46684827649018], [23.67418557895072, 56.46686871868753], [23.674179105608133, 56.466902920275956], [23.674179500627723, 56.46695705362843], [23.674157411269757, 56.467005379812996], [23.673941216484497, 56.467130696970976], [23.673780162006196, 56.46727657189763], [23.673600668910346, 56.467422399045276], [23.673366149319193, 56.467534057584636], [23.672774589558713, 56.467709419260984], [23.671746464759536, 56.46807304045974]]]}}, {"type": "Feature", "properties": {"fid": 131, "nosaukums": "Sidrabe", "garums": 1424, "posmaID": null, "gadsAvotos": null, "regulets19": 1, "kolhozs": null, "udenskratu": null, "piezimes": null}, "geometry": {"type": "MultiLineString", "coordinates": [[[23.626632167334133, 56.358742125301276], [23.626629747910496, 56.35876579395129], [23.626761221473778, 56.36002196222002], [23.62676617195846, 56.36012919265267], [23.626767865778806, 56.3601658796328], [23.626769490259324, 56.36020104982179], [23.626778142293443, 56.360388462702225], [23.626820615881485, 56.36130841727383], [23.62682366688337, 56.361374519955845], [23.626890857651805, 56.36146712047169], [23.626928784528015, 56.361507273983946], [23.627018164110712, 56.36160190071397], [23.62702499252285, 56.361677519442324], [23.626986302021567, 56.36176560106994], [23.626833589545985, 56.36190793827169], [23.62681734867789, 56.36202128710837], [23.6268184317702, 56.36218329686555], [23.626819476270388, 56.362339648071796], [23.62682349678018, 56.36294108446666], [23.626795350395835, 56.36326402169576], [23.626763843896477, 56.36362548953734], [23.626823020208565, 56.36376426504777], [23.62701809614708, 56.36399627894194], [23.627817841294146, 56.36494742859702], [23.628126610095702, 56.365323310840175], [23.628275959909818, 56.36550512127828], [23.6291800431357, 56.36660565497642], [23.629500493857357, 56.36699572094369], [23.629587846172157, 56.36711090602033], [23.62989453124972, 56.36751530316754], [23.630367224972755, 56.368138581148955], [23.630279036830984, 56.3685099135245], [23.630181831396882, 56.36891920978439], [23.630119130632405, 56.36933330955962], [23.630052474914052, 56.369773503669286], [23.629974419678803, 56.370018965620076], [23.629833722107985, 56.37035417780939], [23.629722651439874, 56.37061879923653], [23.62959468934304, 56.37093760936904], [23.629597759822243, 56.37101111693246]]]}}, {"type": "Feature", "properties": {"fid": 135, "nosaukums": "Rēda", "garums": 10098, "posmaID": null, "gadsAvotos": null, "regulets19": 1, "kolhozs": null, "udenskratu": null, "piezimes": null}, "geometry": {"type": "MultiLineString", "coordinates": [[[23.786492762150775, 56.47844205325291], [23.786458682806835, 56.47858696393327], [23.786996340147507, 56.480592147100865], [23.78783780171083, 56.48182237524051], [23.788126349184896, 56.48228078676435], [23.789068426880075, 56.48319143686468], [23.79072222764499, 56.48363133141048], [23.791057013254758, 56.48400927534308], [23.790985857774523, 56.484212442476704], [23.79095198917758, 56.484276883479644], [23.790838347176628, 56.48439407869906], [23.788959537796554, 56.48518398964385], [23.782358865415375, 56.48897027519075], [23.78387363383529, 56.492465559852334], [23.784230684101157, 56.49266100941], [23.786163809905624, 56.49378116884478], [23.787655773946568, 56.495172833662245], [23.788074946546562, 56.4955693908018], [23.788235643079204, 56.49671901101587], [23.788652897329168, 56.497534778306864], [23.788908265228777, 56.49803402563722], [23.788918499553148, 56.498054034759086], [23.790452465954722, 56.50105266752467], [23.790476827182314, 56.50110028642976], [23.790501190085415, 56.50114790712941], [23.79132304739495, 56.50275428154911], [23.792642392732457, 56.50400429349779], [23.792493448872353, 56.50644894647796], [23.792476550795996, 56.50708090921032], [23.79413509829314, 56.50869710580233], [23.794185041318702, 56.51023379518735], [23.7948353677452, 56.510993260243495], [23.794821942048525, 56.51264880685065], [23.796902756755134, 56.513326348922504], [23.79836812250099, 56.5142630902314], [23.797935610013706, 56.51635415330088], [23.799163586063553, 56.51785423689989], [23.799390477340456, 56.51818071221515], [23.797838886138166, 56.51914039745534], [23.79852321169322, 56.5204109754629], [23.798498016818403, 56.52064149358719], [23.798482323035948, 56.52078508066242], [23.797658131165853, 56.52214279910099], [23.797236358575077, 56.52390114389885], [23.797280931740023, 56.524296891595846], [23.798898369262268, 56.52490359632983], [23.800002931626935, 56.52486234446033], [23.80032429216735, 56.524849880829244], [23.8013683217938, 56.5252289009851], [23.801566928356152, 56.52530100109831], [23.80254954923428, 56.52616757093559], [23.80269490356645, 56.52629311335408], [23.802780418591905, 56.52640053835809], [23.80242386080756, 56.527380254681105], [23.804136937459386, 56.52787071001426], [23.80522707527195, 56.52922121106462], [23.80582177604915, 56.52991504734343], [23.806141956858394, 56.530321100687196], [23.806275081109384, 56.53048992532382], [23.806448770276837, 56.53051817718424], [23.806518053691075, 56.53052944611636], [23.806587335520806, 56.53054071500736], [23.8073543278168, 56.53066546485366], [23.807986917379502, 56.53111945168971], [23.808122240878152, 56.531216565925014], [23.808214782739956, 56.53168244904827], [23.808233423324317, 56.533244495386576], [23.808345852492007, 56.53460609612112], [23.808986580166863, 56.53561939311923], [23.808543294498804, 56.536251458011606], [23.807045839835165, 56.537327441763715], [23.80694819591596, 56.538433512069865], [23.80945187123771, 56.53946147253533], [23.810029264550455, 56.54025571285186], [23.810569704386765, 56.541212435717995], [23.81037930819041, 56.54160645179437], [23.80965071549763, 56.54287418183251], [23.808396684702036, 56.54336403084406], [23.807704950461655, 56.54365155226856], [23.806422835790762, 56.54392692170951], [23.80640324042952, 56.54413693210116], [23.80650370213951, 56.54468139440578], [23.805917238557736, 56.54625903441932], [23.805896007757557, 56.546321900321594], [23.805633186604798, 56.547100101544814], [23.806021151708592, 56.54750545312484], [23.806740402979628, 56.54815414287488], [23.80774227647201, 56.548933158774894], [23.80831138245873, 56.549589450131585], [23.808839632467606, 56.55024567598386], [23.80974188626178, 56.55131133249422], [23.810219178851078, 56.55172259308439], [23.810844771780417, 56.55227012460961], [23.81096419833423, 56.55257104190953], [23.81137074571529, 56.55378290322083], [23.811934946028387, 56.55399596363695], [23.814029382611132, 56.55475414227043], [23.814748790757182, 56.55501722106708], [23.815561417116317, 56.55514129500951]]]}}, {"type": "Feature", "properties": {"fid": 142, "nosaukums": "Sesava", "garums": 1912, "posmaID": null, "gadsAvotos": null, "regulets19": 1, "kolhozs": null, "udenskratu": null, "piezimes": null}, "geometry": {"type": "MultiLineString", "coordinates": [[[23.831722124338416, 56.591658771871664], [23.831853121192207, 56.591339647044165]], [[23.831853121192207, 56.591339647044165], [23.832017803705885, 56.59121596176961]], [[23.832017803705885, 56.59121596176961], [23.832494248943156, 56.59091636468989]], [[23.832494248943156, 56.59091636468989], [23.832615397912306, 56.59086887071777]], [[23.832615397912306, 56.59086887071777], [23.832922847160777, 56.590794209310694]], [[23.832922847160777, 56.590794209310694], [23.833087039072804, 56.59078013242839]], [[23.833087039072804, 56.59078013242839], [23.833302874429695, 56.59080901641633]], [[23.833302874429695, 56.59080901641633], [23.83439126198564, 56.590976313809186]], [[23.83439126198564, 56.590976313809186], [23.834700611604042, 56.59123042084026]], [[23.834700611604042, 56.59123042084026], [23.83478365764024, 56.59135155770952]], [[23.83478365764024, 56.59135155770952], [23.8348870178658, 56.59160527641984]], [[23.8348870178658, 56.59160527641984], [23.83510527081129, 56.591864909772625]], [[23.83510527081129, 56.591864909772625], [23.835531962126826, 56.59224008260189]], [[23.835531962126826, 56.59224008260189], [23.83560171034878, 56.59229454113979]], [[23.83560171034878, 56.59229454113979], [23.836042139191978, 56.59263841628106]], [[23.836042139191978, 56.59263841628106], [23.836855418079136, 56.593008331007866]], [[23.836855418079136, 56.593008331007866], [23.8369910336219, 56.59305461424466]], [[23.8369910336219, 56.59305461424466], [23.8370432432907, 56.59306044593959]], [[23.8370432432907, 56.59306044593959], [23.837158374943062, 56.593053431881145]], [[23.837158374943062, 56.593053431881145], [23.837661419527667, 56.592877514171605]], [[23.837661419527667, 56.592877514171605], [23.83830272288617, 56.592601147872415]], [[23.83830272288617, 56.592601147872415], [23.83856904475286, 56.59250094017885]], [[23.83856904475286, 56.59250094017885], [23.838786022100138, 56.59242512717372]], [[23.838786022100138, 56.59242512717372], [23.838973270000686, 56.5923927583241]], [[23.838973270000686, 56.5923927583241], [23.839148063716983, 56.592380312387164]], [[23.839148063716983, 56.592380312387164], [23.839581267151267, 56.59240533004958]], [[23.839581267151267, 56.59240533004958], [23.83995059728788, 56.59239765268518]], [[23.83995059728788, 56.59239765268518], [23.84039393463817, 56.592354740146924]], [[23.84039393463817, 56.592354740146924], [23.841312397242362, 56.592168275135705]], [[23.841312397242362, 56.592168275135705], [23.842395638507725, 56.59234495160061]], [[23.842395638507725, 56.59234495160061], [23.842462980369717, 56.59235593460042]], [[23.842462980369717, 56.59235593460042], [23.843261069855878, 56.59248331832093]], [[23.843261069855878, 56.59248331832093], [23.844376937165038, 56.592699799274484]], [[23.844376937165038, 56.592699799274484], [23.84446762362867, 56.592808253645394]], [[23.84446762362867, 56.592808253645394], [23.844644315987274, 56.59292325966936]], [[23.844644315987274, 56.59292325966936], [23.84480563951542, 56.593029744622314]], [[23.84480563951542, 56.593029744622314], [23.84489005540898, 56.59310637279777]], [[23.84489005540898, 56.59310637279777], [23.84492813535402, 56.593212702967726]], [[23.84492813535402, 56.593212702967726], [23.844863935066073, 56.59384181742851]], [[23.844863935066073, 56.59384181742851], [23.84487051481614, 56.593971997013746]], [[23.84487051481614, 56.593971997013746], [23.844878010012522, 56.59402302251474]], [[23.844878010012522, 56.59402302251474], [23.84491479650448, 56.594052544278526]], [[23.84491479650448, 56.594052544278526], [23.845234977779327, 56.594129477563584]], [[23.845234977779327, 56.594129477563584], [23.845926135649414, 56.59424066276857]], [[23.845926135649414, 56.59424066276857], [23.84605864145666, 56.59424252748873]], [[23.84605864145666, 56.59424252748873], [23.846351580666735, 56.5941986690375]], [[23.846351580666735, 56.5941986690375], [23.846666151721386, 56.59413953036674]], [[23.846666151721386, 56.59413953036674], [23.846937732051284, 56.594042920180776]], [[23.846937732051284, 56.594042920180776], [23.847109124811322, 56.59391654151512]], [[23.847109124811322, 56.59391654151512], [23.847296735547236, 56.59381727583915]], [[23.847296735547236, 56.59381727583915], [23.84751879900971, 56.59377162693512]], [[23.84751879900971, 56.59377162693512], [23.847844653402, 56.593779679442015]], [[23.847844653402, 56.593779679442015], [23.84819144446205, 56.593753316137054]], [[23.84819144446205, 56.593753316137054], [23.848561755830037, 56.59368024975531]], [[23.848561755830037, 56.59368024975531], [23.848711884867495, 56.593650627695816]], [[23.848711884867495, 56.593650627695816], [23.848961955881208, 56.59353612835641]], [[23.848961955881208, 56.59353612835641], [23.849533763786695, 56.59323868512276]], [[23.849533763786695, 56.59323868512276], [23.849511083065384, 56.5931923860298]], [[23.849511083065384, 56.5931923860298], [23.84926011844731, 56.592821391424444]], [[23.84926011844731, 56.592821391424444], [23.8495209006059, 56.59274660552607]], [[23.8495209006059, 56.59274660552607], [23.85020143834446, 56.5925292948997]], [[23.85020143834446, 56.5925292948997], [23.850464272702833, 56.5924402238903]], [[23.850464272702833, 56.5924402238903], [23.850548262232312, 56.592384842663535]], [[23.850548262232312, 56.592384842663535], [23.85059885381469, 56.5923016801978]], [[23.85059885381469, 56.5923016801978], [23.850599084866705, 56.592243116775926]], [[23.850599084866705, 56.592243116775926], [23.850549975224293, 56.592179798104254]], [[23.850549975224293, 56.592179798104254], [23.85019453097197, 56.59189614799059]], [[23.85019453097197, 56.59189614799059], [23.850018190589232, 56.5917554234162]], [[23.850018190589232, 56.5917554234162], [23.849904725372568, 56.59166487425643]], [[23.849904725372568, 56.59166487425643], [23.849748882419334, 56.59153214560812]], [[23.849748882419334, 56.59153214560812], [23.8496710278326, 56.591448829205305]], [[23.8496710278326, 56.591448829205305], [23.849587638995942, 56.59135317539347]], [[23.849587638995942, 56.59135317539347], [23.849449464693038, 56.59106797531552]], [[23.849449464693038, 56.59106797531552], [23.84919064888296, 56.59042206573105]], [[23.849721917054712, 56.590150299822604], [23.849584510050335, 56.590220589850105]], [[23.849584510050335, 56.590220589850105], [23.84946626946596, 56.59028107503755], [23.84919064888296, 56.59042206573105]]]}}, {"type": "Feature", "properties": {"fid": 143, "nosaukums": "Skursteņu strauts", "garums": 14052, "posmaID": null, "gadsAvotos": null, "regulets19": 1, "kolhozs": null, "udenskratu": null, "piezimes": null}, "geometry": {"type": "MultiLineString", "coordinates": [[[23.774904967476132, 56.387641388713206], [23.771073005707766, 56.38809743015781], [23.769128076045938, 56.38840654872902], [23.769136357624753, 56.39030850392071], [23.769404477337716, 56.390846814357815], [23.76911970857649, 56.39165848967586], [23.76905519163239, 56.392509773471076], [23.7688872933387, 56.394394479848934], [23.768864013452294, 56.39463431444874], [23.76844559799373, 56.39827351330849], [23.7693739804209, 56.39909529391353], [23.769435035700088, 56.39914933620729], [23.769472105343606, 56.39918214870868], [23.769509173441577, 56.39921495939899], [23.769569673125147, 56.39926851004508], [23.77024331927784, 56.4004552028319], [23.77085673263353, 56.40260825581551], [23.771598472683102, 56.40381016720618], [23.771466914207917, 56.4041761283053], [23.771524057700177, 56.40432483971534], [23.773216271856814, 56.40546067468779], [23.77332523117829, 56.40558467496827], [23.77570047951153, 56.40828757535377], [23.777173194774832, 56.41181321768748], [23.777742906738933, 56.41343345077185], [23.778647731615255, 56.416252420200955], [23.78072963902796, 56.41892155524657], [23.780873334713508, 56.4191136457854], [23.78090293174775, 56.41915320945513], [23.78093252722244, 56.419192773114766], [23.78116450593097, 56.41950287323184], [23.781267978488454, 56.41986314687565], [23.782448770890298, 56.42183376841655], [23.782488269486894, 56.422022854064956], [23.784785681821734, 56.42545127705293], [23.785208314156755, 56.42612814874783], [23.785337089982214, 56.42639970240792], [23.78551112225599, 56.42679209183298], [23.786610665862867, 56.42916417926494], [23.788654721681375, 56.43192353589929], [23.78964449011722, 56.43328533625442], [23.789746298431986, 56.433388398266686], [23.789772443197197, 56.433414865483144], [23.78979858799374, 56.43344133359246], [23.79120936619552, 56.43486943787499], [23.79141920802186, 56.435094808687175], [23.791515544729446, 56.435292987011074], [23.791539061428338, 56.4354460395532], [23.791488750453997, 56.435738479459296], [23.79079488504704, 56.43687504692779], [23.7908015341286, 56.437113062889715], [23.791031408119842, 56.43871777699765], [23.791258026961994, 56.439355934954484], [23.794028485156993, 56.44591135712786], [23.795225455025513, 56.44718552802072], [23.79848360359612, 56.44671987893264], [23.79855175989888, 56.44670887865774], [23.80021891449105, 56.44643978583264], [23.801492499577506, 56.44887163593942], [23.802306103405716, 56.450434808622454], [23.803284643504888, 56.45143217726763], [23.805704269620087, 56.45387899046885], [23.805850110936067, 56.45418662457109], [23.80565098602199, 56.457225702072066], [23.805590825662623, 56.45746537628418], [23.80511822521956, 56.45934806514328], [23.805191836419652, 56.45951844200352], [23.805220738383834, 56.45958533767555], [23.805249640453933, 56.45965223244176], [23.805276371175477, 56.45971410427067], [23.805543431286324, 56.46110877348453], [23.805805900700143, 56.46217773348021], [23.807110013381287, 56.46331698758996], [23.80724221583155, 56.46366605095617], [23.80631469268238, 56.46749654842552], [23.806923290657085, 56.46882425338614], [23.806871323900705, 56.46928565364606], [23.805735939290486, 56.47102267539546], [23.805948512724996, 56.47140926424011], [23.806814817983625, 56.47298465442104], [23.807379515019214, 56.473951809858974], [23.806748361141867, 56.48156898653624], [23.80662190641185, 56.48271151298436], [23.806608052094525, 56.48430224769246], [23.80601416113108, 56.48706413621162], [23.807485506632048, 56.48942323515752], [23.807033482928002, 56.490321173321874], [23.80734371760868, 56.49127984100144], [23.807501563173485, 56.491767589768436], [23.808017291397928, 56.49336111565347], [23.812827266131347, 56.49507756536785], [23.814905620672757, 56.49506033292819], [23.81501851324786, 56.49514649912499], [23.815071543677856, 56.4951869748144], [23.81507156956033, 56.49518699641513], [23.81512253874651, 56.49522818415927], [23.81623081415255, 56.496123751336754], [23.81691474886854, 56.49670039385515], [23.817147635056994, 56.498325819723405], [23.816027244133096, 56.50015287385997]]]}}, {"type": "Feature", "properties": {"fid": 144, "nosaukums": "Upele", "garums": 10762, "posmaID": null, "gadsAvotos": null, "regulets19": 1, "kolhozs": null, "udenskratu": null, "piezimes": null}, "geometry": {"type": "MultiLineString", "coordinates": [[[23.832511938278348, 56.346553584299635], [23.834230738789678, 56.3477468728625], [23.834151272695735, 56.349088921101846], [23.83412238204309, 56.349576799962016], [23.83410208943166, 56.35154139896123], [23.83521758224124, 56.352481410827984], [23.8381850325388, 56.35246448773802], [23.838211750161705, 56.35246402846715], [23.838246489625178, 56.35247220472331], [23.838271134785757, 56.352487330743415], [23.838325298310593, 56.352536115045304], [23.839064147725924, 56.35329301843634], [23.839784938737854, 56.354018080068926], [23.841095903517292, 56.35684352239813], [23.84166306366432, 56.35806635584084], [23.84165459464734, 56.35814562366863], [23.84161748365964, 56.35824743278802], [23.840652548732038, 56.359407317430744], [23.83969478123122, 56.3605306729594], [23.83954446197778, 56.36065285273435], [23.839301763842723, 56.36085011499541], [23.83879946297736, 56.36125837305867], [23.838478988315956, 56.36153065764682], [23.838145401497787, 56.36182103599111], [23.837963510934134, 56.36194958120343], [23.837656832248477, 56.36216631388187], [23.837801617586187, 56.363068206632875], [23.837446449457083, 56.363610657817354], [23.837337537631207, 56.36447299650905], [23.835742124844913, 56.366040331904706], [23.835304560390615, 56.36647016999676], [23.833514055627926, 56.36738813842473], [23.831492009820284, 56.36843902788488], [23.832796028209163, 56.3720362566006], [23.8324380045596, 56.372689445178665], [23.8321662677574, 56.37318358880179], [23.833902573223398, 56.37527533076378], [23.834892749597298, 56.37544160598615], [23.83560223158862, 56.375841148227344], [23.835919489205452, 56.37601980651982], [23.83736038198368, 56.376917926356654], [23.837384970663763, 56.37707918378872], [23.83739152547819, 56.37718099559719], [23.837393988829415, 56.377219264314306], [23.837396453804697, 56.37725753303329], [23.837408025172078, 56.37743724262633], [23.837400514602752, 56.37776322387195], [23.83765583435737, 56.37860119156505], [23.83806882285615, 56.37988470438342], [23.83810722873341, 56.38000407368362], [23.838153770028327, 56.3801487231174], [23.8382440342965, 56.380828232371414], [23.83835360101731, 56.38172660866369], [23.838405284258354, 56.382137748244304], [23.838587947312412, 56.38305834792905], [23.839020595504717, 56.38495224608135], [23.839328340293687, 56.386298273809054], [23.839433267981338, 56.386757628970294], [23.839445476796552, 56.38703168671018], [23.839377236931217, 56.38888011878598], [23.83936441103715, 56.38940293072718], [23.83941919985626, 56.38950872007695], [23.839832875563207, 56.39030745584438], [23.839937607425792, 56.390536427877656], [23.840078785242373, 56.390845075428125], [23.841169202293624, 56.39186502738043], [23.84124256913663, 56.3918910502432], [23.843525722839736, 56.392409170058244], [23.845787435812646, 56.39287691754589], [23.845915289848346, 56.392937550319296], [23.845942159828084, 56.392982577483096], [23.846649730738037, 56.394129045589374], [23.846888119714198, 56.394515289296514], [23.847075072591373, 56.394795086873735], [23.847407577405754, 56.395278406745824], [23.84789019203719, 56.39577475571621], [23.848455916688003, 56.396356559501825], [23.84930525793747, 56.39780810376436], [23.849919968838673, 56.39896367348315], [23.85012829293939, 56.39925176938376], [23.850176434615918, 56.399318345137246], [23.85079313348188, 56.39986638225113], [23.851987428191748, 56.400945899755506], [23.852245254968615, 56.40118766205127], [23.85244188163572, 56.40269324945927], [23.852450878324134, 56.402762129826456], [23.853317016059663, 56.40402643072589], [23.853844736118006, 56.40526735402815], [23.85448703848926, 56.40663596922284], [23.854612266086722, 56.4078747439604], [23.855029960073455, 56.40919872125881], [23.855044076224438, 56.40926067411473], [23.855519946279713, 56.41134898680408], [23.855882008018572, 56.41256223538103], [23.85951371926964, 56.41489070239746], [23.859368775876398, 56.4161473864108], [23.86020927925528, 56.41733364988975], [23.861640306622053, 56.41880827289264], [23.86270262729001, 56.42153150761387], [23.863024320912203, 56.42290647030996], [23.86305087908554, 56.42301997987311], [23.862827242540344, 56.42395268690279], [23.86267842850361, 56.42457331285263], [23.862669283619553, 56.4246114520104], [23.862660138717136, 56.4246495911672], [23.86263071724715, 56.424772287293194], [23.864923730952846, 56.42716637954024], [23.86632645915628, 56.42838842845063], [23.867098185555438, 56.430047602234794], [23.867861657872236, 56.431688883143316], [23.868292534065038, 56.43263119897274]]]}}, {"type": "Feature", "properties": {"fid": 145, "nosaukums": "Sesava", "garums": 18691, "posmaID": null, "gadsAvotos": null, "regulets19": 1, "kolhozs": null, "udenskratu": null, "piezimes": null}, "geometry": {"type": "MultiLineString", "coordinates": [[[23.82333437596818, 56.339607668738275], [23.823463372127176, 56.33983264792765], [23.82346954575062, 56.339901142592794], [23.82343033384232, 56.3399587589058], [23.823300100788824, 56.34004868567214], [23.822960588771398, 56.340309586154426], [23.822901754007017, 56.340399614466484], [23.822808959253347, 56.34081400068963], [23.822821439743276, 56.340922153724094], [23.822885915509847, 56.341015962804164], [23.822982931777055, 56.34109179639676], [23.823319898211945, 56.341214830660064], [23.823481843045336, 56.3412871509343], [23.823869645737574, 56.34164815383934], [23.823906532071096, 56.341830499167074], [23.82398387947816, 56.341949557905025], [23.824158460932402, 56.34209759020559], [23.824300837751018, 56.342191509922664], [23.824391200746614, 56.34230337771723], [23.824524831108914, 56.34261209602332], [23.824583071667092, 56.34265182778319], [23.824634934528408, 56.34266631943445], [23.824816494363663, 56.34270983007019], [23.82490719027007, 56.34274960844385], [23.824939498235747, 56.34278209426752], [23.825010078312793, 56.3429624194896], [23.825029387680413, 56.34299849150066], [23.825120068007585, 56.343041873360434], [23.825295269950747, 56.343056538699194], [23.825613100722666, 56.343111053862934], [23.825723272853907, 56.34315085813822], [23.825807480342473, 56.3431906267252], [23.825852691406126, 56.3432411532646], [23.825884836419675, 56.34330968335751], [23.825884540908305, 56.34337456420729], [23.825843334914968, 56.34351692794396], [23.825849055221102, 56.34368634781681], [23.826068289919117, 56.344011061060485], [23.826280699333818, 56.34423365597942], [23.82693342446267, 56.34479401232905], [23.827192958565874, 56.34501681429267], [23.827381731705994, 56.34515959325931], [23.827417872522396, 56.345275013873795], [23.827344985372722, 56.34567114030058], [23.827128864665305, 56.34608896209063], [23.827057176189065, 56.34615013875774], [23.826751549997827, 56.346261451603], [23.8265237282043, 56.346394499089385], [23.826382862170867, 56.34651827294195], [23.825214472345976, 56.34790075947861], [23.824075362286823, 56.34905567773644], [23.824047958714715, 56.34919928851783], [23.82400286457282, 56.349313153613465], [23.82386851485429, 56.349451659329766], [23.823816548827928, 56.34954044797476], [23.823807329268433, 56.349562567163254], [23.823817983299282, 56.34960062426265], [23.823820176824235, 56.349608460023376], [23.823872025472703, 56.349691921075625], [23.824178167622524, 56.34985187818084], [23.824419301206188, 56.349950109139435], [23.824477565474858, 56.35005895739195], [23.824404094831223, 56.35041778025327], [23.82438995266052, 56.35065341959428], [23.82433063784683, 56.35077297784594], [23.823990238715847, 56.35096102192789], [23.82351244692847, 56.35120687851544], [23.823453128507833, 56.35132643633417], [23.823451637859716, 56.35164910612483], [23.82352215809204, 56.35193199738125], [23.823508461994503, 56.35206974717392], [23.82322619294593, 56.352290115259414], [23.822165614884, 56.35310223414168], [23.82067429515015, 56.353451115185216], [23.81806898053461, 56.3540605468016], [23.817629810260822, 56.354260266271964], [23.817606042998392, 56.35451426644873], [23.81760575266765, 56.35457509070355], [23.816483377742205, 56.356804285545245], [23.816795216657734, 56.357629463540164], [23.816715119301037, 56.358781067473615], [23.816712951591686, 56.35881223846967], [23.816710783878776, 56.35884340946551], [23.816623628480293, 56.360096417194214], [23.81638492536947, 56.36305211228744], [23.81668880488251, 56.36335664092626], [23.817324422706513, 56.36508082588317], [23.817324281509162, 56.3650853035141], [23.8173231385537, 56.36508973744226], [23.81723499571771, 56.365325626667484], [23.816442900913245, 56.367216248814096], [23.81628796197273, 56.367574520355284], [23.81533701301325, 56.37154905762972], [23.81548038698874, 56.3717077804771], [23.817499446693606, 56.37394282478386], [23.817531074538575, 56.37397783328205], [23.817562700826702, 56.37401284087117], [23.817991019960903, 56.37448693727357], [23.818957243831118, 56.375903520775616], [23.819166761528574, 56.37883042253248], [23.819204470243385, 56.37935715425389], [23.81979420742654, 56.381221701770606], [23.820318003619608, 56.382605853223076], [23.820555543536013, 56.38316761623895], [23.820606344717852, 56.38328775547319], [23.82068756862506, 56.38338600954944], [23.820843378439285, 56.38354099103277], [23.821005759644365, 56.38374882804231], [23.821337947599925, 56.38403239649904], [23.821622021709757, 56.38424737982653], [23.82170345787924, 56.38428177510914], [23.821846204277843, 56.38434206521362], [23.822118210830105, 56.38439530188872], [23.822655633457675, 56.38446023813055], [23.82276295928805, 56.384456528265595], [23.823164528519275, 56.38446087494846], [23.823375480447666, 56.38447249590131], [23.823564506827843, 56.384482179713956], [23.8236532797241, 56.38449245025884], [23.823755122236257, 56.38450129102914], [23.823896128531622, 56.384514533985275], [23.8241691341353, 56.38457150867953], [23.82455672036311, 56.384655100374], [23.824922693203256, 56.38472336889975], [23.82515407022506, 56.38473124221021], [23.825392300002463, 56.384731577842835], [23.826536334487653, 56.384712452653375], [23.826776810886596, 56.384682355019876], [23.827001592004997, 56.38465658257759], [23.82710611202945, 56.38465093159776], [23.827239368533444, 56.38464531966495], [23.827540106576695, 56.384674252912355], [23.827933018951917, 56.384735021084005], [23.828129531475536, 56.38479148109545], [23.828262398687137, 56.384872822114495], [23.828324840761102, 56.38492942850995], [23.82837405215495, 56.385023697125746], [23.828252734274045, 56.385278595307796], [23.828040313737002, 56.38603915083518], [23.828028393918785, 56.38619976182162], [23.8279991914822, 56.38659322075859], [23.828002173067073, 56.38754630558855], [23.827988358887296, 56.38887233872694], [23.828034380732962, 56.38909558560588], [23.82811914960979, 56.38941743324792], [23.828245273237886, 56.38983933614714], [23.828391067131005, 56.39013796254703], [23.828687365542343, 56.39065801125113], [23.828794520350673, 56.390794369726834], [23.828904090159376, 56.390907438512734], [23.82915404609355, 56.39114454864412], [23.829845568945657, 56.39178717317375], [23.83020986146284, 56.39214498144584], [23.830514592564597, 56.392511520931556], [23.830893010510593, 56.392941697698575], [23.83098090144819, 56.3930776973332], [23.831237790142957, 56.3934894780224], [23.83133740728913, 56.393725399692784], [23.831350129665033, 56.393929236718584], [23.831347628254502, 56.39449513265327], [23.83137412752767, 56.39499352158494], [23.831873354500743, 56.396453536719626], [23.832062328378242, 56.397137567756026], [23.83231407974632, 56.398048793092535], [23.832159136521838, 56.398359199511084], [23.83212611620634, 56.39842534991966], [23.832173613625258, 56.39883869191425], [23.832627684910438, 56.39900947847903], [23.834166250016768, 56.40028065428758], [23.83653540867697, 56.402416831569454], [23.836608144427863, 56.40247767790644], [23.837970150176943, 56.40312917621203], [23.838798687299658, 56.403575832677205], [23.838939427036205, 56.40365170249173], [23.839282351407938, 56.403909486482625], [23.839607741281533, 56.40435773339087], [23.840007068607974, 56.40508979207591], [23.840946715744366, 56.40758735073428], [23.84100901756302, 56.40767430038709], [23.841101013363694, 56.40780682078738], [23.842723748573725, 56.41014422909801], [23.844825683354212, 56.413751408037044], [23.84639482164339, 56.415433786369846], [23.846463641245247, 56.41550756837082], [23.84750135927984, 56.41672708085894], [23.848908075215974, 56.41819403187629], [23.84924824985857, 56.4184839931019], [23.850516414454027, 56.4188776310946], [23.85060215061038, 56.41896782935192], [23.850668660531973, 56.41907918949369], [23.85068543730035, 56.4191367993251], [23.851432247331992, 56.421701126031664], [23.851715679172816, 56.42260515478608], [23.851930476560145, 56.42288942417226], [23.85201807898578, 56.4230115269942], [23.852123234772662, 56.42315561737581], [23.852257416308536, 56.42336919115185], [23.852233577225118, 56.42380067956298], [23.8522314657442, 56.42383891079073], [23.852229357766046, 56.42387707374141], [23.852229354258956, 56.423877142018185], [23.852216268937198, 56.42411397060687], [23.852796044732536, 56.424977254731864], [23.853450291361494, 56.42578674493106], [23.854171839730093, 56.4272343150025], [23.855753044810218, 56.430718488682956], [23.856054934329634, 56.43166601167519], [23.856054173514586, 56.43186738543653], [23.85605342586015, 56.432065273288934], [23.856053412689725, 56.432068759191296], [23.855966348163882, 56.43232303133334], [23.855860416597064, 56.43249777921813], [23.855763782640537, 56.43275204008752], [23.855734402742332, 56.43292688578136], [23.85580251339694, 56.43508057856121], [23.855971993934805, 56.43583092105866], [23.85605746076064, 56.43600589097877], [23.856200332657256, 56.43618623708948], [23.85658124289916, 56.43668481330594], [23.85796002769309, 56.438204595489125], [23.85825545831662, 56.43853879932968], [23.858388469720385, 56.438798615797005], [23.858629951726726, 56.43924344837456], [23.85874267125193, 56.43945108288896], [23.85947333694756, 56.44083784116508], [23.86006401007761, 56.44200095237365], [23.860561282130078, 56.442759167678325], [23.861134163906417, 56.4436097163523], [23.861171755098784, 56.44371849545833], [23.861206223760878, 56.44467963905523], [23.861178337462906, 56.44537903595066], [23.860954163349554, 56.446094348854466], [23.860710810085326, 56.44685313276063], [23.8606342284435, 56.44702141261527], [23.860568051222923, 56.44780355644809], [23.860423400681647, 56.449263630002335], [23.860364523154406, 56.44978270346504], [23.860145429225238, 56.45082176924826], [23.859946167106628, 56.45163532410605], [23.859817450970766, 56.4521942984157], [23.859649482058533, 56.453106104244725], [23.85931388406868, 56.45455023676349], [23.85913924019676, 56.45540505564114], [23.859106840688128, 56.45573320597371], [23.859106569001284, 56.45580660730512], [23.85949381547105, 56.45648500954463], [23.86005114770016, 56.45754534466308], [23.860205636379032, 56.45792984848776], [23.860282335413533, 56.45827538957727], [23.8602658540545, 56.45851719203945], [23.85945473624904, 56.46070563849728], [23.858286173081666, 56.46255899811429], [23.85827019848517, 56.46263859496749], [23.858238518626056, 56.462796443127345], [23.858351291533083, 56.46390335401192], [23.858481021728224, 56.46465918740834], [23.858687119751398, 56.465851258100365], [23.85878656122859, 56.46635359213879], [23.858801388926157, 56.46656088517041], [23.85871417085786, 56.4669537400887], [23.858658931341036, 56.46713073028103], [23.858567576668747, 56.467408733507355], [23.85861769073012, 56.467691008115224], [23.859079458970402, 56.46936503933301], [23.85941046935561, 56.470531329967365], [23.85967195932231, 56.471504531964996], [23.859995182597483, 56.47267514222847], [23.860141267539476, 56.473229348412445], [23.860195398141872, 56.473354632024076], [23.860310912260523, 56.47352768751443], [23.860537074486498, 56.473866502861206], [23.86054443635498, 56.47387753122473], [23.861321156542, 56.47474636155215], [23.86197355274182, 56.47548767891249], [23.8624545462652, 56.47619639680051], [23.863527153325183, 56.47781205745806], [23.864224204407652, 56.47907665551174], [23.86425212658593, 56.47928707031028], [23.86398209603286, 56.48063519532673], [23.8636190130441, 56.48202883485797], [23.86342056497777, 56.48287857618794], [23.863349732433033, 56.48318187119187], [23.863378036205553, 56.4832851097791], [23.863449339612504, 56.483392365779665], [23.864325105777834, 56.48437870607799], [23.864480145263553, 56.48486309924849], [23.86279960243475, 56.48680652734644], [23.861490188692134, 56.48787936306426], [23.8607028598402, 56.488524407326516], [23.860570795831674, 56.48863260190978], [23.85985776416142, 56.48938267442927], [23.859672422897546, 56.490059420425915], [23.858230076318858, 56.49203379019113], [23.858180876708936, 56.492101132870715], [23.85772142920753, 56.49273000439104], [23.857437056772824, 56.4930942862497]]]}}, {"type": "Feature", "properties": {"fid": 159, "nosaukums": "Kapupe", "garums": 15118, "posmaID": null, "gadsAvotos": null, "regulets19": 1, "kolhozs": null, "udenskratu": null, "piezimes": null}, "geometry": {"type": "MultiLineString", "coordinates": [[[23.96529688370436, 56.33040276776165], [23.96505269565004, 56.33227689531033], [23.964711363200028, 56.33489629881576], [23.963281444669597, 56.33727074310383], [23.962974552550953, 56.33820731137637], [23.962951324734973, 56.33830566080696], [23.962654355150935, 56.339563022635794], [23.96195017829234, 56.34093032221968], [23.960287771995635, 56.34346973917191], [23.960339985054112, 56.34586837256594], [23.960189003193122, 56.34745031752316], [23.959374042705466, 56.3487358984111], [23.959043133108, 56.34957054501551], [23.959218614721113, 56.3496810799648], [23.96002534162218, 56.350189224688194], [23.960709148657795, 56.35282523822457], [23.96052461147215, 56.3532153976027], [23.960510455443753, 56.35324532651479], [23.96050691574905, 56.353252296405266], [23.96048825408774, 56.35328904845106], [23.960360580708894, 56.35354048004366], [23.96010983571692, 56.35406683676625], [23.95968250683952, 56.35452990683147], [23.958529277048225, 56.35579287144529], [23.95786927883414, 56.35650881803849], [23.95770170716468, 56.35678461962148], [23.956869563565114, 56.35819292504587], [23.956845433523625, 56.358254379075994], [23.958519118458835, 56.36026532395105], [23.959224824950287, 56.361792979981104], [23.95875725621337, 56.36244855649616], [23.958190988219947, 56.36278212257425], [23.95813431005577, 56.36288415022723], [23.958098436001737, 56.36294872706457], [23.95745383058246, 56.36410903952644], [23.95960738980958, 56.3658729479045], [23.95984893555479, 56.36831284668654], [23.960860748083267, 56.3691962582501], [23.960973206935865, 56.36929444203592], [23.96144824319167, 56.369709176904465], [23.96185387009773, 56.37004261028029], [23.960970055193485, 56.371432684178984], [23.9604963597408, 56.37333376901729], [23.960431684024663, 56.373593315772126], [23.960126046777077, 56.37498766110973], [23.961239424946086, 56.37607689687322], [23.961245034724822, 56.37608065320535], [23.96317412448701, 56.37737245218043], [23.963388630118494, 56.37747049589444], [23.96376701915782, 56.37764344429165], [23.963767320024107, 56.37764376871612], [23.963970602905412, 56.377861645561744], [23.9646053581027, 56.378538132063525], [23.96452383196572, 56.37937970182155], [23.964399188855506, 56.380431860305286], [23.964331534948517, 56.381481829222174], [23.964056392128914, 56.381888384932424], [23.96381376290134, 56.38228638198709], [23.964158859386547, 56.382809405793296], [23.964788445606313, 56.383727496466555], [23.965221075649197, 56.3843650156308], [23.966276345242818, 56.385436107069076], [23.966292215544204, 56.3855677271791], [23.96629819005404, 56.38561726868059], [23.96630416457936, 56.385666810181405], [23.966389446275514, 56.38637404332999], [23.96404049658145, 56.3930454349436], [23.964079400545288, 56.393156028541405], [23.964090047031913, 56.393186294576765], [23.96410069515448, 56.39321656150997], [23.964174017560488, 56.39342499044509], [23.96339192452217, 56.39460438727326], [23.962598917179022, 56.39565393808864], [23.96252320034122, 56.39711567870307], [23.962457485634285, 56.39838422851022], [23.963301653958073, 56.39946440411631], [23.96420455850426, 56.40173377032828], [23.964005169234127, 56.40226890361264], [23.96378299994966, 56.40286515584783], [23.962910596128513, 56.403641011639316], [23.96319986089127, 56.40509650921318], [23.96303064182086, 56.406102203215525], [23.964199859178333, 56.406942484993486], [23.963982735902086, 56.40768486903304], [23.96450648919979, 56.409604424329245], [23.964521963149036, 56.40966113076081], [23.96349604978236, 56.41063286925067], [23.963654469581034, 56.41292336622026], [23.963674411956532, 56.41303447242559], [23.96369438123811, 56.41313446500361], [23.963724371648112, 56.41321224223185], [23.963909786968824, 56.41330193756563], [23.965079666870686, 56.41368099464188], [23.965302808665196, 56.41377105068466], [23.96554619575998, 56.41391735750997], [23.96562053541393, 56.41399237221252], [23.96564751965542, 56.414074873893995], [23.965654232427877, 56.41413112131218], [23.96563387512237, 56.41420359054544], [23.965539108742064, 56.41427357921805], [23.963718720496423, 56.415053002400875], [23.963502019050626, 56.41529667136141], [23.96361225809299, 56.41699041113491], [23.961346577791414, 56.418321734477985], [23.96092444809967, 56.419447923146734], [23.96092768416934, 56.41953750514277], [23.961002209716117, 56.421600090063365], [23.961005332598372, 56.42171509674236], [23.961058193366217, 56.4236615552721], [23.959754806749352, 56.42571055095646], [23.95867707507645, 56.427548567756254], [23.958672283271927, 56.427556740095206], [23.95875343568711, 56.4284033469592], [23.95906449481843, 56.42860968409613], [23.961445273679235, 56.428956276349794], [23.961525833711654, 56.429037203338694], [23.962297128790468, 56.42981199064292], [23.962327863777865, 56.42984076326681], [23.962364689773842, 56.429875238279294], [23.962360027711565, 56.4299659551048], [23.96235709158496, 56.43002309536618], [23.96206628883122, 56.43073694549341], [23.961945854900105, 56.43080912455102], [23.96121513704869, 56.43092884883334], [23.961179819176284, 56.431040661968375], [23.961167891962827, 56.43107842560231], [23.961155963104225, 56.43111618923433], [23.95905038192853, 56.437781087103936], [23.959048770610732, 56.43778192301113], [23.957319989608653, 56.43867792927714], [23.956704485053365, 56.43930018460093], [23.95640538956277, 56.4395238070268], [23.95436769973806, 56.440595593661044], [23.953058216371726, 56.44095408028314], [23.952233410979, 56.44117986992006], [23.950562734483164, 56.44207615976514], [23.95041349493193, 56.44303433949486], [23.95047538937107, 56.44321838329199], [23.950535962705413, 56.44339849859122], [23.95058688391233, 56.44354991416786], [23.950861041355356, 56.44436509277958], [23.950498206862747, 56.44510327713337], [23.950214509035803, 56.445680439648356], [23.950103771513774, 56.44592513634173], [23.950020120330237, 56.44674464094408], [23.946780887786467, 56.449886385665884], [23.94651877629732, 56.45014058228252], [23.94522532763278, 56.450977385346825], [23.945047639706303, 56.45146420753102], [23.944986676236198, 56.451546343623505], [23.94401150617924, 56.452860125287856], [23.943372674885005, 56.45332211287972], [23.943348012183584, 56.45341048002438], [23.943359954127853, 56.45362803090804], [23.943371977117152, 56.45379119097163], [23.943261283458394, 56.453961096107534], [23.94300180037032, 56.454145086756384], [23.94263083394572, 56.454363833195465], [23.942340894506604, 56.45453479823624]]]}}, {"type": "Feature", "properties": {"fid": 203, "nosaukums": "Maučuve", "garums": 569, "posmaID": null, "gadsAvotos": null, "regulets19": 1, "kolhozs": null, "udenskratu": null, "piezimes": null}, "geometry": {"type": "MultiLineString", "coordinates": [[[24.1729243, 56.2832626], [24.172882435292134, 56.283174302332874], [24.17289473663294, 56.2831438416836], [24.172935673358666, 56.28311008826406], [24.172958798732584, 56.28307114120368], [24.173121306652476, 56.28293687278317], [24.173361348148664, 56.28277222938565], [24.173368998242747, 56.282746274899374], [24.17322293005508, 56.281461813920124], [24.17321531055588, 56.28139481691835], [24.17283399358058, 56.278339681604734], [24.17285854204597, 56.27825169061801]]]}}, {"type": "Feature", "properties": {"fid": 204, "nosaukums": "Maučuve", "garums": 480, "posmaID": null, "gadsAvotos": null, "regulets19": 1, "kolhozs": null, "udenskratu": null, "piezimes": null}, "geometry": {"type": "MultiLineString", "coordinates": [[[24.1738941, 56.25569009999999], [24.17388453131689, 56.25565747095549], [24.171969273862135, 56.251515828846365]]]}}, {"type": "Feature", "properties": {"fid": 210, "nosaukums": "Kaucīte", "garums": 8737, "posmaID": null, "gadsAvotos": null, "regulets19": 1, "kolhozs": null, "udenskratu": null, "piezimes": null}, "geometry": {"type": "MultiLineString", "coordinates": [[[24.147406263190675, 56.38408386797091], [24.147872718360556, 56.38374002478408], [24.14825844697033, 56.383528236016694], [24.14830798013382, 56.383492007413494], [24.14832326331639, 56.38342998333167], [24.14832910418533, 56.38333524577888], [24.14832518984508, 56.38312684302821], [24.14826834938438, 56.38288061186692], [24.148271227979595, 56.382822047232516], [24.148317562072677, 56.38276170832562], [24.148416673083332, 56.38270130714961], [24.14950498309078, 56.38234519083192], [24.14965378509147, 56.38228989477541], [24.149827306933457, 56.382205289424576], [24.149994653060833, 56.382129301945504], [24.150069044950673, 56.38209993179561], [24.150124913636198, 56.382096419559105], [24.150273963032035, 56.38210485058489], [24.150475892204263, 56.38213905371256], [24.150712955891986, 56.38218418646306], [24.150715474348985, 56.382184665864564], [24.150757999661128, 56.38219276212653], [24.150803786446915, 56.38220002874188], [24.15080869310317, 56.382200808011575], [24.15095605000488, 56.38222419570418], [24.15105124346275, 56.38222407979474], [24.15191678891278, 56.38212080434795], [24.152546556603614, 56.38204567551675], [24.152576281177044, 56.382042128745695], [24.152608687824326, 56.38203826331478], [24.15317212956333, 56.381971042807756], [24.153414613645946, 56.38194518875201], [24.153543475663987, 56.38191777150799], [24.153847099875584, 56.38182369423001], [24.153972792987375, 56.38177242868848], [24.15405258378873, 56.38176040460451], [24.15414164912688, 56.38176370081836], [24.154949883852797, 56.381919429135465], [24.15519879273468, 56.381963412769615], [24.15526028975487, 56.38198377979276], [24.155312672762484, 56.3820280081843], [24.15546060974963, 56.38216070746812], [24.155482299985778, 56.382208382040716], [24.15554184482586, 56.382503037857106], [24.155563721202046, 56.38259671049933], [24.15561916356091, 56.38263752893499], [24.15583136701106, 56.382715629781416], [24.156421845810453, 56.38293124957623], [24.156514075342546, 56.382956687534644], [24.156606221123514, 56.382961682432445], [24.156686039927827, 56.38295647038925], [24.157517731240002, 56.3828344580775], [24.1575821552609, 56.38281904346034], [24.157621998428976, 56.38280025317014], [24.15810845664946, 56.38236520414608], [24.158597499911057, 56.38181600666998], [24.158680203890086, 56.38176649476461], [24.158885615647307, 56.381687864440565], [24.159541942963326, 56.3814945103946], [24.159879404287143, 56.381419115353324], [24.16005424099643, 56.38137289149728], [24.16036997737481, 56.38124300671111], [24.16071642663634, 56.38111478476024], [24.160766000600574, 56.38109332954458], [24.160820412445716, 56.381069780959024], [24.16087482260434, 56.38104623235164], [24.160949373193745, 56.38101396787016], [24.161165404680748, 56.38054348147627], [24.161197792279115, 56.380214635427414], [24.161210979508077, 56.37970182183073], [24.161290015114247, 56.37951261444712], [24.16132947862825, 56.37940523363545], [24.161338294736865, 56.379311521127256], [24.161325026189562, 56.379078138855206], [24.161333597454366, 56.37892650420813], [24.16137326746075, 56.37886852834173], [24.161880888330785, 56.37837721672084], [24.161924664645575, 56.37834932498232], [24.16254666253127, 56.377933853083036], [24.16283456892121, 56.37774153790964], [24.16307834196368, 56.377578701341655], [24.163771114853567, 56.3771690427735], [24.163828709175505, 56.377104764123985], [24.163828410701715, 56.37703520723777], [24.163590489531334, 56.37643694955129], [24.163088258540014, 56.3753856033103], [24.163109373997838, 56.37526253674313], [24.163125904815224, 56.37516619044532], [24.16314332359089, 56.37512838000009], [24.16320236237722, 56.37500022864874], [24.163278727759607, 56.374812866055905], [24.163374352741045, 56.37462012332763], [24.1635378062035, 56.374496848391956], [24.164946902095895, 56.373208989206155], [24.16545267930478, 56.3727662552812], [24.166305105372416, 56.37252839450136], [24.16682627422821, 56.372382963585935], [24.167459506985846, 56.37228585099707], [24.16765851975432, 56.37223567364388], [24.16831303748506, 56.37201731916256], [24.16982478370074, 56.371494772715906], [24.169883779959516, 56.37146270647961], [24.170081221027235, 56.37135538738797], [24.170305377516467, 56.371183962513726], [24.171088996547567, 56.36982589880964], [24.171214056802288, 56.369609153165435], [24.171803757252402, 56.36858460591826], [24.171838931513463, 56.36852349186223], [24.172154254973954, 56.36805107583911], [24.172484797294818, 56.36749628209128], [24.175892924887766, 56.36747936870226], [24.176567107278, 56.36710735555426], [24.177218877843327, 56.366657898049155], [24.177577343625536, 56.36633118314895], [24.17786237589163, 56.366012727718534], [24.17794965886621, 56.36582503641223], [24.178175400792618, 56.36539657194497], [24.178321240875178, 56.365163943235224], [24.178621160614682, 56.36489031663489], [24.17885534230738, 56.36469833579625], [24.179045808924368, 56.364583890369175], [24.179155770935076, 56.36453480052971], [24.17928784876367, 56.364501989842694], [24.179500849166267, 56.36449352648085], [24.179626249627994, 56.364497210863796], [24.17963309913155, 56.36449741207408], [24.179716021806517, 56.364501251341125], [24.179805805884293, 56.364505408533795], [24.180168125366155, 56.36452218206882], [24.18227955434641, 56.36463716649515], [24.183208951699815, 56.3646875478237], [24.183394682506613, 56.36469761520775], [24.18353851273016, 56.36468852845188], [24.183975014895385, 56.364613987274566], [24.1839753432184, 56.36461393198235], [24.184560123487824, 56.36451772099815], [24.186405369252356, 56.36421411052234], [24.189039267323956, 56.36374382606352], [24.190695026737526, 56.36343378385194], [24.190774749934032, 56.3633922672298], [24.192089552574057, 56.36162705816576], [24.19337858178093, 56.35984148996142], [24.19339527069645, 56.35977804907021], [24.193415162472498, 56.359702457117386], [24.193571102519975, 56.359098401961376], [24.193571870727165, 56.35909541882659], [24.193588495279048, 56.359036969756005], [24.193807500085597, 56.35826687941731], [24.194092205988543, 56.357169490343985], [24.19409223941687, 56.35716938068144], [24.194619168774672, 56.35522027621774], [24.194676077199674, 56.35500976037773], [24.194730307216112, 56.35480917113292], [24.19485328591286, 56.35435149440058], [24.19486623680741, 56.35430329674707], [24.19496556278063, 56.35393360579251], [24.194965596153203, 56.353933486246895], [24.195269260521602, 56.35285108492178], [24.195284755411155, 56.35279585197505], [24.195358572353452, 56.35250358205454], [24.19561709322422, 56.3514799488551], [24.19561711874128, 56.35147987604081], [24.195768424450346, 56.35089034164512], [24.1957690542437, 56.350888832161125], [24.19577013433524, 56.35088741450577], [24.195946455533406, 56.35070279922291], [24.195993103415404, 56.35065395607423], [24.196229791588895, 56.350406121053936], [24.197044484342808, 56.349531174179106], [24.19748372494891, 56.34902595134874], [24.19774937830054, 56.348704960683186], [24.199209215682878, 56.346556708075916], [24.199485363226284, 56.34614639743277], [24.200998556473028, 56.34389786632987], [24.201029423730425, 56.343851995509425], [24.202768523228677, 56.34140070455896], [24.203891913082263, 56.33990747403164], [24.20526903862771, 56.33848009313062], [24.205485424281235, 56.33825580108539], [24.20850045204447, 56.33530945598725], [24.20852992837198, 56.33526265566691], [24.20857446022314, 56.33519195016006], [24.20929328628408, 56.33293921081704], [24.209305779313524, 56.3329000542187], [24.209312239685747, 56.33287980666319], [24.209318272322335, 56.33286089851731], [24.2094923625488, 56.332315271502345], [24.20994861735568, 56.330885220029224], [24.21052435267845, 56.328991847465204], [24.210682446253216, 56.32847190437621], [24.211626702402707, 56.327559037362995], [24.213285032236474, 56.32595570958061]]]}}, {"type": "Feature", "properties": {"fid": 229, "nosaukums": "Lopgales grāvis", "garums": 2124, "posmaID": null, "gadsAvotos": null, "regulets19": 1, "kolhozs": null, "udenskratu": null, "piezimes": null}, "geometry": {"type": "MultiLineString", "coordinates": [[[24.374834193975694, 56.30631694702992], [24.375291174507407, 56.30648701518004], [24.375591356112878, 56.306856476317996], [24.376407676728554, 56.307198662825506], [24.37650178642805, 56.30720642790495], [24.37674855175535, 56.30716616532177], [24.37785945159148, 56.30698490253606], [24.378022024351665, 56.306972800268305], [24.378246367435867, 56.3069841925201], [24.379971922021188, 56.30722493169498], [24.382244023577364, 56.307541881202695], [24.383262432587316, 56.30768393062516], [24.385734462406855, 56.308028692940226], [24.38617297798521, 56.30807899339028], [24.38630300750111, 56.308088692923135], [24.390150520505887, 56.30837562104006], [24.3922215661071, 56.30754835186752], [24.39485108724413, 56.30835183026304], [24.39649215163245, 56.3092608644484], [24.396958302813225, 56.309654363153975], [24.39710474785128, 56.30975720652796], [24.397622673522232, 56.31012092269637], [24.3983930549324, 56.31047422506787], [24.39843421879915, 56.31049310224368], [24.39847538271584, 56.310511980304156], [24.398551378111392, 56.310546831379575], [24.39986666885645, 56.31115000039435], [24.401347413415394, 56.31130676549386], [24.404106463810827, 56.31159881278659], [24.40502126149322, 56.311695948586475]]]}}, {"type": "Feature", "properties": {"fid": 232, "nosaukums": "Ceraukste", "garums": 3791, "posmaID": null, "gadsAvotos": null, "regulets19": 1, "kolhozs": null, "udenskratu": null, "piezimes": null}, "geometry": {"type": "MultiLineString", "coordinates": [[[24.40978688506619, 56.27938010253624], [24.410221841725736, 56.27910538781491], [24.410583913708678, 56.27887914000677], [24.411294061953683, 56.27843537758461], [24.41145736739645, 56.27833332943752], [24.413310179987036, 56.277175457186], [24.414086219378312, 56.27670558461702], [24.41412495954491, 56.27666048608671], [24.414137656684222, 56.27662539368193], [24.41413366775137, 56.276586389472655], [24.414111978714633, 56.27655185321886], [24.414074440078043, 56.27650307541944], [24.41370926449824, 56.27624605355995], [24.413681054057882, 56.27620410872998], [24.413666546040307, 56.27614581640369], [24.413753039476713, 56.27572985079278], [24.413766486939835, 56.27568991140072], [24.413816735354427, 56.27563054464241], [24.413982182489164, 56.27552875366894], [24.414473752701106, 56.27528173528214], [24.414553515678204, 56.275242431828865], [24.414642471210918, 56.27519752077913], [24.414728518573863, 56.27516892022333], [24.414867723321137, 56.275136280813015], [24.416690441488836, 56.27470890667962], [24.426437285488262, 56.27230477667399], [24.426599263300133, 56.272255808539704], [24.426662263407565, 56.27223676234373], [24.426725265067, 56.27221771611019], [24.426893711734, 56.27216679000158], [24.429627013135267, 56.271288231392745], [24.430223929355385, 56.27109912530617], [24.430286200027876, 56.27108346610284], [24.430724810411967, 56.27100901533788], [24.431356120756323, 56.27093131769939], [24.431591264634914, 56.27090104387382], [24.432042035032325, 56.270843007710376], [24.43228762440532, 56.2708113870464], [24.43347584269531, 56.27066093745232], [24.4340990993016, 56.27058369783945], [24.434362404609363, 56.27055188784615], [24.434422448027394, 56.27054395577586], [24.434483190287192, 56.2705295864195], [24.43452538656351, 56.2705114214207], [24.43457214552471, 56.27048766362182], [24.438271454954, 56.26855083761365], [24.438286285371536, 56.26854293791845], [24.438574005108908, 56.26838970015314], [24.43893361862492, 56.268198167621144], [24.43988043510481, 56.26769387414345], [24.43992032355182, 56.267676573520696], [24.43996720862486, 56.267664395329525], [24.440023367876233, 56.26765432969428], [24.440130364429766, 56.267640651177864], [24.44596571928632, 56.266904589148965], [24.447029716415305, 56.266770344912196], [24.447444289565386, 56.26672031394405], [24.447495576064185, 56.26671412502679], [24.447547069453897, 56.26670851035851], [24.447771046359424, 56.26668409059455], [24.45274632320702, 56.26604803637924], [24.453573101123606, 56.26594271878776], [24.45368398228564, 56.26593244554519], [24.453760268454715, 56.26593002132412], [24.453828918341024, 56.26593363039798], [24.453944013695015, 56.26595379948202], [24.454060733860626, 56.26598082588415], [24.454464977371423, 56.26607243090235], [24.45602209925028, 56.266395300272436], [24.456448405436987, 56.26652628269199], [24.45772640584923, 56.26690549868595], [24.459078993845427, 56.26731043915421], [24.461102761340907, 56.267924228454994], [24.46110960861769, 56.26792635657656]]]}}, {"type": "Feature", "properties": {"fid": 330, "nosaukums": "Īkstrums", "garums": 11596, "posmaID": null, "gadsAvotos": null, "regulets19": 1, "kolhozs": null, "udenskratu": null, "piezimes": null}, "geometry": {"type": "MultiLineString", "coordinates": [[[24.14081589865863, 56.51001420292461], [24.1409937673245, 56.51046481986681], [24.141053760267653, 56.51058365419024], [24.1411003354871, 56.51065311303185], [24.1411534662109, 56.51070610174394], [24.141375879423258, 56.51090706820252], [24.141747882741242, 56.51129810789931], [24.14193400347548, 56.51152472512362], [24.14199729569705, 56.51163989683589], [24.142108330245268, 56.51213550138636], [24.14213545602282, 56.5123110801591], [24.142112692607427, 56.51241720338747], [24.142043630211912, 56.51252886799702], [24.141144186271834, 56.51355062447048], [24.141042005074336, 56.513655009378596], [24.14103999635047, 56.513656703384385], [24.14095294877098, 56.51373011057175], [24.139018040787068, 56.5148170457976], [24.138697991089085, 56.515064354912596], [24.138278962354512, 56.515390430959734], [24.138103766504774, 56.515534270600526], [24.13539210399116, 56.517736901215166], [24.135148491350325, 56.517949109913125], [24.13508604333325, 56.518003507951526], [24.13497317181821, 56.51810686890938], [24.134765454505544, 56.51831928940512], [24.134304028818228, 56.518841129300185], [24.133763583417682, 56.51948012645797], [24.133232976460953, 56.52009898874112], [24.133140766535654, 56.52022713569057], [24.133104666368705, 56.520313150401904], [24.133095918868992, 56.52064974449449], [24.13310332343343, 56.52146058600575], [24.133212640529734, 56.52403811300358], [24.133246824051366, 56.524194245806285], [24.133321422479337, 56.52436396875154], [24.133409334603833, 56.52449401576167], [24.13361867783229, 56.52471936853723], [24.134030674445953, 56.52517875715275], [24.134544016510688, 56.52575702126129], [24.134579758832338, 56.52580246859733], [24.134605449143734, 56.525835136024796], [24.13463113949943, 56.525867803446815], [24.134657336095113, 56.52590111358258], [24.134723183930216, 56.52602405369069], [24.134723950010784, 56.526239924869614], [24.134674460022136, 56.526453423881485], [24.13466954638559, 56.52647462379681], [24.13452750726545, 56.526675741263794], [24.13438760332862, 56.52687383576946], [24.13267312596556, 56.52930301523112], [24.13148107417812, 56.531040501576804], [24.130107156005064, 56.53296029723247], [24.12873517389791, 56.53498656440644], [24.127826050620932, 56.536335597237965], [24.127825924409073, 56.536335779746395], [24.127825793310198, 56.536335959564575], [24.127102663283306, 56.53730482166642], [24.125796365089574, 56.5391933960233], [24.125287012538358, 56.5399120362862], [24.125126682406464, 56.54017940028902], [24.12511988101243, 56.54023141556027], [24.125105715048637, 56.54033974199578], [24.1250019368846, 56.541462094093035], [24.122976709816438, 56.54335234021038], [24.122226732544583, 56.54410124551936], [24.122109203707648, 56.54432105960575], [24.122077551001304, 56.54450516349553], [24.122101867163778, 56.54455848933582], [24.122131676926408, 56.54462386651249], [24.122314979453797, 56.54480182056156], [24.122745701787952, 56.54503890837447], [24.123068707327086, 56.545204848029094], [24.12362194194906, 56.545312093717136], [24.125196428344925, 56.54561729464594], [24.12690857824726, 56.54594915198292], [24.12733267569058, 56.54600840635879], [24.12745704284264, 56.54602578274383], [24.128682991731637, 56.54618484025489], [24.12875804770883, 56.54618982690958], [24.130323434051515, 56.54629380990373], [24.130661173392188, 56.546316242804124], [24.13174529736271, 56.54638824224702], [24.13381358909079, 56.546525576898325], [24.13535039042921, 56.54661748500767], [24.135803348165854, 56.54664942383474], [24.136097089201353, 56.54671396821684], [24.13635738617213, 56.54680634736634], [24.13655786678703, 56.54694329111023], [24.136601181259635, 56.54697287686278], [24.136761015803714, 56.54711169859727], [24.13694867032833, 56.54744468738127], [24.13722396230305, 56.54793317663039], [24.137349190509415, 56.54817277330491], [24.137775972499764, 56.548989310986606], [24.137904406570627, 56.54923502890754], [24.138249176798055, 56.54985665836951], [24.138470060460094, 56.550254906377205], [24.138783253298367, 56.550806090571406], [24.13897251553731, 56.551139164170785], [24.13915265711009, 56.55149700529492], [24.139182990372266, 56.55164101150943], [24.139175886118696, 56.55173567465921], [24.13910926254089, 56.551855096450865], [24.1390723546685, 56.55194979293442], [24.138999002692948, 56.55226676294529], [24.138913844269684, 56.55253299194229], [24.138732368640408, 56.553100326955196], [24.138565705689963, 56.55339704085928], [24.13839036552263, 56.55357760456492], [24.136347113751867, 56.555247222269614], [24.135519232235392, 56.55595237905395], [24.13482882486805, 56.55646947971139], [24.13417479552178, 56.55704926180364], [24.132952715478545, 56.55808370298515], [24.132226919419026, 56.55873590781092], [24.13217213756867, 56.558883555670604], [24.13213589179508, 56.55906171999006], [24.132136636715515, 56.55927546978799], [24.13219269844801, 56.55949425029541], [24.132264622761884, 56.55963667389459], [24.132371074053555, 56.55976888257001], [24.132838091509587, 56.56022133231912], [24.133457941134157, 56.56088482258053], [24.133797933975075, 56.561265478846174], [24.134073291376097, 56.56157376120618], [24.134466418549707, 56.56197030155067], [24.134628085918877, 56.5620744575658], [24.134868199497262, 56.5622065192764], [24.13503434256805, 56.56227249991893], [24.135139426934156, 56.56229899586311], [24.13518810296659, 56.56231126828541], [24.13523677903047, 56.5623235406886], [24.135315717087305, 56.56234344361077], [24.13553710116539, 56.562391551513734], [24.135823536656314, 56.562399047983924], [24.13591043033433, 56.56240132215708], [24.13628359504063, 56.562365288953096], [24.136610709991903, 56.56233948335239], [24.136795042113388, 56.56233673639974], [24.136961069594992, 56.56236963411963], [24.13718478186186, 56.56245124105337], [24.13956385802921, 56.563566372457494], [24.140044807907902, 56.56379100821749], [24.141196269422036, 56.56432879980241], [24.14130138457783, 56.56437789277825], [24.14235206595177, 56.56489561693801], [24.142772538228083, 56.565080585311165], [24.14285630295443, 56.565117433650734], [24.142989285342118, 56.56527265055674], [24.14313275713664, 56.565494880444604], [24.14315869698302, 56.565698713058104], [24.143092397196003, 56.56591655117764], [24.142380878798868, 56.56720811392312], [24.14207702369486, 56.567792601260486], [24.141898553791787, 56.56813589082402], [24.141595393158486, 56.568719014101575], [24.14136830738307, 56.56907965262958], [24.140815217581423, 56.569720611850556], [24.140750934696026, 56.56979510729909], [24.140619219853225, 56.56993947572938], [24.14031757541717, 56.570270097034694], [24.140287250262997, 56.570338388114095], [24.140254892969185, 56.570411251699944], [24.14013590448002, 56.571309256219294], [24.14006411344571, 56.57185102833201], [24.140044424491716, 56.57199961550154], [24.140027927001608, 56.5722094420156], [24.140023642832393, 56.572263917554096], [24.139883573758528, 56.57263046192158], [24.13969987550252, 56.5729670230131], [24.139593305094763, 56.573097861592565], [24.139265164059296, 56.57350071614147], [24.13908480427296, 56.57369055381828], [24.138584335839425, 56.57421730860561], [24.138493236267855, 56.57430439249812], [24.138309311160164, 56.57443858178433], [24.137371502802097, 56.574982808850876], [24.136898985131158, 56.575257011144586], [24.136726653098933, 56.575391585095105], [24.13663622438959, 56.57546220078468], [24.136270871180123, 56.57577849384631], [24.135847688666175, 56.57614484288568], [24.13583414274732, 56.576156570268495], [24.135411492600088, 56.57653897362026], [24.13529081256401, 56.576733121344226], [24.13520829707649, 56.5771605089018], [24.135202575526023, 56.577190141127105], [24.135201125621116, 56.57719983476249], [24.13519520043275, 56.577239458438754], [24.134957823071296, 56.578826698189005], [24.1346528280003, 56.58086585872153], [24.134542213155235, 56.58160536489998], [24.13451585386221, 56.581767681377805], [24.1343518655962, 56.58277748501419], [24.134196709636253, 56.58373284675908], [24.134175079432165, 56.58386602975127], [24.134099547979023, 56.5843348234371], [24.134017291861134, 56.58484534015749], [24.133966959624527, 56.58515772390891], [24.133966618010646, 56.58515964507731], [24.133925584966516, 56.58539063002911], [24.133914399547336, 56.58545359006062], [24.133839592605117, 56.58597901484702], [24.13378674608483, 56.58635018502222], [24.133738675849084, 56.58667395710701], [24.133627367164106, 56.58721831265551], [24.13360890051898, 56.58728754956415], [24.133585351074597, 56.58737583282142], [24.133445678620518, 56.587562168244], [24.13267886108446, 56.58831382077778], [24.132345754327904, 56.58864826623932], [24.132088278434942, 56.588968709650786], [24.13184672971247, 56.5893361170475], [24.131740240134235, 56.58954677568067], [24.131668335182162, 56.58972781748939], [24.131637621446483, 56.58996449727711], [24.131597656970985, 56.59026208819606], [24.131550771505562, 56.59041528959624], [24.131449967614, 56.590571359980494], [24.130100905793746, 56.59153156928377], [24.129932626414845, 56.59164290979005], [24.129323616352657, 56.59204585099372], [24.129159357320468, 56.59209881753646], [24.12898322608111, 56.59211232637435], [24.127461085279126, 56.59199296131182], [24.127289928846682, 56.591989101802355], [24.127276570303813, 56.59198880012855], [24.12713232626947, 56.592001997906955], [24.124114206860305, 56.593047066792316], [24.124023988075383, 56.59311181703545], [24.123912494758944, 56.59319183619585], [24.123732052259037, 56.59332134081642], [24.123675427270438, 56.593607635494095], [24.123868734868232, 56.5942105618987], [24.12397174270378, 56.59452217199922], [24.124350469751292, 56.59548204525798], [24.12436547774442, 56.59552008234073], [24.124380416785634, 56.595557941605506], [24.124380487399282, 56.59555812031816], [24.124456777679384, 56.59575146863443], [24.124482525685952, 56.59631574647536]]]}}, {"type": "Feature", "properties": {"fid": 331, "nosaukums": "Dolīte", "garums": 1002, "posmaID": null, "gadsAvotos": null, "regulets19": 1, "kolhozs": null, "udenskratu": null, "piezimes": null}, "geometry": {"type": "MultiLineString", "coordinates": [[[24.14081589865863, 56.51001420292461], [24.145122933200216, 56.50986613125462], [24.149711487455082, 56.51009573210111], [24.153289648495623, 56.51093545381517], [24.15384078835843, 56.511016008785234], [24.153908663216832, 56.51102592954574], [24.15405009543376, 56.511046601238874], [24.15414785867823, 56.51106088976754], [24.15510228252634, 56.5111776997682], [24.156670588479052, 56.51136962133673]]]}}, {"type": "Feature", "properties": {"fid": 332, "nosaukums": "Īkstrums", "garums": 8255, "posmaID": null, "gadsAvotos": null, "regulets19": 1, "kolhozs": null, "udenskratu": null, "piezimes": null}, "geometry": {"type": "MultiLineString", "coordinates": [[[24.19137797717995, 56.45421732619235], [24.191350474943654, 56.45424579760545], [24.191142503212287, 56.45446110239176], [24.190206108107468, 56.455459198468304], [24.189117047817287, 56.455532989047356], [24.18616865157201, 56.45568703295991], [24.186005193436507, 56.45569557136913], [24.185960164899196, 56.45569792353057], [24.18594232230967, 56.455720936578274], [24.184621881823322, 56.45742392538336], [24.18480044481716, 56.45760896348048], [24.185087408575043, 56.45790633120157], [24.185109126619633, 56.45792883682109], [24.18508836546684, 56.457951616902534], [24.18436511518168, 56.45874517589857], [24.184331004601436, 56.45878260209942], [24.183565586766456, 56.459685316939215], [24.1832641000386, 56.45979067367299], [24.181188673198395, 56.46042318784135], [24.18033785067895, 56.46207022136365], [24.179926998322845, 56.46284781528931], [24.180395495448494, 56.463857440757515], [24.180402734439355, 56.46387303953469], [24.180483427916, 56.4640469298733], [24.180836430263295, 56.46480374370404], [24.180541034380738, 56.46530164584344], [24.18053090381187, 56.465318721723904], [24.180520773233944, 56.465335797603515], [24.180184264381708, 56.46590298069608], [24.18016268893382, 56.46593561865291], [24.180151505576422, 56.46595253341244], [24.180140638064362, 56.4659689733427], [24.179513891636454, 56.466916999315906], [24.178655431800358, 56.46698380738578], [24.176434202324508, 56.46662997060979], [24.17641531121248, 56.46662696076443], [24.176371024068295, 56.46661990543327], [24.176325200591766, 56.46661718987784], [24.176306464368672, 56.466616079971054], [24.17547774671779, 56.46656697336347], [24.173828069455848, 56.466488686782206], [24.173064305909634, 56.46713625420693], [24.17291879367086, 56.46715948722695], [24.171465051129903, 56.46738863737629], [24.171413163807113, 56.46739681552812], [24.1714055705473, 56.46742332154116], [24.171214206310665, 56.46809129607515], [24.171083776014854, 56.468563621091135], [24.171081167970648, 56.468573062665506], [24.171079690674176, 56.468578413039864], [24.171047111220457, 56.468603133233366], [24.17104656613359, 56.46860355444829], [24.17100848936943, 56.468632998948216], [24.17099897057594, 56.468640360295396], [24.169664001095104, 56.46967266077642], [24.169086447801465, 56.47011925356667], [24.166304589242753, 56.4707799483686], [24.166281495877733, 56.47078543274664], [24.16622237605307, 56.470799472556116], [24.166179620638683, 56.47081117609084], [24.16614234824349, 56.47082137819073], [24.165411628539445, 56.4710213849409], [24.164566952878335, 56.471991058213284], [24.163764608904817, 56.472835722833715], [24.163566333374558, 56.473052082736686], [24.162848948575665, 56.47378880556082], [24.162485417418186, 56.47417432132467], [24.162333059141808, 56.47434029285382], [24.161712915434176, 56.474981033155046], [24.16168085318944, 56.47500679325649], [24.16163581649818, 56.4750152458807], [24.15890776700598, 56.475185195630765], [24.15870601720401, 56.475208726459925], [24.15859682942406, 56.475243775203715], [24.15853392666354, 56.4752857464443], [24.158441839327335, 56.47538826480129], [24.15796499247928, 56.47600094671117], [24.157881332027635, 56.47610810776679], [24.157780571053195, 56.476147799818136], [24.157629335133258, 56.47618522804206], [24.15746542725921, 56.47620870881002], [24.157267827636492, 56.476220595616354], [24.156973451075135, 56.47621864113204], [24.15638876706104, 56.47618214172473], [24.15616588853346, 56.47618242219295], [24.15602717251426, 56.47619656078756], [24.155917920561023, 56.47621764300978], [24.155800383181326, 56.47626899092899], [24.155649422640597, 56.4763739079609], [24.155164815032958, 56.476708372217026], [24.154133331405603, 56.47734861726024], [24.15210954184624, 56.47872186323341], [24.15083785488887, 56.48062634517891], [24.149024538046522, 56.483341619289845], [24.148341549343755, 56.484364223638025], [24.14761226464693, 56.48534531704177], [24.147266577673943, 56.48568513964874], [24.14580720032124, 56.487119684070656], [24.14455613557343, 56.48833423299383], [24.144262221768486, 56.48861955574791], [24.143333339557167, 56.49094743597765], [24.14223778746736, 56.49369263995222], [24.142195016794577, 56.49375122569417], [24.141677785337972, 56.49427681844676], [24.13980323565911, 56.49621431367361], [24.13976712621125, 56.496287525466535], [24.139783869764546, 56.49634421418614], [24.139873406069334, 56.496409966908146], [24.140543698436073, 56.49701652899529], [24.140528927042762, 56.49705957656775], [24.140515886339163, 56.497097579332994], [24.140502845612907, 56.49713558299506], [24.140481530426314, 56.49719769710423], [24.14026456334232, 56.49755282107992], [24.13870202402187, 56.49804665061604], [24.137299503854564, 56.49798601261379], [24.134929482579246, 56.50104212980098], [24.13529940037244, 56.50193211773807], [24.135296320846336, 56.50199614534415], [24.13527006764441, 56.5020547106215], [24.134922314298006, 56.502859967971595], [24.134879710357843, 56.5029716000329], [24.13486998727595, 56.50302831808153], [24.134880132434553, 56.50309050212136], [24.134920214874235, 56.503200215208714], [24.13525055343343, 56.50400656426904], [24.135274079973414, 56.50411080679064], [24.135209418183692, 56.5059603715342], [24.135186611818447, 56.506612647625204], [24.135246590460735, 56.50677079435613], [24.135403867174066, 56.506949732336665], [24.135652947983168, 56.507125587156104], [24.135907275697935, 56.507259641173945], [24.137573090356735, 56.50803855839764], [24.139588861915858, 56.50898103948697], [24.140443886002963, 56.50938434389311], [24.14056687493838, 56.50945436700692], [24.14061971974578, 56.509517681832655], [24.14065311442576, 56.50960179014928], [24.14081589865863, 56.51001420292461]]]}}, {"type": "Feature", "properties": {"fid": 351, "nosaukums": "Režu strauts", "garums": 2492, "posmaID": null, "gadsAvotos": null, "regulets19": 1, "kolhozs": null, "udenskratu": null, "piezimes": null}, "geometry": {"type": "MultiLineString", "coordinates": [[[23.651627687385034, 56.54473018794663], [23.6516747248245, 56.54475249728473], [23.651870682619013, 56.54480582935188], [23.652195602220523, 56.5448521513335], [23.653171885947447, 56.54492232430992], [23.653222966306842, 56.544925923036324], [23.65331186937758, 56.54493218503265], [23.65340077247784, 56.54493844696544], [23.654038893105618, 56.544983391803044], [23.654113142304702, 56.5449923957531], [23.65421916775977, 56.54501028538903], [23.657041062965483, 56.545545938311754], [23.65969235462452, 56.54598869166342], [23.660426743217435, 56.54609773409564], [23.660633522535747, 56.54613055474766], [23.660797826209283, 56.54616326006472], [23.660871895837413, 56.54619278570084], [23.660924649721107, 56.546231051390635], [23.660966654056665, 56.546283949071466], [23.66102143520282, 56.54641807366066], [23.661231648958886, 56.546932732007726], [23.66218901774119, 56.54883553700455], [23.66260651080204, 56.549654817188376], [23.662680223544193, 56.54972539496099], [23.66578140229499, 56.551520204124486], [23.666760770582826, 56.552106394416], [23.666824081618234, 56.55215348226816], [23.66684480698948, 56.55221218574866], [23.666924374381367, 56.55403634974279], [23.666988005005848, 56.55478565283928], [23.666994946130675, 56.55486738985735], [23.666999687568648, 56.55492322494365], [23.667059126389045, 56.55562314403652], [23.66716241386541, 56.55595537748657], [23.667235529715015, 56.55609632852242], [23.667329942025397, 56.5562314716133], [23.66763545252085, 56.5565196632777], [23.668137537154646, 56.556967184436886], [23.669676424522553, 56.55833875572367], [23.670172493452316, 56.558780864663696], [23.670957974860805, 56.55945976221526], [23.67116946149724, 56.55957175343347], [23.67159245005177, 56.559774117074184], [23.67258707262987, 56.56024994420486], [23.672703719794097, 56.560273710798064], [23.67330670223443, 56.56024765935883], [23.674260624104512, 56.56020644090341]]]}}, {"type": "Feature", "properties": {"fid": 352, "nosaukums": "Zemdegu strauts", "garums": 17544, "posmaID": null, "gadsAvotos": null, "regulets19": 1, "kolhozs": null, "udenskratu": null, "piezimes": null}, "geometry": {"type": "MultiLineString", "coordinates": [[[23.570207539392662, 56.41750933203934], [23.57036087923451, 56.418286064956476], [23.570368380637802, 56.41832406811945], [23.57037588367678, 56.41836207128738], [23.57052012602736, 56.4190926894518], [23.57075317164064, 56.42013238332758], [23.570772352881594, 56.420284582996864], [23.57088866806577, 56.42079383630652], [23.57084353365684, 56.42094924376654], [23.570819391964836, 56.4210323713324], [23.570800888051178, 56.421096085078936], [23.570799134128805, 56.42110212373441], [23.570746571229503, 56.42126400299514], [23.570709796752805, 56.42134821258306], [23.57055422345838, 56.42157774205019], [23.570535773388794, 56.421604962998295], [23.57051918941836, 56.42162942948843], [23.57025225197521, 56.42202325489742], [23.570105276428926, 56.42225221340386], [23.569885214099585, 56.42259501881568], [23.569866816003724, 56.42263794551472], [23.569875204486625, 56.42268758658497], [23.570004175953184, 56.422833329684], [23.570110446666003, 56.422937881276724], [23.57016983451873, 56.422966199268274], [23.57080512745781, 56.423135221018754], [23.57220534258157, 56.42344735036659], [23.572916820046526, 56.423621780938596], [23.573238159707934, 56.423715497908425], [23.574056282241564, 56.424261165528854], [23.5756914915917, 56.42625339322951], [23.575941992325724, 56.42648704471678], [23.576328548627618, 56.42684687020919], [23.576892185373886, 56.42738714836315], [23.57755554587932, 56.428017212213696], [23.577641184791567, 56.42810223391562], [23.577855877141946, 56.42831537571154], [23.57841113540839, 56.42905408390877], [23.578537815463765, 56.42920664723761], [23.578624847704436, 56.42938310911501], [23.57864651862271, 56.42943966139793], [23.57883651658916, 56.42993547044787], [23.57904191334942, 56.43048958001231], [23.579351027410446, 56.43137412791999], [23.579441572269335, 56.431556333104226], [23.579563941982784, 56.43173326437471], [23.57967922850249, 56.43183948221465], [23.57971178973096, 56.43186439843709], [23.57978624384015, 56.43188119085144], [23.580550507593973, 56.43202250448644], [23.58220564017663, 56.43227912073345], [23.582875709375575, 56.432396626622534], [23.58294993068345, 56.4324349070462], [23.58297028878744, 56.43248458733881], [23.58289988103788, 56.43360235196339], [23.58289488190666, 56.43368171236174], [23.58284234080824, 56.43462808745935], [23.582819838798788, 56.43504804156333], [23.58274592721857, 56.43528010274784], [23.58242072460138, 56.43611953557652], [23.582301009635728, 56.436416785885086], [23.582521394887095, 56.43666017803434], [23.582939305038103, 56.43711899672807], [23.583261451478187, 56.43742435340602], [23.583322092548876, 56.43883205251224], [23.583311329429907, 56.439587882483124], [23.583578094104663, 56.44084415982574], [23.583594603514985, 56.440921902352905], [23.583601851757802, 56.440956034116624], [23.58360952723881, 56.44099218251207], [23.58397263772986, 56.44270203173051], [23.58400325659317, 56.442745055474354], [23.584066958017544, 56.44278672831182], [23.58415569293511, 56.442820586809695], [23.58435130512218, 56.44285875271985], [23.58558908499255, 56.44309387644468], [23.585713376949364, 56.44313574980768], [23.5857520245705, 56.44318720839825], [23.585758315598273, 56.44326422469771], [23.58592452178623, 56.44502381698695], [23.585965855163913, 56.445156228367644], [23.586040040682736, 56.44521767652267], [23.58611793864906, 56.44526531812876], [23.586231438460363, 56.445317026102806], [23.58739560072899, 56.44578986807674], [23.588423930571743, 56.446221119140375], [23.58893391132537, 56.44753482782473], [23.58892628219994, 56.447626777455945], [23.588879183439335, 56.44768548533805], [23.588139485552848, 56.44812636215189], [23.587939085288518, 56.4482434248076], [23.587818453929106, 56.448349714722355], [23.586907448471894, 56.44923164330501], [23.586787290206416, 56.44929378634744], [23.58348816966427, 56.449995841070624], [23.583367922907392, 56.4500653378215], [23.58319357530567, 56.450243111340846], [23.583165936293884, 56.45034235072573], [23.58318468157212, 56.45044910406016], [23.584207151808283, 56.45280684202202], [23.584271848551996, 56.452961575558284], [23.5842570845044, 56.45309764836911], [23.584185131021, 56.45324468732905], [23.58318577494172, 56.455286752473725], [23.582058304372648, 56.4576522670724], [23.5820639324337, 56.45774426079441], [23.58210287974102, 56.45782532937544], [23.582518097257065, 56.45809297624604], [23.583861537869552, 56.45895891741817], [23.58399983978093, 56.459062392040806], [23.585117796770593, 56.46050900648409], [23.585241425890203, 56.46074119543376], [23.58605001619645, 56.462680217771016], [23.58604851084398, 56.46282173707512], [23.58577048565015, 56.46359722464287], [23.58602013504486, 56.4639634007849], [23.586025598168405, 56.46404421532651], [23.58595974404621, 56.46426882209903], [23.585952753748536, 56.464328518708875], [23.58599625993805, 56.46440946100063], [23.587768010037866, 56.46612856009966], [23.587773118183247, 56.46617404777042], [23.587777487652396, 56.46621296452746], [23.587852727401938, 56.46729454582602], [23.587861413502385, 56.46741939964721], [23.587899018045956, 56.46746554589937], [23.588284543177615, 56.46769309927733], [23.588542688268696, 56.46784736094109], [23.588846944206896, 56.46802471269526], [23.589902503874516, 56.4686399836467], [23.589931261905033, 56.46867387594505], [23.589973628921857, 56.46872380711296], [23.58999657710403, 56.468750852105764], [23.59001952530907, 56.46877789799264], [23.590026510118506, 56.46878612915521], [23.590558217946015, 56.469854074044754], [23.591246066545942, 56.47130665974658], [23.591705185103105, 56.47239376907934], [23.592109524810365, 56.47346804750548], [23.592351572722556, 56.47418092316638], [23.592399010241895, 56.47423421945173], [23.592439795762484, 56.47425309284993], [23.59249889599267, 56.47428044106751], [23.59415916650408, 56.47500348684129], [23.59716363676711, 56.47625871831722], [23.597212844314317, 56.47627927506218], [23.597244194096795, 56.47632805027026], [23.59740769050776, 56.476582423791925], [23.59761604368832, 56.47824943498251], [23.597674532577283, 56.47832722214921], [23.60049466605562, 56.48101924612781], [23.600020446978334, 56.48203455591665], [23.598712349453496, 56.48306629095506], [23.59857937472651, 56.48314369064769], [23.597451003681513, 56.48380046275561], [23.59649049750864, 56.48439705313421], [23.59647627012581, 56.48445105120975], [23.59641627731631, 56.48467875711595], [23.59650433961371, 56.485158046887264], [23.597094462661715, 56.486225585758056], [23.59737173084005, 56.486727145984894], [23.597434454901684, 56.48684060742497], [23.598911707042713, 56.48811639083079], [23.60091412404218, 56.48907211547293], [23.603777341763674, 56.49043855011353], [23.603881756153214, 56.490488376810724], [23.60418976712958, 56.49112694826722], [23.604934775437957, 56.49287938698912], [23.606288035981933, 56.49383014429265], [23.605173614525867, 56.495322299852795], [23.605171724920606, 56.49541413858753], [23.60513062761336, 56.497411859832475], [23.604463816535194, 56.49946923105534], [23.60647221306756, 56.50159954450183], [23.60650667830016, 56.501691662725015], [23.606610307355684, 56.50196863977928], [23.606961134486262, 56.50295528037773], [23.60729857160234, 56.50390421712376], [23.606611175955496, 56.505804519636975], [23.606531111540317, 56.50602584559414], [23.609705197384347, 56.50756993833474], [23.608727106733774, 56.50894762597205], [23.60864135868314, 56.509068400249774], [23.607649047696082, 56.5095939031634], [23.607037882406523, 56.510438817548376], [23.60711740470712, 56.51137635587906], [23.607885355371124, 56.513199538252714], [23.608888183648926, 56.51348971413067], [23.610023048317945, 56.51420905827343], [23.612216616969608, 56.51476571145616], [23.614860473014865, 56.51597229310921], [23.61578140897674, 56.51689080460259], [23.617001245782543, 56.51782013941852], [23.617169302763855, 56.51794817007122], [23.617213410464373, 56.518698412159125], [23.617247835826817, 56.51928392928046], [23.617252222779666, 56.5193585490196], [23.617291613509174, 56.52002850917297], [23.61896924419278, 56.521543267401746], [23.619052812066137, 56.52254265679827], [23.61918642496982, 56.522808933870074], [23.619637265528002, 56.523707389078545], [23.620384711738307, 56.524129496216894], [23.62042190224528, 56.52415049820895], [23.620459091167987, 56.524171500184934], [23.621631876006315, 56.52483377856149], [23.622200225169294, 56.525513890648995], [23.62252189346781, 56.526205574719455], [23.62293500280412, 56.52709384569161], [23.625428751089505, 56.527423134147895], [23.62619833299742, 56.52762315138304], [23.627376364795182, 56.5287890789196], [23.627358925116955, 56.5288151905534], [23.62664038177526, 56.52989094231057], [23.625909186132596, 56.531114198149574], [23.62591928027954, 56.531167010961084], [23.626306359430853, 56.531742921646426], [23.626412058557833, 56.531787236132615], [23.627162880428113, 56.53207686332032], [23.62726897058299, 56.53208304642902], [23.629169533446586, 56.532035949023104], [23.631392703297067, 56.532107081564845], [23.631541025020795, 56.53213684501261], [23.631688893315065, 56.5322135253336], [23.63291203936894, 56.533052006021514], [23.63296478090253, 56.533097011991934], [23.63294263802049, 56.533134201540804], [23.63286234294274, 56.53320434151721], [23.63068882428533, 56.53456850616949], [23.630389359866093, 56.53479633851648], [23.630332852669333, 56.53485539635397], [23.630260659568414, 56.534930845064636], [23.63018486416336, 56.5350831036238], [23.6301786999879, 56.535171057124906], [23.630193393711938, 56.53529719279469], [23.630431387376134, 56.53593129550981], [23.63076941925143, 56.536649270728056], [23.630936570882028, 56.536927168816966], [23.630978694217823, 56.53696248242544], [23.63159500645278, 56.53717837791707], [23.63281805897521, 56.53750455859582], [23.635937815795725, 56.53840740185514], [23.636106434189166, 56.53845554075993], [23.636175160496467, 56.53848506556029], [23.636184256915705, 56.53849116103105], [23.636227905237703, 56.538520408457686], [23.636264135956772, 56.53861728270908], [23.636996432096925, 56.540309655670505], [23.63705641497487, 56.54036437495319], [23.639130804478455, 56.54161814427756], [23.63986687172849, 56.54210269661653], [23.64076281886858, 56.5427669346781], [23.641733193534307, 56.543486319183856], [23.641928252452455, 56.54363117224188], [23.642065568598785, 56.543707810471766], [23.642171529433643, 56.54373157421508], [23.642330690464675, 56.543743762048315], [23.646179158945802, 56.54370786413018], [23.646317030725456, 56.543725851158825], [23.646635029423877, 56.543785403565444], [23.651627687385034, 56.54473018794663]]]}}, {"type": "Feature", "properties": {"fid": 353, "nosaukums": "Režu strauts", "garums": 18941, "posmaID": null, "gadsAvotos": null, "regulets19": 1, "kolhozs": null, "udenskratu": null, "piezimes": null}, "geometry": {"type": "MultiLineString", "coordinates": [[[23.580276871631252, 56.40360041546376], [23.58106127035706, 56.40417973186338], [23.58170210601673, 56.404661520012105], [23.58402726955616, 56.40679188967132], [23.584042186003774, 56.406805555606624], [23.584338992475953, 56.40722143572545], [23.58511863227906, 56.408313800461876], [23.58527957192454, 56.40867294972547], [23.58538787876871, 56.40891464002045], [23.58585282340953, 56.409952145246145], [23.58587117605258, 56.40999309467668], [23.585970871250062, 56.410323800390636], [23.58582968964482, 56.410973688147116], [23.585825330225507, 56.411083934166584], [23.58582388236657, 56.41169241539036], [23.58628970527044, 56.41215070490318], [23.586381588999636, 56.41232341532854], [23.586602032303194, 56.412737769926856], [23.586610767147366, 56.41276505330402], [23.586729552338713, 56.41313609544958], [23.586729575840657, 56.41313617009865], [23.58692674646295, 56.41370031760432], [23.587116132707752, 56.414240132355445], [23.58715963076277, 56.41436411846939], [23.587121631399896, 56.41485514468214], [23.587078286208037, 56.415415242404514], [23.586799145414528, 56.41573559712639], [23.58677496465425, 56.41576334585908], [23.586640578232824, 56.41576753598113], [23.586750368319347, 56.41582868045187], [23.586935795186914, 56.41748302521128], [23.587011220889803, 56.41792565495711], [23.587017742207887, 56.4179639323394], [23.587024265159737, 56.41800220972654], [23.58702940123891, 56.4180323479999], [23.58714540927629, 56.41846666103605], [23.58761098086131, 56.420139112234644], [23.58765018728614, 56.42019110509705], [23.589666466096684, 56.42195334086586], [23.590674821005056, 56.42328760277238], [23.590699865598328, 56.42332074263759], [23.59072485315837, 56.42335391375482], [23.591754946079263, 56.42472134839312], [23.592709119550296, 56.42598790758785], [23.59467643404976, 56.426447942088394], [23.595890112962202, 56.42677196444572], [23.596130891493548, 56.42872119365606], [23.59679895527411, 56.42975414479642], [23.59847978428589, 56.432352753636536], [23.601976378664155, 56.43354819981481], [23.60604168133339, 56.43620668512781], [23.609327968207282, 56.43837967399817], [23.60877981915367, 56.43891490635408], [23.6063110465255, 56.44136455996965], [23.60366651962835, 56.44242775249806], [23.59981705566955, 56.44533210953874], [23.60333355705929, 56.44796207335209], [23.601938813253636, 56.4492392213869], [23.604814214413672, 56.450650811960095], [23.604154149953228, 56.45137104140208], [23.603216661022074, 56.45239392762636], [23.60670508704376, 56.453922204406446], [23.607163316028455, 56.45430580780242], [23.60863485183692, 56.45553763203084], [23.60887917579386, 56.45652473100996], [23.607752309262185, 56.459025949936574], [23.60777973981766, 56.459241141825444], [23.608038508490367, 56.46127102854899], [23.609259966508244, 56.463948001105365], [23.61026997504504, 56.46414693090596], [23.61055598649086, 56.46420326173511], [23.610790881840863, 56.46701626522553], [23.612224582331248, 56.46979655163569], [23.613167113698328, 56.470446531686086], [23.61367594394387, 56.470856719760455], [23.61374464382662, 56.47090342561266], [23.61383393941925, 56.47094289750077], [23.615147479696343, 56.47133788021673], [23.615280958361893, 56.47136677146769], [23.61538432005387, 56.47137800043149], [23.61552528334832, 56.471384441187354], [23.61810984890517, 56.47138246547639], [23.618137424016005, 56.47139298737624], [23.61820447560587, 56.47141857159599], [23.618271528900127, 56.471444156682935], [23.618397700971155, 56.47149229980063], [23.618407438747685, 56.47149601509807], [23.62293260477226, 56.473222496772884], [23.62169708990991, 56.474412254970105], [23.623716323532683, 56.475527474252914], [23.623891249376733, 56.47848778325568], [23.62826959916598, 56.48050990225096], [23.630126083521063, 56.48301258014494], [23.630314209717266, 56.48390262835039], [23.6303613430513, 56.48412002991324], [23.632419410782628, 56.4868408478084], [23.635554496290283, 56.48859648827659], [23.638510757841345, 56.48921526975281], [23.63982787954339, 56.48949093029294], [23.639886676849123, 56.489563880774966], [23.639901376616724, 56.489582118392256], [23.641430572191087, 56.491479315118795], [23.64411249368046, 56.4935249601931], [23.645964426209837, 56.496290752865995], [23.646567956660117, 56.498262150036304], [23.645992744122616, 56.49841048415096], [23.64531093090267, 56.49859881927797], [23.644600856960437, 56.4988143568861], [23.64447451047314, 56.49884335600142], [23.64416857812793, 56.4988776939875], [23.641530755085764, 56.49899673131995], [23.63985813708876, 56.49907515998896], [23.638344286800727, 56.499127731450606], [23.6373524326406, 56.499164641294676], [23.636762794671206, 56.49920756155311], [23.63670413719638, 56.49921268267206], [23.63660835120564, 56.49934838057707], [23.636553615824877, 56.499425921046395], [23.636533091013536, 56.49945499883108], [23.63650391256062, 56.499667011763904], [23.638272417376154, 56.50251440354534], [23.637790656582293, 56.503925311526615], [23.637563946194323, 56.5041095710608], [23.6375180966043, 56.5041468361513], [23.637472245291093, 56.50418410211823], [23.636972043642775, 56.50459063375486], [23.63750053238367, 56.5077526750313], [23.637844334054304, 56.509809422615604], [23.639085887661754, 56.510857092570895], [23.63941176547806, 56.51276506241176], [23.639480176899312, 56.51393078767825], [23.63937951184864, 56.51433853472764], [23.637553818556782, 56.51707581406295], [23.637532739154967, 56.51710741490356], [23.637511659709443, 56.5171390166388], [23.637415089489693, 56.51728379384372], [23.637673452656905, 56.51777753796957], [23.64035129633709, 56.51987066615969], [23.640723718563958, 56.52067160972244], [23.64079574063511, 56.52082649890423], [23.642191574967228, 56.5238280892561], [23.64220687473986, 56.52452515096246], [23.643069853069683, 56.52568572867647], [23.64312506864587, 56.52575998210547], [23.645302480701545, 56.52868792509171], [23.645456713451612, 56.528868135298275], [23.647482990103544, 56.53069053246185], [23.647841127162685, 56.53098714883342], [23.64784195047148, 56.53098830294514], [23.64790399873358, 56.53107529878993], [23.648036985372745, 56.531615238931394], [23.6483120647207, 56.532859359091404], [23.648370157456455, 56.533003814712146], [23.648432979252078, 56.53309782913089], [23.648611863168355, 56.533268414573634], [23.649819361505195, 56.53470870267112], [23.650719905408522, 56.535711201758886], [23.65096153680585, 56.53598752647975], [23.65106645712164, 56.53612271203407], [23.65112907506829, 56.53624018406341], [23.65115989980032, 56.536351701932986], [23.651158174629813, 56.53653937128235], [23.651138592051762, 56.53664927785531], [23.651095183118898, 56.536751790011486], [23.651041346725496, 56.53683374661775], [23.65094496521344, 56.536924380188246], [23.650678987509867, 56.537111991767944], [23.65061369971827, 56.53715804199326], [23.6496730444575, 56.53785037812086], [23.6496355077022, 56.53789132663493], [23.649608587150396, 56.53793230416532], [23.64930327434524, 56.53880236752117], [23.64928718010607, 56.53885329230686], [23.648942318248466, 56.53994440587334], [23.648822627421314, 56.54025783543773], [23.64861663579864, 56.54071764074171], [23.64811853771276, 56.54176134720958], [23.648096677467997, 56.54182873076069], [23.648095943118754, 56.54190790391066], [23.648129702967633, 56.54198864092843], [23.64819270210033, 56.542065061117256], [23.648942111106837, 56.54254809418135], [23.649045191715746, 56.542596771545234], [23.649156273632016, 56.54264107093553], [23.650442482845936, 56.54306402820882], [23.650954247620394, 56.543240241565435], [23.651007068314293, 56.54326971434731], [23.651017389378982, 56.543301999353254], [23.651358979392707, 56.54426039127923], [23.651499121560516, 56.54460974009851], [23.651538898026008, 56.544671435692266], [23.651596896417335, 56.54471558406465], [23.65162768738503, 56.54473018794663]]]}}, {"type": "Feature", "properties": {"fid": 356, "nosaukums": "Saulītes grāvis", "garums": 6625, "posmaID": null, "gadsAvotos": null, "regulets19": 1, "kolhozs": null, "udenskratu": null, "piezimes": null}, "geometry": {"type": "MultiLineString", "coordinates": [[[23.544726929754994, 56.33215301743139], [23.545317462013067, 56.33319336153398], [23.546200959155236, 56.33486824644426], [23.54725437428747, 56.33667447335732], [23.54733011288205, 56.33680242960425], [23.548021536557552, 56.33797047503547], [23.5485671176887, 56.33896954270304], [23.54888137984358, 56.339575343095056], [23.549381547468627, 56.34053946680431], [23.54946272199034, 56.34066985824711], [23.54955108743802, 56.34077349281632], [23.549957974917852, 56.34119861957272], [23.55022283243226, 56.34147669605621], [23.550644926862276, 56.34191984925772], [23.55157652349306, 56.34288254952764], [23.551772232246428, 56.34307957882499], [23.551819877580463, 56.34312756688904], [23.55184635366617, 56.343154232630006], [23.551871238886104, 56.34317929605889], [23.551871817681672, 56.34317987945185], [23.552825423769544, 56.34414029923229], [23.55294192123654, 56.34435525068508], [23.553074849398918, 56.344776629089594], [23.553121452515846, 56.34491837558864], [23.554176174841803, 56.345808490139696], [23.555726926707592, 56.347292995639], [23.555948269525437, 56.34737257064286], [23.559420325555784, 56.34848470229145], [23.560521165490524, 56.348837277672814], [23.560596209896897, 56.3489089707844], [23.561612105984, 56.349909779385044], [23.56165607985126, 56.34999485671352], [23.561646011263733, 56.35008974270638], [23.560846149934527, 56.35088413609962], [23.560791343438815, 56.35095888190672], [23.560799536021822, 56.35102884653801], [23.560866559535235, 56.351107710337196], [23.560922560885235, 56.351173604517435], [23.561012464884346, 56.35127938877294], [23.565388720723035, 56.355155569085255], [23.565575181075342, 56.35536604724824], [23.56615825341442, 56.35620530304035], [23.566034405412136, 56.356908823042424], [23.566020915086852, 56.35698545242056], [23.566004443953656, 56.35707901257476], [23.56603022939947, 56.35718401510102], [23.566491854904037, 56.35847033577354], [23.56657167173085, 56.35857052271125], [23.566597871541386, 56.358589146676636], [23.566741178664643, 56.3586910136364], [23.567750197445196, 56.35933398201861], [23.5691261883367, 56.360138079519466], [23.56924525207192, 56.360209471845174], [23.56933834499297, 56.36026528992566], [23.571946801342698, 56.361829239346804], [23.572802806545027, 56.36235499164726], [23.57284733843796, 56.36239510819], [23.57324242790849, 56.36326072475381], [23.573344535886534, 56.363490672620145], [23.574302081657954, 56.365646918865636], [23.574335250591822, 56.36572160773486], [23.57438239004026, 56.365827752586476], [23.574462504945576, 56.36590295835507], [23.576135712120927, 56.36670799621901], [23.576259737864447, 56.36680176914502], [23.5763122094663, 56.366936832802985], [23.576936133120526, 56.36902387962517], [23.576989124383154, 56.369113977293054], [23.577602034103627, 56.3698204604753], [23.579864821338443, 56.37242201704163], [23.58002414640203, 56.37256644343473], [23.580916127645253, 56.37315799950898], [23.583024536744567, 56.3745239307551], [23.583924372982253, 56.37514897642693], [23.583934352978925, 56.37515360997121], [23.584009674249785, 56.37518857963474], [23.584050472312743, 56.37520752192507], [23.58409127041622, 56.375226464202015], [23.584130288430238, 56.37524457931328], [23.584282752524164, 56.3752900579058], [23.584893675866713, 56.37537386966], [23.58551898527513, 56.37544494964745], [23.588166186593153, 56.37568168013776], [23.58833884848028, 56.375729068016874], [23.588816517546732, 56.37590435708385], [23.58920260121767, 56.376090485279164], [23.589304390502114, 56.37616345121465], [23.589368097139474, 56.37622649068662], [23.589427152398436, 56.37630922668036], [23.589959616413445, 56.377068636449], [23.58949865306216, 56.37977739386394], [23.58966035700271, 56.38016696591137], [23.59066662136896, 56.38216994661262]]]}}, {"type": "Feature", "properties": {"fid": 365, "nosaukums": "Oglaine", "garums": 5725, "posmaID": null, "gadsAvotos": null, "regulets19": 1, "kolhozs": null, "udenskratu": null, "piezimes": null}, "geometry": {"type": "MultiLineString", "coordinates": [[[23.813013843177966, 56.442391216400594], [23.813699861839883, 56.44417646819393], [23.812917585466757, 56.44655774971012], [23.814392307716638, 56.448543595524754], [23.8129604456875, 56.45040206470774], [23.81272250210935, 56.4507409110872], [23.813008224401152, 56.45179960828497], [23.813032145777765, 56.45188824301436], [23.81304705665335, 56.45194349287593], [23.81304776576442, 56.451945778651925], [23.81306533717096, 56.45200239453753], [23.814230743263582, 56.45575703132541], [23.81496452719767, 56.45644901500548], [23.815266210978464, 56.456753385006365], [23.81545700572054, 56.45689325954102], [23.815613091015194, 56.45695180221922], [23.816001946249617, 56.45704956313567], [23.816208904875104, 56.45714705279335], [23.816443682824378, 56.45743188330394], [23.816640081444383, 56.457569114815456], [23.819987198733216, 56.46174827485897], [23.82101842065706, 56.46305182494936], [23.821590258585218, 56.46607324992607], [23.82292268661397, 56.46735967914344], [23.822767118083497, 56.46960507799791], [23.822727397372798, 56.470178333905075], [23.823825562357626, 56.47243668573896], [23.82409486484629, 56.472978648287445], [23.82464846361724, 56.47604005936178], [23.824213123116103, 56.47684339812827], [23.82419121626312, 56.47688382236012], [23.824200259173608, 56.47692168137331], [23.82458503885267, 56.47853257009487], [23.82488420200177, 56.479784926530925], [23.823663527140425, 56.48293567921759], [23.824804526330883, 56.484329247771484], [23.82551344884237, 56.4851946080548], [23.825832993558727, 56.48558465321616], [23.825911154144247, 56.485680056944794], [23.825844604845095, 56.486074010185625], [23.825607426627517, 56.48747795779565], [23.82710716371177, 56.4884906842996], [23.828603872003995, 56.491144908420736]]]}}, {"type": "Feature", "properties": {"fid": 366, "nosaukums": "Jodupe", "garums": 10559, "posmaID": null, "gadsAvotos": null, "regulets19": 1, "kolhozs": null, "udenskratu": null, "piezimes": null}, "geometry": {"type": "MultiLineString", "coordinates": [[[23.813013843177966, 56.442391216400594], [23.813247141058067, 56.44188711531672], [23.813999661718636, 56.43939209784173], [23.81419493526295, 56.438867722149006], [23.814101879524536, 56.43720431249697], [23.814459263502957, 56.433571334165265], [23.814462098987864, 56.43354250679424], [23.814462160618433, 56.433542171770924], [23.814467473395354, 56.433513113612086], [23.8146708994075, 56.4324006570988], [23.814842725790164, 56.43016961334983], [23.81481257364444, 56.43005277741063], [23.81473300533075, 56.42995155344958], [23.813973045660667, 56.42932316899892], [23.813830508399235, 56.42918816956183], [23.813731804046103, 56.429048422846854], [23.813226168553843, 56.42815484446157], [23.813115890710137, 56.427957295248], [23.813003965444917, 56.427836656564], [23.81270361386108, 56.427552206008464], [23.81250367021703, 56.42735385422838], [23.81241027012441, 56.42723859854609], [23.811630060985266, 56.42610693703335], [23.811563442705253, 56.425987584945545], [23.811510370476462, 56.42585414977723], [23.81147688479389, 56.425729292940495], [23.811380036544584, 56.425229551709315], [23.811274588289667, 56.42468470127266], [23.811268869087865, 56.42465514666581], [23.811263151458252, 56.42462560374061], [23.811190040298268, 56.42424782309236], [23.81098429034704, 56.423531707440354], [23.81074069719079, 56.421907488494604], [23.810703367490138, 56.42165857502975], [23.81077863823337, 56.421351564416184], [23.810787915455283, 56.4213137239132], [23.810797192663117, 56.42127588251085], [23.81083840791287, 56.421107769140704], [23.811191117675754, 56.419600785601624], [23.810189170740863, 56.41805217145524], [23.81015662251042, 56.41797402697436], [23.80941787017997, 56.41511206122242], [23.809028106651166, 56.41369596915291], [23.809264593378018, 56.41243057049677], [23.80533632921212, 56.409580699935916], [23.805050119248843, 56.408703953168924], [23.806614013677887, 56.40722240153131], [23.80551939129698, 56.40570850860309], [23.805361025047493, 56.40529136023918], [23.80494599003741, 56.40419807298286], [23.80563886810877, 56.4025036400593], [23.804236462560212, 56.400866349179154], [23.804693937991125, 56.39924635018001], [23.8054615770684, 56.39830966786448], [23.805768221603305, 56.39559336231874], [23.804934281746224, 56.39445640648663], [23.80420366336657, 56.393426587756984], [23.80461620829796, 56.39177030194656], [23.803566095564626, 56.39084873942225], [23.80346318341128, 56.39039733522016], [23.80344876679596, 56.390353454156966], [23.803436362809656, 56.39031569555225], [23.80342395885243, 56.390277936047674], [23.80320934597715, 56.38962465393651], [23.80371973248929, 56.38678940117168], [23.80330732315382, 56.38517578737308], [23.802847764421188, 56.38312933960735], [23.802619323036133, 56.38227652687091], [23.803411007405387, 56.378344923251134], [23.803266498015134, 56.375371911482546], [23.803663539417535, 56.37448051129095], [23.803726944061594, 56.37435742632151], [23.80340549674759, 56.37377126962788], [23.803014387267684, 56.373058060530205], [23.80310043566772, 56.37219515920595], [23.803122584411703, 56.37202979658009], [23.803252502033757, 56.37096283948341], [23.80258448520345, 56.37035091511724], [23.802654228509603, 56.36915280941375], [23.802715767694284, 56.366666449223764], [23.802720155189636, 56.36583268319281], [23.802338170111078, 56.365222696825036], [23.801946884756703, 56.36361159496372], [23.801847559501734, 56.36320470465604], [23.80183797388684, 56.363165433647936], [23.80182838829156, 56.36312616263889], [23.80155399588357, 56.36200205124389], [23.80168241278366, 56.360274069721775], [23.80179850951259, 56.358205488401616], [23.801943099096043, 56.356651887129146], [23.803102632082506, 56.353895575112475], [23.801254994823555, 56.35298556842568], [23.800975361574874, 56.352845079172106], [23.800873255150155, 56.352573042159925], [23.800843381281098, 56.35249345034229], [23.80014184429082, 56.35253292648334], [23.798899746482345, 56.35262886075124], [23.798495322509787, 56.35266303132294], [23.79827280273203, 56.352701649342016]]]}}, {"type": "Feature", "properties": {"fid": 367, "nosaukums": "Oglaine", "garums": 14906, "posmaID": null, "gadsAvotos": null, "regulets19": 1, "kolhozs": null, "udenskratu": null, "piezimes": null}, "geometry": {"type": "MultiLineString", "coordinates": [[[23.76657305217701, 56.323779479932846], [23.76779184333266, 56.332870925550104], [23.762147819041438, 56.33331718045529], [23.762123770205687, 56.33659258616158], [23.76215498246774, 56.336707570167206], [23.762250372226283, 56.336810055896855], [23.764766956652053, 56.338345977896346], [23.764910152203605, 56.33848413619292], [23.76535052237548, 56.340370742370496], [23.765939098169767, 56.34289199116357], [23.766065409228297, 56.34317689901776], [23.77057023805949, 56.349475462649096], [23.77185890425406, 56.3510866550806], [23.772003293151084, 56.35160852512597], [23.772407117397087, 56.354499057091715], [23.77283440445467, 56.35482588663098], [23.77771130080555, 56.358555691878436], [23.77977151575301, 56.36019902905149], [23.780106966136827, 56.36046658643135], [23.780261659240654, 56.36058996823967], [23.780266701461535, 56.36067399968261], [23.780288835236217, 56.36104280533792], [23.780458232832675, 56.36566086422076], [23.7805301290296, 56.36771574045374], [23.77967256035543, 56.368021866241556], [23.77393352620272, 56.37007024586537], [23.774714554778537, 56.370779054654534], [23.775386716533777, 56.371395878134436], [23.77542642142821, 56.371564080141916], [23.775182021549597, 56.37197402703647], [23.774484124083546, 56.37326582710654], [23.774463466013287, 56.37330406408474], [23.77444280627727, 56.37334230195475], [23.77412765040296, 56.37392561797053], [23.77420616231685, 56.37397156355534], [23.776075109735466, 56.37480601183681], [23.77943312145009, 56.376258234617815], [23.781367084595864, 56.377029736558974], [23.781047333233555, 56.37888231263339], [23.78073051762995, 56.3823290632397], [23.781965156413577, 56.38374715870856], [23.781667912582115, 56.384456324936394], [23.781813064046528, 56.385385333549344], [23.78262821461761, 56.39060169913295], [23.782010236429628, 56.392989691402036], [23.783097445689272, 56.3944201429368], [23.7830883529374, 56.39450734662044], [23.7830508278566, 56.3945659041532], [23.78270197871022, 56.395107788169724], [23.782794200183478, 56.395326268611036], [23.782810911608568, 56.395365857945265], [23.782827623068275, 56.39540544727704], [23.78347992582321, 56.39695073024576], [23.783505013472883, 56.39701015994604], [23.783750961799992, 56.397648927051286], [23.783939339723904, 56.39813815872028], [23.784188459131876, 56.398785125008956], [23.783416691409315, 56.400532123236545], [23.78368534435851, 56.40074853794571], [23.784273998715815, 56.40122272016245], [23.784387026079347, 56.40167804569832], [23.78574097224084, 56.402553975294666], [23.785832585347254, 56.402613242626934], [23.785493128216448, 56.404388298200146], [23.785521291272648, 56.4044612578127], [23.785889490875306, 56.40541506522771], [23.78604062438136, 56.40577717170579], [23.786277215629767, 56.40633881096236], [23.786681169208425, 56.40674565922192], [23.786805261084673, 56.40682062252298], [23.787723220551875, 56.40737513896302], [23.788293898910286, 56.40774534486575], [23.78841197130262, 56.408070469692994], [23.788786047438958, 56.41027172069149], [23.788750926998702, 56.410600275835755], [23.78867647748587, 56.410814303130145], [23.788592020053883, 56.41104931158336], [23.78849440250826, 56.4112807064857], [23.78846061130911, 56.411583461561555], [23.788512417387913, 56.41189229852217], [23.78860763336855, 56.412094335894665], [23.788820600199365, 56.412282012704694], [23.7893650637107, 56.41254418829904], [23.790315379963467, 56.41297329652435], [23.79214007504249, 56.41402730195092], [23.793753613662325, 56.41508386463993], [23.7943720651006, 56.41548881356618], [23.79460618257265, 56.41672489742412], [23.794626934313207, 56.41683568733889], [23.795168224722744, 56.41988194154035], [23.795311478282056, 56.42015186034667], [23.79533275296328, 56.420191947682085], [23.795354027694046, 56.42023203411526], [23.795770454670922, 56.421016645313195], [23.796854258469786, 56.42347341841009], [23.79743138550002, 56.42458854568998], [23.797889348247057, 56.42483481570831], [23.79846764787902, 56.42511210839036], [23.79849823967488, 56.42521806731747], [23.798507973679516, 56.42525178250013], [23.79850349498108, 56.42528229504539], [23.79849978317547, 56.425307585337954], [23.798549221126734, 56.4253674429377], [23.799499999442467, 56.425994585053644], [23.800212499091035, 56.427857119939645], [23.8028969422438, 56.43280945926584], [23.805567745907076, 56.43773529795858], [23.808029089482478, 56.43882042136519], [23.80878146751262, 56.43938416842687], [23.80974300555859, 56.44012104504409], [23.81082936241057, 56.4409535331271], [23.812436264868285, 56.4416836538785], [23.813013843177966, 56.442391216400594]]]}}, {"type": "Feature", "properties": {"fid": 371, "nosaukums": "Garoze", "garums": 4860, "posmaID": null, "gadsAvotos": null, "regulets19": 1, "kolhozs": null, "udenskratu": null, "piezimes": null}, "geometry": {"type": "MultiLineString", "coordinates": [[[24.013204671982677, 56.55410256224681], [24.01327601715793, 56.554314897375946], [24.01345278793322, 56.55470416092727], [24.013643405097316, 56.5549997091845], [24.013965235249515, 56.5553199937547], [24.014237496738353, 56.55558297337706], [24.01492981724316, 56.556204504308205], [24.015456241876038, 56.5567580152299], [24.016057828328407, 56.55752867679351], [24.016067002457014, 56.55754042864756], [24.01609150929874, 56.557565782287504], [24.016127306891274, 56.55760281472619], [24.016574414854336, 56.55806534967325], [24.016805852449497, 56.558233142143926], [24.01680950905905, 56.558235219678764], [24.016960123644033, 56.55832079731366], [24.017091715517005, 56.558370874798634], [24.017301891536466, 56.558427939870356], [24.017764646012314, 56.55851303517566], [24.018172985185153, 56.5586056564384], [24.018412384715585, 56.55869781634707], [24.018689178761836, 56.558835537678014], [24.01892062666854, 56.558995815460015], [24.01937745351621, 56.55936780479643], [24.019563546756213, 56.55955814931837], [24.019576568888958, 56.55957669230452], [24.019640299043484, 56.559667438111404], [24.019703930938697, 56.559887853601374], [24.019894816011977, 56.56067544359242], [24.020044651781166, 56.56123521139465], [24.02014020451355, 56.561748683594026], [24.02009950737557, 56.56204784353884], [24.020032607106074, 56.56219047011009], [24.019972607230912, 56.56231838493034], [24.019922980430653, 56.56246933155229], [24.019863895285614, 56.56264904502671], [24.01984585136613, 56.56283691489827], [24.01985396692071, 56.562901193202784], [24.019864036659015, 56.56298096341463], [24.019923075167465, 56.56308615804189], [24.020109194717104, 56.56328651892625], [24.020549342098565, 56.56377960337214], [24.020879637077375, 56.56410135956619], [24.021020391165514, 56.56428418966043], [24.021065613426845, 56.56440661760109], [24.021228021461418, 56.56493611041938], [24.02141551679726, 56.56554737929893], [24.021605426094247, 56.566195002547474], [24.021752149426206, 56.56665949357309], [24.021914276028745, 56.56717273488348], [24.022251800558767, 56.56819115292334], [24.022281428515857, 56.56828054584959], [24.022622054003467, 56.56921538024679], [24.022827892539144, 56.56982805823738], [24.022899510526155, 56.57004122278348], [24.022938054196015, 56.57011332755472], [24.0229508586702, 56.570137279530385], [24.023039055389948, 56.570257325996515], [24.02327973411894, 56.570517784479094], [24.023624820293747, 56.57086088550136], [24.023860984655098, 56.57117645222636], [24.02396910163518, 56.57138831269564], [24.02415992146547, 56.5717414591047], [24.024204616477117, 56.57190041524985], [24.024213773181735, 56.572018141237386], [24.024191152830436, 56.57212334955894], [24.024100515307733, 56.572326264274764], [24.023805928614763, 56.57283691485149], [24.023154005656394, 56.57396734643867], [24.023078157481578, 56.57415074411491], [24.02307820324517, 56.57422588717031], [24.023077364831057, 56.5742923786948], [24.02307673243116, 56.57439248241571], [24.023104327514943, 56.574540165210124], [24.023216954897944, 56.574706464286926], [24.023349554923172, 56.57481824036522], [24.02367974948916, 56.57500865354254], [24.02404496214432, 56.57520802970116], [24.025140617014607, 56.57579442205695], [24.025809791142795, 56.576164882859665], [24.026484003408832, 56.57652882010364], [24.027103136675702, 56.576863016629446], [24.027643509971796, 56.577163793251025], [24.028046290358184, 56.57738316402181], [24.028379073048793, 56.57762739320746], [24.028799484603372, 56.57799858521108], [24.028909632211708, 56.57814762744977], [24.028952249787874, 56.57828288215335], [24.02894739209196, 56.5784719779304], [24.0288651634905, 56.57886398948659], [24.028780412932665, 56.57922977696202], [24.02872554072175, 56.57942302503517], [24.028625647559483, 56.57961076271904], [24.02850450264324, 56.57980816668803], [24.028247103561363, 56.580069093068104], [24.02763472287639, 56.580544038382186], [24.02662737075218, 56.58130339809069], [24.025616119132348, 56.582073472862966], [24.02554499010848, 56.58212763642667], [24.0249050314633, 56.582605333709544], [24.02362756962931, 56.58356071781498], [24.02317657229225, 56.58390359160374], [24.023070427187694, 56.583984288481645], [24.022559932630404, 56.584367877050305], [24.022386712938214, 56.58451785642185], [24.022360060753982, 56.5845409323616], [24.02225010030439, 56.58469830124519], [24.022147657195166, 56.584883273206046], [24.02210276840971, 56.58511240334658], [24.022053182979942, 56.585866029933946], [24.022073364538578, 56.586161399839895], [24.02209350617553, 56.58638499765069], [24.022426511116944, 56.58724929085602], [24.02243170644109, 56.58726277772929], [24.0228901386093, 56.58837931822114], [24.023055473225707, 56.588768518689136], [24.023200793374922, 56.58914944111857], [24.02322733740588, 56.589288047109896], [24.02320846374978, 56.5894199693298], [24.023128501315252, 56.58956353011804], [24.023056027800216, 56.58967948496841], [24.02223983004882, 56.59063683818525], [24.02195783895602, 56.5909876987106], [24.021764824898597, 56.59116555904764], [24.02156833823695, 56.59133058771885], [24.021357768146945, 56.59146717219823], [24.021054630450674, 56.59166395188391], [24.020829565149523, 56.591819957902246], [24.020709536797334, 56.59191797539175], [24.020634527505248, 56.59199528239049], [24.020557031711142, 56.59210019423829], [24.020367073327474, 56.59242044414105], [24.020159656319464, 56.59284973543597], [24.020045171719644, 56.59307530102991]]]}}, {"type": "Feature", "properties": {"fid": 372, "nosaukums": "Reņģelis", "garums": 9616, "posmaID": null, "gadsAvotos": null, "regulets19": 1, "kolhozs": null, "udenskratu": null, "piezimes": null}, "geometry": {"type": "MultiLineString", "coordinates": [[[24.11835492663834, 56.52050237838037], [24.118798744947522, 56.521179204779735], [24.11885706187433, 56.52133029454551], [24.118831041733785, 56.52141751908152], [24.118752420223526, 56.521498980217444], [24.118663162679084, 56.52154266575251], [24.118353238347805, 56.521647600160925], [24.117150240734876, 56.521939227628195], [24.115661657912792, 56.52456225809496], [24.113630197637637, 56.525300891832124], [24.111738290128372, 56.52632208918132], [24.1115598601116, 56.52636261989772], [24.111357022981316, 56.52638298656852], [24.111162215015057, 56.52637418936087], [24.111020102107812, 56.5263451609233], [24.11054087369815, 56.526211022113934], [24.109689127923836, 56.5259514052876], [24.10964525541233, 56.52595222292998], [24.109590856486204, 56.525953236710556], [24.109536454306035, 56.52595425047014], [24.108443493077164, 56.52597460580975], [24.107561033364824, 56.525991034808364], [24.105396938954605, 56.52664328795745], [24.100534694978776, 56.52647070882672], [24.10041294524622, 56.52646632145215], [24.100341385545185, 56.526453654952846], [24.100234216578887, 56.526399183197334], [24.096852616912845, 56.524289180189804], [24.09678759549214, 56.524251103767554], [24.096698252546954, 56.524222016944954], [24.096608959477678, 56.52421311568301], [24.094439228824765, 56.524226837493615], [24.091802717678213, 56.524243459941054], [24.091467643173228, 56.52413626695698], [24.089716636364376, 56.523480502166215], [24.08958349343571, 56.52343063626701], [24.08510857076853, 56.5242346997696], [24.08419585798781, 56.52420218690492], [24.081585127477542, 56.52410914777993], [24.08127284183617, 56.52409801525607], [24.079226173395526, 56.52406064736777], [24.0791359499639, 56.524059439879196], [24.07906231154364, 56.524066269805594], [24.079000981461334, 56.5240889201968], [24.078947539073436, 56.524115982171104], [24.07818476088876, 56.52456533836099], [24.078159997008928, 56.52457652127512], [24.07808809997805, 56.5245889098379], [24.078059754925285, 56.5245889276448], [24.078011535704896, 56.52457893157584], [24.07799669638652, 56.524576396569685], [24.077982093281786, 56.52457173934991], [24.077947313079225, 56.52456072320373], [24.07670509709944, 56.52401824511115], [24.07656348839161, 56.52396465014818], [24.076459078258814, 56.52393192665574], [24.076324115617687, 56.52390448747211], [24.076305298372205, 56.52390720057078], [24.07627514384607, 56.523909218960775], [24.076200456794748, 56.52393062916267], [24.075397267694314, 56.52421925253496], [24.075370120708016, 56.52422900785455], [24.0753319479258, 56.524242725587186], [24.075203905411694, 56.52428873566184], [24.074938664606265, 56.52438147607608], [24.074808957061745, 56.524411188543176], [24.074743487636475, 56.524413489253604], [24.07464116328094, 56.52440224415948], [24.074383241145707, 56.52434134589701], [24.073095462259378, 56.52401937663012], [24.07298883524145, 56.52399544165076], [24.072933575292424, 56.523986429717276], [24.07285514711266, 56.52397536408304], [24.07277739587617, 56.523973148320394], [24.072728297529437, 56.523976568591586], [24.072652202941786, 56.524002545041824], [24.072335483627352, 56.52412806810935], [24.07143945726733, 56.524521693748724], [24.070883265347017, 56.52474990135593], [24.070757050298187, 56.52477988341318], [24.070568232329546, 56.52479920074636], [24.07004448829863, 56.524824370638164], [24.068954403674105, 56.524880899572445], [24.06893680289357, 56.52488181224685], [24.06889357716435, 56.52488322786591], [24.06884702424784, 56.524884751326496], [24.067203707651423, 56.524938529001936], [24.066860963618037, 56.524934440991856], [24.066147256869233, 56.52486635178], [24.06349498013858, 56.5246570426539], [24.06046858454205, 56.523993402833135], [24.06026500073311, 56.52398780395509], [24.060111592693687, 56.52401379761336], [24.059315001612816, 56.52454943716623], [24.05896481874109, 56.524730489486586], [24.05846763320564, 56.52483897206978], [24.05794207340916, 56.52493037349221], [24.057780081012734, 56.52493740176808], [24.057272053495105, 56.524924986300334], [24.057135487707182, 56.52493359491092], [24.056975772601145, 56.52497212501435], [24.0567940637946, 56.525039715308225], [24.056057293049168, 56.52540334934688], [24.055851504922096, 56.525450976388704], [24.05551578736731, 56.525460999520746], [24.05319601076112, 56.5255302336745], [24.05110827505624, 56.52516695675442], [24.050716597758512, 56.525185633601424], [24.050046639807867, 56.525228633948515], [24.04903136471487, 56.525274616282225], [24.047897519832855, 56.52529784770643], [24.04691570154308, 56.525311040847654], [24.04617868503875, 56.52531416576971], [24.04607146228548, 56.525348221459424], [24.046008304872522, 56.525389939528175], [24.045963319038197, 56.52541965427254], [24.04591833150905, 56.52544936989946], [24.045914433388507, 56.525451945306614], [24.0458360810392, 56.52550369883598], [24.04488601916895, 56.52614643134829], [24.04443012685281, 56.52635596780835], [24.042497510220574, 56.527229263203395], [24.041675654733332, 56.52760330744336], [24.03983992170525, 56.52843953645376], [24.039015660068163, 56.52880900881673], [24.038564855286737, 56.52901709807105], [24.03831756524931, 56.529141088753036], [24.038158031960766, 56.529367970210146], [24.037795519112183, 56.53033095772465], [24.037811304428004, 56.53043494289869], [24.03841488566295, 56.53167222922214], [24.038611345908148, 56.53208379508425], [24.038642822720362, 56.532192108312195], [24.038510627335796, 56.53320989195446], [24.03851856113974, 56.53330088023317], [24.038667383848473, 56.53367952649905], [24.038848210618838, 56.53413009338422], [24.03930969241451, 56.53484269709863], [24.039953702864512, 56.5357394041418], [24.040079306230492, 56.53585635277542], [24.040642886439475, 56.5362840890159], [24.04073708015146, 56.53636205058879], [24.040776396373868, 56.53645736145018], [24.040769944888407, 56.53775327035271], [24.040767309513583, 56.5379201672557], [24.04076552519199, 56.53803317868416], [24.040733525647415, 56.54005953094828], [24.040710120921762, 56.540176526705515], [24.0406082958734, 56.54030654727425], [24.03903237556484, 56.541750342215494], [24.038410839623683, 56.542342472938735], [24.038341851400045, 56.54242138138786], [24.038304721549522, 56.542471810103294], [24.038277747254067, 56.54253810708475], [24.03826609732887, 56.54271596993997], [24.038269693293227, 56.542930708041034], [24.038266509792557, 56.543124906856825], [24.038302373083756, 56.543438145328345], [24.03831801207453, 56.54348546542452], [24.038405726222216, 56.5437508733054], [24.038453192089122, 56.54389277317731], [24.038466781342436, 56.543959991083845], [24.03846345867152, 56.544016010986205], [24.038456746370375, 56.5440636290606], [24.03843519465073, 56.54414084731145], [24.037070469120085, 56.544475687764255], [24.03650611383747, 56.54461326913906], [24.035838297426153, 56.54477606847385], [24.035299293611036, 56.54490746314361], [24.034723195152317, 56.54508119106344], [24.034706078598894, 56.545089220484925], [24.03455006549597, 56.5451624137799], [24.03211070310293, 56.546514000603466], [24.031953334126204, 56.546602688624205], [24.028808511900976, 56.548374887105425], [24.028502091813337, 56.548509809730525], [24.02850186251904, 56.54850986638319], [24.02587698438833, 56.5491528866364], [24.023634253194718, 56.54971451956874], [24.023482073913605, 56.549789924455574], [24.023202578764355, 56.55003902272354], [24.02275438980239, 56.55043845691601], [24.02247630246198, 56.550650140610756], [24.02227165251107, 56.55077483777673], [24.022119451114254, 56.550827048428275], [24.0211722732966, 56.551035124302416], [24.020906400668814, 56.55109447270277], [24.018823921986876, 56.551559295328104], [24.01857723442465, 56.551634708460206], [24.018472277273315, 56.55170140258009], [24.017164371295056, 56.55284438763965], [24.01698069070001, 56.55297197323235], [24.01671827290058, 56.55311696245196], [24.016314147452317, 56.55334894251821], [24.01614619166413, 56.55343013880946], [24.016025467226882, 56.55347364034287], [24.01508941477073, 56.553658398533884], [24.013771817673213, 56.553904972825485], [24.013519852224828, 56.553971679834035], [24.013204671982677, 56.55410256224681]]]}}, {"type": "Feature", "properties": {"fid": 373, "nosaukums": "Garoze", "garums": 2772, "posmaID": null, "gadsAvotos": null, "regulets19": 1, "kolhozs": null, "udenskratu": null, "piezimes": null}, "geometry": {"type": "MultiLineString", "coordinates": [[[24.137131203307717, 56.5081210287261], [24.135802383905485, 56.508369018592525], [24.13528864397557, 56.50855177885069], [24.133551992410872, 56.5093537644989], [24.131066117198873, 56.510480745789266], [24.131013997936634, 56.51050437262175], [24.130961878609533, 56.51052799943235], [24.130838380889724, 56.51058398435662], [24.13059723085617, 56.51058824501195], [24.130385918210187, 56.51054178499354], [24.130259014478302, 56.510475228324204], [24.129292222775458, 56.509800005742576], [24.12880378514241, 56.509481133405004], [24.128616180479174, 56.50930793250999], [24.127600705675018, 56.5082124117962], [24.12298810943696, 56.50827918816338], [24.1193920794512, 56.507508036683], [24.116801298800972, 56.50755572664207], [24.115809691439363, 56.5075739656482], [24.115598092612466, 56.5075741626984], [24.115521430250983, 56.50755809476611], [24.115477534973333, 56.50751980623603], [24.114666096069133, 56.50658353513748], [24.114595295871666, 56.506522038846384], [24.114456894953882, 56.50644750043743], [24.112341199231032, 56.50569206240198], [24.111049158381295, 56.505232143388305], [24.11042354807604, 56.50506458121267], [24.110205832075994, 56.50501502174855], [24.10997581555957, 56.50497580104283], [24.109782476311064, 56.504950841390944], [24.109612552222163, 56.50494412029692], [24.1094250013098, 56.50496124332476], [24.109296865121703, 56.504988034734126], [24.108987479078717, 56.505044339258156], [24.10882345616203, 56.505092898956825], [24.10872883791184, 56.50513981829454], [24.108619496099898, 56.50520806547709], [24.108546755536008, 56.505284788639656], [24.108477708100096, 56.505377646874635], [24.107626083946997, 56.506656522742084], [24.107507516068235, 56.50673414295698], [24.107398201841495, 56.50678063645041], [24.107230499138623, 56.50682112848946], [24.106986189887746, 56.50686370324555], [24.10607817448888, 56.50700166080978], [24.10597970221244, 56.50701183141645], [24.10533162968749, 56.50694562804882], [24.104565088216933, 56.50688834804734], [24.10393085729347, 56.506824855127], [24.10358345475236, 56.50680685159516], [24.10332434422862, 56.50681621416979], [24.10272351058914, 56.50686854228491], [24.102431284056443, 56.506865734307645], [24.102204556065004, 56.506857919684734], [24.102147571727873, 56.506845031082406], [24.1020697009891, 56.50680770010399], [24.102031566524623, 56.5067796063584], [24.101923458646443, 56.506649686390375], [24.101724499533617, 56.50647301773617], [24.101584893723874, 56.50637279180977], [24.101364265032945, 56.50638127515588], [24.101129208277598, 56.506405844905366], [24.100974974388823, 56.506430348550495], [24.100879477672752, 56.506438552192286], [24.1007813, 56.5064606]]]}}, {"type": "Feature", "properties": {"fid": 379, "nosaukums": "Garoze", "garums": 3665, "posmaID": null, "gadsAvotos": null, "regulets19": 1, "kolhozs": null, "udenskratu": null, "piezimes": null}, "geometry": {"type": "MultiLineString", "coordinates": [[[24.024347447589108, 56.52895268706603], [24.023466093841897, 56.529295247034], [24.023258673100766, 56.529371651480254], [24.023157738191273, 56.529412384795585], [24.022859194476943, 56.52946399213606], [24.022416927456508, 56.52948491686749], [24.022194806892255, 56.529479952548115], [24.02199987395603, 56.52945743693596], [24.02169345335775, 56.5294377166363], [24.02154386491774, 56.52945026659053], [24.021285534021057, 56.52952045052518], [24.020945638054187, 56.52967330206713], [24.02075559626813, 56.52979589600659], [24.020664989590646, 56.52990362232599], [24.02061993872403, 56.5300784437961], [24.02043489580319, 56.53103677979008], [24.020145810102147, 56.53248740173533], [24.020046794010508, 56.53284938981299], [24.01996526601152, 56.532987175123225], [24.019833861784303, 56.53313497670639], [24.01886070300711, 56.5339653908275], [24.018744117579672, 56.53407705467581], [24.018707877448396, 56.53414469292504], [24.01868979691657, 56.53424238046293], [24.01863589044936, 56.53518594134352], [24.0186094097063, 56.536656454935454], [24.018610069872683, 56.53750526929375], [24.018573897341696, 56.53771819029472], [24.018505938728616, 56.53783843543116], [24.01834280350229, 56.53801880761523], [24.018129771514012, 56.53814909119979], [24.01797319418919, 56.53821928470751], [24.017817861588824, 56.538288920820925], [24.01681755333334, 56.53872430669698], [24.01560450174664, 56.53921445184745], [24.01486780555938, 56.53953122647886], [24.014568356634257, 56.53965998512904], [24.013173999329478, 56.540253247734945], [24.012873906143714, 56.5404340134265], [24.011962353057235, 56.541316861447946], [24.01187057974057, 56.541382287462426], [24.011784839599073, 56.54144341212224], [24.011642158780823, 56.54154512977828], [24.01156515686513, 56.541600024752725], [24.011020332867666, 56.54196065592583], [24.010304813312587, 56.54243426029597], [24.009158894050454, 56.54319909176714], [24.008299949501282, 56.54377235706177], [24.00816888967004, 56.54386480995222], [24.006878469084228, 56.54477507491654], [24.00511326799866, 56.54597056380879], [24.00487447100423, 56.5461469052507], [24.004830973587328, 56.546190599549035], [24.004724844543095, 56.54629720681546], [24.00465946059955, 56.54637073733425], [24.004631161682784, 56.54640256203481], [24.004343956377078, 56.546725548859754], [24.003515346911733, 56.54766601739738], [24.00305091662042, 56.54815987907953], [24.003005561621904, 56.54825756477843], [24.002987436497172, 56.54838781732787], [24.003196108441166, 56.549068944933744], [24.003332002669797, 56.54941573823781], [24.003449918632334, 56.549503402277864], [24.003690316226358, 56.5496111062496], [24.003820710906385, 56.54965022375536], [24.004057684292697, 56.54972131225089], [24.005171487585578, 56.54989235591364], [24.006465454685575, 56.550091051509064], [24.006796554309012, 56.55015365331174], [24.00702788179734, 56.55022127306258], [24.007222906300395, 56.55029640523821], [24.008177709331314, 56.55075384547943], [24.008248272927656, 56.550784280881125], [24.00869301798468, 56.55097610508883], [24.009600219955875, 56.551336742560984], [24.00984772293428, 56.55144623087464], [24.010097220023873, 56.55158648022309], [24.01088482903862, 56.55218403864869], [24.01112979936099, 56.55233431260262], [24.012339513214812, 56.55301710066667], [24.01267312173989, 56.553228957971264], [24.012854612803643, 56.55337171523427], [24.012989993430008, 56.55353090903997], [24.01308076920372, 56.55373379724719], [24.013204671982677, 56.55410256224681]]]}}, {"type": "Feature", "properties": {"fid": 384, "nosaukums": "Sidrabe", "garums": 356, "posmaID": null, "gadsAvotos": null, "regulets19": 1, "kolhozs": null, "udenskratu": null, "piezimes": null}, "geometry": {"type": "MultiLineString", "coordinates": [[[24.07254871256331, 56.47500676473656], [24.072363990934694, 56.474930239817354], [24.072183729225152, 56.474803039793684], [24.07226509084518, 56.4744777842049], [24.07254882967311, 56.474137688884696], [24.072911576408202, 56.47370539847555], [24.07306059145833, 56.473518128432296], [24.07308868216819, 56.47346975684371], [24.073104087623015, 56.47278915625687], [24.073126940254888, 56.47264408299749], [24.07319621931826, 56.47257577081605], [24.073602923063426, 56.472238746572785], [24.07377797795976, 56.47210362050764]]]}}, {"type": "Feature", "properties": {"fid": 385, "nosaukums": "Malva", "garums": 10058, "posmaID": null, "gadsAvotos": null, "regulets19": 1, "kolhozs": null, "udenskratu": null, "piezimes": null}, "geometry": {"type": "MultiLineString", "coordinates": [[[24.176287799213387, 56.42400080174394], [24.17516517493088, 56.42385964289132], [24.173990765068375, 56.42371196098417], [24.173697015671127, 56.42375169067904], [24.173428856072015, 56.42371484721486], [24.172376603893067, 56.42357026931531], [24.171393503228344, 56.423227981810825], [24.169857433148714, 56.423015564922316], [24.16951679069892, 56.42276607557395], [24.16936026364141, 56.42275805515504], [24.167915055606073, 56.42268399818514], [24.165277303328907, 56.422513297182014], [24.164332105559176, 56.422368622554146], [24.162951412414465, 56.422153284622226], [24.162846085245842, 56.422136856664636], [24.162109714190937, 56.421917582295904], [24.161332108483933, 56.42169232688344], [24.1611149013083, 56.421635026651046], [24.161023197489296, 56.421628370592856], [24.160849085795345, 56.42164553279055], [24.159258258347105, 56.42194904619281], [24.159075061932793, 56.42198654013726], [24.15902632360577, 56.4220238615679], [24.159020367535888, 56.422061129059124], [24.159371122770104, 56.42263142277177], [24.15937129273671, 56.422672069504564], [24.159334784177354, 56.42271106889232], [24.15923107415538, 56.42275692961032], [24.15859000153983, 56.42291864212789], [24.15738741826142, 56.4232724428748], [24.15714634608482, 56.423357428485964], [24.157054904017688, 56.423415126675444], [24.15670220772922, 56.42385252225334], [24.155966333423667, 56.4247527518174], [24.155923667464688, 56.42478159663887], [24.15575088759739, 56.42475503849767], [24.154590376088535, 56.42457664479066], [24.152795284164426, 56.4242841818312], [24.15245574444626, 56.42420500001725], [24.15187127815786, 56.424051000130596], [24.151822657915304, 56.42403818956299], [24.151774037705458, 56.424025378976324], [24.15098424743662, 56.42381727063034], [24.150958051518646, 56.423811312643124], [24.14994732758849, 56.42358142409458], [24.149843364173964, 56.423566306850226], [24.149760833604805, 56.42356132583794], [24.149663055250922, 56.42356483089933], [24.14731124764263, 56.42390467178224], [24.146260589500468, 56.4240651134247], [24.14621784386164, 56.424075325083045], [24.14620266166977, 56.42410074707917], [24.145737098155482, 56.42542569077784], [24.14545577286526, 56.42618475407308], [24.145307575488832, 56.42659308590613], [24.14530775631095, 56.426640506795366], [24.145328599985096, 56.426687336576585], [24.145341919621007, 56.42671726216171], [24.145355239281322, 56.426747188643674], [24.145375729852304, 56.426793227310185], [24.145677682821013, 56.42747163045807], [24.145877956822307, 56.4278931026006], [24.14591504832336, 56.42800144864809], [24.145887775550527, 56.428062451070794], [24.145820761657912, 56.42812180574559], [24.145711011739685, 56.42819475893836], [24.1451742148441, 56.4284900749578], [24.14430505769284, 56.42899578153412], [24.14357927622348, 56.429433571646925], [24.143423677509936, 56.429508270276266], [24.14328320719552, 56.429542304349674], [24.14245218930812, 56.42963471608544], [24.14147151453036, 56.42975777676592], [24.141394423709528, 56.42976175034341], [24.140878612543894, 56.42977369404012], [24.14052712914139, 56.42977747962955], [24.139307411931515, 56.42972974015905], [24.13902612380295, 56.42970465150955], [24.13889464512448, 56.429691250364776], [24.138839538869878, 56.4296764636306], [24.138785813842077, 56.429662047278384], [24.138732632567226, 56.429647777638095], [24.137970687380186, 56.42944332172894], [24.136122854717613, 56.428960992087276], [24.1354039461868, 56.428778870229976], [24.135254134125184, 56.42876548433238], [24.135028007300697, 56.428779279839745], [24.13449942310638, 56.428828968461495], [24.133249747576627, 56.42894378770529], [24.131367623888064, 56.42912870261094], [24.131248423510588, 56.42912882873317], [24.13118114587543, 56.42911873859404], [24.129898906982717, 56.42865265351748], [24.129840777973968, 56.42863577799442], [24.129770468355055, 56.42863246444504], [24.129687952473965, 56.42863424424901], [24.12928157262427, 56.428670234513575], [24.126928878440594, 56.42889283122454], [24.125773876986717, 56.42899223549767], [24.12559053718999, 56.42900597043452], [24.125435148374265, 56.429038360655596], [24.12516598234072, 56.429094466411776], [24.124286387714722, 56.429296888613536], [24.124185574560997, 56.429312231443], [24.12410306635511, 56.429317395513635], [24.123956340026016, 56.42931246062035], [24.123301886851188, 56.429197947908825], [24.12321319103481, 56.429179407003254], [24.12312148659305, 56.429176110926726], [24.122919794343204, 56.42918647213368], [24.122802650630614, 56.42918839126053], [24.122039581913015, 56.42920088920373], [24.121834716087577, 56.42920109049629], [24.12178191835801, 56.42920114231832], [24.121729122249654, 56.42920119411629], [24.12011708001845, 56.42920276486915], [24.11985727733942, 56.42920132251295], [24.11969216606344, 56.42918115932509], [24.119147812124066, 56.429083453928534], [24.11908664676098, 56.429071657820884], [24.119010219305938, 56.42906664960235], [24.11829503564665, 56.42907410846402], [24.116947247317903, 56.42910756412951], [24.11677918545445, 56.429121270750144], [24.116708955498567, 56.42914335380158], [24.116260485766524, 56.42941475094356], [24.116001135502824, 56.429562336544194], [24.115863763784965, 56.42961835365388], [24.11554006559104, 56.42971349665381], [24.1147398633276, 56.42991239100627], [24.113789181255676, 56.42998055710173], [24.113444164030085, 56.42999995566693], [24.11263739636536, 56.43005149776247], [24.110786674423828, 56.430207154977914], [24.110516708098785, 56.43023631351906], [24.109780309084528, 56.430314872861636], [24.108359512937557, 56.43048886848248], [24.108237352788485, 56.43052454041883], [24.10811525806896, 56.430583922699704], [24.10780398337783, 56.43075863485452], [24.107489706681292, 56.43095367135558], [24.107318944089798, 56.43109777490535], [24.10723665375284, 56.431182525951726], [24.107178850107783, 56.431279110608024], [24.10711569495521, 56.431646675921684], [24.107036405255187, 56.43280008467776], [24.107010187825267, 56.43326076648566], [24.106998141887992, 56.433325133331714], [24.10694330550687, 56.433391231497325], [24.10654353981882, 56.43363206571917], [24.1047669329102, 56.43452441078793], [24.10324045312566, 56.435247162742805], [24.102523048964805, 56.43561018732718], [24.102358178441136, 56.43568653464092], [24.100852668561135, 56.436282220449236], [24.100415963322096, 56.43645193420685], [24.10022967140457, 56.43652321538009], [24.100073998747707, 56.436613102354926], [24.099759793860613, 56.43686908833011], [24.099414969110676, 56.43710816170295], [24.098917425922856, 56.43740155196756], [24.09850532179554, 56.43763559576205], [24.098258053069618, 56.43777466672738], [24.098022954060642, 56.43789171063697], [24.096535616207863, 56.438480554378025], [24.09553377121652, 56.43884545276111], [24.095411601950705, 56.43889296770676], [24.095280217008668, 56.438923553288035], [24.095188521131604, 56.43893209135423], [24.09504789264133, 56.4389338926658], [24.094687110789405, 56.43892231362569], [24.09274555934085, 56.43883571271341], [24.09139419547187, 56.43880623047992], [24.091161874811025, 56.43881825612319], [24.091045741550992, 56.43883527768291], [24.088956245398617, 56.4394995857755], [24.088511880962777, 56.43966433242409], [24.088446937441535, 56.439669355125936], [24.08839323781181, 56.43967350819204], [24.088339570601107, 56.43967765851653], [24.088218994464395, 56.439686983734624], [24.087353263165888, 56.43950072426751], [24.085505227540867, 56.43906523008429], [24.084891072089913, 56.43892602654352], [24.084709258040373, 56.4389064140363], [24.084566109728378, 56.43890495556778], [24.084407198515308, 56.438917201534835], [24.084237357286042, 56.43894463819492], [24.08407749811093, 56.43899116849664], [24.083973903046587, 56.439048056279894], [24.083919172347056, 56.439087552369614], [24.083837722140363, 56.43915736965215], [24.08364096371603, 56.43940942233849], [24.083573381655775, 56.43950332690368], [24.082434571125216, 56.440892181491854], [24.082386577193827, 56.44095884095186], [24.08236264682114, 56.44101549388199], [24.08235071310808, 56.44106213931874], [24.082387045603316, 56.4411753803191], [24.082918903532107, 56.44254568927095], [24.082925324302586, 56.442641493568765], [24.082865418890094, 56.44275813183327], [24.082823426448662, 56.44281813006786], [24.08270926992413, 56.442884833760324], [24.08258905751228, 56.44294154184981], [24.08243274822843, 56.44299494960824], [24.0820599397942, 56.44308848062111], [24.081478837521047, 56.443236128682194], [24.0811003442691, 56.443306882643434], [24.080026251254168, 56.44339420908118], [24.07924684117299, 56.4434691674071], [24.078976030944542, 56.44353234689663], [24.07885694332776, 56.443595429499936], [24.078257098058085, 56.44446540028661], [24.078156527936976, 56.4448616675847], [24.07803642841168, 56.44531780403289], [24.078028768478198, 56.44534689371189], [24.078021110155138, 56.44537598338933], [24.077972088829945, 56.445562159830686], [24.077664183237733, 56.44648734898624], [24.077225440551462, 56.447751841357736], [24.07719382777514, 56.447866556301925], [24.07715451075956, 56.44792273527088], [24.07710966492577, 56.44794996667612], [24.077033826819164, 56.44797401080732], [24.075584414824714, 56.448209316355786], [24.07391566066936, 56.44845333732472], [24.073602468626255, 56.4485094901622], [24.073526678179356, 56.448551536639734], [24.073461770381662, 56.448617582658166], [24.07295198316824, 56.44921853615799], [24.072701879523546, 56.44951335772605], [24.07243500135358, 56.44988007995155], [24.071859169350883, 56.45071493826239], [24.071395642200244, 56.451368785698946], [24.07081413617231, 56.45220676155339], [24.070461565341983, 56.45271236597216], [24.07034783712621, 56.45290428179422], [24.07030583521302, 56.45304001321234], [24.070286400175767, 56.453192890025626], [24.07023629567765, 56.455044466867264], [24.07023107801161, 56.45527064911294], [24.070202145217074, 56.45638440184714], [24.070224846647097, 56.45647330103637], [24.070337865005094, 56.4566541804518], [24.07056666843796, 56.456986300046616], [24.07130042403806, 56.45807040900737], [24.071360162715965, 56.45812737094295], [24.071453544453707, 56.4582071587124], [24.071813609356084, 56.45844570993248], [24.072016611435043, 56.45855471088387], [24.07220432011719, 56.4586554997835], [24.072329067977286, 56.45868842642114], [24.072442965263622, 56.458715366752315], [24.072545983267272, 56.458721299113], [24.072676088323608, 56.458721223022884], [24.073404937414946, 56.45861875082736], [24.073724673676548, 56.458555554642565], [24.073898088915396, 56.458531454542026], [24.07405527283703, 56.45851335639456], [24.07417996336455, 56.458516282706334], [24.07433723635649, 56.45855219762306], [24.074489123799715, 56.45859710883307], [24.074619334302746, 56.458651035132704], [24.074725381468696, 56.45872778422476], [24.074804331023277, 56.45885598094557], [24.075142587448568, 56.45954441763115]]]}}, {"type": "Feature", "properties": {"fid": 386, "nosaukums": "Zizma", "garums": 9692, "posmaID": null, "gadsAvotos": null, "regulets19": 1, "kolhozs": null, "udenskratu": null, "piezimes": null}, "geometry": {"type": "MultiLineString", "coordinates": [[[24.197904130917337, 56.43880492971071], [24.196200823861858, 56.439142432003074], [24.195010512779785, 56.439378268608884], [24.194303648112022, 56.439522803798006], [24.193901671164642, 56.43960499478881], [24.19375428938995, 56.43963512925663], [24.193703898886273, 56.439645432064836], [24.193661685354215, 56.439654062690416], [24.193540703915225, 56.43967879925705], [24.19321570404358, 56.4397792993031], [24.191774048139937, 56.44029324249575], [24.191703290752628, 56.44031846656807], [24.19163622616488, 56.44034237408618], [24.189068351928515, 56.441257727300865], [24.187846536584676, 56.44155898837715], [24.187818043006402, 56.441566014107096], [24.187772447423843, 56.441577255988946], [24.18772835676681, 56.44158812722091], [24.187683541956183, 56.441599176523226], [24.184199434839904, 56.44245814933293], [24.184125343798797, 56.442476414765], [24.18405125106457, 56.44249468015525], [24.183629710896454, 56.442598597164746], [24.18235564628455, 56.44289881759669], [24.182021218662186, 56.44289603008032], [24.17898873507102, 56.44343675672249], [24.178831169799686, 56.44346484957308], [24.178508359852426, 56.443522404145526], [24.17611294111894, 56.44395202728454], [24.17604802910042, 56.44396366779891], [24.17598706344067, 56.44397460190794], [24.17585580976298, 56.44399814084905], [24.175778272352783, 56.444012046084524], [24.17569666206624, 56.44402668117198], [24.172782108663863, 56.4445493251854], [24.172748679194992, 56.444555319326504], [24.172715249711512, 56.44456131256013], [24.171819445627474, 56.44472193292726], [24.171698697476533, 56.44474359496842], [24.17109197893175, 56.444852438486755], [24.16965440983153, 56.44496057199643], [24.16716296017876, 56.445147937327334], [24.1660801545134, 56.44524118795321], [24.165978861180196, 56.44522700155065], [24.165868288767587, 56.44521151485737], [24.165844285033167, 56.445208153556436], [24.16578138256773, 56.445199343115696], [24.16570275250307, 56.445188330920935], [24.16569447642724, 56.445187172211476], [24.16561078565477, 56.44517545066426], [24.164990359189332, 56.44508855317884], [24.164842941497817, 56.44503811706586], [24.16377810080367, 56.444673790661305], [24.162204299936757, 56.44413996471055], [24.15906974358897, 56.44309369521298], [24.158635301899427, 56.44305817918727], [24.158200282650288, 56.4430700725819], [24.154755493485425, 56.443328527376934], [24.15419318472, 56.44335494025132], [24.153679243943824, 56.443361345538335], [24.15332835392793, 56.44335320843949], [24.15282256842066, 56.443322405066965], [24.14939138266365, 56.44290401405751], [24.14916948292803, 56.44289285288306], [24.14843465405584, 56.442941030783665], [24.147883198344175, 56.44297718241514], [24.147777028604143, 56.442986261722325], [24.14764593052007, 56.44299747292097], [24.147527199430336, 56.442980463046936], [24.14658396507819, 56.44268238507123], [24.145891629920296, 56.44243464084777], [24.145726317145655, 56.442383399869094], [24.145562973887618, 56.44235507533294], [24.145361753416843, 56.44235531114202], [24.14515539688563, 56.44236126665175], [24.14498516690423, 56.442372893646514], [24.144495353450722, 56.44241266963494], [24.144118955932083, 56.442475305598826], [24.1439255501976, 56.44250748898822], [24.143331007190778, 56.44261606590934], [24.142916857676088, 56.4426675455657], [24.14278228570372, 56.44266770043638], [24.142615759507507, 56.44264631426628], [24.142256898603275, 56.442567461105305], [24.142009016255912, 56.44250774773671], [24.140972031321674, 56.44215505584877], [24.14077053161026, 56.44208385029439], [24.14043605749051, 56.441993038436785], [24.140053967728843, 56.44191632188762], [24.139312849432578, 56.44178302915362], [24.137967544293932, 56.441590443755686], [24.13690105152032, 56.44147163017731], [24.136689540713693, 56.44147757730041], [24.136550254134544, 56.44148344462953], [24.136426512311903, 56.44150929378962], [24.136051366786138, 56.4416066911632], [24.135798790904303, 56.44167267898507], [24.135664722280946, 56.44169568167174], [24.134640196831185, 56.44173387546118], [24.1343770803615, 56.44173701759917], [24.134242869665883, 56.44172002076241], [24.133491171085335, 56.44150427369132], [24.13193402596748, 56.44098644787989], [24.13047471405638, 56.44052280986531], [24.1302888195386, 56.44047729296715], [24.12990167604788, 56.44042055853125], [24.129710673791184, 56.4403893311649], [24.129155262456518, 56.44022755488005], [24.128287725471974, 56.44000275073323], [24.127964720965807, 56.439917832041466], [24.127820194931264, 56.439897981884215], [24.12739195678773, 56.439892708123885], [24.12699643315628, 56.43990731763336], [24.126547745343643, 56.439956345082194], [24.125867004623316, 56.440045675563496], [24.125763866955424, 56.44005999418474], [24.1244789976715, 56.44008393076099], [24.12403419825465, 56.440078544328436], [24.123842050001528, 56.44007144722237], [24.12349717640519, 56.44003971685567], [24.123304967087837, 56.44001366568007], [24.123154849190325, 56.439981740735256], [24.12297834139119, 56.43992797305104], [24.12284314069752, 56.43988005525251], [24.122798535553063, 56.43986424657625], [24.122753928823823, 56.43984843788554], [24.12169127921576, 56.439471808160995], [24.121540862805407, 56.439424528268745], [24.121233865866884, 56.43933843268562], [24.119924677936798, 56.439049811383676], [24.119647164725812, 56.43898862921982], [24.119413162207543, 56.43896869557411], [24.119262438902616, 56.438980360173254], [24.119013156174056, 56.43906123543115], [24.118769251557236, 56.43919970165486], [24.118486500954454, 56.439474908840076], [24.118116801892587, 56.439855271429614], [24.118106828292188, 56.43994812027536], [24.118130486867155, 56.44002669788392], [24.118393032912593, 56.44059477710387], [24.1184168732401, 56.44066211241251], [24.11840695479483, 56.440772012535284], [24.118362021905035, 56.440857155649915], [24.118273365080256, 56.44095524098482], [24.118159104456485, 56.44111559031643], [24.1180455967053, 56.44117221140566], [24.117870935902417, 56.44124826783081], [24.116787982718627, 56.4417062441057], [24.116659945896227, 56.441779024184356], [24.11655241800187, 56.44188569433898], [24.116353434898542, 56.44258987859907], [24.116362890999554, 56.44282238263684], [24.116395691280115, 56.44306293807281], [24.116419925456174, 56.4433616299697], [24.116309423427374, 56.44345054070538], [24.115407221260433, 56.44404177458446], [24.114992851027345, 56.44432511974478], [24.1147838672849, 56.44440628868298], [24.11457322524844, 56.44445953558874], [24.113660596461706, 56.444589593113854], [24.11227734091834, 56.44478670346978], [24.111970861465533, 56.44484004158652], [24.111794516968764, 56.44490330626], [24.110864859175578, 56.44536662487334], [24.109437931196734, 56.446071128137596], [24.10932135973301, 56.446116102036086], [24.10920821662846, 56.44615975391351], [24.10907414182725, 56.44619170316564], [24.108825086383398, 56.44621668248436], [24.108169647645955, 56.44627372167967], [24.1066261055874, 56.446395267033324], [24.105189079178547, 56.44651360338976], [24.10506461598992, 56.44652385206772], [24.103870276595995, 56.44662389110081], [24.10354444948316, 56.44661709267039], [24.103393192529154, 56.44659629431865], [24.10173502453743, 56.44608917109016], [24.098867878106375, 56.44521842963015], [24.098720892438585, 56.44519024607268], [24.09860588456024, 56.44518326684133], [24.09676382974572, 56.44525505451723], [24.09662971902886, 56.445269309257995], [24.096546756075238, 56.44529766536852], [24.094998771434533, 56.445789546123386], [24.0937477343936, 56.44621847322085], [24.093639201294025, 56.44623977604883], [24.093387497856423, 56.44626078228041], [24.090440930331262, 56.44636541199274], [24.089860979368687, 56.446389031529094], [24.089808165981097, 56.446391181957836], [24.089755350967533, 56.44639333326371], [24.088674427654603, 56.446437347948056], [24.088342279228176, 56.44645880568009], [24.08822087802493, 56.446444750736546], [24.088125001147418, 56.446427128759716], [24.0880163253324, 56.44638830386156], [24.08793963868022, 56.446377747758596], [24.08773687165048, 56.44637785530175], [24.08603341706019, 56.44640001695303], [24.085829878804642, 56.446409218515136], [24.08578910059292, 56.44642539328022], [24.085771902806556, 56.446452102897844], [24.085754123057107, 56.446479714938256], [24.08573634490401, 56.44650732697486], [24.08570485076779, 56.44655623946315], [24.0855237603604, 56.447000897406824], [24.08553023908134, 56.447039803924355], [24.08559422325593, 56.44708574144307], [24.08576695511345, 56.44719526655286], [24.08736348531758, 56.448101881377006], [24.08756179300023, 56.44821845661185], [24.08763226269182, 56.448303299472286], [24.08763880890843, 56.44837049736398], [24.08760702201074, 56.44843772231322], [24.087194024135233, 56.44881519166704], [24.086856442139364, 56.44912599643832], [24.086690525325615, 56.449243983628996], [24.08624525107576, 56.44955073358993], [24.085862522922955, 56.44981626907654], [24.085770733126658, 56.44991955574201], [24.08560154858404, 56.450235925832835], [24.08538764762379, 56.45071100786298], [24.08492879250433, 56.45152673219407], [24.08474575331781, 56.45171698278555], [24.083967393626892, 56.452247078837914], [24.08326616637596, 56.452692776461134], [24.083215215257223, 56.45276355289541], [24.083170663185108, 56.45284492647882], [24.083147438598356, 56.452932701441355], [24.08272116103138, 56.45454603639703], [24.082613133744424, 56.45498763015418], [24.082531008435318, 56.45507416478851], [24.081574156116364, 56.455743219708985], [24.081369865735184, 56.45582824624986], [24.081235764818395, 56.45586723600828], [24.08112717650258, 56.45590165392199], [24.07792428307014, 56.456833021575434], [24.077833872551267, 56.45687261810446], [24.07779583893336, 56.45690426660779], [24.077739397584637, 56.45701962417671], [24.07754845122069, 56.457593147245696], [24.077314082505097, 56.45829706786942], [24.077162629477773, 56.45877163974844], [24.077128840809458, 56.45888619949371], [24.077041724911588, 56.4589954430913], [24.076968573583592, 56.459043843635556], [24.076456002079436, 56.45923769602607], [24.07557215343746, 56.459528256772266], [24.075398793930887, 56.45958568049899], [24.075142587448568, 56.45954441763115]]]}}, {"type": "Feature", "properties": {"fid": 388, "nosaukums": "Likvertenu strauts", "garums": 3049, "posmaID": null, "gadsAvotos": null, "regulets19": 1, "kolhozs": null, "udenskratu": null, "piezimes": null}, "geometry": {"type": "MultiLineString", "coordinates": [[[24.296004806488707, 56.45134366122581], [24.294236702492803, 56.44908031800131], [24.294160612967936, 56.44898049909699], [24.294105702828123, 56.448908464334565], [24.292849907831343, 56.44726093090273], [24.29282232039906, 56.447227526634435], [24.291820517851743, 56.44601449725217], [24.289483843411332, 56.44385371062883], [24.289444315671357, 56.443799892273525], [24.289437474197857, 56.443673799533585], [24.28933447695367, 56.44177520351874], [24.289282052409067, 56.440808751368486], [24.289179399603768, 56.43919459259915], [24.289084924461566, 56.43776034474444], [24.289012030521146, 56.436566162001185], [24.288961822061943, 56.43555925890305], [24.288912196995, 56.43462891892602], [24.288878269128375, 56.43414221663046], [24.289605594151464, 56.43159525347419], [24.289613130019447, 56.43156291915277], [24.28962619651064, 56.43150686220281], [24.289786049323475, 56.4310746289032], [24.2913856756425, 56.429690099554556], [24.29141928449583, 56.429659538496544], [24.29178604447078, 56.42932602623178], [24.291838225982715, 56.42927661801689], [24.292216803038993, 56.42855656217648], [24.292332346496504, 56.428336792171415], [24.29241497751357, 56.428040885245515], [24.292411736910516, 56.42798348189632], [24.292405619799982, 56.42787512870549], [24.292417369129314, 56.42782581549329], [24.29250180235418, 56.42776513017628], [24.29265010337181, 56.427712865287084], [24.292974653409445, 56.427598482328015], [24.293392690321294, 56.427529458806355], [24.293979120000216, 56.42745920581957], [24.294116434770455, 56.427440958441714], [24.29420100442297, 56.427398193649246], [24.294301310626132, 56.42729938474098], [24.294400733632813, 56.42708632545938], [24.294514441852453, 56.426842336748074], [24.294549190681405, 56.42676777118112], [24.29456378364317, 56.4267364601661], [24.294559237996836, 56.426671504102046], [24.294559064832548, 56.426649101994634], [24.294309861797714, 56.426508844445465], [24.29422611604363, 56.42646171069135], [24.29404809368733, 56.42627442226781], [24.294026401468223, 56.42625160126446], [24.293958246161058, 56.42615749874928], [24.29390901199788, 56.4260895219477], [24.293883056150968, 56.426053686379404], [24.2938824662026, 56.426052871097504]]]}}, {"type": "Feature", "properties": {"fid": 391, "nosaukums": "Krastmaļu strauts", "garums": 6691, "posmaID": null, "gadsAvotos": null, "regulets19": 1, "kolhozs": null, "udenskratu": null, "piezimes": null}, "geometry": {"type": "MultiLineString", "coordinates": [[[24.365891945805085, 56.37131402850151], [24.366134605853894, 56.37143802655878], [24.366179957111576, 56.37146292786705], [24.36625917746395, 56.37148565909726], [24.36637950038841, 56.37147904054914], [24.36643217715561, 56.37147992888388], [24.36646986615446, 56.37148712456958], [24.366520743519192, 56.37149636925171], [24.366766612187572, 56.37163552147948], [24.366833269772915, 56.371720922053235], [24.366866137827827, 56.37181372963963], [24.366875718554247, 56.372027696132946], [24.366949603999334, 56.37227800768534], [24.366931314946285, 56.37233234328702], [24.366838307762308, 56.37244118143692], [24.36678296008915, 56.37255408410457], [24.366787624971384, 56.372648019117776], [24.36683318952603, 56.37269172674652], [24.366985258117705, 56.37285620918722], [24.367133142356025, 56.372976861410905], [24.36734826460509, 56.37304720788985], [24.36774769055365, 56.37311283154881], [24.367970096735455, 56.37315810215254], [24.368324459790973, 56.373232209638275], [24.36859024264465, 56.373288832429886], [24.368799737193275, 56.37336023711836], [24.36897730277647, 56.37343695554639], [24.36910364693544, 56.373468939788054], [24.369316480349198, 56.37349649124796], [24.369553464468886, 56.373492653200216], [24.369972802493706, 56.37347678859091], [24.370174289752587, 56.37349810845957], [24.370362942353015, 56.37355391459418], [24.37045068163846, 56.37359641049373], [24.370716374912345, 56.37372509793224], [24.370916540299046, 56.373803834010616], [24.37113113642043, 56.373818850039456], [24.37121226620097, 56.37384366038543], [24.371250183329867, 56.37387381914283], [24.371273557567612, 56.373956214917285], [24.37134365529623, 56.37400715539973], [24.371461360003952, 56.374117453789026], [24.371471343813162, 56.37417692443254], [24.371478013473745, 56.374282335410946], [24.371500604014532, 56.37447747330849], [24.371486184625592, 56.37454223613495], [24.37151695312294, 56.374611040459556], [24.371551423464698, 56.37467356971175], [24.37154107150589, 56.37476963662123], [24.37141008220684, 56.37484101262984], [24.371365361054426, 56.37488498988272], [24.371347098981147, 56.374941414030914], [24.371381283430217, 56.374974715010566], [24.371366823056167, 56.37503530375581], [24.371341664887648, 56.37515646817478], [24.37133851128032, 56.37521911014633], [24.371384187273932, 56.37527325481852], [24.371531954199877, 56.37537928800252], [24.37165265262222, 56.375410242571505], [24.371810914617623, 56.375434820425454], [24.371893827989656, 56.37544918682203], [24.371968993779856, 56.375440610305645], [24.372074073656474, 56.3754131538707], [24.372231643930903, 56.375366750570656], [24.37229560426962, 56.37536655855586], [24.372367210656094, 56.375378869694146], [24.372503061006835, 56.375420216989674], [24.37262733972636, 56.375432369737986], [24.372740148435433, 56.375425767620854], [24.372827740100565, 56.375437509342596], [24.372981508553032, 56.375483499320595], [24.373278848534607, 56.37559064553582], [24.373897836721156, 56.37578920440509], [24.374227819977406, 56.375867543639885], [24.374342793007592, 56.37591082608715], [24.374321708603553, 56.375919603771905], [24.37346554986294, 56.377114469932465], [24.372920210250143, 56.37718603005065], [24.372846316833453, 56.37727614632571], [24.37282681571222, 56.37729992754271], [24.37276001358542, 56.377448705381106], [24.372750963830907, 56.377597308694895], [24.372778609401074, 56.37773997527265], [24.372885208602543, 56.37790279739272], [24.37302339563696, 56.37807426449074], [24.373171516577187, 56.378187436385], [24.373445817863853, 56.3783177074509], [24.37406498510517, 56.37857901423377], [24.374324543228205, 56.37866132293558], [24.376984272789016, 56.379213276556584], [24.379597603838093, 56.37955502485142], [24.383166055814577, 56.38005444886709], [24.383362353509686, 56.38008692299564], [24.385095307074742, 56.38073136418851], [24.38836728163828, 56.381960657464376], [24.388409099029868, 56.38211448430076], [24.388415884089397, 56.38213943986359], [24.388535052546693, 56.382144702520975], [24.388624936823362, 56.38214867143138], [24.388714821127582, 56.38215264117507], [24.388734455722258, 56.3821535077251], [24.388816433047573, 56.38216024244221], [24.38883862806217, 56.38217415537652], [24.38887037894587, 56.382198524112475], [24.38903704461933, 56.382787006747314], [24.38920983216657, 56.38304863216351], [24.38977110416794, 56.38371452469168], [24.389998435334277, 56.38380348214007], [24.390072070108, 56.38383229642948], [24.390106171672638, 56.38384718153893], [24.39055832453693, 56.38404454237936], [24.39067802869613, 56.384051532605895], [24.39195959316649, 56.38354250799947], [24.396253686978294, 56.38184116650209], [24.39640165080594, 56.381782538060726], [24.396528727248576, 56.381732185339864], [24.398703877923417, 56.380963094538586], [24.39918713339291, 56.38078215594057], [24.402586637695258, 56.379190348185695], [24.404803519892265, 56.37747844530118], [24.405838842669027, 56.37667512358456], [24.409977895628145, 56.374254075239264], [24.413135833727228, 56.37242745862359], [24.413303652513715, 56.37233054969004], [24.413388586390425, 56.3722669133235], [24.414826362269825, 56.37073766609882], [24.41483421315212, 56.3707284855328], [24.41528029111039, 56.370206870988234], [24.415615083374327, 56.36981537563683], [24.416026684050767, 56.369334049823124], [24.419132693202414, 56.37023838258513], [24.41918347664988, 56.37024262229726], [24.41929524350785, 56.37024158493004], [24.42795293809074, 56.36961621446508], [24.431176908188924, 56.369383178116856], [24.431264891679312, 56.369382211760666], [24.431342247691237, 56.36938788232942], [24.431410151174333, 56.36939886503303], [24.431456734279106, 56.36941718136947], [24.43528266629345, 56.371747631188434], [24.43673576033745, 56.37265097230863], [24.43682628575186, 56.372707246795436], [24.436916811443446, 56.37276352211367], [24.437449166442534, 56.37309445259349], [24.437621783603802, 56.373213950985054], [24.43782582226188, 56.37337689414881], [24.440303302495902, 56.37559873796588]]]}}, {"type": "Feature", "properties": {"fid": 396, "nosaukums": "Bardžūnu strauts", "garums": 4484, "posmaID": null, "gadsAvotos": null, "regulets19": 1, "kolhozs": null, "udenskratu": null, "piezimes": null}, "geometry": {"type": "MultiLineString", "coordinates": [[[24.579553466152106, 56.28822000934008], [24.579577509735845, 56.28833942116442], [24.57961450551218, 56.28852315671224], [24.57971315229834, 56.28901307261474], [24.579911746246513, 56.28999932295509], [24.58036952227012, 56.29207525319261], [24.580432193521315, 56.29235943735131], [24.580635208079716, 56.29327998547905], [24.5808461521738, 56.29421753723824], [24.581018761401108, 56.294984678754574], [24.5811206240005, 56.29543737872096], [24.5812872512078, 56.29619482188315], [24.581495524586202, 56.297141529328684], [24.581612888585628, 56.29767499031078], [24.58173904738917, 56.298248406962756], [24.582094351314847, 56.2998867022865], [24.58218357648407, 56.300311823593134], [24.582200226684503, 56.300391158249205], [24.582500107409853, 56.30198224816734], [24.582507801205708, 56.301997848923975], [24.58247333011579, 56.30210795117482], [24.582415155491404, 56.30215140240461], [24.582265708927793, 56.30223893835296], [24.581254033352792, 56.30275194870177], [24.579906847681688, 56.30340803413594], [24.57894776891264, 56.303878666166916], [24.57543891437704, 56.30560034590641], [24.574145010092547, 56.306246915538324], [24.573929865173216, 56.306352168842345], [24.573804617887138, 56.30639815938968], [24.57366300376803, 56.30642944582531], [24.57342518260829, 56.30645908496006], [24.573242759216818, 56.30646055641511], [24.57305851098007, 56.30644161568873], [24.57274771474757, 56.306404611289324], [24.57157822103472, 56.30621003415967], [24.57150692547677, 56.3062027351297], [24.571442197160778, 56.30620727091594], [24.57135030534001, 56.30621378190301], [24.571046012187754, 56.30630012160195], [24.56815714289029, 56.30737612683513], [24.567935417118843, 56.30738894045193], [24.56643118399075, 56.30739255471654], [24.566429315651934, 56.30739255966582], [24.566301744481095, 56.307392865303015], [24.566247404056746, 56.30739299511331], [24.566192956965054, 56.307393125387314], [24.56568863608822, 56.307394332416735], [24.563809130815596, 56.307400639660294], [24.561518324400325, 56.30741744467857], [24.561361836587338, 56.30742327428554], [24.56121689658041, 56.30743161020917], [24.561088262163956, 56.307452672553815], [24.560893305680306, 56.30750475453096], [24.560781049793206, 56.30754366139961], [24.560607210263555, 56.30762252673188], [24.560497742438283, 56.30769469990214], [24.56039068968739, 56.307774542135114], [24.56032713983391, 56.30783754791672], [24.560283188783693, 56.30789214972039], [24.560240360463343, 56.307969137098205], [24.560232141794668, 56.30805120330306], [24.56029622224646, 56.309211542598916], [24.560359033155514, 56.31049929430146], [24.56038066504887, 56.31133345307607], [24.56038369302788, 56.31154025802429], [24.560375079508425, 56.31159527408287], [24.56034629748748, 56.311666961647404], [24.560315589810685, 56.31171422414889], [24.56024758650434, 56.311787833897114], [24.56018878594663, 56.31184656833063], [24.56011032908964, 56.311903209235844], [24.55944201012786, 56.312367862310055], [24.558262092802323, 56.313172970755346], [24.558023083127473, 56.31334971543767], [24.557848906562004, 56.31347851494485], [24.557625117324626, 56.3136366001669], [24.557522495590977, 56.313705565489485], [24.557471941571016, 56.31373808111761], [24.55741582167929, 56.313765822168506], [24.557260611503153, 56.31383545963086], [24.557085762844768, 56.31390431279744], [24.556998004045838, 56.31393521207048], [24.556874878374508, 56.31397856395436], [24.556710790104088, 56.314031660358346], [24.55644961417568, 56.314102646233906], [24.556269721092892, 56.314148831966044], [24.556166406006398, 56.31417023903241], [24.556067710791424, 56.31418551751293], [24.555882651814617, 56.314200310149815], [24.554582070508605, 56.31429797377602], [24.553621000330924, 56.31437013328721], [24.551594781705866, 56.3145353756431], [24.551334395513425, 56.31455311496182], [24.551075492325865, 56.31456473847663], [24.550874678517836, 56.314576104065665], [24.550771244593907, 56.31458965367229], [24.550683624401902, 56.314610986378426], [24.55063683749832, 56.31463301084835], [24.550587110597505, 56.31466901050227], [24.550036585230103, 56.31569333141675], [24.549956947812625, 56.31583330898131], [24.549888942360518, 56.315908658652184]]]}}, {"type": "Feature", "properties": {"fid": 487, "nosaukums": "Eleja", "garums": 5197, "posmaID": null, "gadsAvotos": null, "regulets19": 1, "kolhozs": null, "udenskratu": null, "piezimes": null}, "geometry": {"type": "MultiLineString", "coordinates": [[[23.743546543809355, 56.55066064730029], [23.743946905086, 56.551079003046844]], [[23.743946905086, 56.551079003046844], [23.744546298294324, 56.551714105475156]], [[23.744546298294324, 56.551714105475156], [23.745207065582232, 56.55242729536495]], [[23.745207065582232, 56.55242729536495], [23.74591554822181, 56.55317515024352]], [[23.74591554822181, 56.55317515024352], [23.74701631758789, 56.55435908278819]], [[23.74701631758789, 56.55435908278819], [23.747774852734985, 56.55511584205643]], [[23.747774852734985, 56.55511584205643], [23.747791087520355, 56.55512865137426]], [[23.747791087520355, 56.55512865137426], [23.74784712934615, 56.55517286652312]], [[23.74784712934615, 56.55517286652312], [23.74787748390048, 56.55519681608232]], [[23.74787748390048, 56.55519681608232], [23.747907838493095, 56.55522076563405]], [[23.747907838493095, 56.55522076563405], [23.747963880585026, 56.555264981628305]], [[23.747963880585026, 56.555264981628305], [23.748083334987346, 56.55535922865123]], [[23.748083334987346, 56.55535922865123], [23.748118481523115, 56.55538747420568]], [[23.748118481523115, 56.55538747420568], [23.748157678192037, 56.55539622332673]], [[23.748157678192037, 56.55539622332673], [23.74825580569646, 56.55539642204685]], [[23.74825580569646, 56.55539642204685], [23.748483660743595, 56.555368708834074]], [[23.748483660743595, 56.555368708834074], [23.748786231044825, 56.55531498968153]], [[23.748786231044825, 56.55531498968153], [23.74882163607066, 56.55530870401439]], [[23.74882163607066, 56.55530870401439], [23.749417075958092, 56.55524493198724]], [[23.749417075958092, 56.55524493198724], [23.74979397382335, 56.555234856107276]], [[23.74979397382335, 56.555234856107276], [23.750105971426326, 56.55525055001533]], [[23.750105971426326, 56.55525055001533], [23.750455007872876, 56.55529893000957]], [[23.750455007872876, 56.55529893000957], [23.750642993747203, 56.55536433456114]], [[23.750642993747203, 56.55536433456114], [23.750877778710354, 56.555477511575404]], [[23.750877778710354, 56.555477511575404], [23.75116350300759, 56.55560271208818]], [[23.75116350300759, 56.55560271208818], [23.753022975566495, 56.55639807728037]], [[23.753022975566495, 56.55639807728037], [23.75317165957516, 56.55647206064688]], [[23.75317165957516, 56.55647206064688], [23.753281145053194, 56.55653730532533]], [[23.753281145053194, 56.55653730532533], [23.753398291212918, 56.55663290462215]], [[23.753398291212918, 56.55663290462215], [23.754636216301133, 56.557686204258495]], [[23.754636216301133, 56.557686204258495], [23.754761042734085, 56.55780783553447]], [[23.754761042734085, 56.55780783553447], [23.754823436413954, 56.557872976959636]], [[23.754823436413954, 56.557872976959636], [23.75486193655351, 56.55799009852878]], [[23.75486193655351, 56.55799009852878], [23.75493130373294, 56.55818964771679]], [[23.75493130373294, 56.55818964771679], [23.755500925860723, 56.55979623851062]], [[23.755500925860723, 56.55979623851062], [23.7559435745633, 56.561058591685196]], [[23.7559435745633, 56.561058591685196], [23.756311981775845, 56.56218833514011]], [[23.756311981775845, 56.56218833514011], [23.756530416615266, 56.56286014889871]], [[23.756530416615266, 56.56286014889871], [23.75663352302175, 56.563099095640986]], [[23.75663352302175, 56.563099095640986], [23.756729592435054, 56.563349591125956]], [[23.756729592435054, 56.563349591125956], [23.756777409465773, 56.56350757217269]], [[23.756777409465773, 56.56350757217269], [23.756738141182296, 56.56399243297597]], [[23.756738141182296, 56.56399243297597], [23.756694068876616, 56.564536543795384]], [[23.756694068876616, 56.564536543795384], [23.756645990582996, 56.56539750872322]], [[23.756645990582996, 56.56539750872322], [23.7566309496407, 56.565550407494996]], [[23.7566309496407, 56.565550407494996], [23.756707186545302, 56.5656314230079]], [[23.756707186545302, 56.5656314230079], [23.756782711340975, 56.565695907142334]], [[23.756782711340975, 56.565695907142334], [23.75682053938328, 56.565728204572906]], [[23.75682053938328, 56.565728204572906], [23.75682591080119, 56.56573278980594]], [[23.75682591080119, 56.56573278980594], [23.756858369128768, 56.565760500198245]], [[23.756858369128768, 56.565760500198245], [23.756915685933556, 56.565809437513295]], [[23.756915685933556, 56.565809437513295], [23.757005552081576, 56.565886159002346]], [[23.757005552081576, 56.565886159002346], [23.757059615210387, 56.56599697630726]], [[23.757059615210387, 56.56599697630726], [23.75712127532558, 56.56617423722379]], [[23.75712127532558, 56.56617423722379], [23.757328517145798, 56.566498107113546]], [[23.757328517145798, 56.566498107113546], [23.757761415844072, 56.5671280840706]], [[23.757761415844072, 56.5671280840706], [23.75808828990154, 56.56729430719045]], [[23.75808828990154, 56.56729430719045], [23.759076799821194, 56.56765050705236]], [[23.759076799821194, 56.56765050705236], [23.760292670310534, 56.568078444636754]], [[23.760292670310534, 56.568078444636754], [23.761898664565358, 56.56864646010925]], [[23.761898664565358, 56.56864646010925], [23.762027752371765, 56.56869211485819]], [[23.762027752371765, 56.56869211485819], [23.764556391334676, 56.56957352869813]], [[23.764556391334676, 56.56957352869813], [23.76682047301875, 56.570381291159784]], [[23.76682047301875, 56.570381291159784], [23.768347521091926, 56.570948600522]], [[23.768347521091926, 56.570948600522], [23.768626276467312, 56.57100688746183]], [[23.768626276467312, 56.57100688746183], [23.769121330894873, 56.571069420727866]], [[23.769121330894873, 56.571069420727866], [23.77216595163398, 56.57155601950021]], [[23.77216595163398, 56.57155601950021], [23.774411395458127, 56.57191366556126]], [[23.774411395458127, 56.57191366556126], [23.775791977265712, 56.572135229525685]], [[23.775791977265712, 56.572135229525685], [23.776588850422122, 56.57226310809908]], [[23.776588850422122, 56.57226310809908], [23.77878567877458, 56.572635168964496]], [[23.77878567877458, 56.572635168964496], [23.779022804796337, 56.572658688728154]], [[23.779022804796337, 56.572658688728154], [23.779273677093933, 56.572716902210736]], [[23.779273677093933, 56.572716902210736], [23.779454822733502, 56.57276728316984]], [[23.779454822733502, 56.57276728316984], [23.779573837039408, 56.57281627801263]], [[23.779573837039408, 56.57281627801263], [23.779789296085916, 56.57296684746514]], [[23.779789296085916, 56.57296684746514], [23.78036572135738, 56.573445364466394]], [[23.78036572135738, 56.573445364466394], [23.78113423746858, 56.57410194103059]], [[23.78113423746858, 56.57410194103059], [23.782341251918933, 56.57522545126878]], [[23.782341251918933, 56.57522545126878], [23.782489337798115, 56.57536065106917]], [[23.782489337798115, 56.57536065106917], [23.78364259734764, 56.57641350738544]], [[23.78364259734764, 56.57641350738544], [23.783836577455414, 56.57653561823668]], [[23.783836577455414, 56.57653561823668], [23.787503815864106, 56.57833655821836]], [[23.787503815864106, 56.57833655821836], [23.787593504070266, 56.57837742926275]], [[23.787593504070266, 56.57837742926275], [23.788171121588768, 56.57864064923845]], [[23.788171121588768, 56.57864064923845], [23.788513621825395, 56.57879672299579]], [[23.788513621825395, 56.57879672299579], [23.78881763433688, 56.578976319174345]], [[23.78881763433688, 56.578976319174345], [23.788914718948295, 56.579023045090494]], [[23.788914718948295, 56.579023045090494], [23.789344319772123, 56.57912220617093]], [[23.789344319772123, 56.57912220617093], [23.789350213064584, 56.57912356556715]], [[23.789350213064584, 56.57912356556715], [23.789711930044895, 56.57920705617622]], [[23.789711930044895, 56.57920705617622], [23.789841642320926, 56.57922160149397]], [[23.789841642320926, 56.57922160149397], [23.79132176232563, 56.579345046807845]], [[23.79132176232563, 56.579345046807845], [23.791777742722992, 56.579395272175894]], [[23.791777742722992, 56.579395272175894], [23.792411381549627, 56.579465062549026]], [[23.792411381549627, 56.579465062549026], [23.793007280725803, 56.57967736938335]], [[23.793007280725803, 56.57967736938335], [23.794730311296856, 56.58095345612413]], [[23.794730311296856, 56.58095345612413], [23.796203474416373, 56.582004328683844]]]}}, {"type": "Feature", "properties": {"fid": 488, "nosaukums": "Pūču strauts", "garums": 6258, "posmaID": null, "gadsAvotos": null, "regulets19": 1, "kolhozs": null, "udenskratu": null, "piezimes": null}, "geometry": {"type": "MultiLineString", "coordinates": [[[23.743819941576962, 56.55049810084544], [23.742627110810133, 56.54970612817465], [23.742370467488783, 56.54956552430705], [23.741306589478377, 56.548794871433465], [23.74129110307764, 56.548783706013765], [23.7405022734063, 56.54821495544091], [23.74005441728316, 56.5479657959078], [23.740044405924788, 56.54791197141399], [23.74003596332262, 56.54786657376682], [23.740027519138646, 56.54782117252174], [23.740005145272008, 56.54770086618721], [23.738168464882854, 56.546975168458545], [23.737133826627208, 56.54657039486144], [23.736698765889884, 56.54639580991804], [23.73661688949932, 56.54630012562446], [23.736531983474148, 56.546076356328975], [23.736479526491628, 56.545707219776865], [23.7362745778011, 56.54472337624597], [23.736256778463822, 56.54454661055912], [23.736177905632346, 56.54445310199503], [23.736069682536737, 56.54432479820374], [23.73572078595946, 56.543633765932334], [23.7351984050126, 56.542636101140864], [23.73496672519695, 56.542259421421065], [23.734554360279503, 56.54165724766063], [23.734507808334904, 56.54157031604024], [23.73448964156695, 56.541454408125766], [23.734544593892483, 56.540903147676445], [23.734490112551864, 56.54082706099281], [23.734364985061468, 56.540737787276036], [23.733257359423156, 56.54028273788745], [23.73201078769241, 56.53974060973999], [23.73148572652271, 56.5395267488934], [23.731332989215286, 56.53945261370647], [23.731278562585164, 56.53937000317963], [23.731156710714632, 56.53884769504669], [23.730959646915043, 56.53797811054296], [23.73063566219097, 56.53673781412518], [23.73054870558434, 56.53631615888652], [23.730529788426036, 56.536214093302746], [23.73044413804154, 56.5361010301], [23.73017523383489, 56.5357900245649], [23.729710090916853, 56.53527843193086], [23.7294899456326, 56.535036296857726], [23.729365298650574, 56.53488624090473], [23.729312917782604, 56.53477910792315], [23.72902915342663, 56.534198720147096], [23.72881649527978, 56.533771946906775], [23.728761989138157, 56.533702362108066], [23.728679865197513, 56.53364791827464], [23.728468189877074, 56.53358015535641], [23.726945500116333, 56.53309395448088], [23.725591429191457, 56.5327159985874], [23.72478295595785, 56.53250234547183], [23.72464189001674, 56.53245210779366], [23.724473599189984, 56.532360563110366], [23.72399249626035, 56.53206643981289], [23.723270761090426, 56.531592535155106], [23.721822993319513, 56.53065283418218], [23.72031618440629, 56.52969134928165], [23.71984362407029, 56.52938749005094], [23.719530762255857, 56.529195753101234], [23.719314272827855, 56.529056880530696], [23.718522246366753, 56.52853489790104], [23.71872643208981, 56.52707413408769], [23.718785193609644, 56.52665373293256], [23.7188133890636, 56.52650122135681], [23.71846765021118, 56.52567772951495], [23.718433817287615, 56.52563487001759], [23.718412099460796, 56.52560735695301], [23.718387212396717, 56.525575830639845], [23.71838358461047, 56.52557205264103], [23.718351068449845, 56.5255381902057], [23.71803547864364, 56.52520951824345], [23.71758689426421, 56.52474232916045], [23.71397331800456, 56.52464850196505], [23.713932482357116, 56.524647441272066], [23.713825525057597, 56.52464466237463], [23.711395924887245, 56.52458151439571], [23.710116867379227, 56.52453494695793], [23.70981584660484, 56.52452398536187], [23.709514159249615, 56.5243377967785], [23.70943416044334, 56.52418204253911], [23.709418861081154, 56.524059348752296], [23.709321031989365, 56.52269790836215], [23.709256306599155, 56.5219618050499], [23.709088999541457, 56.520313150811035], [23.70852249481364, 56.51987387896986], [23.70814761152065, 56.51801365662435], [23.703865063887044, 56.51824170485207], [23.703753176291986, 56.517743136578225], [23.703677020294176, 56.51740378394847], [23.703654152877174, 56.51730188412217], [23.703532419307326, 56.5173085322757], [23.703325228420898, 56.517319847565986], [23.703236278762994, 56.51732470497444], [23.70314732583222, 56.51732956231151], [23.703018090321713, 56.51733661968944], [23.70300638864262, 56.517273914998455], [23.702839059139304, 56.51650255966447], [23.702719840248182, 56.515848206741346], [23.702404069718533, 56.51423924780739], [23.699162634331113, 56.514531041630384], [23.699085481786312, 56.51453798560754], [23.69894099895999, 56.51455098980815], [23.69882633924614, 56.51456130976351], [23.6987987887064, 56.51386841959718], [23.69878833385078, 56.513605454230635], [23.69878287684019, 56.51346819591501], [23.698702714095166, 56.51123217442223], [23.69862516133154, 56.50963231777225]]]}}, {"type": "Feature", "properties": {"fid": 489, "nosaukums": "Zaķu grāvis", "garums": 4605, "posmaID": null, "gadsAvotos": null, "regulets19": 1, "kolhozs": null, "udenskratu": null, "piezimes": null}, "geometry": {"type": "MultiLineString", "coordinates": [[[23.738934930796933, 56.505757128470215], [23.739853311619456, 56.50507553235875], [23.739770214833936, 56.5044285763871], [23.739764526578004, 56.5043842874248], [23.739763096825335, 56.50437315205372], [23.739752155965654, 56.50433814718662], [23.73951498151214, 56.50357933680159], [23.738966165710533, 56.502825226971396], [23.7384158218163, 56.50204421973242], [23.738326033271125, 56.500960692926256], [23.73826048958877, 56.50039199381606], [23.73679597728895, 56.49822606412955], [23.735304628090987, 56.49594865245586], [23.734473229053094, 56.494663774220534], [23.73352982737189, 56.49351310653106], [23.732276631748345, 56.49198528481638], [23.73045869291387, 56.48981083106473], [23.73012832438645, 56.48939521754367], [23.729621656746694, 56.48838376546023], [23.72886106267819, 56.48695686160013], [23.727799670455784, 56.484880056890006], [23.72743152798806, 56.48415372792206], [23.72705741114817, 56.48347717729488], [23.726938481598225, 56.483262100899154], [23.724535133221465, 56.48062855657798], [23.72307774946299, 56.47901535791067], [23.722431985370708, 56.478300503820556], [23.72229541275557, 56.47814931459879], [23.72225835393614, 56.47811341137438], [23.722232181638777, 56.478088053986454], [23.72220600775937, 56.478062695690895], [23.720380228822453, 56.47629370037897], [23.719695957093695, 56.47561322482807], [23.719478738777706, 56.472484042164425], [23.719363793857262, 56.470922935145005], [23.719301160633577, 56.470842301456436], [23.714514939076242, 56.46913755563094], [23.713209574909992, 56.46868659120966]]]}}, {"type": "Feature", "properties": {"fid": 490, "nosaukums": "Eleja", "garums": 11819, "posmaID": null, "gadsAvotos": null, "regulets19": 1, "kolhozs": null, "udenskratu": null, "piezimes": null}, "geometry": {"type": "MultiLineString", "coordinates": [[[23.68116778218596, 56.36543681861609], [23.682259198140592, 56.36955309181106], [23.683761051193546, 56.37291662315208], [23.684110478991283, 56.374745473945694], [23.683742126198677, 56.3755770816558], [23.683728809087746, 56.37560714738865], [23.683715490329217, 56.375637214014134], [23.682800031656484, 56.377703824818376], [23.6828039618156, 56.37778272009717], [23.68443951947693, 56.38034940960657], [23.68456619332994, 56.380560942601576], [23.684765772655467, 56.38096987465145], [23.68661610283987, 56.38478525553948], [23.686833076474862, 56.38573497751304], [23.68701050385084, 56.38703322290796], [23.68747862806279, 56.38898715999493], [23.689515658350864, 56.39080789193828], [23.69042127336711, 56.39153257694753], [23.69073061003531, 56.391780104917196], [23.690629462996142, 56.39336603782884], [23.690626966846917, 56.393405182110854], [23.690624470685137, 56.393444327290965], [23.6905791507602, 56.39415485036201], [23.690618941161134, 56.394223951749126], [23.694181613354946, 56.39655729600992], [23.694903808251272, 56.39892115277246], [23.695680032073895, 56.40166424377259], [23.696015264531958, 56.402848797035944], [23.696973224807063, 56.40623336457011], [23.696019963898106, 56.40774352627216], [23.694819789145026, 56.4082005188989], [23.693825987452183, 56.40878183953911], [23.69342230926059, 56.409382302150085], [23.692250676927184, 56.41024620955754], [23.690654312484234, 56.41035722444059], [23.6870948890018, 56.41087967234581], [23.687047147508416, 56.410886679250495], [23.686999409246113, 56.41089368524654], [23.686587435793086, 56.41095414610546], [23.68431397924028, 56.4134055098873], [23.68355187766399, 56.41358674766095], [23.68339695063705, 56.413718999791556], [23.683416576959832, 56.413810472355735], [23.68342250947531, 56.41383812528132], [23.683428443605145, 56.41386578000749], [23.683632592768976, 56.414817237495626], [23.683811176596077, 56.41564950262228], [23.683819807824758, 56.4156897297614], [23.683828440684824, 56.41572995780217], [23.683884993050068, 56.415993505327044], [23.684841540380205, 56.41642067564937], [23.68503210500892, 56.41657012518805], [23.68558944879935, 56.417007212355095], [23.68687053005555, 56.41798984617374], [23.694015448270957, 56.42360025052817], [23.694076847575005, 56.42367229218398], [23.694106286563024, 56.42370683331045], [23.694129804900886, 56.423742806320355], [23.69433378762254, 56.42405481966554], [23.694334477711767, 56.424055897693435], [23.694335140198035, 56.42405698104393], [23.69449353998892, 56.42432180998854], [23.69474987449615, 56.42472594877182], [23.6947500169689, 56.424726175528505], [23.694750159441607, 56.42472640228516], [23.695054594001245, 56.42521537235976], [23.69517118432987, 56.42539737222765], [23.695617264695745, 56.42604621700096], [23.695617945667905, 56.42604722761612], [23.695618603906713, 56.42604824266767], [23.695908075655943, 56.42650454886984], [23.695975785689235, 56.42661127928191], [23.695975947395006, 56.426611535732576], [23.69597610747235, 56.426611793077754], [23.696337823588582, 56.42719412104665], [23.696762230828778, 56.42782614089908], [23.696763292790827, 56.42782777415679], [23.696764293049675, 56.42782941894335], [23.69688835440532, 56.4280407845873], [23.696888639115002, 56.428041274032275], [23.69688891733225, 56.428041764359875], [23.69694917122917, 56.428148909041454], [23.696949784927433, 56.42815002909383], [23.696950371020076, 56.42815115446941], [23.697003412452254, 56.428255765886455], [23.69700406821554, 56.42825710166607], [23.697004683395278, 56.42825844363564], [23.697045616027754, 56.42835089926745], [23.69704614291496, 56.42835213051354], [23.69704663571818, 56.4283533661686], [23.697139924671905, 56.42859575130562], [23.697140340605834, 56.428596867280575], [23.69714072733396, 56.42859798587956], [23.69723362747228, 56.42887659854406], [23.697338456055064, 56.42919318119284], [23.697338960480888, 56.4291947933198], [23.69733940811548, 56.429196410698886], [23.697340098672292, 56.42919908523181], [23.69736094115017, 56.42927982285124], [23.697361627048732, 56.42928288010665], [23.697362106931347, 56.429285949437705], [23.69736254402599, 56.42928950651548], [23.697931834881793, 56.43109675874979], [23.698017333961378, 56.431172344727614], [23.698986887088648, 56.431613320290936], [23.699387835941003, 56.43179567650365], [23.702183287996846, 56.43504129524848], [23.70219992132769, 56.43508922357239], [23.702213018041338, 56.43512696143811], [23.702226114780824, 56.43516469930225], [23.702354542909916, 56.4355347504127], [23.70258336422857, 56.436495812654826], [23.702935619006265, 56.437975202116235], [23.703885035202248, 56.43917823998443], [23.704930916452735, 56.4405721959911], [23.706848579648838, 56.44308139094761], [23.707386069650113, 56.44378461388957], [23.70746590491389, 56.4438985977292], [23.707457786437743, 56.444000182508034], [23.706837776766655, 56.44542929530298], [23.707218295152938, 56.446519382674985], [23.707340039373452, 56.44690982627672], [23.707590778711428, 56.447702923658525], [23.70699166521093, 56.44927026740286], [23.70668572132384, 56.44992793388434], [23.70631710566439, 56.450146526259125], [23.70368470509774, 56.45175373188549], [23.703097333990144, 56.45272772040352], [23.70154976242679, 56.45541040006562], [23.7015320607215, 56.455981511762566], [23.70153087497572, 56.45601974979421], [23.701529693388288, 56.45605787103931], [23.701529691026085, 56.45605796536906], [23.701510461893122, 56.456678314616866], [23.699782893943517, 56.45795028608261], [23.697131405555435, 56.45982975394459], [23.69649183748611, 56.460122260386854]]]}}, {"type": "Feature", "properties": {"fid": 527, "nosaukums": "Spreņģu strauts", "garums": 2533, "posmaID": null, "gadsAvotos": null, "regulets19": 1, "kolhozs": null, "udenskratu": null, "piezimes": null}, "geometry": {"type": "MultiLineString", "coordinates": [[[24.46110960861769, 56.26792635657656], [24.461197846351943, 56.26814578469063], [24.46129946820505, 56.26829486326901], [24.461956621033732, 56.26912452214979], [24.462144415921788, 56.269354610317215], [24.46241751875646, 56.269626419735765], [24.463710874246424, 56.27085506499087], [24.463759586982697, 56.27090282827937], [24.46378248791773, 56.27092919513465], [24.46379233103587, 56.27095693344273], [24.463792627067487, 56.27098140025996], [24.463779906871693, 56.27101054652899], [24.46293171675667, 56.27247068213357], [24.46243509442112, 56.27332554941477], [24.46237203760734, 56.27341903036843], [24.462335165802575, 56.27346612186977], [24.462305175812485, 56.27349268647578], [24.462263278823503, 56.27351731171752], [24.46220385466623, 56.27354249832825], [24.462143746113224, 56.27356008195331], [24.46115872448298, 56.273834232308836], [24.461105789606194, 56.27385542659523], [24.461057339658712, 56.27387908302449], [24.461023717037467, 56.27390004004257], [24.461000220297265, 56.27392294316229], [24.460982127351645, 56.27395045505269], [24.460957146068818, 56.2739981622368], [24.46001923158723, 56.27613979926474], [24.4593553470063, 56.27765556380787], [24.459351319335674, 56.27768521910562], [24.45934391088626, 56.27773975465522], [24.4593386632203, 56.27777838385255], [24.459333415543934, 56.27781701304948], [24.459326008648723, 56.27787154769247], [24.459324064427197, 56.2778858521756], [24.459286282195915, 56.27936122558602], [24.459206953576984, 56.282458654144584], [24.459141235498883, 56.28523352795343], [24.460165622527274, 56.28556335850578], [24.460202407398317, 56.28738844618956], [24.460292108373785, 56.28753095683557], [24.46044829649485, 56.28766528410136], [24.46053978430728, 56.28772154531199], [24.460582567137937, 56.28774785493765], [24.461681439765567, 56.28806024606664], [24.462988663434984, 56.28843184810491]]]}}, {"type": "Feature", "properties": {"fid": 547, "nosaukums": "Skursteņu strauts", "garums": 793, "posmaID": null, "gadsAvotos": null, "regulets19": 1, "kolhozs": null, "udenskratu": null, "piezimes": null}, "geometry": {"type": "MultiLineString", "coordinates": [[[23.815442762773365, 56.52237881999812], [23.81557189437328, 56.52300831249318], [23.81566052232139, 56.5230922054674], [23.81569885556956, 56.52312848930495], [23.815737190503278, 56.52316477582813], [23.816265628864155, 56.52366496372174], [23.815922111178452, 56.52573147540834], [23.815304801190106, 56.52870488427073], [23.815175720835736, 56.52923640369668], [23.815256136611538, 56.5293533732256]]]}}, {"type": "Feature", "properties": {"fid": 548, "nosaukums": "Rēda", "garums": 3790, "posmaID": null, "gadsAvotos": null, "regulets19": 1, "kolhozs": null, "udenskratu": null, "piezimes": null}, "geometry": {"type": "MultiLineString", "coordinates": [[[23.8278025195225, 56.562299989244245], [23.828139753540196, 56.562547232114326], [23.82854764536462, 56.562736039838626], [23.83021204786399, 56.56331882464187], [23.831222262172293, 56.56375283997204], [23.831575704333456, 56.56402596974764], [23.831692705694607, 56.56427600213045], [23.831693661545053, 56.56427804461974], [23.831619746054283, 56.565280133773825], [23.831599609774894, 56.56560415522937], [23.831850601554272, 56.56598420027648], [23.8323460461045, 56.56664775444107], [23.83245389645503, 56.56694363045827], [23.83254135527198, 56.56736542744073], [23.832773413281295, 56.568519239109996], [23.83277973175439, 56.569267041549175], [23.83270747875731, 56.56989674070313], [23.831743041287265, 56.57040860394756], [23.830549537739525, 56.57097653216597], [23.83051146831839, 56.57099501454119], [23.827897751733225, 56.57226388263595], [23.826821384093424, 56.57276694588187], [23.82698936729829, 56.574174183181974], [23.82721318375103, 56.57573525801933], [23.827310662911522, 56.57592146350405], [23.827516969515923, 56.57611751284258], [23.827670973916213, 56.576230143703825], [23.827886098807234, 56.57643821550353], [23.82796592732433, 56.576515426753424], [23.828055969179232, 56.57660251483587], [23.82809142303837, 56.57663680591271], [23.828126875338043, 56.576671096078606], [23.828349280204595, 56.57688620359688], [23.829012776144918, 56.57822471593374], [23.8291073862836, 56.57841556885266], [23.829209386299983, 56.579111887120575], [23.82918308033251, 56.57916035892469], [23.8263938456988, 56.58110544413754], [23.82637255940989, 56.581151932360726], [23.826326483530032, 56.58206728788288], [23.82628683272272, 56.582465023764286], [23.8261907535306, 56.5834287137835], [23.826044403259736, 56.58349979091425], [23.825910326196357, 56.58363140290334], [23.825803955446798, 56.58384833609486], [23.8254987442295, 56.58479141477477], [23.825491560655106, 56.58489154424612], [23.825487052819962, 56.584954383544634], [23.825484959832014, 56.584983559189595], [23.82548286684077, 56.58501273483435], [23.825479004356957, 56.58506659632085], [23.825476222383884, 56.585105376805004], [23.8265973719459, 56.587162575283664], [23.82866844978818, 56.588352880105056], [23.828717279126415, 56.58843047654587], [23.82878311170568, 56.58879847238417], [23.82879265779792, 56.5888518349074], [23.828853750374915, 56.58898166285646], [23.828904002366894, 56.58908845141166], [23.82903234118807, 56.58948982001737], [23.82909075630628, 56.589672503000855], [23.82916314735397, 56.58980143980553], [23.829173549893387, 56.58981996762329], [23.829334708177154, 56.59010700077958], [23.829627968892975, 56.59051443001646], [23.829713418973704, 56.59059054709017], [23.83085055662157, 56.5916034481091], [23.831722124338416, 56.591658771871664]]]}}, {"type": "Feature", "properties": {"fid": 549, "nosaukums": "Vircava", "garums": 779, "posmaID": null, "gadsAvotos": null, "regulets19": 1, "kolhozs": null, "udenskratu": null, "piezimes": null}, "geometry": {"type": "MultiLineString", "coordinates": [[[23.790850949341962, 56.565363550507406], [23.790842419622845, 56.565515563945894], [23.791090683662034, 56.56576469632489], [23.79170366952625, 56.56628504580891], [23.791829210746865, 56.56640404433425], [23.79210333673612, 56.566502807380985], [23.79271290724542, 56.56662927050666], [23.793103676229737, 56.56683626897926], [23.793336857377646, 56.567205204071534], [23.79348304786425, 56.56760968825003], [23.79350476925107, 56.5678044734836], [23.793436497555177, 56.56800844377758], [23.793342844272388, 56.56824715843227], [23.79323245878753, 56.56847425565263], [23.792798541851443, 56.56875646188309], [23.791820173061886, 56.569326578389116], [23.791695045751737, 56.56945326978688], [23.791662354443847, 56.569597742819894], [23.79175073009949, 56.57006143629537], [23.791945717474302, 56.57078391637802], [23.79228132679516, 56.57120665979209], [23.792408171341606, 56.57136076483003]]]}}, {"type": "Feature", "properties": {"fid": 550, "nosaukums": "Vecsaules strauts", "garums": 1294, "posmaID": null, "gadsAvotos": null, "regulets19": 1, "kolhozs": null, "udenskratu": null, "piezimes": null}, "geometry": {"type": "MultiLineString", "coordinates": [[[24.342105937591075, 56.42277239550592], [24.342121622701328, 56.42292752274489], [24.342082468139917, 56.422979841665494], [24.342046341061906, 56.423018170723395], [24.341207331591995, 56.423349848227964], [24.33956135628776, 56.42405694042345], [24.33947489619246, 56.42414412247469], [24.339489014877795, 56.42426001117148], [24.34035830216019, 56.425881146838826], [24.34046469403823, 56.426079547317734], [24.340453652669854, 56.42613394211171], [24.33976521147664, 56.427191080534826], [24.339573618489656, 56.42769685058577], [24.339350411244048, 56.42853846198507], [24.33894786586506, 56.4299689496645], [24.338893958728033, 56.43039439031564], [24.338763766099518, 56.431322086056454], [24.338781680448914, 56.43138918637199], [24.33885151054765, 56.43145935236774], [24.33973066266629, 56.43197453057754], [24.339782587427994, 56.43204325365424], [24.33978774711925, 56.43212779326898], [24.339790084968207, 56.432166109715446], [24.33979242444357, 56.43220442615714], [24.33979746083293, 56.43228695360723], [24.33984493177671, 56.433208247456854], [24.339843451482967, 56.43328571235438]]]}}, {"type": "Feature", "properties": {"fid": 551, "nosaukums": "Kūģeļu strauts", "garums": 4373, "posmaID": null, "gadsAvotos": null, "regulets19": 1, "kolhozs": null, "udenskratu": null, "piezimes": null}, "geometry": {"type": "MultiLineString", "coordinates": [[[24.46691491056522, 56.356000869253286], [24.46698697622981, 56.35586729059945], [24.467049216041286, 56.35580502237072], [24.46747963803375, 56.35542591633201], [24.46759513715292, 56.35534496846069], [24.467662484807224, 56.355311716884735], [24.467682960339243, 56.35530504947735], [24.46774654515786, 56.35528434278961], [24.467840180263245, 56.35526221181815], [24.46795284864383, 56.35524132785854], [24.471415977480042, 56.35474501146509], [24.47165647544406, 56.35465200238452], [24.474734348931964, 56.35306168486649], [24.47485242556178, 56.35299853843719], [24.474931639609444, 56.35296457795413], [24.47501562394876, 56.35293191986865], [24.475117575969755, 56.35291041096538], [24.475249265876087, 56.35289076816328], [24.47536803889602, 56.35288371269217], [24.47553081191321, 56.352878469415565], [24.47585175829509, 56.35288053691578], [24.476506207418307, 56.35289679791471], [24.482729959497924, 56.35305126360941], [24.482836869934697, 56.35304622737057], [24.48293544494186, 56.353039904581706], [24.483013662730954, 56.35302178076699], [24.483094133944082, 56.35299374984058], [24.48319805803518, 56.35294055066236], [24.484054888098658, 56.35245941285513], [24.485437422929078, 56.35171908515373], [24.486064846032043, 56.3513597491668], [24.486241902348684, 56.351289892549026], [24.4862849257858, 56.35127291726476], [24.486327950802668, 56.35125594195916], [24.486365873577515, 56.351240979432696], [24.487407550336897, 56.35102385412639], [24.487468967625656, 56.3509873428561], [24.487689890486045, 56.35043596759488], [24.487808822862416, 56.350289033352176], [24.487985491578367, 56.350137374934306], [24.488267106394616, 56.35000722343372], [24.49171799748803, 56.34871247972222], [24.49259933655049, 56.34837636370635], [24.49305211067532, 56.348224212213005], [24.493116383805393, 56.348212173275115], [24.493307474266267, 56.34817638029669], [24.49334361207842, 56.34816961125031], [24.49489675215343, 56.348022332450135], [24.495049482257752, 56.34800800581458], [24.49512457375022, 56.34799333596815], [24.495170134569058, 56.34796898638431], [24.49526810693258, 56.34790458352364], [24.495447465242975, 56.347766698476605], [24.495584734709222, 56.347648577689895], [24.495647233204352, 56.34756994553975], [24.495679480679375, 56.34751690917317], [24.495691851318742, 56.34747309678073], [24.495773848906076, 56.346540027083165], [24.495845483399282, 56.34644045657356], [24.49597958498774, 56.34633875470271], [24.49614657857531, 56.346257667289926], [24.496327064115057, 56.34620730315952], [24.496498358898577, 56.346173958211445], [24.49749594279325, 56.34609484265049], [24.498462412862803, 56.345975346235015], [24.499813187003845, 56.34574194649516], [24.500779973624017, 56.34546828060389], [24.50091715332524, 56.34543506736021], [24.50099932159049, 56.3454223248667], [24.50104048194054, 56.34542183144727], [24.501074636878684, 56.34542528630372], [24.501157098884146, 56.34543507672187], [24.50125025748683, 56.34545331604436], [24.501894487749723, 56.34560747183318], [24.50215274145593, 56.34565802780431], [24.502363776888554, 56.34569571016152], [24.502556734267287, 56.345700153364405], [24.5032577157086, 56.34569730914891], [24.50359635973408, 56.34568940190437], [24.50565588317325, 56.3449576535378], [24.505769912074374, 56.34492776020586], [24.505923630505094, 56.34490035252183], [24.506087006790843, 56.34489184739154], [24.506253999468626, 56.34488985906058], [24.50639394851622, 56.34488863417717], [24.50652225757255, 56.34489660120591], [24.50902505116355, 56.34524037153878], [24.509411233731843, 56.345289840689965], [24.51074704269815, 56.345460942388975], [24.512016547558208, 56.345623536482044], [24.51231851006559, 56.34566220898685], [24.51269191190346, 56.34572820835735], [24.513140214459128, 56.3458282490679], [24.513494462800978, 56.345931291465774], [24.513896927101463, 56.34608215012953], [24.514596357036783, 56.34637059921727], [24.516183953074478, 56.347025303104395], [24.51854400325844, 56.347928599741834], [24.519755587234442, 56.348598082737], [24.52107044056697, 56.349328972355764], [24.52558403199679, 56.3507367190448]]]}}, {"type": "Feature", "properties": {"fid": 570, "nosaukums": "Sidrabe", "garums": 3226, "posmaID": null, "gadsAvotos": null, "regulets19": 1, "kolhozs": null, "udenskratu": null, "piezimes": null}, "geometry": {"type": "MultiLineString", "coordinates": [[[24.08202969855143, 56.475463266374724], [24.081921459173977, 56.475789303600045], [24.08186869556086, 56.47629834929491], [24.08183762696048, 56.47682814952376], [24.08184497442425, 56.47693065498666], [24.081874358658037, 56.47700454096486], [24.08196561712576, 56.477054922844175], [24.082160542473435, 56.477146507967596], [24.084745406785558, 56.47826802777069], [24.087319958475838, 56.479354987891014], [24.089104150958683, 56.480122012150645], [24.08921822782639, 56.4801376976074], [24.089367833401948, 56.48011393452301], [24.08991829456429, 56.479971268058065], [24.090017346305444, 56.47994559569165], [24.09289364610987, 56.479199727425424], [24.093168268492825, 56.47913714856464], [24.09329208635352, 56.479077811682615], [24.093404591183617, 56.47900133405066], [24.093576108178038, 56.478862449496546], [24.09600222497185, 56.476788619267545], [24.096856781748183, 56.476056760605026], [24.098523621948345, 56.47462424053766], [24.09864177407648, 56.47456178432812], [24.098847253075377, 56.47449925852688], [24.099286423436713, 56.47439133429443], [24.099449783845255, 56.47438184917203], [24.099821753675553, 56.474429880643505], [24.100594610235195, 56.47455325142362], [24.100708606703087, 56.47454921494162], [24.100782429582463, 56.474545495765135], [24.100855043219408, 56.4745418368229], [24.10092765846567, 56.47453817783694], [24.102092386404166, 56.474479483963364], [24.102926081311672, 56.4744289062092], [24.103303470397567, 56.47439585242285], [24.10346395235035, 56.4743645380603], [24.10352866786626, 56.474336420901246], [24.103615803630877, 56.474266191064224], [24.10443466427772, 56.47348712701534], [24.10450647137317, 56.47342355688481], [24.10461338559631, 56.473376694815826], [24.104892119379066, 56.473325011338055], [24.106184709490623, 56.473191393201986], [24.107982027857965, 56.473079181551995], [24.108561704744506, 56.47302563757062], [24.108930593000363, 56.47298166091837], [24.109392426194415, 56.47293448379095], [24.109747268014985, 56.472904548700775], [24.110189550189368, 56.472915070222655], [24.11073338782104, 56.472976948915985], [24.110735043421574, 56.472976901619965], [24.110860825349157, 56.47297335111879], [24.11122174885863, 56.472902913428086], [24.111628985156937, 56.47281114216488], [24.112722258243938, 56.47256476210029], [24.113314353064936, 56.47241636925313], [24.11364462014792, 56.47230798678889], [24.11541638983154, 56.47164943247716], [24.11566965035231, 56.471549014220635], [24.117383107170216, 56.47086959672262], [24.11747536856419, 56.47083952898803], [24.117875959067888, 56.470773723271215], [24.118127948339655, 56.470312815669764], [24.118128269503412, 56.47031222150437], [24.118128580925465, 56.470311626449835], [24.118463645933424, 56.469664048458476], [24.118508812167875, 56.469576300063], [24.119758718604984, 56.46910004705807], [24.120312402705512, 56.46888906886133]]]}}, {"type": "Feature", "properties": {"fid": 571, "nosaukums": "Dolīte", "garums": 384, "posmaID": null, "gadsAvotos": null, "regulets19": 1, "kolhozs": null, "udenskratu": null, "piezimes": null}, "geometry": {"type": "MultiLineString", "coordinates": [[[24.174919894396428, 56.499273392011524], [24.174949641343815, 56.49927113461218], [24.17511506359165, 56.49925564631952], [24.175280302794846, 56.49920050166743], [24.175994397740343, 56.4989924504615], [24.17612119281295, 56.49897396090452], [24.176391490779363, 56.49897053175483], [24.176693226325273, 56.498982321517445], [24.177107011357172, 56.49899393288782], [24.177951075490625, 56.49900798192069], [24.179123639265217, 56.49904598911309], [24.180583864606366, 56.49908657714054], [24.18101937681328, 56.49908726801657]]]}}, {"type": "Feature", "properties": {"fid": 572, "nosaukums": "Dolīte", "garums": 975, "posmaID": null, "gadsAvotos": null, "regulets19": 1, "kolhozs": null, "udenskratu": null, "piezimes": null}, "geometry": {"type": "MultiLineString", "coordinates": [[[24.206662808042907, 56.50399634381508], [24.206763232124665, 56.504027238861575], [24.20695846440708, 56.504087300405764], [24.207005051672176, 56.50410163259966], [24.207052368017997, 56.50411618906529], [24.207136102546862, 56.504141949229286], [24.20739151675328, 56.50422052506742], [24.210220057563763, 56.50509200325325], [24.211161918025756, 56.50538347880087], [24.211651500432218, 56.50553498413937], [24.212416937016716, 56.50578620656016], [24.212643411887143, 56.50583463047059], [24.212847550913175, 56.505834280916226], [24.213288871057483, 56.50582131451386], [24.215100053375753, 56.50574496157965], [24.216668850393802, 56.50568119677174], [24.216856294010807, 56.505656468573584], [24.21705455963267, 56.50559511044584], [24.21726915175051, 56.50549100343198], [24.218789648251665, 56.50465959365499], [24.220258056125918, 56.50382681449593]]]}}, {"type": "Feature", "properties": {"fid": 574, "nosaukums": "Žūru strauts", "garums": 981, "posmaID": null, "gadsAvotos": null, "regulets19": 1, "kolhozs": null, "udenskratu": null, "piezimes": null}, "geometry": {"type": "MultiLineString", "coordinates": [[[24.403476413515392, 56.40228578222335], [24.403606606415913, 56.40225703075284], [24.40408194420637, 56.40213901796469], [24.404291374975337, 56.402091113353784], [24.405064703759855, 56.40209174412794], [24.405789155376393, 56.40213850427316], [24.40606730457789, 56.402077518705745], [24.40609408343299, 56.40207164685958], [24.40759412754695, 56.40172301827744], [24.408323096771426, 56.40140192467732], [24.40889820170433, 56.40114081555824], [24.410736975657972, 56.401800456868756], [24.410845508701843, 56.40183010012029], [24.412578980553512, 56.40201936504055], [24.412626485325383, 56.402034208365514], [24.412830353409706, 56.40212353805726], [24.41288916498534, 56.402144996635755], [24.41291183627737, 56.40215326952229], [24.41297963129416, 56.40216804517266], [24.413054026692787, 56.40216779747796], [24.413918777763538, 56.40207865719073], [24.414290427959326, 56.402047413880865], [24.414841854554563, 56.40202871173482], [24.4151490637215, 56.40201829075906], [24.41520993169199, 56.40201808704143], [24.415243911980564, 56.402032974633244], [24.41542122362306, 56.40216739296798], [24.415448439730216, 56.402182303155705], [24.415482338560878, 56.40218969073805], [24.416442729866233, 56.40226089125108], [24.417379919350452, 56.40229894330205], [24.418035167719207, 56.40247231356529]]]}}, {"type": "Feature", "properties": {"fid": 579, "nosaukums": "Eleja", "garums": 4600, "posmaID": null, "gadsAvotos": null, "regulets19": 0, "kolhozs": null, "udenskratu": 0, "piezimes": null}, "geometry": {"type": "MultiLineString", "coordinates": [[[23.718133284127216, 56.49605837881407], [23.718114545785994, 56.495996684584355], [23.717761752814607, 56.49483510901769], [23.71778686210671, 56.494760462231575], [23.718243185796346, 56.49448305652747], [23.718243789902946, 56.49440156280366], [23.718089223624577, 56.49372208629473], [23.71804061958766, 56.493654063393855], [23.716236967952643, 56.49186385488], [23.716200696627812, 56.491789068142815], [23.716668307470794, 56.48834696528178], [23.716644769364365, 56.48821108628818], [23.715586349394435, 56.48529521375026], [23.715501141201308, 56.48519994084435], [23.71399856664074, 56.484245712271125], [23.71356033898965, 56.483762522193274], [23.712650997015395, 56.48227992447358], [23.712492574356908, 56.48213014984547], [23.710785275972416, 56.480686435822044], [23.7096472301299, 56.48024913883107], [23.70938976515977, 56.48021458026518], [23.70449912809533, 56.479415251969385], [23.704401371831537, 56.47936068911289], [23.70276244538956, 56.477074907576366], [23.702776202933595, 56.47688478464591], [23.704176386982716, 56.473573982128656], [23.704746256273598, 56.47287583606401], [23.7047468888007, 56.47279434215147], [23.704552622938863, 56.47252902000057], [23.702941561522177, 56.47142498821163], [23.701217555700765, 56.470653436611535], [23.70115695511806, 56.470558212753716], [23.70112425488893, 56.47003520485001], [23.700292172407835, 56.46819275979616], [23.699457005351324, 56.466750987322065], [23.699387366442505, 56.466248263069495], [23.698769920994504, 56.46520769872892], [23.698039677622873, 56.464472465137234], [23.6977396254735, 56.46363640566228], [23.697533079949505, 56.46338462470732], [23.69670281161276, 56.46289362596603], [23.696296465537703, 56.46154795562197], [23.69649183748611, 56.460122260386854]]]}}, {"type": "Feature", "properties": {"fid": 580, "nosaukums": "Melnupīte", "garums": 12153, "posmaID": null, "gadsAvotos": null, "regulets19": 1, "kolhozs": null, "udenskratu": 0, "piezimes": null}, "geometry": {"type": "MultiLineString", "coordinates": [[[24.0414852075179, 56.403526159691175], [24.0414364001502, 56.40348417054819], [24.041226258998215, 56.40330338667206], [24.04025022961257, 56.40246368396985], [24.040139513943643, 56.40237648443318], [24.040101280972742, 56.40233837707006], [24.040089804660347, 56.40232143807887], [24.040082131133097, 56.402287556055846], [24.040255303325942, 56.40163220699558], [24.04026469879439, 56.4015966492477], [24.040271746194858, 56.40156998138515], [24.04034461283823, 56.401294220563464], [24.040702386820097, 56.400142018620166], [24.040995258010547, 56.399025839925265], [24.04115108774227, 56.3983332664878], [24.04104342170653, 56.39764713308417], [24.040732912089872, 56.396539623192425], [24.04046852773784, 56.39577537646818], [24.04045326605567, 56.395731259221925], [24.04044105608738, 56.395695965423535], [24.04041498525813, 56.3956205995757], [24.04040333589352, 56.39543847228394], [24.04064737747122, 56.39460312936369], [24.04094831839806, 56.393586370856255], [24.041707937860952, 56.3910196816636], [24.041790526036156, 56.39072412277086], [24.04180146355973, 56.39065390530332], [24.0418014029958, 56.39059861818047], [24.04179750379491, 56.39053907914793], [24.04177827965066, 56.390488051683334], [24.041743715033874, 56.390432776176446], [24.041643951096507, 56.39034987854557], [24.041494354789915, 56.3902733773193], [24.041302606672584, 56.39021177526774], [24.0411177771651, 56.39017728007837], [24.04102451442886, 56.39015987408661], [24.040958454387173, 56.390147544200666], [24.040892392768388, 56.390135214280086], [24.040830217738176, 56.390123609880796], [24.040631587740954, 56.39008653729797], [24.04051653658267, 56.39004617309915], [24.040439817800564, 56.390003669699496], [24.040363076068072, 56.38993777543907], [24.040313159126804, 56.38986124030499], [24.04028626276422, 56.38980383529254], [24.040297692620406, 56.38973578571744], [24.04034743175256, 56.389644333761034], [24.04039968639819, 56.38955624830792], [24.040695660549954, 56.3890573255136], [24.041430343025073, 56.38781099585756], [24.041653109161178, 56.38743540027529], [24.041659924983247, 56.3874239087624], [24.041698160814704, 56.38733458579632], [24.041705756794787, 56.387270790557544], [24.041698012122417, 56.38719849496449], [24.041678771217644, 56.38713045554072], [24.04164420282776, 56.387068801068466], [24.04153673668993, 56.38694550403759], [24.04125280507528, 56.386698932659236], [24.04008266562571, 56.385757308547255], [24.03906987980527, 56.384951715621774], [24.038996962283697, 56.38486455502311], [24.038962360655265, 56.3847624970239], [24.038966146293134, 56.3847157141542], [24.03911532622595, 56.3844137146626], [24.03970342172157, 56.38318729143582], [24.040295224968933, 56.38195305743098], [24.040465385862607, 56.38157662359163], [24.04048447746558, 56.381508571407714], [24.040480572235307, 56.38144052762723], [24.04046944142491, 56.38139850139668], [24.04045748306733, 56.38135335156332], [24.040392226978632, 56.38125980942135], [24.039797594743977, 56.38072414131842], [24.03939055192992, 56.3803767488303], [24.03860460283743, 56.37970595822394], [24.03820949210138, 56.37935096628068], [24.038148075666598, 56.37925529603907], [24.03814035049165, 56.379195757960034], [24.038140186910024, 56.37903202287868], [24.038246809739512, 56.37834515308136], [24.03835729466721, 56.3777300510478], [24.0383680814732, 56.37767000321637], [24.038584082461327, 56.376467409227544], [24.038888579804226, 56.3744216865912], [24.038006171181415, 56.373380008059435], [24.036251783337498, 56.371318566717854], [24.0345244650424, 56.37083355875774], [24.034371707630825, 56.37079006278076], [24.03412753907154, 56.37072053704021], [24.03287925753809, 56.370365085674145], [24.032658308679515, 56.37030216789022], [24.031963722932623, 56.3701170266985], [24.031595918027445, 56.36999419096465], [24.031396480426853, 56.369895897441], [24.031250184219843, 56.36977054535983], [24.03110829618946, 56.36961814714369], [24.031001789317656, 56.36938952341854], [24.030823817516268, 56.36890795785686], [24.03042205140076, 56.36768325699592], [24.028962546733805, 56.36295866634505], [24.02853248619684, 56.36161911072325], [24.028574434261834, 56.36149853738596], [24.02859288628519, 56.36144549632602], [24.028611338257985, 56.36139245616136], [24.028670096756127, 56.3612235616129], [24.028148378405387, 56.360220002260725], [24.026828721712857, 56.35748144294907], [24.02619200043158, 56.3561929577074], [24.026175779660985, 56.35487882099862], [24.026089539916814, 56.351982627996826], [24.02604279928799, 56.349685052712836], [24.02604349011897, 56.34949499586216], [24.02602241380783, 56.34905307395251], [24.02602214170048, 56.34865341940795], [24.026021885785926, 56.34825377381841], [24.02599400369041, 56.34796173160412], [24.025966105836098, 56.347669680388556], [24.025889587887928, 56.34711249061627], [24.025840955049777, 56.346828134340115], [24.025757541960413, 56.346309381274814], [24.0256810788316, 56.34582519879132], [24.025673996911046, 56.34559078725731], [24.02567393496715, 56.345498562000046], [24.025736165416046, 56.345414005518826], [24.0258676232529, 56.34532944356135], [24.026185912800827, 56.345179507286375], [24.026573370714374, 56.34497191121212], [24.027133787821803, 56.34467589623445], [24.027386338328753, 56.34455287064949], [24.027638871032043, 56.34442984455126], [24.02811626721437, 56.3441837970829], [24.028275368464776, 56.34408384491602], [24.02837913286357, 56.34399544124884], [24.028455197410413, 56.343903189530266], [24.028517356048276, 56.34373409703117], [24.028617467028877, 56.34339206319077], [24.02877624430299, 56.34284634729977], [24.028914294957396, 56.34236597087116], [24.028993676997427, 56.342089267380345], [24.02907654898809, 56.34185098947817], [24.029142267395585, 56.341818315586174], [24.029291041160544, 56.34176832700207], [24.029374080378098, 56.341751012293095], [24.029465026403958, 56.34174995929133], [24.029657614545776, 56.341747729238584], [24.029713194821, 56.34174708611693], [24.029962296865616, 56.34169706364908], [24.030071718764958, 56.341634751584124], [24.030169038998444, 56.34149736924135], [24.030252596942844, 56.34121280339552], [24.03060800879356, 56.33997149684844], [24.030957926399307, 56.33869552569968], [24.03096757256969, 56.33866034647448], [24.030971143311113, 56.33864732621637], [24.03097719249265, 56.33862473689983], [24.031265009690145, 56.33754977037048], [24.031318584764403, 56.33723140358831], [24.031384554466527, 56.337116852210556], [24.031470653437406, 56.33702385118286], [24.031691601982267, 56.33688368055282], [24.03180389306332, 56.336747680187976], [24.031930184562242, 56.3362808443008], [24.031961125571677, 56.33619827998222], [24.033311483726827, 56.33259460952182], [24.03370516241445, 56.331524768428466], [24.034068946075035, 56.33056593174966], [24.034084375457567, 56.33046733651786], [24.034063462276606, 56.33028289126818], [24.034011352433108, 56.33004273294106], [24.033896057547878, 56.32952103139595], [24.0338759027409, 56.32942983202888], [24.03382031921617, 56.32917237944582], [24.033712621107338, 56.32864594616154], [24.033622282207812, 56.32819828381922], [24.033534613372034, 56.32785913592898], [24.03341200203107, 56.327578901340004], [24.03219927310606, 56.32573389550761], [24.032046143472307, 56.32556060144554], [24.031880047996676, 56.325487627512025], [24.03160675818568, 56.325449270949264], [24.03156449936076, 56.325443404081625], [24.031290042910864, 56.32540529868243], [24.031195131910245, 56.32538034848453], [24.031082702424765, 56.32530961595843], [24.02939189946039, 56.32395880739142], [24.028107881343647, 56.32287542528718], [24.028017861580793, 56.32273326639583], [24.028003990052262, 56.32269099758737], [24.028204173373954, 56.32213758949401], [24.02921445508872, 56.319800935410726], [24.029447428795233, 56.31926205509233], [24.02960448244962, 56.31895261290563], [24.029723419057817, 56.31883624801334], [24.029792528747468, 56.318767059914634], [24.029965393284765, 56.3186901649975], [24.030159014743838, 56.318632473602946], [24.0302523933123, 56.31862860548112], [24.030345755694658, 56.31862473729289], [24.03102359927436, 56.31864763257704], [24.031367006122363, 56.31866891030664], [24.033679737873832, 56.31881218156165], [24.034246925293505, 56.318838925613996], [24.034315661250034, 56.3188362373072], [24.03441291000356, 56.31881581646673], [24.034522834528868, 56.31877651922259], [24.035339249198138, 56.318294860231205], [24.03726004203318, 56.31706636787907], [24.037364826233258, 56.316992800139424], [24.037424579874955, 56.31682489898067], [24.037436967202588, 56.31672638488817], [24.037656685113962, 56.31501363773904], [24.03771826417242, 56.314574945254854], [24.037724086489664, 56.31453345672419], [24.037729910410874, 56.314491968192485], [24.03793825811277, 56.31300759467537], [24.03801033988574, 56.31247341783612], [24.038082419658863, 56.31193924989329], [24.038198997282436, 56.31095161195714], [24.038267680553698, 56.31046931228743], [24.0383843503049, 56.30959887661358], [24.038432369867927, 56.309210740632125], [24.038576562133922, 56.30818466664742], [24.0386691315089, 56.3074218362009], [24.038699981968577, 56.307162435193256], [24.038699882910045, 56.307064450311884], [24.038685988419903, 56.306989514970326], [24.038650371201243, 56.306913841591076], [24.038398036176687, 56.306668337839575], [24.0380319059507, 56.306326832367155], [24.037305186682048, 56.305618050710414], [24.036796509927505, 56.305126328521155], [24.036434352257707, 56.30479004696729]]]}}, {"type": "Feature", "properties": {"fid": 581, "nosaukums": "Svirkale", "garums": 13826, "posmaID": null, "gadsAvotos": null, "regulets19": 0, "kolhozs": null, "udenskratu": 0, "piezimes": null}, "geometry": {"type": "MultiLineString", "coordinates": [[[24.06190681670422, 56.3860504925657], [24.06190681670422, 56.3860504925657], [24.062189684253486, 56.384887911866535], [24.062778281582567, 56.382899493973596], [24.062967252625032, 56.382251752339506], [24.06354194702849, 56.38174539200058], [24.06369863436664, 56.38128442865201], [24.064055365668693, 56.38032331950306], [24.06397362351079, 56.38014262271305], [24.063571092949108, 56.37968495909186], [24.063418744269438, 56.3794862250909], [24.063402375754976, 56.37943803669167], [24.06340230571422, 56.37939586399276], [24.063418514078535, 56.37934765893518], [24.06369489484897, 56.379043274326584], [24.064963021349755, 56.37769611468542], [24.06604695123664, 56.37662014774642], [24.066144487195608, 56.37651466476979], [24.066198565707086, 56.37639414347937], [24.066246937831355, 56.37611397338218], [24.066531464096617, 56.374279324659994], [24.066601367302226, 56.373896723309024], [24.067031393990092, 56.373432920793064], [24.067072258798248, 56.373388846382106], [24.067113121894575, 56.37334477285667], [24.06775541010051, 56.37265201371742], [24.06783127606407, 56.37257967745221], [24.06853412262038, 56.371006864091235], [24.069355939231794, 56.36922311850382], [24.06937203180783, 56.36911767838263], [24.069366461539015, 56.369039361726024], [24.06931743231683, 56.368939982068895], [24.069214114299093, 56.368834609560984], [24.068985902020223, 56.368696170224105], [24.067573881701385, 56.367916932262574], [24.067557910765185, 56.36790239341095], [24.067388493125264, 56.36774816939824], [24.06714908719183, 56.367410920342955], [24.067115734271106, 56.36717260177905], [24.067128532101343, 56.36708315864407], [24.067201884532096, 56.36657045677469], [24.06757317927812, 56.36476587866456], [24.067762048976608, 56.36415728728954], [24.067788884537958, 56.36398858305192], [24.06777242792793, 56.36388918579028], [24.067451703143938, 56.363588129434966], [24.067098566399633, 56.363368422101566], [24.066663758623026, 56.36322543878547], [24.066229763860584, 56.363082719446595], [24.063862323243455, 56.362291721989415], [24.062949645305736, 56.3616957501399], [24.058546750508064, 56.35871270209378], [24.058294030400457, 56.35845074919497], [24.058163557814986, 56.3582911572966], [24.058125399943016, 56.35817670736422], [24.05811984975828, 56.35809537758398], [24.058123068755744, 56.358087946855825], [24.05815770031454, 56.35800800249597], [24.05820096794628, 56.357914600796605], [24.05828218483916, 56.35780009390652], [24.05847188273518, 56.3576584262441], [24.05930677799511, 56.35719111993758], [24.059682965727866, 56.356987537430236], [24.060261717642565, 56.35666181194651], [24.060456591837923, 56.35648494581017], [24.06055907893115, 56.356342339016], [24.060620497796627, 56.35621115615391], [24.060640805283096, 56.35606288702923], [24.06044567236812, 56.35541653580239], [24.059570480686897, 56.35231706110672], [24.059499771142477, 56.35191801741014], [24.056744517668697, 56.35092368146941], [24.055230115154547, 56.350379135257434], [24.053183150996492, 56.3501239839194], [24.052675787903656, 56.3500587938843], [24.052357817900788, 56.34997888358138], [24.051771950498463, 56.34967697684963], [24.051009246351313, 56.34929153916801], [24.0509041800075, 56.34920001030293], [24.050805268104526, 56.349022555280406], [24.049315400316196, 56.346506616157534], [24.04901640995982, 56.3459869849435], [24.04893091821724, 56.34584037739205], [24.048984427796594, 56.34496688625756], [24.04902785452309, 56.344276342873044], [24.04903257830704, 56.34408195271296], [24.049042359266664, 56.34367951319323], [24.04911380654893, 56.342552354978636], [24.04917765732988, 56.34160965200658], [24.0492387331834, 56.340413896703446], [24.04911601279363, 56.34016975259407], [24.049018926534675, 56.33997590573856], [24.048775449043013, 56.33952471742999], [24.048624498099898, 56.338751687316766], [24.04859100191047, 56.3385509159582], [24.048590859894666, 56.33843916741799], [24.048652026252984, 56.338279085431644], [24.048794392162442, 56.337662273832926], [24.048835075516266, 56.33748705201217], [24.048926640653846, 56.33711859046233], [24.048999434531886, 56.33692036377778], [24.04956967223124, 56.33619113037367], [24.04971873025951, 56.33601149838034], [24.050051669882325, 56.33568026026328], [24.05027639028504, 56.3354907590243], [24.050701278729168, 56.33512898855345], [24.05112615914713, 56.334767225590554], [24.051426647706645, 56.33453260695194], [24.05171108379866, 56.33429834556646], [24.051780857494812, 56.33422183264945], [24.051852056936113, 56.334143758495436], [24.05201613253043, 56.33396383707548], [24.05201889518193, 56.33396159878598], [24.052179731339717, 56.33379359009734], [24.052513256541868, 56.33343546349318], [24.05265627855441, 56.33325596250974], [24.05285559012603, 56.332893750070255], [24.053278826589825, 56.33191956984744], [24.05341567636611, 56.33164543637133], [24.053611610667943, 56.33113941878314], [24.05424681670389, 56.32964575394882], [24.05441656496635, 56.32928356698983], [24.054430490164474, 56.32925385374278], [24.054444415342257, 56.32922414139245], [24.054579783651544, 56.328935304979055], [24.05498733700287, 56.32795547664609], [24.055102771874, 56.327656143805015], [24.055464449472233, 56.32693484058792], [24.055729932276027, 56.326580009282914], [24.056185672321952, 56.32597839212071], [24.056604084864563, 56.32548003082254], [24.05676936766513, 56.32524601757556], [24.056893551255587, 56.325114320158455], [24.057017717808012, 56.32498261363729], [24.057068598426493, 56.324826880349754], [24.057180306430173, 56.32433395872251], [24.05725485471717, 56.32405738225348], [24.057363108031158, 56.3235281108177], [24.05733574166617, 56.32345804459497], [24.05726392440291, 56.3232894931526], [24.05721190897122, 56.32319482891807], [24.056977964687363, 56.32294410369183], [24.056664045349553, 56.32263969195089], [24.056516493651227, 56.32246059634502], [24.056373004133924, 56.32220305885576], [24.056261162664217, 56.32190769655857], [24.0562358040416, 56.321642701984786], [24.0562471265508, 56.32152264987548], [24.05625601640199, 56.32142839868831], [24.056470358238382, 56.32121881015816], [24.056814009344894, 56.320899308828935], [24.057335044537286, 56.32038515403644], [24.057447466723648, 56.32027003955578], [24.057480243552845, 56.320236477213285], [24.057513020325857, 56.3202029157604], [24.057629212419965, 56.32008393783255], [24.058440201951186, 56.319291103604435], [24.059065250168914, 56.31871799452817], [24.059590054176795, 56.31818436877121], [24.059680119276162, 56.31803847135758], [24.05973787087137, 56.31792668556536], [24.059720665428305, 56.31782061408926], [24.059633612219052, 56.317709850410004], [24.059452865914093, 56.31758397484155], [24.059311339607547, 56.31749880689439], [24.058996179857402, 56.31729984597125], [24.058678738459083, 56.317099442413635], [24.05779371446604, 56.316588833612485], [24.057449464379737, 56.31636507883277], [24.05695661415048, 56.31608140838402], [24.056764265831642, 56.31600241074193], [24.05608989629118, 56.31579043608589], [24.05505010547966, 56.315487158609514], [24.054521851222386, 56.31533775561339], [24.05428668646498, 56.31527093884313], [24.054098895262076, 56.3151599979097], [24.05404429485166, 56.315104548833915], [24.053962348618175, 56.3149687508185], [24.05391452392254, 56.31487216146975], [24.053910926197307, 56.31473956999959], [24.054003919824744, 56.31425368444124], [24.05402152713967, 56.3141048352722], [24.054032763671067, 56.31400984188842], [24.054022178408655, 56.313892841534646], [24.05390609616505, 56.31370915035625], [24.053622750107472, 56.31327930270956], [24.05337354842195, 56.31291762296195], [24.053305178187944, 56.31273675871126], [24.05322988176139, 56.31248013120046], [24.05322295494956, 56.31240436798219], [24.053399681330518, 56.31212585363221], [24.054055801832845, 56.31119174814672], [24.054412690441808, 56.310647967305904], [24.054708433758204, 56.310225431173144], [24.054847821434873, 56.31003974094468], [24.054943027600007, 56.30989421286932], [24.05495277473805, 56.30972909962405], [24.054915268656227, 56.30956427866079], [24.05480359526302, 56.30947340504227], [24.054606766276574, 56.30938825607144], [24.054373087263237, 56.309313114621425], [24.05421150225322, 56.30929182839748], [24.053651094945796, 56.30922577578848], [24.053090705734146, 56.309159720636366], [24.05220837133897, 56.30905117660825], [24.05071623662859, 56.30886615884971], [24.049723180726566, 56.30874344689757], [24.049140639838566, 56.30867264793583], [24.048941351313346, 56.30864810032979], [24.04881188139433, 56.3086064813273], [24.048413152994197, 56.30844941812737], [24.04824614830454, 56.30837750849575], [24.04815406498542, 56.308284734495054], [24.04811987423815, 56.30817678110786], [24.048157113119533, 56.3079968161886], [24.048272567595472, 56.307718332760714], [24.04836602562867, 56.307544033030936], [24.04856813377572, 56.30712059551962], [24.0487821660723, 56.30667254441607], [24.049177146273333, 56.30574183956006], [24.049638059103764, 56.30475551440618], [24.0509256109601, 56.30191530245714], [24.05090603564108, 56.30183951992207], [24.05084103272164, 56.301774584161166], [24.04906088424687, 56.30076965290489], [24.052135131049965, 56.2973718621587], [24.04995409071293, 56.29573096004507], [24.049855875316084, 56.295640088923655], [24.049790310892238, 56.29551284068262], [24.04933540215756, 56.2926306769596], [24.049285759762046, 56.29231613258477], [24.049296557236698, 56.29223733945488], [24.050847822358982, 56.29012185607191], [24.050847709726227, 56.29003700629848], [24.049289104887162, 56.288041790250325], [24.049321682400198, 56.28797216069388], [24.051585850541155, 56.28720538478572], [24.052288159838387, 56.28696752860844], [24.052364315462956, 56.28687658560566], [24.05234240487012, 56.28679174500301], [24.050805721742673, 56.28406783488256], [24.05082741028604, 56.28398903614519], [24.05233486777945, 56.28265905430502], [24.05345065411274, 56.28241227754773], [24.053643599477976, 56.28179943188448], [24.053656759439928, 56.28175762923405], [24.053951720707655, 56.28175447238979], [24.054025622323994, 56.281717736553034], [24.054162091464065, 56.28164990031161], [24.054374213352553, 56.28146326416777], [24.05450782232912, 56.28109011994174], [24.05473105716239, 56.28085995269646], [24.054898255780785, 56.28053031964148], [24.05525496448561, 56.27984617095301], [24.055455795786184, 56.2795911395547], [24.055604744181792, 56.279365277865544], [24.05561162678471, 56.27933802557158], [24.055628203758083, 56.27927238248649], [24.05564041082485, 56.279224041801406]]]}}, {"type": "Feature", "properties": {"fid": 582, "nosaukums": "Stabulīte", "garums": 5386, "posmaID": null, "gadsAvotos": null, "regulets19": 1, "kolhozs": null, "udenskratu": 0, "piezimes": null}, "geometry": {"type": "MultiLineString", "coordinates": [[[24.262789923272518, 56.36930645938784], [24.262789923272518, 56.36930645938784], [24.26278633972524, 56.36923008935262], [24.26277570700806, 56.369004929449744], [24.26270263334757, 56.3685059877832], [24.26273309178276, 56.368125254225234], [24.26272896956175, 56.36793289436325], [24.262716115145974, 56.367852962754796], [24.26253881968999, 56.367329635098585], [24.262518401232178, 56.36725275352552], [24.26249079303342, 56.36720071837547], [24.26232291633702, 56.367004458998075], [24.2623042314117, 56.36692887826001], [24.262333827425223, 56.366829668708036], [24.262381613445573, 56.36673378083688], [24.262489847209054, 56.36662264147157], [24.262847343449604, 56.36640515593518], [24.26302160313034, 56.36623920934994], [24.263097883336652, 56.36610461055387], [24.26310680963986, 56.36608190498834], [24.263111176478628, 56.366056688960875], [24.26311104914606, 56.36603820463266], [24.263097281418602, 56.366017228214616], [24.262978514871822, 56.36591749228459], [24.26297388023759, 56.3659040586885], [24.262978214047955, 56.365873800664076], [24.26306539057478, 56.365782871026795], [24.263327981891326, 56.36566468113885], [24.263545754372014, 56.365584026851], [24.263590074456292, 56.36553192167402], [24.263612371669, 56.36540308671811], [24.263638577384164, 56.365360715151525], [24.263785362195293, 56.36508685348395], [24.26380067195464, 56.365058287204164], [24.263815981722146, 56.36502972541457], [24.26389930599028, 56.36487426089661], [24.26435995157267, 56.36486789966484], [24.26440558268192, 56.364867269582895], [24.264455190506286, 56.36486658428276], [24.266217945533118, 56.364842226637926], [24.266475803492085, 56.364856470080326], [24.267632923488403, 56.365090681971466], [24.26913724161317, 56.365043042420936], [24.269563332182948, 56.364963215320735], [24.270663644666417, 56.36470438398929], [24.270965391732474, 56.3646396208359], [24.27159373080643, 56.36473066634394], [24.271602364001783, 56.364731916934744], [24.27220748984568, 56.364834153597656], [24.27246383551892, 56.36486027703176], [24.272509238539065, 56.364864903965405], [24.272554113902622, 56.36487361727181], [24.273021721803367, 56.3649644167069], [24.274997550407058, 56.3652824929575], [24.277600815300207, 56.36545312101029], [24.27804605518251, 56.36527279996616], [24.27873862814941, 56.36471046953607], [24.27891629043966, 56.36476541151685], [24.27899418718165, 56.36478950056264], [24.279072084028332, 56.36481359045769], [24.27918540491821, 56.36484863344794], [24.280046574095305, 56.3647605699064], [24.280062501265967, 56.364758940986455], [24.280114258499378, 56.36475364811915], [24.280166014099763, 56.36474835523389], [24.280181936404215, 56.36474672630953], [24.28055240628941, 56.364708839364255], [24.280891375460353, 56.36467417263096], [24.28100256184585, 56.364665330645224], [24.285824867368436, 56.364281712051074], [24.28670608600273, 56.36389556226439], [24.2871044559078, 56.363521242809384], [24.28748859185055, 56.36351788283483], [24.287489930362344, 56.363517870746584], [24.28755788223734, 56.36351727651437], [24.287625534676422, 56.36351668383803], [24.287626863483375, 56.36351667266929], [24.288735595096693, 56.36350696456101], [24.28923879440402, 56.363733727317815], [24.28992460076905, 56.364092315041574], [24.290091189236573, 56.364177396300484], [24.2906533522498, 56.36437500991896], [24.29125629472916, 56.36461074776949], [24.29231396958259, 56.36503896892377], [24.29247132922208, 56.365159721757315], [24.29280864388441, 56.36544959787834], [24.293174173101136, 56.365605559544676], [24.293698945926796, 56.36576012866874], [24.297204949468302, 56.366075822611776], [24.29896613896229, 56.365369864543524], [24.299002512044787, 56.3653552857994], [24.29904498140202, 56.365338260248095], [24.299613643548884, 56.36511030561436], [24.29987309893774, 56.36510967835218], [24.29994444659991, 56.36514478773237], [24.300040679719288, 56.36513861975194], [24.30031171004953, 56.3651212488744], [24.30083652546291, 56.365177682835004], [24.301133674202664, 56.36516123956609], [24.301511390271866, 56.36507634385223], [24.30179218639133, 56.36503967791713], [24.302224342557263, 56.365002633493894], [24.302910182586892, 56.36491098940202], [24.304324973378698, 56.36472757502326], [24.30449727238605, 56.36464317423421], [24.30497056434124, 56.36434210066463], [24.30506752482315, 56.36429987773827], [24.30887526714045, 56.36390819436817], [24.3088768973772, 56.36390802678949], [24.308908436287478, 56.36390478208725], [24.308938213881426, 56.3639021095839], [24.309201207641284, 56.36387851124824], [24.31132143406869, 56.36377368898935], [24.311322846568103, 56.36377361895744], [24.311524716655043, 56.36379983437582], [24.31258046950482, 56.36283487086352], [24.313237215602523, 56.362299182045994], [24.313659521988637, 56.36195470826246], [24.31396701495765, 56.36170388142672], [24.31398936618307, 56.361685650141816], [24.314007091834938, 56.36167119146659], [24.314022882606807, 56.361656056667016], [24.31404219990967, 56.361637541960235], [24.31406820413948, 56.36161261965889], [24.314083505065508, 56.361597954183075], [24.314099729384072, 56.361582405888036], [24.31410002645945, 56.361582119429286], [24.31414352675352, 56.361540429095335], [24.31441775428153, 56.361275279706184], [24.314574070484156, 56.361124137269044], [24.314929969909148, 56.36078000902614], [24.316222552306527, 56.35963471892821], [24.31626064340436, 56.359600967729676], [24.317859708529024, 56.35821128375036], [24.31816638306365, 56.35814544228027], [24.318360242513982, 56.358103820859284], [24.32039976366689, 56.357696690946746], [24.323669123941457, 56.35703252899949], [24.324675446403532, 56.35682478187356], [24.32635880244945, 56.35609197198576], [24.32825587140327, 56.356007432559075], [24.32833500179737, 56.35600817805149], [24.328335718769214, 56.356008185136986], [24.32836675074243, 56.356008477595125], [24.328378602152416, 56.35600891609047], [24.32839952383917, 56.35600969083463], [24.328408563353225, 56.35601002536848], [24.328426822637372, 56.355992692651256], [24.328819588729502, 56.3556251717876], [24.33002145424394, 56.3545809523092]]]}}, {"type": "Feature", "properties": {"fid": 583, "nosaukums": "Jodavas strauts", "garums": 4837, "posmaID": null, "gadsAvotos": null, "regulets19": 1, "kolhozs": null, "udenskratu": 0, "piezimes": null}, "geometry": {"type": "MultiLineString", "coordinates": [[[24.47356725434233, 56.294047123633355], [24.47356725434233, 56.294047123633355], [24.47306406203559, 56.29404319944132], [24.472612426936585, 56.29403967485325], [24.470928584660495, 56.29385141794666], [24.466893066632643, 56.293400139227685], [24.463226607885524, 56.292899404698574], [24.46254569895096, 56.29280236215439], [24.460925127808444, 56.292571383162255], [24.460838771560233, 56.292559800786165], [24.460782152945214, 56.29254876988193], [24.46074333438266, 56.29253469612659], [24.46070924185607, 56.29251795880586], [24.460661302633824, 56.292487055704534], [24.459175040384306, 56.291181307138466], [24.4591527405979, 56.2911616344127], [24.45747883350563, 56.28968490062449], [24.45739967691486, 56.28961093323467], [24.45727104451585, 56.28950642104729], [24.457062232029237, 56.28937062369014], [24.45684885615196, 56.28923825607616], [24.456596840835893, 56.289082984981846], [24.456393643259485, 56.28896722308597], [24.456250726430568, 56.28888708926568], [24.456117860434883, 56.28882285789733], [24.452011453017235, 56.28729795093518], [24.451881242541766, 56.287270562092196], [24.450460696240178, 56.28714689058924], [24.450241630748472, 56.28713795508082], [24.445606295666266, 56.287082168200676], [24.445427470326635, 56.28707897059958], [24.44536672915275, 56.287068519812124], [24.445312825729715, 56.287052068731064], [24.445274098477963, 56.2870256997356], [24.445145953271794, 56.28687679367001], [24.444152188755858, 56.285721980777986], [24.44406996446888, 56.285636285558624], [24.443710789542877, 56.28526194000197], [24.441735002119415, 56.2839443932091], [24.44158245185342, 56.283809368182084], [24.438826553672147, 56.28090343513478], [24.438747192116985, 56.28082501993949], [24.438705162185787, 56.28078813508719], [24.438632223100722, 56.280751360610836], [24.43852914848663, 56.28070918254151], [24.434638406898298, 56.27940159568575], [24.434562984318887, 56.27938052189389], [24.434427764244038, 56.27936307112493], [24.432607476930112, 56.27929452022198], [24.432481516873395, 56.27929892783504], [24.43225118630479, 56.27932486210579], [24.431965153342055, 56.27936586972807], [24.43172179335762, 56.279418627163956], [24.4315491121076, 56.27947412251171], [24.430767628545212, 56.27988015477039], [24.43054756331993, 56.27999244008111], [24.43039005396468, 56.28005647484581], [24.430228977150446, 56.28010993970422], [24.430022743424054, 56.28016488371654], [24.42983568122895, 56.28020448516621], [24.42970990544858, 56.28020833585991], [24.429401209073283, 56.2801835732105], [24.42935187977385, 56.28018150798673], [24.429296836754823, 56.280179202896434], [24.429241795357385, 56.28017689777604], [24.42912408729994, 56.28017196887765], [24.425904312916863, 56.28023400640753], [24.425831761920826, 56.28023094958085], [24.42575676009869, 56.2802212875527], [24.42568527292828, 56.280206984515786], [24.425425041540887, 56.28013094705769], [24.422174161497185, 56.27912781821185], [24.418900320449204, 56.278117463604346], [24.418770253132863, 56.278079066598295], [24.418672817217626, 56.278057487965796], [24.418503777402574, 56.27803557447323], [24.417629217523594, 56.27795850834402], [24.417549574225553, 56.27795877693689], [24.41751395395704, 56.27796253492416], [24.417471902764216, 56.27797623361357], [24.417435823405185, 56.27799255723126], [24.415684088366124, 56.27891139267838], [24.41548911703536, 56.279019841003624], [24.415409903242615, 56.279059785581225], [24.41532941462843, 56.27909179826292], [24.415245258011986, 56.27911456543344], [24.41517214380229, 56.2791248374404], [24.413257582466365, 56.27921561652797], [24.40978688506619, 56.27938010253624]]]}}, {"type": "Feature", "properties": {"fid": 584, "nosaukums": "Baltais grāvis", "garums": 2072, "posmaID": null, "gadsAvotos": null, "regulets19": 0, "kolhozs": null, "udenskratu": 0, "piezimes": null}, "geometry": {"type": "MultiLineString", "coordinates": [[[24.596014151416796, 56.36081186998102], [24.596014151416796, 56.36081186998102], [24.595888004175016, 56.358954323739006], [24.59580928679856, 56.35779509562487], [24.59615263572846, 56.3575124845442], [24.59940537613717, 56.35483488950128], [24.600973948382617, 56.35355456726966], [24.60394257073695, 56.353790450816206], [24.607417892101036, 56.35259454732336], [24.607604691059066, 56.35185304903752], [24.607651923691378, 56.351394517180985], [24.60862313553463, 56.34987445812854], [24.609332311581916, 56.349292030506774], [24.609675343260037, 56.34895084151172], [24.61005120506071, 56.348698557293325], [24.610061786628037, 56.34867431139954], [24.610101595074802, 56.34858310205101], [24.61010624062605, 56.348467871958086], [24.61006059717121, 56.34834405030837], [24.610002630047713, 56.34818679817896], [24.60972311984367, 56.347696614374776], [24.6097197470626, 56.34748519202739], [24.609715410686558, 56.34721336264243], [24.609810982354517, 56.34692193232741], [24.60992237840463, 56.346562923398864], [24.60999278210079, 56.346453715527]]]}}, {"type": "Feature", "properties": {"fid": 70, "nosaukums": "Dorupīte", "garums": 11942, "posmaID": "50", "gadsAvotos": "1952", "regulets19": 1, "kolhozs": "Nākotne", "udenskratu": null, "piezimes": "iespējams arī posmaID 51, 52 - attiecīgi 1962, 1964 gads"}, "geometry": {"type": "MultiLineString", "coordinates": [[[23.542762675847644, 56.660029533498765], [23.542743848888087, 56.659733212060594], [23.542958703895223, 56.65953691671505], [23.543259469661876, 56.65946343515921], [23.54436272102648, 56.659221804880175], [23.54702933157214, 56.65859235629691], [23.54710136102214, 56.658561920534666], [23.547164744419746, 56.65849585830905], [23.547201147735052, 56.65842603333763], [23.547197451190563, 56.65837909776846], [23.54716733273671, 56.658319556666655], [23.546902582062582, 56.65803880376649], [23.545941263923428, 56.657144379950154], [23.545529582918043, 56.65671942528679], [23.54517761020192, 56.65635609452567], [23.54470523249457, 56.65570683482862], [23.54456859418265, 56.65547072264822], [23.544156990269542, 56.654938481702544], [23.543953321012342, 56.65484687703342], [23.5435034521832, 56.65475350811193], [23.542113288547476, 56.65447976758097], [23.541999199175486, 56.65445730190469], [23.541757192152467, 56.65435659904448], [23.541672061293283, 56.65425684607891], [23.541042358375307, 56.65326811966356], [23.540176983332938, 56.65196282092234], [23.539964493403456, 56.65164229344217], [23.53892031847617, 56.65015294016762], [23.53887342782812, 56.650078033990894], [23.53838124552099, 56.64929177511571], [23.537302844912354, 56.6477230253834], [23.536631482531437, 56.646742203337176], [23.53626800356227, 56.64621115728857], [23.535556139351403, 56.645231809744025], [23.534787485182395, 56.644353703382095], [23.534539214809246, 56.64408781573471], [23.53426780821556, 56.64379714547221], [23.534245783838127, 56.64377355792212], [23.534119279423756, 56.64363565718024], [23.533970837479675, 56.64347384021038], [23.533245582143785, 56.642683219247644], [23.53219278596451, 56.64150953999213], [23.532111483430796, 56.64141889817019], [23.5321072184979, 56.64141424723035], [23.531022407825564, 56.64023128073582], [23.5293366840376, 56.63839286334286], [23.52640268955413, 56.63597645474224], [23.524760325666552, 56.635981323307654], [23.524665053098545, 56.635981604611985], [23.52456977888791, 56.635981886735536], [23.52441820717703, 56.635982334645746], [23.52110406201871, 56.63599208312847], [23.520357970854512, 56.63574987942908], [23.52033883448766, 56.63570877692075], [23.520279635481494, 56.63558162445321], [23.519774363567404, 56.63449632620732], [23.5187012055641, 56.631991959549346], [23.519233389054545, 56.63112045517336], [23.520505204515246, 56.62909024639107], [23.520882929827362, 56.62859588183556], [23.52406585812059, 56.62754904957239], [23.524087241375362, 56.62686233881278], [23.52409410106816, 56.626642071846994], [23.524102058681184, 56.62638648787709], [23.52410296729977, 56.62635728387258], [23.52410387592812, 56.62632807896953], [23.524156943818557, 56.6246235648058], [23.52258109299856, 56.62306187213587], [23.522737953428692, 56.62268185001123], [23.522753380932066, 56.62264447218284], [23.522768808393444, 56.6226070952507], [23.522995338167835, 56.62205826522614], [23.520068516919796, 56.61828949752894], [23.519095531223446, 56.61686370861025], [23.520508097971373, 56.614655198421154], [23.5212966557106, 56.61342219020217], [23.521321204679396, 56.61338380452673], [23.521345753620928, 56.613345417049366], [23.52139514385957, 56.61326818770662], [23.520803280121786, 56.61163162494015], [23.522747309548116, 56.609512810238556], [23.52245351464938, 56.60700694693344], [23.520836027674836, 56.606061922038926], [23.51908543714628, 56.60543436293902], [23.517292749877956, 56.603792209300074], [23.516576472291806, 56.603421434223485], [23.516640411148064, 56.60328556767185], [23.516791163299764, 56.60296521911145], [23.516912157960995, 56.60270810144797], [23.514814259789947, 56.602431704480004], [23.512186486035706, 56.59986495089782], [23.511754939371386, 56.5996612215061], [23.51138959033125, 56.599521563551974], [23.511086623342088, 56.5993867181388], [23.51073489640661, 56.59921875135604], [23.510636531365297, 56.5991651618669], [23.510573703869333, 56.599123236134474], [23.510451459869948, 56.599031569163586], [23.51006207829535, 56.59871388603057], [23.50952579833505, 56.598243636002785], [23.509313429839636, 56.598055080015705], [23.508905115942976, 56.597684614475796], [23.508669381043955, 56.59745440510139], [23.508477429540797, 56.59726747265863], [23.5083561277946, 56.59713858395164], [23.508329325436886, 56.597103990373114], [23.508221489444107, 56.597023544560116], [23.507818625086628, 56.59672300656669], [23.505983115028457, 56.59622898796334], [23.503733327660402, 56.59491612985658], [23.502353079294835, 56.59355042846052], [23.50083575259885, 56.592440999271886], [23.498288535445372, 56.59174319673839], [23.496139740810502, 56.590723560228945], [23.49422061407556, 56.58977705331568], [23.491879363515146, 56.58775581417376], [23.491836401549236, 56.58766564638809], [23.492487242774722, 56.586258427787875], [23.49244098377409, 56.58616074760246], [23.491666567478788, 56.585636380573156], [23.491152258219447, 56.585225563583876], [23.490669234148175, 56.58501547959172], [23.490720443410076, 56.583986403736425], [23.490663874657326, 56.583898054772156], [23.490392995198444, 56.58370383730635], [23.49029333201816, 56.58366218233821], [23.48985465173031, 56.583548008264344], [23.48978961031645, 56.58353107933329], [23.489724565705025, 56.58351415035492], [23.489546823710327, 56.58346788807287], [23.485080199052447, 56.58164963325578], [23.484867887273037, 56.58127378708489], [23.48479421468417, 56.57869745324609], [23.48190563021363, 56.576263024984094], [23.481871107017863, 56.57623392673424], [23.48183658225969, 56.57620482756963], [23.48012642659479, 56.57476336445099], [23.47899023008413, 56.57353058840383]]]}}, {"type": "Feature", "properties": {"fid": 73, "nosaukums": "Auce", "garums": 2739, "posmaID": null, "gadsAvotos": null, "regulets19": 1, "kolhozs": null, "udenskratu": null, "piezimes": null}, "geometry": {"type": "MultiLineString", "coordinates": [[[23.435150431899395, 56.58394116472468], [23.43513283480393, 56.58402748774545], [23.435122129064204, 56.584071786348126], [23.4351017638358, 56.58415605159789], [23.435042020668412, 56.58425230897625], [23.43490849823752, 56.58440856138627], [23.434814037914443, 56.58449013786654], [23.434449055894717, 56.584805334998556], [23.43443594183385, 56.584816660229166], [23.434426135762013, 56.584825387876116], [23.434405226705294, 56.58484399624029], [23.434332526642933, 56.58490869733141], [23.43419984003203, 56.585008643915415], [23.434081007072855, 56.58515691864117], [23.434079024122966, 56.585289636817194], [23.43403427275114, 56.58535780793063], [23.43387965786686, 56.585461676650155], [23.433790816801356, 56.585553778731594], [23.433760100733547, 56.58565821212129], [23.433761456702083, 56.58566879366821], [23.43377968200411, 56.585811137919556], [23.434187000806855, 56.58635596595669], [23.43425103457863, 56.586460829508326], [23.434373375925507, 56.58656595907299], [23.434575890231606, 56.58667145207319], [23.434727506995568, 56.58676866984596], [23.4348497890275, 56.586877820015786], [23.4349063565903, 56.58699471605071], [23.434940159345597, 56.587171838842835], [23.434944868193767, 56.5873448072101], [23.434943128117528, 56.58746143833793], [23.434896035400744, 56.587686457961375], [23.434797143249046, 56.58796352879226], [23.434696568095116, 56.5883066755916], [23.4346358556607, 56.58851381382216], [23.434556301907545, 56.58895989701069], [23.434347609154038, 56.58975530995354], [23.434289796235603, 56.58992775049305], [23.434263697293098, 56.59000559896372], [23.434233167204095, 56.590096661082455], [23.434107346913134, 56.590711459000794], [23.433968506014935, 56.591221624381646], [23.433867553383816, 56.59163543429691], [23.43376243423838, 56.59184007893255], [23.433747222341566, 56.59186617632662], [23.433687616190575, 56.5919684431657], [23.433671893680426, 56.592044789845076], [23.433734552269634, 56.59224215453628], [23.433740098068245, 56.59235881873051], [23.433716544253855, 56.592471328212326], [23.433649255368774, 56.59258363858669], [23.433618232315506, 56.59270817989182], [23.433645165009676, 56.59285711764939], [23.43369504910302, 56.592933762986966], [23.43376722290099, 56.592982355812346], [23.434115442685385, 56.59309655698055], [23.43515222622395, 56.59347933862176], [23.435587381105766, 56.59364311819832], [23.435833685580516, 56.59373581906354], [23.435855719274244, 56.59374464448618], [23.437326597392975, 56.59433381757035], [23.437609290379854, 56.594443690237256], [23.437684358409264, 56.59447644922473], [23.43793524788001, 56.59458593481108], [23.438312237301005, 56.594728408041725], [23.438630849864687, 56.59487463895928], [23.438825712665608, 56.59500824505665], [23.43904896250119, 56.59519426445237], [23.439438518713168, 56.595473540072504], [23.439865481945535, 56.59577782161121], [23.439972395458497, 56.595854014051184], [23.440318401273046, 56.5961210249626], [23.4404187418168, 56.59623811515557], [23.44054687570163, 56.59644783649868], [23.440722658355305, 56.59688702639228], [23.44077961524146, 56.59697978956336], [23.440886120219993, 56.597173325217526], [23.44093531195869, 56.597298228673665], [23.4409409399792, 56.59741087051895], [23.440879943207918, 56.597591587517016], [23.440866370747315, 56.59762209090428], [23.44081207070127, 56.59774411876648], [23.44081645095661, 56.597941217635714], [23.44090485033418, 56.598217089674286], [23.440924061131913, 56.598277040684735], [23.440924751633762, 56.59827913981064], [23.440945153989027, 56.598341123015906], [23.440981270137442, 56.59845084719561], [23.441003278644075, 56.598630515858225], [23.440966385773013, 56.59879087507112], [23.440915739843486, 56.59888043237316], [23.440761121463876, 56.59899672930834], [23.440362419691464, 56.5992751746546], [23.439864791449878, 56.59957221816782], [23.439750147067922, 56.59965332466504], [23.43960017150111, 56.59978868675246], [23.43953973692249, 56.599872758546105], [23.43951880091611, 56.59995428692903], [23.439517713360594, 56.600027741647025], [23.439564979255984, 56.600166713416876], [23.439574189895172, 56.600192894544186], [23.4396407120716, 56.600381994318916], [23.440062910408674, 56.60118379671692], [23.440258056286766, 56.60158321278116], [23.44036932523464, 56.601810948863786], [23.440646033684217, 56.60244612879562], [23.440724742953392, 56.602598593775554], [23.44095294881341, 56.60304063287732], [23.441076293605576, 56.60337311845858], [23.441147951257726, 56.603531243870556], [23.44124054559598, 56.60360784062261], [23.44136285596353, 56.60367640945257], [23.441843441439204, 56.60386901849597], [23.442519372828738, 56.60419581805609], [23.442832821028016, 56.60434958471949], [23.443057641079978, 56.6044920704045], [23.44314018400532, 56.60453371609611], [23.4433514422142, 56.6046403060501], [23.443842035911807, 56.604824789890664], [23.444337726325703, 56.60499841194608], [23.444450380505803, 56.6050533297614]]]}}, {"type": "Feature", "properties": {"fid": 82, "nosaukums": "Bramberģes strauts", "garums": 14371, "posmaID": "1962", "gadsAvotos": null, "regulets19": 1, "kolhozs": "Zaļenieku", "udenskratu": null, "piezimes": null}, "geometry": {"type": "MultiLineString", "coordinates": [[[23.50698963549287, 56.45749990039077], [23.50801879990378, 56.46082482465206], [23.506272241557667, 56.461134756037126], [23.50722111122118, 56.46285706952034], [23.50780503412492, 56.463881244825075], [23.508668268709084, 56.46544614064394], [23.508777794939267, 56.46576848567584], [23.508780032034178, 56.46577673501061], [23.50878375142311, 56.46578481950601], [23.509732710021932, 56.46748570344722], [23.51033831497435, 56.468567454147944], [23.510338559358456, 56.468567887260654], [23.510338808623164, 56.46856831949423], [23.510481346686184, 56.46881341854738], [23.510498431826974, 56.46884279566554], [23.51051551699408, 56.46887217278122], [23.51055718110656, 56.468943815895656], [23.5102600383512, 56.46900176606523], [23.51025975033252, 56.46900182242937], [23.510259460702347, 56.46900187788866], [23.50974618083009, 56.46910068061115], [23.50764153822516, 56.469527273118196], [23.5081556276058, 56.4706698109142], [23.50878958020113, 56.47191520024905], [23.50990443939697, 56.47427479518597], [23.51072879851293, 56.47581629530734], [23.511110582042733, 56.47645714236021], [23.512020816822005, 56.4782394082689], [23.51218517861676, 56.478529646357934], [23.512201033723308, 56.47855764374294], [23.512216888864632, 56.47858564022743], [23.512928342376043, 56.47984190590078], [23.513747729913835, 56.48149805450309], [23.51419485688388, 56.48263611004409], [23.51453587514449, 56.483504046501295], [23.51453697911187, 56.48350685843003], [23.51478576420147, 56.484076793255014], [23.5149206671757, 56.48424414095049], [23.515254489256854, 56.4845740311443], [23.515416158123028, 56.48470326057325], [23.515434858857386, 56.48471820804315], [23.515454763541825, 56.48473411973692], [23.515489630162673, 56.484761989581315], [23.515607361669808, 56.484843331405564], [23.515932114111585, 56.48500987203509], [23.51620457505378, 56.48513731303629], [23.516431165947576, 56.48527974045116], [23.516566915961644, 56.48538137170293], [23.516674809639508, 56.48551828200081], [23.516953009841565, 56.485913667137304], [23.518708480472863, 56.488483546296], [23.519530270587257, 56.48988963188917], [23.520048068574958, 56.49080522182546], [23.520958294960046, 56.49242357247278], [23.521390033860598, 56.493218807891864], [23.52331418693287, 56.496555610947], [23.52344097986657, 56.49660897655833], [23.52395114788677, 56.49673731178155], [23.524151878636022, 56.49676335739794], [23.524361999039073, 56.49676921669066], [23.524627331312725, 56.496744956691124], [23.524951837603577, 56.49667189848416], [23.524982975450158, 56.49666488758413], [23.52501101839502, 56.49665857370684], [23.526392983418987, 56.496347428066635], [23.52757391546717, 56.496069420381716], [23.527870029104303, 56.495928777795875], [23.528173911567528, 56.49577553203349], [23.52831450271472, 56.49569325101439], [23.528576840139106, 56.495615642884445], [23.530447317869683, 56.495327870297565], [23.530580204388873, 56.49531442794234], [23.530828807029014, 56.49532098145159], [23.53308997267253, 56.49569676907379], [23.534956727696354, 56.496004638095755], [23.536143162491047, 56.49618320208265], [23.537003391100846, 56.49631266270828], [23.537606098383478, 56.496415969688044], [23.537874464495115, 56.49646749981426], [23.538010674639548, 56.49653538086756], [23.538342938205695, 56.49675839166825], [23.539148054396993, 56.497331260875775], [23.540230468270213, 56.49805955066743], [23.54151296488241, 56.498614518772065], [23.54318091808712, 56.49934351008387], [23.54334093546221, 56.499413190565704], [23.543344548754117, 56.49941476442535], [23.543395207665924, 56.49943682387307], [23.54344407015226, 56.49946008958184], [23.543447529878787, 56.49946173654559], [23.54357908514396, 56.49952437621399], [23.544132659997754, 56.49990895330866], [23.544313785469758, 56.49998344202166], [23.544643454601488, 56.50006686459514], [23.5449674197458, 56.50012006459136], [23.547015973891106, 56.50030540124162], [23.547264206461396, 56.500349929507], [23.5475659632374, 56.50048525461531], [23.548792131153427, 56.50108805285126], [23.54884279735702, 56.50111296081201], [23.548815672638717, 56.50114502257891], [23.54807429142518, 56.502021326804574], [23.54788796825713, 56.502249124623184], [23.54781159425912, 56.50235500717828], [23.547743322333304, 56.50248129022606], [23.54774142863334, 56.502640390236984], [23.547838770828033, 56.50287667636884], [23.548124892034195, 56.503380825741694], [23.548264083869817, 56.503607499555855], [23.548520148139293, 56.50383228990246], [23.548883756776583, 56.50413824555013], [23.549098865010954, 56.50429826625578], [23.54936015412055, 56.504435376984304], [23.54986156136297, 56.504705429509244], [23.550704535282538, 56.50509105456162], [23.55082015638839, 56.50519532591633], [23.551038334270213, 56.505449975300195], [23.552270154326447, 56.506809119153104], [23.55310206673451, 56.50775601758451], [23.55367931705803, 56.50829580702951], [23.553944924262158, 56.50854602690044], [23.554017359600206, 56.50860805763767], [23.55467562009827, 56.509171751928555], [23.555059333011783, 56.509551611185756], [23.555557944740002, 56.510100352156584], [23.556019680690994, 56.51059126298684], [23.55679243230977, 56.51143637929306], [23.556931503181136, 56.51150149487655], [23.55907814164786, 56.512118397776334], [23.559146423586927, 56.51216941213842], [23.55920575275727, 56.512272321259864], [23.559633448637914, 56.51300541938878], [23.5601083889387, 56.51380561081394], [23.560223793474005, 56.513932950363106], [23.56039798515412, 56.51403049563549], [23.56148157352473, 56.51454204592455], [23.561999648674604, 56.514864661936954], [23.56234273238823, 56.51515896454657], [23.564107689899014, 56.51668602675649], [23.565045850210627, 56.51751320859859], [23.565140490228615, 56.517633546575446], [23.56514770221628, 56.51773280867833], [23.56512899545997, 56.51790813809722], [23.56511694714872, 56.518231191616096], [23.565158528037237, 56.518393030059784], [23.565196110421248, 56.5184621069938], [23.565581126600126, 56.51889285400557], [23.565676018512846, 56.51900767247233], [23.566782577266125, 56.520346551425476], [23.567867423714745, 56.521594057987734], [23.567993513597393, 56.521887589716556], [23.568289236971783, 56.52268481696246], [23.56856868024814, 56.52337552764339], [23.568644168606767, 56.523487163305255], [23.568812097060434, 56.52362168729778], [23.568849322652174, 56.52365150859518], [23.568885622087183, 56.52368058816056], [23.56904887282842, 56.52381136352909], [23.571205166338064, 56.52587047783764], [23.57237872381485, 56.526963813310935], [23.5725441623105, 56.52710515969485], [23.5725267842283, 56.5271651031809], [23.57247083747482, 56.527312611268165], [23.57230017381988, 56.52763511913975], [23.572236082969027, 56.52776413730697], [23.572125799361572, 56.52791607341604], [23.570950685167933, 56.528633260643524], [23.569371756869934, 56.5296325539787], [23.569277224761194, 56.52972612729847], [23.56924757879117, 56.530092238656145], [23.569195878307436, 56.53021032029614], [23.569179283463626, 56.53024821771718], [23.56917779135201, 56.53025162746565], [23.569158140258725, 56.530284926023356], [23.569047829937436, 56.530471844028085], [23.56877417391431, 56.530751352279516], [23.56661102343063, 56.53207131051296], [23.56576720406384, 56.5326341459797], [23.56505633542061, 56.53388948019524], [23.563905398284774, 56.53596212602387], [23.563845892248512, 56.53607303370313], [23.563845473532844, 56.536073813864746], [23.56327690947404, 56.53713345816737], [23.56328711247268, 56.53737579955393], [23.56332695625072, 56.53836045100728], [23.56337292550768, 56.53906350502225], [23.56382532378586, 56.54004793969329], [23.563866470960882, 56.54016545979686], [23.563847259045243, 56.540357889081925], [23.56353072493662, 56.54196599575114], [23.56343660251375, 56.54252033064313], [23.5649924718485, 56.54330668994322], [23.566468946657594, 56.544052874293094], [23.568122809070296, 56.54490282880665], [23.570586157840644, 56.546158160965106], [23.57081234158594, 56.546287033125125], [23.570909696944064, 56.54670206396764], [23.571211430388374, 56.54814054715798], [23.573309371455046, 56.54927072629968], [23.5734026318961, 56.549330273150616], [23.57348388378068, 56.54941021248712], [23.57471697179896, 56.55227111680349], [23.57502387026641, 56.5529325775054], [23.574989216571065, 56.55299091945665], [23.574908864315656, 56.55306311786818], [23.574872648337845, 56.553095659812094], [23.574836430661055, 56.55312820263797], [23.574817437723976, 56.55314526792502], [23.574774242338197, 56.55320615548536], [23.57483270585042, 56.55330025593664], [23.575006997835274, 56.553546903024646], [23.57533489871973, 56.55401092073899], [23.57612852514625, 56.55492646720932], [23.576386760034097, 56.55522436145776], [23.576612771030927, 56.5555035148255], [23.576753576070878, 56.55566146439775], [23.57678290280386, 56.555771230214575], [23.576719825560367, 56.55594816920709], [23.576007777633748, 56.557697592899096], [23.575268816237465, 56.55957064735605], [23.578262506363796, 56.56161039801332], [23.578269230369877, 56.56164086788208]]]}}, {"type": "Feature", "properties": {"fid": 83, "nosaukums": "Bramberģes strauts", "garums": 998, "posmaID": null, "gadsAvotos": null, "regulets19": 1, "kolhozs": null, "udenskratu": null, "piezimes": null}, "geometry": {"type": "MultiLineString", "coordinates": [[[23.58314474402436, 56.56909591113775], [23.583585059016762, 56.57037212352143], [23.583725655892753, 56.57083581529266], [23.584032333664034, 56.57172362001893], [23.58413063030296, 56.57188205364766], [23.584457368036528, 56.57239327057932], [23.584461660414796, 56.57246639565518], [23.584429741075436, 56.57259001492443], [23.58407903033232, 56.57359904937108], [23.58373487705298, 56.574568023443874], [23.584871291230513, 56.575934787396854], [23.58387182683584, 56.57761638824319], [23.583850262478375, 56.57765266793766], [23.58382869806958, 56.57768894852649], [23.58381671867347, 56.57770910287612]]]}}, {"type": "Feature", "properties": {"fid": 84, "nosaukums": "Bramberģes strauts", "garums": 4821, "posmaID": null, "gadsAvotos": null, "regulets19": 1, "kolhozs": null, "udenskratu": null, "piezimes": null}, "geometry": {"type": "MultiLineString", "coordinates": [[[23.588076753934548, 56.581139828189364], [23.588373448766994, 56.581158085563324], [23.590924511608556, 56.58244486148787], [23.59253238203446, 56.583571164673245], [23.59283700457424, 56.58377399541448], [23.592993414659304, 56.583878836104304], [23.59330604201047, 56.58415099493863], [23.593427084420934, 56.58430720237465], [23.593570043821128, 56.584690037154246], [23.593922984437604, 56.585499252943706], [23.59419188147881, 56.58610142710745], [23.59422080187077, 56.58625918657099], [23.594200943219167, 56.58639460946242], [23.59409379704791, 56.58665846204702], [23.593726983577906, 56.58723764052617], [23.5936093412637, 56.58733548562849], [23.59295266925335, 56.5876704742409], [23.59125985567771, 56.58873348506412], [23.591239769891445, 56.589153303432845], [23.591201613661724, 56.58995077050162], [23.59159686112578, 56.590781582734806], [23.59161109418041, 56.59081149913569], [23.59162532723805, 56.590841417331575], [23.591673179125227, 56.590941997678], [23.59185549607897, 56.59173127587772], [23.592212159131467, 56.59211912777926], [23.59290258316117, 56.59233005715911], [23.594705967145853, 56.593100301395054], [23.59479152114741, 56.59315286075315], [23.594876873621153, 56.59322443078994], [23.59517152873873, 56.59369900017968], [23.595221978623147, 56.59381323089848], [23.59524522237825, 56.594055697507166], [23.595297030086453, 56.595461592150976], [23.595312866420894, 56.59558984138227], [23.59531279640572, 56.59558984025611], [23.595389171758665, 56.595704282771734], [23.5957327003634, 56.59598233454935], [23.596132030760543, 56.59630554482279], [23.597792447273648, 56.597671289189286], [23.59787797047446, 56.5977189202456], [23.597980968266853, 56.597752522346], [23.599082159196772, 56.5978701422476], [23.603319340177666, 56.59839235867443], [23.603821705737378, 56.59845426374147], [23.60721260547458, 56.598853530554535], [23.60796592113397, 56.598946883670315], [23.60801769083202, 56.59895329885835], [23.60806945891906, 56.59895971401974], [23.60818096060738, 56.59897353066803], [23.608912624432403, 56.59906419366664], [23.609089888873687, 56.599086159088905], [23.609684700132128, 56.59915986023068], [23.61207217619924, 56.59945218324832], [23.6133960127188, 56.599603649349135], [23.614415945034366, 56.59972033365478], [23.618223582416224, 56.60021248055683], [23.61847685348575, 56.600245212274594], [23.62037539384736, 56.60044538170712], [23.62238418793196, 56.60069538998172], [23.624006094042965, 56.60089722000973], [23.625849220824957, 56.60111079600855], [23.62598876301018, 56.60112925032447], [23.6261595045245, 56.601151831212746], [23.626248836184207, 56.601167529857115], [23.626326739726796, 56.601207882536805], [23.626709414258293, 56.601536152817054], [23.627572775167593, 56.602284862175765], [23.628151492721337, 56.60278670776583], [23.629521360631998, 56.60397305276767], [23.630033330942013, 56.60443556830641], [23.631255394891777, 56.60553953232239], [23.631580052293817, 56.60581318043845], [23.632857626334474, 56.60688997282423], [23.63294857410662, 56.60702911424002], [23.63299902097354, 56.60719585577282], [23.633070526495736, 56.60743220373479], [23.633143666367147, 56.607624598436566]]]}}, {"type": "Feature", "properties": {"fid": 87, "nosaukums": "Svēpaine", "garums": 10490, "posmaID": null, "gadsAvotos": null, "regulets19": 1, "kolhozs": null, "udenskratu": null, "piezimes": null}, "geometry": {"type": "MultiLineString", "coordinates": [[[23.184617019357102, 56.40458984197424], [23.185020988746132, 56.4046645916201], [23.185205713031873, 56.40469877176969], [23.187983452971565, 56.40485547872534], [23.188337296283635, 56.404859262558276], [23.188612233828245, 56.40492125330104], [23.189399375406825, 56.405195403112565], [23.189793906748815, 56.405332808543484], [23.189967671077014, 56.40538820372465], [23.191146966916158, 56.40578950134046], [23.193515545600814, 56.4069700614938], [23.193697037679108, 56.40709015817979], [23.19369511208641, 56.40718122619858], [23.1929007952294, 56.40828077473958], [23.19299035444739, 56.40905700763521], [23.19324550920472, 56.40955813694546], [23.193378079739002, 56.409642735404944], [23.19521366175459, 56.41050789484552], [23.196041543897866, 56.410754454756486], [23.198586669997905, 56.41137166680997], [23.198782000362037, 56.41139707659033], [23.198956458779087, 56.41138009184031], [23.199893117454494, 56.41107169204695], [23.201597113409417, 56.4104198268734], [23.20171704127477, 56.410408524115205], [23.20198173189154, 56.41041526564362], [23.20244456656452, 56.41045790666149], [23.202704471773615, 56.41057416160588], [23.202887481327707, 56.410692859940525], [23.203131631647228, 56.41143628985197], [23.203217225237243, 56.4115249820053], [23.203329929903962, 56.411584466498105], [23.20434872910223, 56.41190684658528], [23.204893706646008, 56.41207781039804], [23.20553408870682, 56.412292828178884], [23.20559401473641, 56.41231294945141], [23.205653948894643, 56.41233307254365], [23.205683175624337, 56.41234288585402], [23.20684603485393, 56.41274843298677], [23.20878556084116, 56.4128900925044], [23.210749720761896, 56.41337856894125], [23.211271841717025, 56.41350381941544], [23.21278178104382, 56.41382646674925], [23.21372146912113, 56.41409963505161], [23.215382651113202, 56.41463606464816], [23.216143521936992, 56.41488032622691], [23.217644334150496, 56.41535695044196], [23.222389775225576, 56.41776376148792], [23.224179511512475, 56.41838716890856], [23.224461335858948, 56.418443262783164], [23.225600996891842, 56.418595268471805], [23.225775108833684, 56.41859635504948], [23.225971473674203, 56.41857343216299], [23.22674715717985, 56.418427344618145], [23.22688886709646, 56.41841615412422], [23.22703009302972, 56.41842434932738], [23.227654440483327, 56.418607088483924], [23.227911709817874, 56.41873392758932], [23.228937906400734, 56.41975834416257], [23.22914870931008, 56.41995062802971], [23.22935024868531, 56.42007674676698], [23.229561194637977, 56.42013094219679], [23.231138993671518, 56.420225932400136], [23.23148293657716, 56.42027313556041], [23.232304251036425, 56.420494737219656], [23.23361604617713, 56.42102202586316], [23.233773117186995, 56.421059218397694], [23.234130093349414, 56.42108471409552], [23.234564884633738, 56.421080052100244], [23.234918663989415, 56.42104824333943], [23.235316731526076, 56.42100843795767], [23.235371776104344, 56.42101095954579], [23.23542429244469, 56.42101336580108], [23.235476812033635, 56.42101577205411], [23.2355450873366, 56.42101890068787], [23.23707176778724, 56.421569855181644], [23.23716666977756, 56.42166458777452], [23.238051999271917, 56.42262799537993], [23.238716959182227, 56.42365936638007], [23.238813638752603, 56.423741619916655], [23.239272424380502, 56.42399710555492], [23.23982997231917, 56.42435161937277], [23.239976759073578, 56.424434783600034], [23.240153054373835, 56.4245005005065], [23.243015842298636, 56.42496691841573], [23.24321510411012, 56.425017212364686], [23.243522506268732, 56.425155706110004], [23.244853595094494, 56.42634197025299], [23.245258451629944, 56.42664705252764], [23.245429027202263, 56.42673476184752], [23.245592787501604, 56.4267651381518], [23.245820687427624, 56.42676946143264], [23.253657498168117, 56.426337942734115], [23.253956992493823, 56.42634121267937], [23.258226146250458, 56.42696469776959], [23.25830228182916, 56.42697779690415], [23.2583564501804, 56.4269871169515], [23.258410615333464, 56.426996436057564], [23.258633037080443, 56.42703470442327], [23.25873367840415, 56.42703971260421], [23.258904264508164, 56.42699225322608], [23.26005566295786, 56.4266396913076], [23.26027769792847, 56.426571493968545], [23.26137121173255, 56.4264422727668], [23.26227935395817, 56.42648389649233], [23.26249107322437, 56.42651232175571], [23.267307055703018, 56.427864803772444], [23.27037027914263, 56.428642245301475], [23.270797060465707, 56.428748710204104], [23.27092242560024, 56.428779871361115], [23.27099337122466, 56.428785657356194], [23.271090286925233, 56.42878443692819], [23.271310334354837, 56.42876246363418], [23.273303960633015, 56.42854865617128], [23.27409962385648, 56.428488884482604], [23.274455335306254, 56.428465909396735], [23.274581588326157, 56.428450540813216], [23.274753597841208, 56.428406804716325], [23.276033017222016, 56.42810598612221], [23.276952938053768, 56.42791778004955], [23.277390833493108, 56.42778567321125], [23.27861763075969, 56.42737336242024], [23.27865441228562, 56.427360999599145], [23.278713793470573, 56.427355440090956], [23.278782322455235, 56.427349023581854], [23.27885085141713, 56.42734260703491], [23.279105782972586, 56.42731873735024], [23.28036903974325, 56.42717738537012], [23.280612229360056, 56.427167574574206], [23.280804108911063, 56.427193934404514], [23.281662947158864, 56.42755799443579], [23.28334544852428, 56.428274672452226], [23.283451225715602, 56.42830333676814], [23.28353701907642, 56.42831785977245], [23.28363314813498, 56.42832121973126], [23.283972840709882, 56.428295126753255], [23.285751822070754, 56.428190358997824], [23.285883332197738, 56.42819672673958], [23.285958896509648, 56.42821679917975], [23.286054552505355, 56.42824540303271], [23.286189496993313, 56.428338755636105], [23.28689297622306, 56.42889264976315], [23.287032356779616, 56.42901969216572], [23.287111412086084, 56.429123944373536], [23.28711526661649, 56.429188489326556], [23.287113534667235, 56.42928105655832], [23.287050529809097, 56.429401324355965], [23.286871585348067, 56.429764992204525], [23.28684364832911, 56.42990509991503], [23.286891069572413, 56.4300764991349], [23.2869857335363, 56.43015839849556], [23.287096057238585, 56.43021513926179], [23.288351134857145, 56.430786219057865], [23.289299368134866, 56.43125173113373], [23.28937488961695, 56.43127460619998], [23.289531514624237, 56.4312923346924], [23.289829683854432, 56.43132209570799], [23.29003213606902, 56.43132605908029], [23.291370431594487, 56.43123832609257], [23.292992434779155, 56.43114097448906], [23.29339759656996, 56.43113486532815], [23.29352390025646, 56.4311496111434], [23.29365975741155, 56.431195270539284], [23.2941476055022, 56.43137197783795], [23.294288578110457, 56.43141485975064], [23.29445491594896, 56.431455080728306], [23.296233016774366, 56.43167838372872], [23.296879626694125, 56.43203271782406], [23.29688655408516, 56.43203684595271], [23.296955099850724, 56.4320776954269], [23.297023645763225, 56.43211854486331], [23.297345386585025, 56.432310280207545], [23.29759697061813, 56.43239586471074], [23.297959731111693, 56.43249329940404], [23.29840902381837, 56.43256597470642], [23.29960601052141, 56.43272983475582], [23.300543664751924, 56.43287144594288], [23.300586764408447, 56.43287804184056], [23.301312652916952, 56.43298913150514], [23.301731787393983, 56.433050402314784], [23.301923351591416, 56.43309636602205], [23.302043832099756, 56.43315315050635], [23.302144009582836, 56.43321262658697], [23.303622000725337, 56.43434867895228], [23.304414279776395, 56.43449619497898], [23.304951369197607, 56.43447676064549], [23.30717121799286, 56.43436573764059], [23.307936242463473, 56.43434195269502], [23.308230253893242, 56.434323954318046], [23.308493376945265, 56.43433383744047], [23.308786115627107, 56.434385964156064], [23.310285970453453, 56.43460751498711], [23.31250834486916, 56.43491721232529], [23.31262474461213, 56.43492066294867], [23.31286336721795, 56.43488551422926], [23.313640496411843, 56.43475235255109], [23.313812893500323, 56.43473927916654], [23.314014960932425, 56.43476564464671], [23.315013766800313, 56.434975951847846], [23.315432743867827, 56.435048397071036], [23.3159783001443, 56.43512153858644], [23.316104525232255, 56.43514187176404], [23.31619986891447, 56.43519008804684], [23.316414511900522, 56.43536239664094], [23.317957730328278, 56.436560353144344], [23.318207633314945, 56.436744074023], [23.318333111995763, 56.43680648085921], [23.318533938976852, 56.436902964634264], [23.31938764360873, 56.43730320309462], [23.31958942791921, 56.43734638953907], [23.319761183547627, 56.43736977354088], [23.31979224005747, 56.43736728253023], [23.320121237196425, 56.43734088809407], [23.322413546066464, 56.437148633941575], [23.32324498945398, 56.43709425876145], [23.32347279148553, 56.437098305695464]]]}}, {"type": "Feature", "properties": {"fid": 89, "nosaukums": "Igate", "garums": 7864, "posmaID": null, "gadsAvotos": null, "regulets19": 1, "kolhozs": null, "udenskratu": null, "piezimes": null}, "geometry": {"type": "MultiLineString", "coordinates": [[[23.394473285967493, 56.39554323282182], [23.396284758813675, 56.398853538033], [23.39632777919266, 56.398906434629744], [23.396422094970788, 56.3989514758548], [23.396509356240465, 56.39898027005824], [23.400306902104937, 56.39967224791806], [23.400381460948758, 56.399685469738216], [23.400432277379632, 56.39969448159767], [23.400483093834662, 56.39970349343637], [23.400534695547027, 56.39971264381736], [23.402849718071618, 56.40009023587824], [23.403188278913593, 56.40015008512642], [23.403759898195045, 56.400306936992344], [23.405327388804487, 56.4007288287589], [23.405657684750125, 56.4007353263047], [23.40695202695142, 56.401878135165006], [23.40774019384796, 56.402573989006626], [23.407773603508947, 56.40260348573728], [23.40810283313871, 56.402868744388044], [23.40819500240908, 56.40289658698666], [23.408318568089214, 56.402890321218926], [23.408565736066496, 56.40287437536359], [23.410924271829014, 56.402450683228565], [23.411178031674613, 56.402407369619034], [23.411295528072635, 56.40239422586235], [23.41142484168669, 56.402415387129274], [23.412235356867342, 56.402696618802615], [23.41367177488154, 56.403223944631726], [23.414666622601818, 56.40356425120288], [23.415637703736234, 56.403846217990775], [23.416639842298995, 56.4041146217656], [23.416775390262778, 56.404132383635655], [23.416880334263897, 56.404132876982246], [23.418224148525667, 56.40385837488836], [23.420558623169295, 56.4033898685579], [23.422110630935975, 56.40435349004866], [23.422145756075402, 56.4043752983035], [23.422180881254985, 56.40439710654843], [23.422207479208886, 56.40441362001503], [23.423033424792497, 56.40490716599498], [23.424275185345188, 56.40566634169634], [23.424550735591847, 56.405814876583186], [23.42469210534194, 56.40585661850954], [23.42479695084511, 56.40586395988278], [23.42492061055181, 56.40585083178951], [23.425063168117706, 56.40581382044165], [23.42585668928642, 56.40559490388111], [23.42697893468652, 56.40527475407847], [23.428262283568973, 56.40491425051999], [23.428808067292902, 56.404745537649994], [23.428950873235838, 56.4046914074709], [23.429048061264197, 56.404684374300295], [23.429114913394276, 56.40467953653105], [23.429395224597133, 56.40472757267809], [23.429593818552974, 56.40478100053842], [23.429796901234113, 56.40486761508415], [23.431551527981593, 56.40587343761736], [23.43212443551623, 56.406232605039285], [23.4322868730593, 56.40637154391646], [23.432389494509383, 56.40651020890469], [23.432457305973347, 56.40664318638114], [23.432505220340513, 56.406773309160734], [23.43250332845263, 56.406900440451764], [23.43216673130708, 56.40807908694677], [23.43206159945304, 56.40844344093871], [23.432094806528156, 56.40855691288368], [23.432682396506664, 56.40927268892963], [23.43279969522578, 56.40935153610991], [23.432874177644837, 56.409389347439955], [23.432980176682406, 56.40941719160002], [23.43306943032242, 56.40943042489613], [23.436970478559054, 56.40985967211699], [23.437641793254073, 56.40992892019364], [23.437734683147475, 56.409952921069234], [23.437814273616112, 56.40999137159734], [23.437870936417394, 56.41003153216343], [23.439292708131756, 56.411463613824964], [23.43962570458923, 56.41162473263664], [23.43973853005573, 56.41164902418567], [23.439827920055382, 56.41166827013685], [23.44118408614263, 56.411781400455574], [23.441314926924996, 56.41178380368967], [23.44143610963623, 56.41177527947136], [23.44153125423844, 56.41175756986631], [23.441692203363488, 56.41171476341823], [23.44176455018719, 56.41168969605059], [23.441823785784514, 56.41166638272732], [23.44307645755709, 56.41080138827882], [23.44320811453381, 56.41074756454296], [23.443319772405523, 56.41071904474659], [23.443454065252702, 56.41070876521496], [23.44359152405413, 56.410705753828836], [23.44585043790348, 56.410835574615675], [23.445925538284587, 56.410845886434664], [23.44811358417353, 56.41137875191589], [23.450150016462587, 56.411906756823846], [23.451254986667195, 56.412183097771134], [23.45240499425411, 56.412463543059744], [23.454862382853417, 56.41313821508623], [23.45496692449059, 56.41314955730359], [23.456057773311954, 56.41306002714613], [23.45694244554584, 56.41297321216925], [23.457322564771253, 56.41293315858497], [23.459632339867216, 56.4124879759218], [23.462129655362798, 56.4120231597581], [23.462139008361305, 56.41202063792807], [23.463563272839654, 56.41163667957085], [23.464249903570042, 56.411436500807625], [23.464966158917345, 56.411572905456815], [23.465144247608645, 56.411589090728114], [23.466654800512377, 56.41189759118307], [23.468113395778566, 56.41217955013338], [23.469950426048623, 56.41254291665236], [23.470263429971844, 56.412622246051704], [23.472067648478795, 56.413219414137295], [23.47212318515873, 56.413237795513666], [23.472178448936393, 56.413256576412216], [23.472885250217193, 56.413496780761704], [23.473025036436415, 56.41356267112711], [23.4736883753616, 56.41410055610753], [23.476142703403518, 56.415182830702896], [23.47619269346489, 56.41520487315481], [23.476238435924092, 56.41522958850817], [23.476273894370372, 56.41524874755625], [23.476322201435043, 56.41530517904463], [23.476376878844956, 56.41537433426883], [23.476969506147668, 56.41630186893487], [23.477461835957193, 56.41702855513924], [23.47753893703347, 56.417133172556525], [23.47760683171814, 56.41719331392829], [23.477686266386122, 56.41724715540834], [23.479321817100185, 56.41836883798365], [23.479340195346424, 56.418381441261154], [23.479354940994103, 56.418391553171546], [23.479380465647992, 56.41840905781288], [23.479388780714917, 56.418413962287865], [23.47942433724273, 56.418434935690826], [23.479530156433736, 56.418497352733574], [23.480360781652063, 56.418912968215125], [23.480599349219275, 56.41901674948863], [23.480910470732336, 56.41913292515585], [23.48166864512044, 56.41937215543133], [23.482709912024898, 56.41970070014777], [23.482923859071636, 56.41974391415845], [23.483246995412948, 56.41977952081337], [23.483606792007635, 56.41979311091427], [23.485347113510358, 56.41989707636651], [23.487596022333737, 56.42003738005096], [23.487948334814224, 56.4200670492766], [23.48803524529965, 56.42009360751282], [23.48925678791623, 56.42065285572263], [23.489394146938306, 56.420713881113095], [23.489470396890237, 56.420722255725124], [23.48965602439157, 56.42070891192477], [23.491801476732924, 56.420431541533986], [23.491867168402177, 56.42041367272524], [23.49257999416763, 56.420028402427896], [23.49262153719859, 56.42000594852088], [23.492664711324657, 56.41998261360374], [23.49293297363311, 56.41983761913758], [23.49301694985632, 56.41981176267938], [23.49308190276108, 56.419806035130875]]]}}, {"type": "Feature", "properties": {"fid": 91, "nosaukums": "Rukūze", "garums": 4610, "posmaID": "62", "gadsAvotos": "1966", "regulets19": 1, "kolhozs": "Vilce", "udenskratu": null, "piezimes": null}, "geometry": {"type": "MultiLineString", "coordinates": [[[23.40631839081184, 56.37240000783302], [23.406403754126853, 56.37237083926732], [23.409140602927845, 56.37143559639415], [23.40921464090843, 56.37137968221476]], [[23.409292648195855, 56.37132077015126], [23.40949267027772, 56.37116970995261], [23.418008960626842, 56.370458702670085]], [[23.41807453613255, 56.370459010454816], [23.41820344129354, 56.37046896383902], [23.41846104975168, 56.370514857159186], [23.418850142984265, 56.37058417364817], [23.42082529068377, 56.370936020031344], [23.420990188223083, 56.370948749549164], [23.421143855700315, 56.37093687605801], [23.42141491999014, 56.37086701931003], [23.421669855149318, 56.370803795526015], [23.421746320608403, 56.37079296636017], [23.424523705537496, 56.37039960552392], [23.425346923352148, 56.37027569076803], [23.42778137773209, 56.37019526399243], [23.42803293785198, 56.37017250686134], [23.42965140622413, 56.369762253262394], [23.430019404825686, 56.36963239695146], [23.43144695869553, 56.369042920839284], [23.432067961347588, 56.36878648107578], [23.43225082817387, 56.36869702718727], [23.432552371146333, 56.36854951882835], [23.432739740729467, 56.36849855408555], [23.43276213902601, 56.368497370866905], [23.432948048917723, 56.36848754758883], [23.433141646929315, 56.36850039222544], [23.433405903413465, 56.36854477188824], [23.437066624884757, 56.369270795652746], [23.438146307149285, 56.36949602697388], [23.438315580979342, 56.36952398572572], [23.43956263692022, 56.369729948749644], [23.440181429242926, 56.369796242626784], [23.440911049989506, 56.369877230619174], [23.44220138341349, 56.36998337560664], [23.44367692703856, 56.37012598905517], [23.443800371274026, 56.37013791912752], [23.44427857336909, 56.37019175066042], [23.44458243383037, 56.37024326044157], [23.444791113892535, 56.37025218233518], [23.445081747188336, 56.3702436435119], [23.445442495287345, 56.370219452050314], [23.445845965755183, 56.37014220525963], [23.446300423422237, 56.370069589995005], [23.446508816343783, 56.36999083094026], [23.44668055626985, 56.369930161913736], [23.446680679612076, 56.36993014090122], [23.446882390986868, 56.36989633891743], [23.447017197317287, 56.369893378734986], [23.44721570937495, 56.36992275577661], [23.447369715163948, 56.36992344228806], [23.44754353860145, 56.36988504061511], [23.447698677342593, 56.369807380073425], [23.447788564609844, 56.369804218956176], [23.447916749276494, 56.36981547423107], [23.448012487284966, 56.36985151439929], [23.448120956470746, 56.3698947350214], [23.448268186654122, 56.36992032062733], [23.448390004698638, 56.36992798559967], [23.448538004975717, 56.36990015209255], [23.448660594241122, 56.369854398011455], [23.448782824992993, 56.36983357348247], [23.448879283382933, 56.36981975634399], [23.448949818551895, 56.36982363132752], [23.449039551620217, 56.36983115306155], [23.449193043444843, 56.369867448937505], [23.44932749165769, 56.36988941502018], [23.449449309822906, 56.36989707895204], [23.449583910657992, 56.369908360990806], [23.449711786692305, 56.3699409819229], [23.450003454588757, 56.37008393745906], [23.450265126389272, 56.37018614729015], [23.45044997200112, 56.37022599923711], [23.450635125885878, 56.370244561555786], [23.450841155940914, 56.37023645194844], [23.450958215693632, 56.37022216918985], [23.450997697792705, 56.37021735219207], [23.451113919313062, 56.37016800601668], [23.451243690992797, 56.37006885987585], [23.451340355368053, 56.37004079671225], [23.451455859741444, 56.37004130777039], [23.45153902501533, 56.370059482178696], [23.45157054744275, 56.370098797896645], [23.451563567838537, 56.3701379433086], [23.45149842582019, 56.37020532238133], [23.451471990418153, 56.37025862674124], [23.451522354874523, 56.37032651766726], [23.451669331741364, 56.37036990460503], [23.451867747665375, 56.370406396716334], [23.452060104597827, 56.37041793137247], [23.45220800195791, 56.370397215994004], [23.45229880963352, 56.370329949928255], [23.452331967427504, 56.370255305309406], [23.45232708259917, 56.37014844022659], [23.452346997578054, 56.37010222984693], [23.452411371950927, 56.37008826824599], [23.452507319120535, 56.370110060831216], [23.452636182433643, 56.370168333121924], [23.452643818935293, 56.37017183307745], [23.45274580904034, 56.37019357308936], [23.452892856730546, 56.370194222026306], [23.453142807780836, 56.37015274415642], [23.453456742854073, 56.37010799983671], [23.453551071127528, 56.37010664204467], [23.45365316148861, 56.37012128484693], [23.453733054175608, 56.37012341130984], [23.45379693724304, 56.37012724074857], [23.45383811346666, 56.370154035299386], [23.453847272067367, 56.37018423591321], [23.453824641302237, 56.37020187803862], [23.45377011965655, 56.37021405721713], [23.453690101492057, 56.37022080158088], [23.45364522047219, 56.370229475178576], [23.453628779288866, 56.370261337452675], [23.453634919841956, 56.3702791063231], [23.453676172267258, 56.370300577910626], [23.453749645567427, 56.37030445052733], [23.453845698972206, 56.37029422875529], [23.4539001683551, 56.370285597316226], [23.453954512488913, 56.37028583665663], [23.45398632733864, 56.370296621670484], [23.454005228226436, 56.370316221164515], [23.453985490262443, 56.37035516587147], [23.453968670417673, 56.37041363968773], [23.45392957316593, 56.37046491938504], [23.453916280196946, 56.370500344462094], [23.45393520653412, 56.37051816872902], [23.453995893060085, 56.37052198488394], [23.454079464080415, 56.37049041725015], [23.45414400711069, 56.3704481217845], [23.454147660773884, 56.37041620225063], [23.454138552606647, 56.37038245298159], [23.454113358667787, 56.370355728898225], [23.45407862712641, 56.37032541571202], [23.4540629725016, 56.37030228162156], [23.454056782631408, 56.37028806145704], [23.454069771055888, 56.37027392483753], [23.45410518888215, 56.37025633896639], [23.454140555950662, 56.37024230176305], [23.454166407521676, 56.37022289930852], [23.45418596935379, 56.37019637315502], [23.454211668741017, 56.37018761492829], [23.454262866257203, 56.37018429227996], [23.454301126172343, 56.37019155757781], [23.454371123327356, 56.37021492989097], [23.45448567196597, 56.370252691093434], [23.45458126895337, 56.37027440236291], [23.454677068738594, 56.37028191974396], [23.454782534487837, 56.37028415800025], [23.45492625876866, 56.37029366126508], [23.455069934127607, 56.37030671125227], [23.455125749517293, 56.37031582789952], [23.455181564946578, 56.370324943623245], [23.455251689417185, 56.370339445540594], [23.45530900309801, 56.3703556646929], [23.455366644132017, 56.37034882099382], [23.455427686344166, 56.37032779929768], [23.455460007597466, 56.370303102537186], [23.455511432815126, 56.37028381301412], [23.455556210685963, 56.37028223519244], [23.455623341973187, 56.3702825299494], [23.455696436152472, 56.37031301201241], [23.455708641730563, 56.37035387166445], [23.45571140906626, 56.37038404497783], [23.455730058046527, 56.37042138401116], [23.4557904159356, 56.370448262106834], [23.455889135547345, 56.370475307624076], [23.456326049355734, 56.37054996585748], [23.456421824927016, 56.370559256231694], [23.45649542526793, 56.37055425642312], [23.45662379926626, 56.37051933546006], [23.45676201540735, 56.37046671567845], [23.45685801795586, 56.37046004025176], [23.456918553326577, 56.37047449831993], [23.45696932212972, 56.37050133383845], [23.456984928162523, 56.37052801444753], [23.45700068395251, 56.370544050805755], [23.457019611741067, 56.37056187550301], [23.457070607733804, 56.37057274461737], [23.45713771433772, 56.370574811996775], [23.457201623720334, 56.3705768662418], [23.457252695440268, 56.37058241226191], [23.457300319454387, 56.370605684977285], [23.457357380694802, 56.37063964388054], [23.457407897952855, 56.37068421992293], [23.45748426718077, 56.37070939190596], [23.457588556884367, 56.37072089019749], [23.457618328096313, 56.370724172214004], [23.4577524663083, 56.37073363026296], [23.457883305007403, 56.37075016974391], [23.45802358444718, 56.37077739525673], [23.458147602620844, 56.37082406580326], [23.45821483477285, 56.37085862669642], [23.458255512282836, 56.370879537195826], [23.458327980598174, 56.37095436902433], [23.458361910854833, 56.371041451820055], [23.458383005119, 56.371132027435664], [23.458436344097116, 56.37120322763308], [23.458521827262203, 56.371262148833154], [23.45860449070374, 56.371294444507214], [23.458709733176804, 56.371312645793566], [23.45883113652594, 56.3713184981743], [23.45893026111427, 56.37131715721695], [23.459010458227592, 56.37129799089817], [23.45907826824022, 56.3712503837841], [23.45907862162687, 56.371249323351236], [23.45909830303071, 56.371190149774314], [23.459131527245216, 56.37110158569176], [23.45917396456813, 56.37103967404128], [23.459238327057605, 56.37100979360523], [23.45933412961331, 56.37101730829091], [23.45942333839921, 56.37103898795704], [23.459509299826614, 56.37106420050594], [23.459579100923694, 56.371101762810866], [23.45958806343284, 56.371146155931164], [23.45958743576276, 56.37119050815093], [23.45957346826533, 56.37127383383424], [23.459601535928407, 56.37132363267243], [23.459655304210067, 56.371364673055204], [23.459686343404687, 56.371430453073046], [23.459727274181745, 56.371474985482386], [23.459787437402948, 56.3715160536706], [23.459860537276473, 56.37154653328366], [23.459924322990283, 56.37155745603318], [23.460017055185947, 56.37155608636205], [23.460139160179732, 56.371512263113445], [23.460200927292885, 56.371439791276046], [23.46022395708974, 56.371393763030824], [23.46031374395452, 56.371374637617244], [23.460455793114445, 56.37139033189991], [23.460456590131788, 56.37139087084755], [23.460692857872157, 56.37144058602765], [23.461164093301882, 56.37153131233325], [23.462003695418495, 56.371690688331235], [23.462389412898233, 56.37177042542275], [23.462588922211932, 56.37185171103384], [23.46267550362634, 56.371886986761396], [23.46275763094633, 56.37192401578147], [23.462777124720024, 56.3719328053766], [23.462799020433824, 56.37194267813073], [23.462840409974422, 56.371961339567804], [23.462890139577066, 56.37198376121548], [23.462928529259997, 56.37200425954751], [23.46294149917189, 56.372009895132656], [23.463284399941863, 56.37214370616635], [23.463950778415594, 56.37240374288815], [23.464489936768196, 56.37260299508943], [23.465043360267103, 56.372807514815776], [23.46506435573068, 56.372815273709435], [23.466129915828898, 56.37316454041623], [23.466264139046213, 56.37322218810569], [23.466722431883024, 56.37355584254867], [23.467153377173897, 56.37386695231319], [23.46770006116715, 56.37431868044053], [23.46840941336806, 56.37491937552618], [23.468936794753734, 56.37537458216453], [23.469228001606115, 56.37570395353255], [23.469361194879834, 56.375837721220606]]]}}, {"type": "Feature", "properties": {"fid": 92, "nosaukums": "Rukūze", "garums": 4044, "posmaID": null, "gadsAvotos": null, "regulets19": 1, "kolhozs": null, "udenskratu": null, "piezimes": null}, "geometry": {"type": "MultiLineString", "coordinates": [[[23.46918731373086, 56.38146023056603], [23.469671535930246, 56.38169585795922], [23.471586158478132, 56.38262748825227], [23.471590623925547, 56.38262943266459], [23.472305554585922, 56.38294078826652], [23.472572623576504, 56.38310936191798], [23.472668192551556, 56.38315644387136], [23.477083726295046, 56.384445160584335], [23.477153828134902, 56.38449182529235], [23.477209062921208, 56.38460221203695], [23.477226715289092, 56.38463749051935], [23.47728800503372, 56.38483545336304], [23.477295097852373, 56.38490469106255], [23.477229052625372, 56.385029433256776], [23.477179934372913, 56.38512404439252], [23.476604170795266, 56.38623302585389], [23.476596364778935, 56.38625637333829], [23.4764927154373, 56.386566381723405], [23.476472252760267, 56.3866518909064], [23.47646474694558, 56.386730321069365], [23.47646510412344, 56.38717182206472], [23.476525485237023, 56.38742752849093], [23.4765758626822, 56.387506202952366], [23.4766754909768, 56.38759019921107], [23.476977976745108, 56.387819190623446], [23.47701811001049, 56.3878426378631], [23.47728462141589, 56.38799834100406], [23.477493928596505, 56.38814084150625], [23.477537384690056, 56.388170426423706], [23.47758649776427, 56.38824442857143], [23.47760699676885, 56.388355518672704], [23.47760703290912, 56.388355718281275], [23.477612533503763, 56.388385527831964], [23.477618034119157, 56.38841533648387], [23.47761804765029, 56.38841541290931], [23.477683657650996, 56.38877095694517], [23.477730598882957, 56.38886715242576], [23.477937535427746, 56.38902653126171], [23.478413473790113, 56.389560857507156], [23.47840643104004, 56.389590252187524], [23.478379348087422, 56.38963059557401], [23.47831136404281, 56.38975167250893], [23.478288086395263, 56.389865536022945], [23.47829922703421, 56.39022724837066], [23.47832621287168, 56.39054107877158], [23.478340875437116, 56.390676489499825], [23.4788657483555, 56.39182199632454], [23.478948025096948, 56.391963982877606], [23.479088747484955, 56.392093700318796], [23.479371234766116, 56.39231813631446], [23.479570076687413, 56.39245884531673], [23.479920371518812, 56.392702983661316], [23.479923675698814, 56.392705031609964], [23.48011978070669, 56.392826607395904], [23.48133677164152, 56.393494541108225], [23.48139338807722, 56.39352561448563], [23.481828737432494, 56.39373480460189], [23.48266306273719, 56.39418810940696], [23.483800113817022, 56.39474787015609], [23.485616186528866, 56.395644177508544], [23.48614887448274, 56.3959166411539], [23.486249376682235, 56.39598235415278], [23.486485913330377, 56.396146575801524], [23.487280614168647, 56.39663596180037], [23.488231026580387, 56.39722211664149], [23.488937906432742, 56.397678480691326], [23.489349794911902, 56.397943793070084], [23.489479866748102, 56.39799025724534], [23.4897761099287, 56.39809910506956], [23.4904342758015, 56.39833937961526], [23.4904620066265, 56.39834950316149], [23.49048738840868, 56.39835876891591], [23.490635384285127, 56.39841279587003], [23.49145278330952, 56.398679151162234], [23.491973777730085, 56.3988535970217], [23.492494796987327, 56.39913016486374], [23.493016580012178, 56.399453449397264], [23.493412728559907, 56.39966559258515], [23.49356142149653, 56.399797894484436], [23.49366240439954, 56.39996289370007], [23.493810639650455, 56.400196987749936], [23.493829741395153, 56.400256844033315], [23.493843663277307, 56.400300471148576], [23.493864659329105, 56.400343218793985], [23.493879542260093, 56.400373521328], [23.493879677918674, 56.400373798603916], [23.493892308101326, 56.400399512547814], [23.493903942801545, 56.400423202714435], [23.493905174240425, 56.400425516753685], [23.493972572437055, 56.40055222690975], [23.494093611249408, 56.40079758311418], [23.494150390987475, 56.40103784889577], [23.494162104360704, 56.40130572620451], [23.494174249112536, 56.401623189776], [23.49423388561339, 56.40190511205094], [23.494234663068575, 56.401924683444804], [23.494235029170888, 56.40192615569883], [23.494239187307013, 56.401942856854134], [23.494243723772605, 56.401961086016954], [23.494313259530227, 56.40224044848357], [23.494383032362602, 56.402652464281054], [23.49449975311088, 56.4029776098181], [23.49463095315347, 56.40319761391869], [23.49479147446626, 56.40342680622977], [23.494923998748757, 56.403547056111876], [23.495141521544568, 56.40367127973581], [23.495503234380784, 56.40377613849486], [23.495868746347405, 56.403841107026324], [23.496207950109017, 56.40391685054969], [23.496357290661372, 56.40400270536804], [23.496553398691855, 56.40426287457331], [23.496801080764797, 56.40458129334733], [23.496930273837936, 56.40470696943146], [23.49696148121938, 56.4048714420075], [23.49695975108842, 56.404901874431964], [23.49670105433674, 56.40559207982471], [23.496700336264613, 56.40564649054974], [23.496729225772786, 56.40568832451559], [23.496865418318492, 56.405779567242355], [23.497112449802216, 56.40590027906256], [23.497536467774914, 56.40611667874944], [23.497986571639654, 56.40634638612909], [23.498938875215913, 56.406817462463636], [23.50063691508021, 56.407806304808595], [23.500832002352347, 56.40786231302613], [23.500881690474948, 56.4078765772472], [23.50093055686515, 56.40789060634298], [23.501107881075896, 56.40794151405178], [23.501248194088266, 56.40796928502696], [23.501428213085255, 56.407962753651226], [23.501608044011554, 56.40797073119329], [23.50182051579547, 56.40798428145194], [23.50194774440446, 56.40801199909133], [23.50260199980041, 56.408266741000716], [23.50318156596697, 56.40847946362096], [23.503334235426113, 56.40856350926656], [23.503516255054333, 56.40865492804653], [23.503845157274508, 56.408772326894805]]]}}, {"type": "Feature", "properties": {"fid": 95, "nosaukums": "Kānupe", "garums": 1793, "posmaID": null, "gadsAvotos": null, "regulets19": 1, "kolhozs": null, "udenskratu": null, "piezimes": null}, "geometry": {"type": "MultiLineString", "coordinates": [[[23.50051722396421, 56.35884213691652], [23.49897914176761, 56.35781212831654], [23.498285370186657, 56.356599988818914], [23.49729900339543, 56.355271915318376], [23.496825670387036, 56.35455784285978], [23.49647826756014, 56.35405514769157], [23.496276223840535, 56.35367877220149], [23.496296881696473, 56.35350251616444], [23.49649696464392, 56.35268040606675], [23.496456593538536, 56.35255618324049], [23.49610692702569, 56.35187224280283], [23.49549013960719, 56.35170784831634], [23.493070649802917, 56.35111231833138], [23.4925379828625, 56.35095141743359], [23.492064176364522, 56.350742616129], [23.49052868681773, 56.35010608301312], [23.488999779853494, 56.34946994416733], [23.487423427530548, 56.348806591447804], [23.48731477605399, 56.34870779695839], [23.48726697532761, 56.34862733106083], [23.487116324756364, 56.34841626752093], [23.487096944669243, 56.34838911411298], [23.48707756460954, 56.348361960701936], [23.4869533107683, 56.34818787437961], [23.486507157258114, 56.34790354737694], [23.486308797075985, 56.3478065626593], [23.484091143042598, 56.34741640064074], [23.48392561673294, 56.347352836597935], [23.48378480200759, 56.34726810045628]]]}}, {"type": "Feature", "properties": {"fid": 249, "nosaukums": "Ālave", "garums": 2396, "posmaID": null, "gadsAvotos": null, "regulets19": 1, "kolhozs": null, "udenskratu": null, "piezimes": null}, "geometry": {"type": "MultiLineString", "coordinates": [[[23.393100382074394, 56.58335203500571], [23.39329746202717, 56.58444117091891], [23.39334837538792, 56.58453916381299], [23.395435157602403, 56.585870685155406], [23.395845388863275, 56.5862009066016], [23.395875078527087, 56.58625897338167], [23.39586544739121, 56.58631443600711], [23.393892807715222, 56.5887798274608], [23.39405570533771, 56.58898697026387], [23.394402938930494, 56.58997575966142], [23.395127556091243, 56.5919860630128], [23.395177053827894, 56.592082259346476], [23.395191634700026, 56.592110596567906], [23.395206215579545, 56.592138934685856], [23.395288778440353, 56.592299388241834], [23.39680348750734, 56.594423330025684], [23.39812212297322, 56.59650768935766], [23.399994261081492, 56.59928579626802], [23.40033840551988, 56.59979643462909], [23.40117844463727, 56.60104280898325], [23.402161876775722, 56.60277073254688], [23.402306873672323, 56.602991694392784], [23.402531624651704, 56.603334189056035]]]}}, {"type": "Feature", "properties": {"fid": 250, "nosaukums": "Apguldes ezera grāvis", "garums": 11190, "posmaID": null, "gadsAvotos": null, "regulets19": 1, "kolhozs": null, "udenskratu": null, "piezimes": null}, "geometry": {"type": "MultiLineString", "coordinates": [[[23.25638480205308, 56.5440905006543], [23.25652140793755, 56.544081329754796], [23.256717577351704, 56.544079651217935], [23.25682306752874, 56.54409596428879], [23.25716447749258, 56.544189247381624], [23.257613237291295, 56.54433592015747], [23.258451610973566, 56.54461892806986], [23.258507740745937, 56.54465205251752], [23.258560661650034, 56.54524544293717], [23.26067197025768, 56.54616188572192], [23.2617716302472, 56.54668165878878], [23.262314036392176, 56.54705840126501], [23.262530539666876, 56.547339114383284], [23.262672957773905, 56.54771348260799], [23.262804398100403, 56.54815479055791], [23.262952417462802, 56.54824120723885], [23.263033504928252, 56.548318673791506], [23.263114371176602, 56.54840754381901], [23.263226760895154, 56.548468087622474], [23.26339092989725, 56.54852038406116], [23.26389981449859, 56.54863174878279], [23.264125315587304, 56.54871577204476], [23.264939087214017, 56.549077000621715], [23.26571701966278, 56.549423755625256], [23.267462024314607, 56.55015748545851], [23.26803002761143, 56.55037567299171], [23.269003971982254, 56.55074978393796], [23.270173887007548, 56.55119895353009], [23.270582327396895, 56.551355762313975], [23.272852038586358, 56.55219838076411], [23.272928103147088, 56.55221062487221], [23.27300143786416, 56.55220599639934], [23.274236789088164, 56.551923288718456], [23.275853122537978, 56.55150625409285], [23.27762531041739, 56.55155701820103], [23.27899704929243, 56.5518026531226], [23.279285253610777, 56.55189366166553], [23.27964853158617, 56.55204915804713], [23.280080912847406, 56.55226236421897], [23.280509702361265, 56.55250420297086], [23.28094472962736, 56.55273933438967], [23.2814591061812, 56.55297492288855], [23.282666996067704, 56.55349643178007], [23.28312714002596, 56.55341304125454], [23.283197236326682, 56.55345990740286], [23.283201448756106, 56.55346262252091], [23.283205835268507, 56.553465250595295], [23.283335780666157, 56.553540343031045], [23.283337171202678, 56.553541136284196], [23.283338576514335, 56.55354192243499], [23.283655502467003, 56.5537170546075], [23.283656373513782, 56.553717533104766], [23.283657251134866, 56.55371800804613], [23.283896135342257, 56.5538464354659], [23.283896610423604, 56.55384669066425], [23.283897088792077, 56.55384694408463], [23.28439408698265, 56.55411020447922], [23.284550735467523, 56.55419549388807], [23.28460471692356, 56.55418715702276], [23.284713190438563, 56.55417040440154], [23.284789953117055, 56.55415854905342], [23.284866759802114, 56.55414668672368], [23.285142972062285, 56.554104027884236], [23.28531444565274, 56.55407813595048], [23.28545848231421, 56.5540469380296], [23.28655144461508, 56.553702514702216], [23.286785056552883, 56.55361451770638], [23.28693989434945, 56.553495727250024], [23.287074476595706, 56.55331782433109], [23.287346172753217, 56.55282718377102], [23.287561350417715, 56.552420498786525], [23.287580710783846, 56.55240764163292], [23.28764942981058, 56.55236200736933], [23.287773317630293, 56.552378968161165], [23.28898581419563, 56.55254496119203], [23.29023739448434, 56.55269370339834], [23.29139101394265, 56.5530222357164], [23.29198313569003, 56.55318405726911], [23.292062291436743, 56.553194620872546], [23.29216312366742, 56.55318845309692], [23.29256585326933, 56.55303229818894], [23.293194713619545, 56.55269706674801], [23.293771616196718, 56.55220140435829], [23.29392246334834, 56.552131465848895], [23.294333042775595, 56.552044459671876], [23.294522463560003, 56.552033735474296], [23.294939094172765, 56.5521136370731], [23.296169996805364, 56.55239030907507], [23.296174147820416, 56.552391293007716], [23.29713931731706, 56.5526199788685], [23.298340640868076, 56.552847579697975], [23.300137998429207, 56.55319314670695], [23.301488024956516, 56.55346875082339], [23.301584685862117, 56.553523233492264], [23.301947246342518, 56.55388936147579], [23.302288666740385, 56.554243570517315], [23.30269627405339, 56.554650403055035], [23.303237008626727, 56.55495515844545], [23.303367463601912, 56.55499802987467], [23.303711675511316, 56.555035355680715], [23.304917668935463, 56.55509772891617], [23.305633634478145, 56.55541862435867], [23.306423180814377, 56.55580566400407], [23.3065155833774, 56.55583528347192], [23.306576857920437, 56.55585492460018], [23.306638134137394, 56.55587456660574], [23.306717523534754, 56.5559000146713], [23.307732592126413, 56.55655800020841], [23.309437857095737, 56.55778449207324], [23.311451065475637, 56.55920482453467], [23.31265081113982, 56.56004078118128], [23.31383211081752, 56.56088673699799], [23.314460966567044, 56.56130823622329], [23.315195638851765, 56.561871905184546], [23.31600894496003, 56.56213933642952], [23.316877327280135, 56.562400322128696], [23.31705382411902, 56.562431632779855], [23.31718801187163, 56.562439111599325], [23.31747579328136, 56.56239349486975], [23.31770288882286, 56.562327317076324], [23.31791850254524, 56.56222062105263], [23.318343299582125, 56.561834910995024], [23.31860125060401, 56.56160069079245], [23.319783482654106, 56.56036318754506], [23.320036975146827, 56.560185900010765], [23.320276746258003, 56.56009281757044], [23.32045444362541, 56.560056704960736], [23.32109518129872, 56.5600736897696], [23.3216578374476, 56.560092596527966], [23.323371041140412, 56.56015014860858], [23.32354741265647, 56.560188192157945], [23.32369864331336, 56.560266552642624], [23.324170871643723, 56.56083211149668], [23.324792011902904, 56.561607493139604], [23.325155090600454, 56.56206675958206], [23.325207931287466, 56.56213359895661], [23.325260772176012, 56.56220043741005], [23.325645872114627, 56.56268754220043], [23.326923791531062, 56.56430253088232], [23.33066296334505, 56.56554983333282], [23.331847512595267, 56.566243929416785], [23.332756988680057, 56.56678016202948], [23.33286885238026, 56.56684611621508], [23.33371144020178, 56.567545100978975], [23.33421469136008, 56.56788894936956], [23.33461653661697, 56.5681635057588], [23.33530949117389, 56.56869311963204], [23.339520623142935, 56.56812896826322], [23.34012492782633, 56.56779168488736], [23.34082304351275, 56.567677395996164], [23.343264441896256, 56.567283811329354], [23.34333367071273, 56.56727265000661], [23.344843002413356, 56.56756379235526], [23.345231678148547, 56.56768720273139], [23.34591535273882, 56.56805488943936], [23.34688791666311, 56.56807155146151], [23.347050813604938, 56.56807434212375], [23.347550670806736, 56.56805941392123], [23.347603690528114, 56.56805783053319], [23.347656711872496, 56.56805624713106], [23.348394920238036, 56.568034194952425], [23.34906075924069, 56.567895242553966], [23.35011858759843, 56.567674476838455], [23.356696390661206, 56.56831660330123], [23.356815206085972, 56.5683612258686], [23.356961141544556, 56.568516010743096], [23.35791895621892, 56.56951315120464], [23.35917899986057, 56.56978370113978], [23.35995993947325, 56.56999183615993], [23.363983465030284, 56.57200008740947], [23.365937561271558, 56.57267819317106], [23.36742407618229, 56.57315370092404], [23.370208699243403, 56.57269989615455], [23.372763776374345, 56.5722822311556], [23.373076714972296, 56.57239117981145], [23.373135272822086, 56.57241156662719], [23.373193830734923, 56.572431953415425], [23.374018734440764, 56.57271913232613], [23.37621385844091, 56.57661759937573], [23.378748865665123, 56.57699105743134], [23.380664056088662, 56.57794576742429], [23.3808193485126, 56.57800254250863], [23.38814176612855, 56.580679193810965], [23.388156294519483, 56.58156956059472], [23.391432584897533, 56.58278545763591], [23.393100382074394, 56.58335203500571]]]}}, {"type": "Feature", "properties": {"fid": 252, "nosaukums": "Aurupīte", "garums": 6229, "posmaID": null, "gadsAvotos": null, "regulets19": 1, "kolhozs": null, "udenskratu": null, "piezimes": null}, "geometry": {"type": "MultiLineString", "coordinates": [[[23.27511365291622, 56.531991988924894], [23.278775904871313, 56.532215568801696], [23.279012909690866, 56.532264141886756], [23.279317259761516, 56.53238052880825], [23.28012798458749, 56.532737521628036], [23.28185203878324, 56.533512765906096], [23.283800286294813, 56.53437355834435], [23.283939704637636, 56.534421558691236], [23.284046015776752, 56.53444576965075], [23.284131389065564, 56.53444794777983], [23.284232109135193, 56.53444515599234], [23.284743970854574, 56.534316624409286], [23.286335067555378, 56.53389762441608], [23.28661669563886, 56.533845301332796], [23.28674203813915, 56.533830850477244], [23.28685486097864, 56.533833183363], [23.287131760018458, 56.5338701696259], [23.287548270666683, 56.53394503978989], [23.289309470114127, 56.53425023368989], [23.289361121236208, 56.53425918372621], [23.289412772382875, 56.53426813374115], [23.289701032254136, 56.5343180826544], [23.291498157518, 56.53462500861475], [23.29179569494682, 56.53470087081544], [23.29188949752137, 56.53474186036295], [23.291949464229035, 56.534797827302704], [23.292014650659546, 56.53490102096034], [23.29208707115331, 56.535107079003886], [23.29221738569031, 56.53548034170413], [23.29241455930726, 56.53603097544424], [23.292527834786764, 56.536336716196494], [23.292652966981912, 56.53666106726252], [23.29299732001245, 56.536845072537304], [23.294133546230157, 56.53742801066585], [23.29622145907388, 56.53851527226936], [23.297369830155574, 56.53910667649093], [23.297571279837143, 56.539431453678034], [23.29799650345157, 56.54019406722179], [23.298527736617263, 56.54116460815987], [23.2989147707793, 56.541849465404134], [23.29895987833398, 56.54188511750725], [23.29939987954626, 56.54201570429593], [23.299936888428924, 56.54218054900188], [23.300015277136826, 56.54223155922782], [23.300677612950565, 56.54288087663681], [23.30101942008724, 56.54320812200457], [23.301110108205062, 56.5432541433538], [23.301201263854274, 56.543274883330554], [23.301310878848184, 56.543287298718184], [23.30142068175964, 56.54328960131203], [23.30216033780759, 56.543221274981036], [23.303283117641328, 56.54305901109689], [23.3034999795703, 56.54304674167886], [23.303756162845033, 56.54305323415622], [23.30401798373469, 56.54308504069995], [23.30485355485114, 56.54327681921271], [23.3051109691411, 56.54338276689978], [23.305564473049177, 56.54361117283582], [23.305807916674596, 56.54373052571242], [23.30594334386415, 56.54374982304953], [23.306540592841365, 56.54379361126639], [23.30786092245787, 56.543841424776396], [23.308897820735577, 56.54387079227108], [23.309382435569447, 56.54390045497343], [23.30969601007504, 56.54393927983201], [23.310347050886964, 56.544045716378264], [23.31096102234679, 56.54417722704402], [23.311206593484506, 56.54426455436135], [23.311475898875983, 56.54438909577503], [23.311668962309913, 56.54451152897663], [23.312108635168034, 56.544832543391934], [23.312542671975944, 56.54512824024354], [23.31259617094561, 56.545153188388696], [23.31265340358192, 56.54517987676942], [23.31271063790879, 56.54520656603115], [23.31278776276371, 56.54524253111215], [23.313233648430735, 56.545558519379654], [23.313872739954576, 56.545990192809256], [23.314424184927717, 56.54637586907672], [23.315205158603227, 56.54689428420142], [23.315636222511323, 56.54718826815674], [23.316095136837017, 56.547291930124025], [23.316748209768317, 56.54745902553514], [23.316991430552083, 56.54750924436601], [23.31721386961371, 56.54752732280658], [23.31794584203098, 56.54754988291538], [23.318772101020507, 56.54758981104295], [23.31943899625611, 56.547837876947455], [23.319820861772225, 56.547984929134174], [23.320396746248736, 56.548374083165506], [23.32096058728223, 56.54875474042987], [23.321054456188758, 56.548795707131994], [23.32151319384345, 56.5489111471992], [23.32244321337428, 56.54912354950955], [23.322956554136443, 56.54925782378332], [23.323357055389415, 56.54938810997008], [23.323987184413003, 56.549647751191735], [23.32446936200115, 56.549818932761866], [23.32466393558235, 56.54986044388236], [23.324883370969616, 56.5498768067516], [23.32517634218714, 56.54987671191306], [23.325968168608075, 56.549796726813334], [23.326653191415673, 56.54971615824835], [23.327035310796035, 56.54967945880468], [23.327386884309252, 56.54964427839831], [23.327466162241436, 56.54964807823682], [23.32788262784424, 56.54973966762373], [23.329135982389626, 56.5499638801296], [23.330093981814116, 56.55015109209567], [23.330279884140737, 56.550165578358715], [23.33039302633556, 56.5501527031527], [23.33062355486785, 56.55005955019913], [23.33190202676818, 56.54955231768106], [23.332164453697736, 56.54945896314683], [23.332209181959545, 56.549443051296805], [23.332253910183944, 56.54942713943062], [23.332368812709316, 56.549386264878216], [23.332478872667213, 56.549375056698594], [23.332792961205467, 56.54938854196484], [23.334220573796124, 56.5495091310688], [23.33494482545482, 56.54922582104568], [23.335377078680217, 56.5489229135509], [23.33666758870513, 56.54853797758907], [23.337644281565808, 56.54827826461634], [23.337726122053628, 56.54827567109997], [23.337771986420663, 56.54827654792524], [23.33917774919559, 56.54830340229585], [23.33984487837316, 56.54802039359307], [23.34159415918581, 56.5472762046784], [23.34199174945401, 56.54704906801093], [23.342199134840527, 56.54687991878293], [23.34237857839245, 56.54656228932447], [23.342822128556215, 56.545619010247414], [23.343334914437897, 56.54464574782744], [23.34559294530409, 56.54472677122345], [23.346736755378164, 56.545283980644385], [23.348370659455664, 56.546089846654404], [23.34942625217754, 56.54659953173034], [23.34956003191792, 56.546664125034454], [23.34970694164871, 56.54673237793046], [23.353229981617243, 56.5476266613163]]]}}, {"type": "Feature", "properties": {"fid": 253, "nosaukums": "Ālave", "garums": 1415, "posmaID": null, "gadsAvotos": null, "regulets19": 1, "kolhozs": null, "udenskratu": null, "piezimes": null}, "geometry": {"type": "MultiLineString", "coordinates": [[[23.342855182720385, 56.53675289142751], [23.34294907496309, 56.53679215724234], [23.343233393048493, 56.536933564817765], [23.34342027372519, 56.537064344239475], [23.34349481472942, 56.537164188886436], [23.343529175239496, 56.537294161565605], [23.34349575376713, 56.5374625465817], [23.34357939642841, 56.53791810247724], [23.343679681142596, 56.538469825203435], [23.34379027704373, 56.53913116773224], [23.343835367007426, 56.53917017429529], [23.34392028835763, 56.53919927825914], [23.344108406206892, 56.53925926701723], [23.34469286307972, 56.5396888088046], [23.34630678648014, 56.54075249669612], [23.347497800838138, 56.54157458747337], [23.34847234355077, 56.542234548258655], [23.348776771720015, 56.54240900924356], [23.349046949472427, 56.5426027278197], [23.349142760686387, 56.54268444470506], [23.349278116510078, 56.54281608358681], [23.34948733832731, 56.54303745133771], [23.349701416911657, 56.5432639553414], [23.350679162608827, 56.54417101783526], [23.35247379813738, 56.545820471821294], [23.35309017114653, 56.546382060447705], [23.35311881869548, 56.54643828097858], [23.35320183374428, 56.54752276248065], [23.353229981617243, 56.5476266613163]]]}}, {"type": "Feature", "properties": {"fid": 255, "nosaukums": "Ālave", "garums": 8543, "posmaID": "1957", "gadsAvotos": null, "regulets19": 1, "kolhozs": null, "udenskratu": null, "piezimes": null}, "geometry": {"type": "MultiLineString", "coordinates": [[[23.166906518797227, 56.49437327110636], [23.167051311613427, 56.4943635404749], [23.167357914401514, 56.4943375498062], [23.16785909590395, 56.494295064495304], [23.168755929001527, 56.494215705004336], [23.169807554022093, 56.49415118752421], [23.170100072600153, 56.494095962533436], [23.170549010137588, 56.49397810498412], [23.171225271951673, 56.49377794375632], [23.17142299736552, 56.49367757438889], [23.171545413056926, 56.49353325027022], [23.171777630490382, 56.493226080287656], [23.171967128886088, 56.49293884851103], [23.172184866139624, 56.492649205405435], [23.172376614148618, 56.49250080440589], [23.172592391633884, 56.492436198937185], [23.17365652447281, 56.49254659584237], [23.17408033007234, 56.492394770066205], [23.174596385257026, 56.492213667775516], [23.174913376757143, 56.49178758003949], [23.175984976705738, 56.491119589093074], [23.17610715011294, 56.49106715597997], [23.176158498095322, 56.4910451186548], [23.176209847642102, 56.49102308131894], [23.176280185763883, 56.49099289418714], [23.17715754014775, 56.49072320971097], [23.179150729054943, 56.490777982397034], [23.179766283174718, 56.49055593111387], [23.180733582408546, 56.490253027998236], [23.1811582340515, 56.490161869282716], [23.182002731937118, 56.49000408601264], [23.18266106529982, 56.48986677166796], [23.184146881086406, 56.489590644501476], [23.184371315125027, 56.48953104041681], [23.186013782967517, 56.48868761955122], [23.186610196879585, 56.488420332552586], [23.186853188017167, 56.48837124249852], [23.187097762435425, 56.488357898513456], [23.187351079039743, 56.48837515074334], [23.18795320675025, 56.48850059465268], [23.188021935455815, 56.48851491258717], [23.188077541283274, 56.48852463982965], [23.188143359653257, 56.48853615434952], [23.188209181310924, 56.488547668855844], [23.18888895131269, 56.48866658611256], [23.18970595685676, 56.48875155730948], [23.19189424817126, 56.48892885561594], [23.19596632482264, 56.4892221068287], [23.196185670790516, 56.48924707064007], [23.196356370970936, 56.489224631166245], [23.196499200628487, 56.48917846888312], [23.19738233678355, 56.488670149890176], [23.198595028748255, 56.48834052624683], [23.198730099853666, 56.488325701654354], [23.199602776810757, 56.488311709773114], [23.20113521813746, 56.48829018459068], [23.20130492200305, 56.48831481916879], [23.203090457023503, 56.48873829641814], [23.2040156038301, 56.48892865148349], [23.204269426906016, 56.489000907377736], [23.20436780758831, 56.48904470038782], [23.20447286912046, 56.489108155709374], [23.205153750555272, 56.48978742290981], [23.205215608235342, 56.48988199137134], [23.20522097690747, 56.48996442766729], [23.204916834431348, 56.49060207435528], [23.204915603492903, 56.490660924359304], [23.20495684243837, 56.490723970674466], [23.20562681438406, 56.49158758767014], [23.20576701849512, 56.491666961718316], [23.206189027225648, 56.491838386837514], [23.208067455445995, 56.492580219325006], [23.209197910736844, 56.49279538719619], [23.209290194493224, 56.492792050239075], [23.210293977474223, 56.492617938145415], [23.21038707574495, 56.49257536729643], [23.21191117686656, 56.4919376060789], [23.21236874088926, 56.491763934004354], [23.21252712753504, 56.49165114614973], [23.21335596909699, 56.4910168055274], [23.21410818444788, 56.49065664598541], [23.214659052844212, 56.490428621579156], [23.21669536331856, 56.49095193850878], [23.217022671436048, 56.491036050054845], [23.217502513282014, 56.49115678954728], [23.218782481452152, 56.49134534533686], [23.218923195994375, 56.49140116453315], [23.218936574632423, 56.49144048779432], [23.219167956131404, 56.49226203262341], [23.2196974394298, 56.49404649108965], [23.219698697233223, 56.49405073161138], [23.220386939280136, 56.49438858291109], [23.221440945029283, 56.49490764613535], [23.221534092727275, 56.49495351742777], [23.221576527542236, 56.49497441457137], [23.221618441396217, 56.49499505507147], [23.222388466382377, 56.49537424949928], [23.222487366081594, 56.495394488132156], [23.22446546408374, 56.495795316769616], [23.225061197163438, 56.49580295917078], [23.228031739770476, 56.49589208484413], [23.22809439268102, 56.49590423495418], [23.228533435029924, 56.495989374916185], [23.22894236514197, 56.49611355379258], [23.231384305511458, 56.497086111931154], [23.231943770249142, 56.49732722585509], [23.23200320157374, 56.49735283894388], [23.234238209921216, 56.49846095709152], [23.23439137646559, 56.4985368932494], [23.235109550778635, 56.49885895643108], [23.235862645697765, 56.499107065640516], [23.23614489439759, 56.49918335511894], [23.236171840996292, 56.49918916039858], [23.236632308644747, 56.49928837147647], [23.237296910841536, 56.499402321905976], [23.24184415873737, 56.500132529657186], [23.241970988040755, 56.50017646617299], [23.242230722086397, 56.50031538548426], [23.24437843730695, 56.501486007878995], [23.244611139245322, 56.50155805215664], [23.24493745046441, 56.50166687528269], [23.245302507108054, 56.50174537839019], [23.245509575743586, 56.50178990649687], [23.24648325635399, 56.50203177832082], [23.24716878312289, 56.502174366100334], [23.24726676185891, 56.502189090655406], [23.247318391466354, 56.50219684894543], [23.247370021095005, 56.50220460721408], [23.247452383943354, 56.50221698459681], [23.247549083302978, 56.502217570336285], [23.247748357452362, 56.502209338936595], [23.24798188426982, 56.502195021816455], [23.248306983365257, 56.50215294279138], [23.248478189126764, 56.502125663023115], [23.24862682863441, 56.502088808304784], [23.24887303745865, 56.50200849680948], [23.249417080477357, 56.50182616145427], [23.24966322383003, 56.50174899348292], [23.249891557060014, 56.5017094722034], [23.251583968246628, 56.50156551803899], [23.25172623264844, 56.50156322865552], [23.251874061636986, 56.501567265371285], [23.25222567273342, 56.50162286712619], [23.25323469492425, 56.501805122001116], [23.254090517811953, 56.501967571532944], [23.254408314821585, 56.50200723307405], [23.25470941865204, 56.50202791720307], [23.254959637409563, 56.50203256446507], [23.25514165840058, 56.50203365596507], [23.255506196776818, 56.50201067194218], [23.257033888927054, 56.501853070810625], [23.25721022223021, 56.50185412526636], [23.25730661343242, 56.501870432541395], [23.258377562519993, 56.502087623152384], [23.2610417173711, 56.50258171617043], [23.263189706485868, 56.503000329447694], [23.263342558584583, 56.50303898967636], [23.26343284145442, 56.50307727965766], [23.26352838480154, 56.50313762266318], [23.264150897438416, 56.5036006511438], [23.26522120558728, 56.50444386591695], [23.26545145551443, 56.504599388873096], [23.26553278552586, 56.5046492026833], [23.265568980410357, 56.50467137296939], [23.265605176961557, 56.50469354325452], [23.26739133009572, 56.50578750833214], [23.26750401464099, 56.50584480291976], [23.267577481877563, 56.50587040611252], [23.268881938316945, 56.50617191920303], [23.269784144845765, 56.506381172289096], [23.270051105264706, 56.506448007104396], [23.27019993882773, 56.506520081751475], [23.271195371227808, 56.507765990115544], [23.271269334759968, 56.5078257566183], [23.2713866715574, 56.5078620449276], [23.27170740432744, 56.5079232590065], [23.27247762074396, 56.50804643776818], [23.272637421499226, 56.508106706954116], [23.27280704174444, 56.50821449933654], [23.27388451476372, 56.50910486622473], [23.274096607291995, 56.509236638424625], [23.274489856220665, 56.50943473510297], [23.275102849423686, 56.50967753120301], [23.276542017806147, 56.510285232008336], [23.276665753770267, 56.510355104173115], [23.27744306895135, 56.51115571418969]]]}}, {"type": "Feature", "properties": {"fid": 280, "nosaukums": "Auce", "garums": 983, "posmaID": null, "gadsAvotos": null, "regulets19": 1, "kolhozs": null, "udenskratu": null, "piezimes": null}, "geometry": {"type": "MultiLineString", "coordinates": [[[23.54901803444558, 56.66331836512211], [23.546674109650187, 56.662632596704064]], [[23.546674109650187, 56.662632596704064], [23.54629801757197, 56.6622841977968]], [[23.54629801757197, 56.6622841977968], [23.544761803768008, 56.66130234524954]], [[23.544761803768008, 56.66130234524954], [23.543392747143304, 56.66042726944892]], [[23.543392747143304, 56.66042726944892], [23.543027552740384, 56.6601938339036]], [[23.543027552740384, 56.6601938339036], [23.542955722999274, 56.660147919421306]], [[23.542955722999274, 56.660147919421306], [23.5429503582227, 56.66014462952141]], [[23.5429503582227, 56.66014462952141], [23.542870693102696, 56.6600957753851]], [[23.542870693102696, 56.6600957753851], [23.542762675847644, 56.660029533498765]], [[23.54901803444558, 56.66331836512211], [23.555308954594054, 56.66528023129345]]]}}, {"type": "Feature", "properties": {"fid": 281, "nosaukums": "Eglone", "garums": 7635, "posmaID": null, "gadsAvotos": null, "regulets19": 1, "kolhozs": null, "udenskratu": null, "piezimes": null}, "geometry": {"type": "MultiLineString", "coordinates": [[[23.42976729430296, 56.511356635537624], [23.429772187462518, 56.51138940153446], [23.430451253682943, 56.51235460112635], [23.43081240821208, 56.512748553144014], [23.4312513777335, 56.51309323781892], [23.431826704849055, 56.51357372328127], [23.43188032529368, 56.5138023582408], [23.43197674461442, 56.51421348520163], [23.432146103593446, 56.51466326103474], [23.43229510194677, 56.5147819182615], [23.433356184764413, 56.51520917676903], [23.433940677823603, 56.51564395813302], [23.433962069463583, 56.515659869856], [23.433983461121514, 56.51567578157526], [23.43404763456426, 56.515723517601884], [23.43411722001748, 56.51577527807948], [23.4341352750045, 56.51578870836908], [23.434157603875246, 56.51580531701999], [23.43738061159488, 56.518202527512415], [23.437424204404667, 56.51823494817178], [23.439171913515448, 56.519154032591665], [23.439826152347056, 56.519498065568946], [23.4414152518174, 56.52068334949191], [23.441428459645596, 56.52076287813645], [23.441390851885508, 56.52136468839173], [23.441389536647446, 56.521454085741844], [23.441506239431416, 56.52158374773143], [23.44171621144034, 56.521725749091665], [23.441844952452154, 56.52177003535763], [23.442619102830065, 56.52192052812048], [23.444991217639885, 56.52217352563083], [23.44653786280084, 56.523084385203376], [23.44708702205132, 56.523384838629596], [23.452858406004914, 56.52521631829845], [23.458036605365223, 56.526838322779504], [23.458190148642426, 56.52691051473502], [23.458990234668473, 56.528196319330156], [23.459140396669095, 56.528981870823515], [23.459175060748112, 56.529285190630624], [23.459432208793224, 56.531535124776575], [23.45947588821652, 56.531615338121306], [23.45954435260014, 56.53164993081443], [23.45966803327442, 56.53168095417687], [23.461638972188503, 56.532147272663465], [23.461768232935718, 56.532194564445085], [23.461866077098918, 56.53225281480968], [23.462076939784048, 56.532491632439324], [23.462106851074566, 56.53254860209908], [23.46139020097017, 56.533234362401394], [23.458721282021973, 56.53424137900712], [23.458648035349903, 56.53430012382902], [23.458636930901875, 56.53435342436028], [23.45866345311079, 56.5344278473955], [23.458731052266877, 56.53452340703609], [23.458924458889438, 56.534743358728726], [23.459892259237463, 56.53579167699898], [23.45995649672622, 56.53588150550805], [23.45995560200071, 56.53594437657128], [23.45992712234696, 56.53600712777887], [23.459811303350204, 56.536149522750705], [23.459598068955497, 56.53635246349425], [23.459105183681995, 56.53682093072279], [23.459031442081383, 56.536913969435936], [23.45904059285352, 56.53699784281964], [23.459164789403545, 56.53713111038145], [23.45919708948755, 56.53716576956068], [23.4592283336109, 56.53720059304232], [23.4599175999491, 56.53796877949956], [23.460625646957514, 56.538757860121095], [23.46097687751233, 56.53910722035862], [23.461978306697915, 56.540032719469224], [23.465048195280428, 56.542897281541514], [23.465146515407028, 56.54295280086263], [23.466171472026403, 56.543531557885935], [23.467059020105243, 56.54406105653716], [23.467309362030832, 56.544222663737465], [23.467915265312683, 56.54471130302273], [23.46940154134932, 56.54594563507808], [23.46931787230151, 56.54668476466725], [23.469257713559205, 56.54721619761188], [23.469292514698637, 56.547324697690364], [23.469428893607013, 56.54744165699116], [23.472294669253586, 56.548956910772795], [23.473939576673807, 56.550094131821965], [23.474059540704015, 56.55022122442265], [23.474159315458046, 56.550518009410915], [23.474901259577717, 56.552724812042364], [23.475087194013188, 56.55297327416379], [23.476369274895838, 56.55427731187248], [23.476429147881017, 56.554303271643995], [23.476506482379577, 56.554336803191], [23.476687046527296, 56.55441509228578], [23.47898883046483, 56.555108406385415], [23.479776637727515, 56.556543304024956], [23.480093011920903, 56.55669878495786], [23.48112955484816, 56.557208173178346], [23.482209613553902, 56.55836301222664], [23.486156750957758, 56.559271585152516], [23.486264542342433, 56.559360316279296], [23.486631865137475, 56.56021275141731], [23.48662772993225, 56.561935748624826], [23.487583081988078, 56.56274268659058], [23.48863666410879, 56.56357282846098], [23.488944744279863, 56.56367041618331], [23.489017417816044, 56.56369343603867]]]}}, {"type": "Feature", "properties": {"fid": 282, "nosaukums": "Tērvete", "garums": 3839, "posmaID": null, "gadsAvotos": null, "regulets19": 1, "kolhozs": null, "udenskratu": 0, "piezimes": null}, "geometry": {"type": "MultiLineString", "coordinates": [[[23.55750532002169, 56.580607519348], [23.55732822750739, 56.58100122988916], [23.557223430415135, 56.581274220956885], [23.55712805597725, 56.58146546858839], [23.557108564269694, 56.58155392590447], [23.557111651158078, 56.58165206772445], [23.557166976468107, 56.581757661956914], [23.55734715949938, 56.58191718171405], [23.55781236073268, 56.582323040024114], [23.557959525609366, 56.58241001087271], [23.558116634020084, 56.58250584654067], [23.55830011126251, 56.58259878750381], [23.55844735073374, 56.58269211614896], [23.558758404566937, 56.58288480799514], [23.55891824772752, 56.58297415945683], [23.559280381283664, 56.583143666799344], [23.559402695386805, 56.58318381925654], [23.559643685959795, 56.58321271054223], [23.560176773219005, 56.583244970440724], [23.560375292825444, 56.58328539137554], [23.560484961505384, 56.58332082538951], [23.560665274329917, 56.583470994456434], [23.560803387245347, 56.583609332108445], [23.560874717883806, 56.58370733828928], [23.560875318810304, 56.5837081651599], [23.560901567922404, 56.58374422964617], [23.56092751099495, 56.58377987438277], [23.560927815466762, 56.58378029322263], [23.561028432882196, 56.58391853598627], [23.56129223629009, 56.58417180218397], [23.56148520385797, 56.58432668733887], [23.56252864781537, 56.58489577904513], [23.562894969515376, 56.58507229993969], [23.56312260089262, 56.58515954733139], [23.563570178421536, 56.58526625780962], [23.563701213547592, 56.58528540910017], [23.563798538965848, 56.58529042401072], [23.56394249139988, 56.58529092873237], [23.564014466804625, 56.58529118102788], [23.56409067672834, 56.58529144812124], [23.56414987119418, 56.58529866411624], [23.56421728953034, 56.58532693819239], [23.564359602968437, 56.58546995920912], [23.564405074762718, 56.5855659123942], [23.564404322439938, 56.585631329945315], [23.564401372742573, 56.58563539664186], [23.56435699643017, 56.58569658439242], [23.564016239632306, 56.58587295945988], [23.563951922126897, 56.58594282687417], [23.563847752408147, 56.58616442328881], [23.563765637772878, 56.58630899463596], [23.563637326367672, 56.586420693338965], [23.563462146151725, 56.58651840885389], [23.563458339482303, 56.586520531935214], [23.56337692447511, 56.58660435797634], [23.563363656495774, 56.586653376762484], [23.563363198621182, 56.58669309426023], [23.563451063533847, 56.58678452389979], [23.563564735989484, 56.586840996700104], [23.563606861030127, 56.586859836097595], [23.563801304718044, 56.58688855505507], [23.563999741341284, 56.586938316097424], [23.564159882809943, 56.58700429746925], [23.56420168573998, 56.58705117249478], [23.564201094313542, 56.58710257256309], [23.56419602621566, 56.587174984441845], [23.564207357766666, 56.58729418233815], [23.564251433589465, 56.587511624738966], [23.564271502129852, 56.587607488947214], [23.5642647944485, 56.58782241754649], [23.564220974430643, 56.58795076758018], [23.564048676523093, 56.58820483594293], [23.56342626047336, 56.58893629373765], [23.563289199844785, 56.58907132562403], [23.563237418712532, 56.58915525558134], [23.56321961992282, 56.58922995859033], [23.563202739959927, 56.589592046480945], [23.563199724533337, 56.590220537175654], [23.563099104674503, 56.591234196387354], [23.5630941686534, 56.59129492650824], [23.563143716022626, 56.59140491239215], [23.56321473453804, 56.59148927348854], [23.56335714641703, 56.59162528635805], [23.563423391876757, 56.5917563591092], [23.563498025879834, 56.59189447071482], [23.563542237481947, 56.59210023244601], [23.56356905222294, 56.59234565219128], [23.563568352125046, 56.5924063962809], [23.563605601826424, 56.59248129331621], [23.56381451119135, 56.59272735162981], [23.564077047884954, 56.59309742826396], [23.564086134825576, 56.593119896299314], [23.564110965260536, 56.59318128865574], [23.564135795785926, 56.59324268010832], [23.564229405706293, 56.593474127877535], [23.56435394933234, 56.59369185185119], [23.56439849017412, 56.59386957653137], [23.564371629090846, 56.593995649999556], [23.56427237235244, 56.594156516300814], [23.564214253509903, 56.59442266577826], [23.56424627770069, 56.59458399184797], [23.564385749791793, 56.5949770008272], [23.564477252183256, 56.595122180273194], [23.56464077814445, 56.595265274926454], [23.565163475237924, 56.595479718915826], [23.56529811156783, 56.59555729163195], [23.565381873225192, 56.59563935915141], [23.565567463181637, 56.59607458363472], [23.56556448751765, 56.59633391673998], [23.565550280584855, 56.596464707265056], [23.565437833902752, 56.59666758419502], [23.565291506017317, 56.596870342638155], [23.56495303453089, 56.59720794195104], [23.563898506779168, 56.598671529041475], [23.562508043168823, 56.600608221240925], [23.561238586704036, 56.60232570007331], [23.560646353374153, 56.60319107566407], [23.559997552573083, 56.60413905989802], [23.559598680873773, 56.60469793997252], [23.5593688173283, 56.605020005402956], [23.559029131021, 56.605451041883335], [23.558972159446743, 56.60553092062587], [23.558934384829577, 56.60558388193766], [23.558925041608955, 56.605658615038216], [23.558930661379115, 56.60568964419837], [23.558944942693937, 56.60576849723206], [23.559015704779352, 56.605876223804714], [23.559179419578104, 56.60600530801505], [23.559570665931584, 56.606240336563594], [23.55959564884873, 56.606277807197834], [23.559603550034446, 56.60632690037594], [23.559589237018393, 56.60646469912715], [23.55955576924322, 56.606625091726066], [23.559365027371303, 56.60753917935089], [23.55931105712886, 56.60779781473305], [23.559322023842395, 56.6079473850578], [23.559312898428313, 56.60800342738253], [23.559278381083278, 56.60805704299333], [23.55905437663157, 56.60845589183227], [23.559036105193737, 56.608488423415345], [23.558965327769833, 56.60874517976059], [23.55895500194138, 56.608904019950565], [23.55896694939431, 56.608969482255524], [23.55899616902977, 56.60900696890591], [23.559635908545754, 56.60937138063225], [23.55983467099728, 56.60952771916078], [23.56083245836849, 56.610312516902624], [23.561028808273807, 56.610488651212535], [23.561065140597478, 56.61087065287613]]]}}, {"type": "Feature", "properties": {"fid": 285, "nosaukums": "Ellītes grāvis", "garums": 2981, "posmaID": null, "gadsAvotos": null, "regulets19": 1, "kolhozs": null, "udenskratu": null, "piezimes": null}, "geometry": {"type": "MultiLineString", "coordinates": [[[23.503233791343895, 56.53328444896439], [23.503241745452208, 56.53322144602508], [23.5033103736515, 56.53319422564853], [23.504017398148218, 56.53291378311933], [23.504271034293332, 56.53279709890185], [23.504510034517796, 56.532687147052684], [23.50462956386102, 56.532584985990255], [23.504748728932412, 56.53251081573788], [23.504951888070224, 56.5324696369733], [23.504913857885352, 56.53231086411985], [23.5048758263892, 56.53215209124477], [23.504821299148077, 56.53187422595074], [23.50482372630396, 56.531874613859735], [23.504824209786637, 56.53187469125411], [23.505030978439237, 56.53190777927681], [23.50519951457785, 56.53193177717484], [23.505309382820194, 56.531922883425146], [23.505461583049712, 56.53190482782851], [23.50560576609343, 56.53185408312959], [23.505749523505244, 56.531835993597], [23.505994159655028, 56.531850961923766], [23.506128988842566, 56.531870159036586], [23.506347935683255, 56.531913016961745], [23.506549937516308, 56.53196047187354], [23.506819417135322, 56.53201286067067], [23.506987712491455, 56.53205551646832], [23.507198521781216, 56.53207501378112], [23.50738340003574, 56.532141060720534], [23.507602349866502, 56.53218391643926], [23.507779452360936, 56.53219861457636], [23.50807486591861, 56.53220444879159], [23.508378539142594, 56.532224311610705], [23.50868207195458, 56.53226659973195], [23.508794397979866, 56.53228224872975], [23.509062793791482, 56.532341915527034], [23.50944460065755, 56.532483339981276], [23.509557390306192, 56.53254458811037], [23.509927927569212, 56.53141541737683], [23.510265737451512, 56.53088412565636], [23.510715682144046, 56.53066129843804], [23.511206179037206, 56.53044504477195], [23.51159504557237, 56.530030650839954], [23.511681322811995, 56.52994842056358], [23.511731570777, 56.52990053042255], [23.511781731404334, 56.52985272167512], [23.51178176102417, 56.52985269394017], [23.511781818638138, 56.5298526384638], [23.511851529096287, 56.52978619847884], [23.512184287598487, 56.5296106994007], [23.512290583415904, 56.529556924177506], [23.51260528985361, 56.52939771264293], [23.5130618665851, 56.529160329524665], [23.513262675075858, 56.52905592346457], [23.513603790928336, 56.52888222592577], [23.513722346769885, 56.52882185626762], [23.513878339866253, 56.52863849144383], [23.513947273597296, 56.5284234011237], [23.513978660297198, 56.528368044026536], [23.51399896822391, 56.528332225776566], [23.51409586179916, 56.528168451610966], [23.5141820774119, 56.52809612274725], [23.514249184542273, 56.528039823496734], [23.51438756799664, 56.527957340376986], [23.51465983442241, 56.527903414618685], [23.514735825656857, 56.52788836347561], [23.51513384823229, 56.52776092935767], [23.515458487656595, 56.5275779283918], [23.515634259864747, 56.52733004045756], [23.515940174543168, 56.52712866064317], [23.516067631165015, 56.52704533349373], [23.51629481418132, 56.52693193492382], [23.516562540243697, 56.526751359921455], [23.516771636549038, 56.52661347528902], [23.516956184905, 56.526512906419185], [23.517096453175245, 56.52641565832275], [23.51733201688947, 56.5262358075012], [23.51745574870634, 56.526101409379244], [23.51751784915368, 56.526033956477335], [23.51774097201277, 56.52579327329333], [23.517917333262126, 56.52561583209565], [23.51806742570262, 56.525464905671676], [23.518216952783572, 56.52528350212404], [23.51823186409599, 56.52526541523506], [23.518239914323182, 56.525251148825156], [23.518335439626206, 56.525070794482], [23.518389115747297, 56.52492768313117], [23.5185085640944, 56.524682575360956], [23.51853636206794, 56.52404424415667], [23.51853871011854, 56.52399034204566], [23.518731146218805, 56.52356864459854], [23.51927934443563, 56.52223533042862], [23.51951258202192, 56.52148195957343], [23.51956676547024, 56.521398703959676], [23.519514993508785, 56.52123783744641], [23.519322319860652, 56.52094888205743], [23.519256294081814, 56.520849861263315], [23.519225656346947, 56.520803912885654], [23.51919501869739, 56.520757963601774], [23.519124248326865, 56.52065182767124], [23.518807274601578, 56.520162024136006], [23.51863048264401, 56.51994679863276], [23.518442399144178, 56.51976292298084], [23.51828930649986, 56.51934472993399], [23.517322689567997, 56.51875929352224], [23.51723913803454, 56.51865285435902], [23.517018733414407, 56.51798673835692], [23.516332669466323, 56.51620460341922], [23.51583952739208, 56.51492930252376], [23.51576690815743, 56.51483426734057], [23.51570428252349, 56.5147523091053], [23.51562248369586, 56.514587847675635], [23.515435275617772, 56.514211450167274], [23.515347839078256, 56.51412131897778], [23.515204127028664, 56.51410239261035], [23.514668970690398, 56.51409826315649], [23.514598437715854, 56.51407938560865], [23.514540779952902, 56.51402021603466], [23.51400617952239, 56.5132000903984]]]}}, {"type": "Feature", "properties": {"fid": 287, "nosaukums": "Ailes strauts", "garums": 1518, "posmaID": "61", "gadsAvotos": "1965", "regulets19": 1, "kolhozs": "Zaļenieku", "udenskratu": null, "piezimes": null}, "geometry": {"type": "MultiLineString", "coordinates": [[[23.473971822746122, 56.46808922537977], [23.47399028094897, 56.468517225504435], [23.475516662279343, 56.46969241401436], [23.47564792282678, 56.46977986821842], [23.47573522003128, 56.46983803079836], [23.47595858097265, 56.46993166842688], [23.47682116131039, 56.47017495479464], [23.477122097320507, 56.470271177610044], [23.477325165086587, 56.47035568450575], [23.477564684806115, 56.47046295188587], [23.47781995280158, 56.470613241246895], [23.478135744413038, 56.470818044843], [23.479098052546494, 56.471536512288914], [23.479421780521836, 56.47175943233555], [23.479717662365708, 56.471927974475285], [23.48020453190751, 56.47216966326838], [23.48057406734329, 56.47232946792982], [23.480890875239588, 56.47246192178511], [23.481093839733056, 56.47255546480486], [23.48125165949042, 56.47266464492338], [23.4814902171098, 56.47284424746647], [23.482151727403597, 56.4734619573903], [23.48320994023695, 56.47434809421238], [23.483723002131455, 56.47477074459649], [23.48398944278027, 56.47500471847482], [23.48416254802441, 56.47519308745388], [23.484271583144245, 56.475286234983585], [23.48459586840634, 56.47562331631781], [23.484859595295106, 56.47605849231012], [23.485016314412796, 56.47640165959037], [23.485055725882972, 56.47650808229112], [23.485242981014167, 56.476859289316764], [23.485387963857992, 56.47701362745374], [23.485553677471053, 56.4771454429798], [23.485715462253598, 56.47726593785242], [23.48577591342154, 56.47732723080433], [23.48579155149123, 56.47737929449688], [23.485786640141857, 56.47744031678589], [23.485760968546085, 56.47752612279439], [23.48573142472233, 56.47759608586482], [23.48572197020259, 56.477691002702535], [23.485806475450687, 56.47778630770991], [23.48637585774197, 56.478279266199614], [23.48648512239748, 56.478356586660034], [23.486607068470168, 56.47840230745639], [23.486774380378776, 56.478416564527194], [23.486929343966853, 56.478437551771755], [23.487072206437404, 56.47844718558767], [23.487145465773146, 56.478467835978094], [23.487214488212608, 56.47849977208595], [23.48728293167428, 56.478574662805485], [23.487363996509664, 56.478622474539584], [23.487469848207418, 56.47865004158101], [23.487555089411416, 56.478691089011], [23.487587224442073, 56.4787319163765], [23.48758670662134, 56.47877034853931], [23.4876021329135, 56.47883823710431]]]}}, {"type": "Feature", "properties": {"fid": 288, "nosaukums": "Plepju grāvis", "garums": 6544, "posmaID": null, "gadsAvotos": null, "regulets19": 1, "kolhozs": null, "udenskratu": null, "piezimes": null}, "geometry": {"type": "MultiLineString", "coordinates": [[[23.473971822746122, 56.46808922537977], [23.4723392578701, 56.468046828083416], [23.47223506055727, 56.46806261918103], [23.4708863171751, 56.46861620092542], [23.46977852389747, 56.46909553298091], [23.469652008526204, 56.46918206418544], [23.46959739227986, 56.46927480515602], [23.46900746506778, 56.47021480578168], [23.468978630748165, 56.47024470117893], [23.468919606503846, 56.47027101294919], [23.468831342739684, 56.47029670008658], [23.46727075334129, 56.47045908327605], [23.466374724677184, 56.470552307969], [23.464218846679536, 56.47075814283347], [23.462625323911357, 56.47091259004052], [23.461868241628757, 56.47096378928944], [23.461154238625653, 56.47092379851645], [23.460091332356715, 56.47085719813662], [23.45872276072226, 56.47108411515795], [23.45668820774799, 56.47148284555493], [23.45407897452415, 56.47196283853124], [23.451012029270686, 56.47252729378942], [23.44958552962543, 56.47200498521884], [23.447488374539514, 56.471182513777556], [23.446775966628064, 56.47015957166284], [23.445920687432153, 56.468857356559596], [23.44551075646011, 56.46820146694565], [23.445423546694574, 56.46786702131018], [23.445074654151174, 56.46659069746501], [23.444863292857413, 56.46607270339327], [23.44432545175034, 56.46550977349081], [23.443854340830267, 56.465061701437044], [23.44348413093771, 56.4648583359345], [23.44271305609154, 56.464481071274896], [23.441914020357643, 56.46357720812318], [23.441339357842928, 56.46278604925723], [23.44077421084324, 56.46208700472267], [23.440315584664678, 56.46149751775811], [23.439103838898145, 56.459990185579606], [23.437029268561606, 56.459561848732896], [23.436743169578204, 56.45950277395173], [23.435822725346306, 56.45788774599561], [23.435528772252162, 56.456104893029455], [23.435425850883462, 56.45519096721435], [23.435413684516234, 56.455082923303586], [23.433968143083913, 56.45389294050706], [23.432159143248434, 56.452354285328894], [23.43190641319102, 56.45215437043307], [23.431761728064924, 56.452086424549265], [23.43165529159675, 56.45205902346684], [23.431543556074953, 56.452061203605254], [23.43144178955794, 56.45207342450825], [23.42870025841631, 56.45267159516537], [23.425364843714657, 56.45337508311336], [23.423422451891206, 56.452923448536545], [23.42097314014982, 56.453454455632595], [23.420839325792322, 56.45331492987081], [23.41965296011793, 56.45200715098829], [23.419048055062564, 56.45133625755502], [23.419017018566564, 56.45130183567485], [23.418984764473304, 56.45126821489257], [23.418335050477793, 56.45059097172029], [23.418089545599507, 56.45032665263592], [23.417388786053007, 56.44957216364685], [23.41738857376618, 56.44957193624192], [23.41738835987087, 56.44957170793101], [23.416760922741265, 56.448905513703586], [23.416759987072957, 56.44890453539094], [23.416759030206528, 56.448903564166265], [23.416412535495247, 56.4485567640418], [23.416409844852645, 56.448553437919784], [23.416280414400056, 56.448591202927645], [23.416233675523277, 56.44860483988373], [23.416186956161532, 56.44861847152331], [23.415412873245263, 56.4488443269197], [23.413546165593388, 56.44939330483776], [23.41211626546794, 56.45005873243165], [23.4107986859945, 56.45091452761912], [23.41040121692312, 56.45090130205017], [23.40857618167233, 56.45058837935289], [23.407945174886414, 56.450484164066395], [23.407884690205254, 56.45047417414408], [23.40733447327914, 56.45038329847914], [23.406638874300455, 56.45026840633732], [23.402974407675348, 56.44965022325957]]]}}, {"type": "Feature", "properties": {"fid": 292, "nosaukums": "Svētaine", "garums": 1172, "posmaID": null, "gadsAvotos": null, "regulets19": 1, "kolhozs": null, "udenskratu": null, "piezimes": null}, "geometry": {"type": "MultiLineString", "coordinates": [[[23.175509475618373, 56.41762142770009], [23.17797017402313, 56.41788418385813], [23.179353184426414, 56.41821937378587], [23.179507930257184, 56.41825687684963], [23.180006782475363, 56.41837777354074], [23.18370184819743, 56.41903463654807], [23.183747181390554, 56.419042694863094], [23.185741304404303, 56.4194002308202], [23.186532899633296, 56.419491852270156], [23.189485664285453, 56.41983469282787], [23.190618951039003, 56.41996601188357], [23.1908234931968, 56.42003673465689], [23.191368484312502, 56.42036274052889], [23.192554396113024, 56.42130332985623], [23.1925940889104, 56.421334810792466], [23.19263378179228, 56.421366290817716]]]}}, {"type": "Feature", "properties": {"fid": 297, "nosaukums": "Reņģe", "garums": 5413, "posmaID": "12", "gadsAvotos": "1965", "regulets19": 1, "kolhozs": "Suvorova", "udenskratu": null, "piezimes": null}, "geometry": {"type": "MultiLineString", "coordinates": [[[23.24380010939673, 56.38008715228773], [23.245907573237265, 56.37983532477096], [23.24615805335491, 56.379831702202516], [23.246609760704878, 56.37991457958279], [23.24663090835393, 56.37991845961615], [23.24720228453697, 56.3800232912667], [23.24735881655944, 56.38008084496611], [23.248703590097513, 56.380875201112346], [23.248868996167918, 56.38095338875932], [23.24905306827347, 56.380985314766306], [23.25518194756289, 56.381904291469276], [23.25541329134411, 56.38193140927816], [23.255719326820685, 56.38193324644], [23.258663285667062, 56.381955488079704], [23.258830015704746, 56.38196677574836], [23.259042214571952, 56.38202464639286], [23.260520964070086, 56.382724376682], [23.261353053413934, 56.38311809441125], [23.26159109646271, 56.38327902861366], [23.261718047414853, 56.38342901088257], [23.264259992470986, 56.38653190294476], [23.264360231582007, 56.386625120496454], [23.26454414494444, 56.38670854227001], [23.265670672771652, 56.38729480675261], [23.26572130384299, 56.38732115577017], [23.26577122938957, 56.38734713760945], [23.265771844581213, 56.387347573413884], [23.26583916531057, 56.387395289684], [23.265844439960578, 56.387399027980614], [23.26587995739328, 56.38748156918807], [23.266226854875157, 56.38864326524889], [23.266326215649347, 56.3887827864843], [23.26714458591026, 56.390081448292555], [23.26718780315907, 56.390246366382286], [23.267195827881856, 56.39032150577061], [23.26726643342315, 56.3909826672021], [23.267282884248008, 56.39106930909743], [23.267354720897558, 56.39119323027298], [23.267764218328672, 56.391671926088556], [23.267877004455684, 56.39177044738693], [23.269326003253724, 56.39245760318544], [23.27104696870368, 56.39326444106747], [23.271518018834655, 56.393493568832675], [23.271876642741876, 56.39367699298644], [23.27215629612049, 56.39378184644265], [23.272446486921915, 56.39386165527002], [23.272611405897464, 56.39389609397329], [23.27298251744831, 56.39397358904197], [23.273167953477248, 56.39400814995776], [23.273403838551214, 56.39403463784482], [23.273680168522205, 56.39405020320056], [23.27402235404277, 56.39404104852233], [23.274188205877355, 56.39404759864273], [23.274333623396505, 56.39407076558805], [23.274484015858594, 56.39409675119597], [23.275438667598515, 56.39430409813432], [23.275892859324937, 56.39441702542519], [23.27608093265714, 56.3944687418639], [23.276223239496947, 56.394527421799204], [23.276339129898872, 56.39460402544926], [23.276774053583093, 56.39504585562384], [23.27694371011272, 56.39520954587386], [23.277027526752022, 56.39525884532995], [23.277150350197942, 56.39531379519176], [23.277404660513337, 56.39541188528925], [23.27779754966439, 56.395563424647065], [23.278632872243367, 56.39586295579141], [23.279021529624462, 56.395995376952946], [23.279118558172602, 56.3960357123252], [23.279205570317547, 56.396088644279175], [23.279365770018266, 56.39623600589934], [23.27975054325908, 56.39657449004085], [23.2798952698211, 56.39667837428095], [23.27994368384215, 56.396703965072874], [23.280005305470084, 56.396720592169444], [23.280073682760857, 56.3967246053798], [23.280409638776675, 56.39671390001225], [23.282354509989347, 56.39660404599524], [23.28304644785614, 56.396557428937875], [23.283531992794412, 56.396565658573465], [23.283570143346555, 56.39664573618068], [23.283882040273276, 56.397300389666995], [23.284096503609714, 56.39771997381617], [23.284212460511053, 56.397887980936], [23.284353809362102, 56.39797246594072], [23.284543292383017, 56.398030806420074], [23.28471747350189, 56.39805823209155], [23.284963198557964, 56.39808166749329], [23.28536085326253, 56.398048730448885], [23.286625682759343, 56.39792830547903], [23.288718466229376, 56.397693720098616], [23.288980808778355, 56.39767760982987], [23.289139523101383, 56.397682922891555], [23.289558939683104, 56.3977601875958], [23.291520660850683, 56.398167735294344], [23.29228870955066, 56.39828661452981], [23.293595867121965, 56.39845259674339], [23.294007930608437, 56.39849897911012], [23.295701094554058, 56.39896605753581], [23.297138922391856, 56.39937598482241], [23.29835734128268, 56.399702290608914], [23.2984254245288, 56.39974285313038], [23.300280269638822, 56.40131823053194], [23.300383216839926, 56.40143331564977], [23.300689966175185, 56.40189306490469], [23.301991548005965, 56.40361997713839], [23.30199033484371, 56.40368626327381], [23.301955856576505, 56.40378852079639], [23.30142579849887, 56.40516254276259], [23.301402299341195, 56.40523320376908], [23.3014072849843, 56.40526401132404], [23.301428869019603, 56.40529798957904], [23.30153886878548, 56.405354012569084], [23.303856567113847, 56.40641661964119], [23.305794678806304, 56.40729546155751], [23.30608613775366, 56.40744791135188], [23.30616811537313, 56.40751916225945]]]}}, {"type": "Feature", "properties": {"fid": 298, "nosaukums": "Cērpaine", "garums": 7107, "posmaID": "9", "gadsAvotos": "1962", "regulets19": 1, "kolhozs": "Suvorova", "udenskratu": null, "piezimes": null}, "geometry": {"type": "MultiLineString", "coordinates": [[[23.191256550223027, 56.395488445857126], [23.191316478711578, 56.39551683363433], [23.191377312659036, 56.395545650696405], [23.191961768959622, 56.39628404425853], [23.192900971784162, 56.39747055690293], [23.19296036258465, 56.39754558290811], [23.194982365467975, 56.39867269581389], [23.196116275326347, 56.399272745538624], [23.19839850032096, 56.39955029725257], [23.198737978439265, 56.399592747505054], [23.199075880133766, 56.39963499976463], [23.20114454119457, 56.399741024218415], [23.202985791146375, 56.40007417319581], [23.20633393877705, 56.40207802276653], [23.208517310040772, 56.402220309701114], [23.208949739613953, 56.402294111846075], [23.209645268872727, 56.40243604883201], [23.210132897961852, 56.40260905972375], [23.212247235815656, 56.40358944016027], [23.212391461213574, 56.40361507103625], [23.214525066096385, 56.40371976528032], [23.214813392350344, 56.40377720042642], [23.216955535533952, 56.4046557913192], [23.217277907255728, 56.40468254178054], [23.217312111669347, 56.404682120584376], [23.21893747591004, 56.404662107474905], [23.2191035969919, 56.404706405556915], [23.219254456942338, 56.404779136404805], [23.220215125320873, 56.405782402306976], [23.221059009953684, 56.40692838812799], [23.22114493181678, 56.40708340105254], [23.2211989639536, 56.4071640659246], [23.22127313541007, 56.4072053336293], [23.221429344544436, 56.40724756452493], [23.223596986097466, 56.40776742780023], [23.22366826810115, 56.407784522490154], [23.223739546946614, 56.40780161622064], [23.229469251029183, 56.40917550610295], [23.22970121671902, 56.4092696306027], [23.229843354079183, 56.409400270441445], [23.231381515280116, 56.411218206704916], [23.232908298917852, 56.4130225072538], [23.23313716375976, 56.41316584547578], [23.236367205106102, 56.414795921044785], [23.23651719092159, 56.414852870570904], [23.236566602890175, 56.41487163268784], [23.236616013304793, 56.41489039387682], [23.23679356047237, 56.41495780815191], [23.243375684957527, 56.417183073702894], [23.243552781765946, 56.41723976397134], [23.243739062579817, 56.4172728848596], [23.246110550567003, 56.41742971192111], [23.246418234262954, 56.417495080886404], [23.246784161707087, 56.41764093394209], [23.248526315614182, 56.418335296680766], [23.24970929286355, 56.4191785458522], [23.24989579299381, 56.41931148249253], [23.251647270736424, 56.420640172701475], [23.25175050888038, 56.420686977192204], [23.2519647679005, 56.42069654931038], [23.255174410303542, 56.420657546626565], [23.25539028289707, 56.42062613016807], [23.25832891015798, 56.41930637559806], [23.258520622499304, 56.419267112173316], [23.261271559405987, 56.41915637713747], [23.261566392349533, 56.41914450519254], [23.261619835643476, 56.41914235337315], [23.261673282173273, 56.419140201550015], [23.261897515841053, 56.419131171906756], [23.267947593055656, 56.41903252686552], [23.26832564119056, 56.419052075522835], [23.270107382472105, 56.41942628203818], [23.27054557794949, 56.41948521137247], [23.270881769241583, 56.41952479698611], [23.271098333274356, 56.41951298959664], [23.272049260723087, 56.41935724544533], [23.27403012568927, 56.41902657706017], [23.27415237922592, 56.41900985137604], [23.274207439245746, 56.419010173464955], [23.274277610231078, 56.419043285203315], [23.27608224420326, 56.41991278204256], [23.277279349522317, 56.42046478305954], [23.27817598992213, 56.420890759627255], [23.27832855570544, 56.42093524846161], [23.278786875537488, 56.421036017080965], [23.279265235598327, 56.42111727982634], [23.279477089235428, 56.42114685125513], [23.279539812764483, 56.421158116488435], [23.279582429978444, 56.42116584810839], [23.27964958778473, 56.421178032101096], [23.27971674887615, 56.421190216076354], [23.279763261306524, 56.42119865487229], [23.279821764285238, 56.42122515581317], [23.280676610523738, 56.42178385621792], [23.28122478054138, 56.4221271260695], [23.28254673996613, 56.4229501292025]]]}}, {"type": "Feature", "properties": {"fid": 535, "nosaukums": "Ailes strauts", "garums": 4365, "posmaID": null, "gadsAvotos": null, "regulets19": 1, "kolhozs": null, "udenskratu": null, "piezimes": null}, "geometry": {"type": "MultiLineString", "coordinates": [[[23.34057524183908, 56.416914123318044], [23.346273046373987, 56.41769496294711], [23.348185485788363, 56.41793518818045], [23.348402554899106, 56.41794340996085], [23.348664582977428, 56.41793770412335], [23.349604821241574, 56.41787181645731], [23.350429832565734, 56.41781948263806], [23.350596038404742, 56.41781327103197], [23.350653952642762, 56.417788786643015], [23.35081811387751, 56.4175276137496], [23.350912402518066, 56.417356860482755], [23.35095654017744, 56.41727692845858], [23.351007702513563, 56.41727365436919], [23.351634656627386, 56.417300480692816], [23.352174747471633, 56.417337101720655], [23.352253018517658, 56.41733067312078], [23.352331987254686, 56.417283179704604], [23.352361564014075, 56.41723770152732], [23.352635975530802, 56.41634031847245], [23.35299286908724, 56.415187385798866], [23.353448449393, 56.41521940977591], [23.35437299554581, 56.415308634199306], [23.355970417575655, 56.41547434583447], [23.357182004458032, 56.41559013278691], [23.359379175930698, 56.41580681195537], [23.360976755809066, 56.41596561358113], [23.361983159133995, 56.4160529206737], [23.36330167379793, 56.416223221658655], [23.363419438646755, 56.4162384312159], [23.36342036541894, 56.41623855097315], [23.363436277459993, 56.41624060561917], [23.364538666447004, 56.4162462565931], [23.3647162617131, 56.41620382458225], [23.366683742034994, 56.415641279685346], [23.36751446118543, 56.415408271249404], [23.367736921425536, 56.41538887540208], [23.36835663166551, 56.415476432721135], [23.369332767265973, 56.415652500071694], [23.370292876054116, 56.41580337554797], [23.370559668052753, 56.41583895145495], [23.370712022417546, 56.4158305959821], [23.370914819810256, 56.41575634287958], [23.371477542858127, 56.41555844408708], [23.371981961948144, 56.41540358909754], [23.372267397887285, 56.41530694029764], [23.372454452623188, 56.415189263587806], [23.3724941483753, 56.41514231975119], [23.373297672803734, 56.41419205424244], [23.37389318758832, 56.41349834519757], [23.37430477155838, 56.41298257918401], [23.37483275367185, 56.412391182450605], [23.375094386253252, 56.41206595711491], [23.376068655471386, 56.41210799372476], [23.377909029720275, 56.41216844731488], [23.377936561253183, 56.412173688583266], [23.378015711623505, 56.41218495671827], [23.37814976170834, 56.41228827713077], [23.37867974965478, 56.412831595449724], [23.379589431879875, 56.413804322230405], [23.380540329323143, 56.414774058333734], [23.381709602992046, 56.41597983895766], [23.382013400203597, 56.41627106792412], [23.383045711715834, 56.416391111330725], [23.38309730990231, 56.416397111706125], [23.383148908119708, 56.41640311116173], [23.38320211448978, 56.41640929828111], [23.383260014768716, 56.41641610079095], [23.38516888179355, 56.41664034007015], [23.38674150925688, 56.41681022200466], [23.38735764654879, 56.416868017586985], [23.387525609527813, 56.41691218821484], [23.387777710116488, 56.41709593524208], [23.38836711623203, 56.41753913815352], [23.38896063689772, 56.4179823494742], [23.390270054581066, 56.41893779997528], [23.390895919753667, 56.41941994696372], [23.391729521322876, 56.420033142316306], [23.39222578648334, 56.42038917811912], [23.39382711663135, 56.421568149305436]]]}}, {"type": "Feature", "properties": {"fid": 536, "nosaukums": "Ailes strauts", "garums": 6849, "posmaID": null, "gadsAvotos": null, "regulets19": 1, "kolhozs": null, "udenskratu": null, "piezimes": null}, "geometry": {"type": "MultiLineString", "coordinates": [[[23.403743139276475, 56.432219710572475], [23.404172551574614, 56.43218857186312], [23.404444052919622, 56.43219672125409], [23.404698866693835, 56.43221847339904], [23.40519956199855, 56.4323075655838], [23.40547038811868, 56.43235905071849], [23.405700295253727, 56.43239437385959], [23.405938582144046, 56.432420608434555], [23.406267553783355, 56.4324381481843], [23.40642829431086, 56.43242295163571], [23.406650976762865, 56.432394358667516], [23.40702660416135, 56.4323231549519], [23.407154783531254, 56.43228498125281], [23.407390903788492, 56.432185734160285], [23.407927523589915, 56.431949217918934], [23.408138536303245, 56.43187722539149], [23.408320629225095, 56.43181193183355], [23.408498355102243, 56.43176259163428], [23.408671482607172, 56.43174516916451], [23.408861051228488, 56.431727824769084], [23.40920668795506, 56.431731752730634], [23.409710613199216, 56.431745551992044], [23.411195477345373, 56.43179822910918], [23.41171362624259, 56.43182350701156], [23.413828926932958, 56.43190651523478], [23.415301518052555, 56.43195452109674], [23.416344144139696, 56.43199593295346], [23.41663611829929, 56.43201098914957], [23.416738754230995, 56.43202744599225], [23.41691901773273, 56.43208076250879], [23.41714830583749, 56.432157120644035], [23.417438223566258, 56.43230676197607], [23.417527877451633, 56.43236421635261], [23.41777497214237, 56.43262315887964], [23.41822826194487, 56.433124885238726], [23.418819256685676, 56.43377325277046], [23.419293023760467, 56.43428236637206], [23.4194953904646, 56.43450688310578], [23.419709960702182, 56.434740575810764], [23.419856350882938, 56.434857600328975], [23.41998633617461, 56.4349699928686], [23.42081093724539, 56.43541641965899], [23.4215737539028, 56.43586710808508], [23.42282248577742, 56.436574178555176], [23.423524234280666, 56.43698351169384], [23.423765848552165, 56.43713039165391], [23.42385969087909, 56.43718743943128], [23.423897815421203, 56.43721061487875], [23.423935940009635, 56.43723379031454], [23.424072861995857, 56.43731702638435], [23.425487518760093, 56.438114462340266], [23.42560382086948, 56.43816769909979], [23.4257835251334, 56.43820318826221], [23.42713322367925, 56.43847688424511], [23.427499932062364, 56.438597578388865], [23.427697447717097, 56.43869805797497], [23.429703802523036, 56.440017772282495], [23.431162361714602, 56.44094486720167], [23.432230887901394, 56.44166800517569], [23.43231756799816, 56.44172966764784], [23.432402423028588, 56.44179877253308], [23.432509738517393, 56.44193423242861], [23.4326004323754, 56.442137100390084], [23.433031525631254, 56.44297657099692], [23.433504673224903, 56.44393043612885], [23.433899118079655, 56.44471609346985], [23.434145828056554, 56.445142890625036], [23.43424076595777, 56.445271370854705], [23.434361417807995, 56.44535151767022], [23.434503885200105, 56.445435224569614], [23.434904614446797, 56.44558932181984], [23.435800013379865, 56.44588895675955], [23.43768457545904, 56.44651956629775], [23.43936452445976, 56.447063835648585], [23.439371612196314, 56.447066565692815], [23.439776155328797, 56.44722237943987], [23.439924991770955, 56.44729918716244], [23.440781777895406, 56.44788791563873], [23.441053984238774, 56.448074290601475], [23.441167699778273, 56.44820284994559], [23.441294349431118, 56.44839625160582], [23.441318118210315, 56.44843254706922], [23.44134188704782, 56.44846884162955], [23.44144273203202, 56.44862283797081], [23.441916170638834, 56.44932193277735], [23.44229625624132, 56.44990745070638], [23.44266366131652, 56.450461644566325], [23.44320770423611, 56.451315434487405], [23.44359726362074, 56.451896291770375], [23.443831033900583, 56.45228031400313], [23.444456531921677, 56.4529917010171], [23.444695264696396, 56.453258251430015], [23.444840870337753, 56.4534208212366], [23.44495216941128, 56.45350264611051], [23.44507944710533, 56.45356031754838], [23.445241347250455, 56.4536008395354], [23.44541289746787, 56.45362236997542], [23.445590900463987, 56.45363008666122], [23.445753582414262, 56.453616969841825], [23.447232724498054, 56.45332594158973], [23.448341765797913, 56.45312842208416], [23.44938487442417, 56.453167660205814], [23.451064455127398, 56.4532754599933], [23.45144858066829, 56.45329100116095], [23.45380433349294, 56.453068593285145], [23.456341995635697, 56.452833016150095], [23.457710071881618, 56.45267481374253], [23.457966480788876, 56.45266209122948], [23.458175826593667, 56.45266300511086], [23.45976642342654, 56.452875850626675], [23.462446634723214, 56.453598666257015], [23.46423948001134, 56.45409957029173], [23.464354337154568, 56.45415370747852], [23.46443467802453, 56.45421807716999], [23.464492853825217, 56.45430311602077], [23.464590505066287, 56.45451922648468], [23.464608015351814, 56.454557977288076], [23.464712682400428, 56.45492071238511], [23.464918403424992, 56.45581902081992], [23.465193305615312, 56.45693802112673], [23.465503294625037, 56.45823020811161], [23.46569436373396, 56.458443719777705], [23.466828373170298, 56.459858026567524], [23.467417254682285, 56.46060440137749], [23.46860505272076, 56.46214722385591], [23.46870742418528, 56.462228148877614], [23.469296403520712, 56.462551625365734], [23.469658937617318, 56.462778120902165], [23.47002685781538, 56.46306693270676], [23.470814112047158, 56.46371971830426], [23.47203850115048, 56.464733189512536], [23.473321823133023, 56.46579270803454], [23.473633115824004, 56.46605330468815], [23.47371931808673, 56.466148840152776], [23.473789676746247, 56.4662598810905], [23.473850873907068, 56.46635531048625], [23.473895774340672, 56.46649912102836], [23.473940194573697, 56.46735583789694], [23.473971822746122, 56.46808922537977]]]}}, {"type": "Feature", "properties": {"fid": 557, "nosaukums": "Bērze", "garums": 2088, "posmaID": null, "gadsAvotos": null, "regulets19": 1, "kolhozs": null, "udenskratu": null, "piezimes": null}, "geometry": {"type": "MultiLineString", "coordinates": [[[23.515440749741416, 56.68631486202335], [23.5157278725571, 56.6863209170235], [23.515983916182556, 56.68630092079347], [23.516321364407283, 56.686231845703105], [23.516447324893402, 56.686207638373816], [23.51664043472356, 56.68619604007611], [23.516880297667157, 56.68621302323901], [23.517256864563358, 56.68624288344839], [23.517575318405886, 56.68625523034589], [23.518580923338007, 56.686223310843005], [23.518993578216786, 56.68623848782776], [23.519408304955068, 56.68626725445027], [23.51997104920872, 56.68630152956253], [23.520406268164322, 56.686306909926024], [23.521049456690726, 56.686367421436884], [23.52163715012441, 56.68638079276121], [23.521895058493108, 56.68639042639096], [23.522271443600086, 56.686435089050526], [23.522757238328975, 56.68652215408713], [23.523686561349333, 56.68666771554019], [23.524159131918683, 56.68673620118645], [23.524560032327066, 56.6867945335587], [23.52488759264687, 56.68679701852166], [23.525208609076344, 56.686784659367916], [23.5257480829502, 56.6867076858917], [23.526240452669366, 56.686629295652224], [23.527269905674682, 56.68648502762004], [23.527696709460294, 56.68644589742744], [23.528875750157415, 56.68636021932041], [23.530030583974117, 56.686236160351534], [23.530805851922093, 56.68614153096748], [23.534698523906815, 56.6858259253632], [23.538362580334397, 56.68547405831158], [23.543758929177184, 56.68500401427722], [23.547988552742762, 56.68460727482711], [23.548977903418336, 56.68451911371279]]]}}, {"type": "Feature", "properties": {"fid": 558, "nosaukums": "Auce", "garums": 2444, "posmaID": "26", "gadsAvotos": "1973", "regulets19": 1, "kolhozs": null, "udenskratu": null, "piezimes": null}, "geometry": {"type": "MultiLineString", "coordinates": [[[23.508023024016115, 56.650185093690546], [23.509482464722968, 56.650621508545285], [23.509615934908226, 56.65066141799284], [23.5096612812006, 56.65067497753483], [23.50970029847874, 56.65068912216004], [23.509784087653717, 56.650719499480516], [23.509894536270043, 56.65075954169136], [23.510723281762957, 56.65105998778974], [23.512990342191575, 56.651864229196484], [23.51356872156683, 56.65206939733026], [23.513835274488994, 56.652163949587404], [23.514363135253628, 56.65235119197193], [23.51668774902178, 56.65234228745503], [23.520470781638092, 56.652961224374344], [23.522975927281845, 56.65328197752113], [23.52428629784633, 56.65359812038808], [23.526176640157136, 56.654442985898974], [23.52707448054076, 56.654795459678894], [23.527992672542997, 56.65515590919282], [23.52961985391017, 56.65552354843183], [23.532921545651064, 56.65626943292499], [23.533864315993117, 56.65645844697229], [23.538874594032038, 56.65805069993411], [23.54044307454158, 56.65860695749164], [23.5422359607168, 56.65970652036607], [23.542762675847644, 56.660029533498765]]]}}, {"type": "Feature", "properties": {"fid": 561, "nosaukums": "Ālave", "garums": 1979, "posmaID": "42", "gadsAvotos": "1957", "regulets19": 1, "kolhozs": null, "udenskratu": null, "piezimes": null}, "geometry": {"type": "MultiLineString", "coordinates": [[[23.402531624651704, 56.603334189056035], [23.40256988415532, 56.60339249192168], [23.402618386610218, 56.60345180616823], [23.402691582434773, 56.60354131822947], [23.402818088722842, 56.60369601983274], [23.404139010750047, 56.604879004284754], [23.408609221133496, 56.607342565544386], [23.408692999385583, 56.60753793171939], [23.407261388767875, 56.60984337468358], [23.407251497003074, 56.60986112355275], [23.406180288168986, 56.611783100237126], [23.406170013156242, 56.61180153448307], [23.40503666498638, 56.613660289646695], [23.40504256186168, 56.61374140149701], [23.4052103211642, 56.616048770724234], [23.405285386727375, 56.61717432313502], [23.405245563625357, 56.61779371880919], [23.405229418896702, 56.61804481474982], [23.40519361767193, 56.61855712582239], [23.404827773539107, 56.61945328959445], [23.404812544749166, 56.61949059385994]]]}}, {"type": "Feature", "properties": {"fid": 562, "nosaukums": "Ālave", "garums": 1355, "posmaID": "41", "gadsAvotos": "1952", "regulets19": 1, "kolhozs": null, "udenskratu": null, "piezimes": null}, "geometry": {"type": "MultiLineString", "coordinates": [[[23.404812544749166, 56.61949059385994], [23.404792760005517, 56.61953905720938], [23.404666925012787, 56.61984728555862], [23.40425375151085, 56.620008429685655], [23.403039540429013, 56.62103843748527], [23.402921560447997, 56.62130135472486], [23.403599097598907, 56.62282200448637], [23.403869620764578, 56.623429124892574], [23.404036122187662, 56.62380278292104], [23.40404909443699, 56.62383189463092], [23.404061076216696, 56.623860980034465], [23.40460228055888, 56.62517464703771], [23.404333884299703, 56.62626925644335], [23.40415707382174, 56.62651894233203], [23.403704485800947, 56.62715805957439], [23.403126776381733, 56.62797383385809], [23.40290473384417, 56.62828736570142], [23.401377788155507, 56.62899393268359], [23.400120338370353, 56.629775484862584], [23.399946645236618, 56.62990522966835], [23.399441490758264, 56.630282561710615]]]}}, {"type": "Feature", "properties": {"fid": 563, "nosaukums": "Ālave", "garums": 5073, "posmaID": null, "gadsAvotos": null, "regulets19": 1, "kolhozs": null, "udenskratu": null, "piezimes": null}, "geometry": {"type": "MultiLineString", "coordinates": [[[23.353229981617243, 56.5476266613163], [23.35327345933167, 56.54778713899407], [23.353962502630754, 56.54855469567748], [23.35485839357384, 56.549596671256815], [23.35662093082584, 56.550421178397706], [23.358282152381125, 56.551238127699285], [23.35869851456098, 56.55138045461393], [23.35892936789505, 56.55148677929586], [23.35908428678917, 56.55158103064369], [23.359133266306664, 56.55168641720395], [23.359175253919567, 56.5519553090823], [23.359593643101885, 56.5532307550058], [23.359630262409407, 56.55356737182154], [23.359696677241963, 56.55364247630282], [23.359780408516357, 56.55369430610232], [23.359927034522176, 56.553779168103944], [23.360213144304325, 56.554121741661454], [23.361497267965525, 56.55549041226629], [23.36261197077372, 56.55662456891793], [23.362769343364274, 56.55682629797229], [23.36283541350654, 56.55705167654308], [23.36241451609893, 56.55883808416513], [23.362366829185913, 56.55915791413968], [23.3623985676299, 56.55925182135859], [23.36243992975242, 56.55930810475687], [23.36455923777058, 56.56008759847944], [23.365302404826878, 56.56036549933688], [23.366510224105543, 56.56081713659422], [23.366876345480588, 56.56093581665715], [23.367228294077066, 56.5611432031605], [23.367449682138265, 56.56132708634138], [23.367474517213697, 56.56134771404344], [23.367557457689387, 56.56144859701621], [23.367581321642007, 56.56153983486378], [23.367548159545546, 56.56175226978817], [23.367517124185834, 56.562090876287975], [23.36743773609115, 56.5627913639892], [23.367377899057622, 56.563080761316755], [23.367448384429675, 56.56316756359461], [23.36776639257856, 56.563381784451785], [23.37080849560964, 56.56441584320957], [23.37094456488866, 56.56446207411757], [23.371189546129685, 56.56454530601081], [23.374124289867066, 56.56554232110767], [23.37505407859947, 56.56586940722741], [23.376350622973636, 56.56628243300905], [23.37659358168249, 56.566433174705665], [23.377033879038983, 56.56667835694022], [23.37753349854178, 56.56691916180409], [23.37757489145724, 56.56697544016481], [23.377569740031557, 56.567031485548036], [23.377492154383724, 56.5671175407532], [23.377334662003506, 56.56731378656307], [23.377202699946885, 56.56747821807118], [23.377201855451382, 56.56752961225988], [23.377260558752752, 56.56756261457809], [23.37740762445371, 56.56762643080313], [23.37765186017961, 56.56770007868603], [23.3780564718536, 56.56780022794867], [23.378157146004437, 56.567854466653465], [23.37819055067989, 56.56795556716544], [23.37820830730395, 56.56800931122491], [23.378226063977795, 56.568063055281485], [23.378270033490995, 56.568196130786475], [23.3785191004447, 56.56849174978134], [23.37892571667236, 56.568986741036206], [23.3790098126603, 56.56901986932682], [23.37910691107889, 56.56903437149995], [23.379204390578916, 56.569025513571354], [23.37931933432913, 56.56898403351961], [23.379458901714965, 56.56898940278827], [23.38116188086293, 56.56940206928423], [23.381624148851323, 56.569509517675364], [23.38186467256104, 56.56960255475534], [23.381895560064073, 56.56970611957446], [23.38234612071376, 56.570211925582115], [23.38289591560991, 56.57079315692902], [23.383100652288825, 56.571057945914475], [23.383328871841425, 56.5712430325459], [23.383399179505236, 56.571378431577905], [23.38342582215475, 56.57142974012344], [23.383473482896118, 56.57147983845774], [23.383855582930853, 56.57188148288893], [23.383965718772405, 56.571953966795675], [23.384968734259186, 56.57221521055081], [23.385701823444002, 56.57240154151622], [23.385720405295935, 56.57240626381516], [23.385759447122222, 56.57241641755871], [23.385863109258636, 56.572443378426826], [23.385966771557584, 56.57247033831039], [23.386536900586933, 56.57261861515042], [23.386657974806994, 56.57268665395356], [23.386762484403178, 56.57278262493425], [23.39208526102856, 56.57821941908419], [23.392178990624867, 56.5787573798867], [23.392509716869384, 56.58065545484977], [23.39270730340654, 56.58155754893011], [23.393100382074394, 56.58335203500571]]]}}, {"type": "Feature", "properties": {"fid": 564, "nosaukums": "Reņģe", "garums": 2937, "posmaID": "13", "gadsAvotos": null, "regulets19": 1, "kolhozs": "Brīvais ceļš", "udenskratu": null, "piezimes": null}, "geometry": {"type": "MultiLineString", "coordinates": [[[23.30616811537313, 56.40751916225945], [23.306278864863966, 56.40783988776321], [23.30629304610056, 56.407875260381275], [23.306308827133492, 56.40791462571607], [23.306324608198715, 56.40795399104864], [23.306455530587236, 56.4082805514541], [23.306459429405013, 56.408290277519406], [23.306916510850158, 56.40950738563511], [23.30694185645025, 56.40956609873771], [23.306967580679448, 56.40960389510518], [23.30733726530708, 56.410024328488326], [23.308468508688062, 56.41131293727436], [23.30859024815202, 56.41146632068893], [23.30861963572257, 56.411510412849545], [23.30862657408696, 56.41154392093284], [23.308649268095255, 56.412165324098254], [23.308689347307745, 56.41286840508293], [23.30856156822059, 56.413463867533174], [23.308485705265507, 56.413693547338255], [23.308480602943117, 56.41376673344945], [23.30849837012671, 56.413827495550706], [23.30851624954602, 56.4138819834346], [23.308789383582432, 56.414427383225586], [23.3086772451867, 56.414784462875325], [23.308394649791033, 56.415463322442704], [23.30839315670883, 56.415466910651425], [23.308297775126892, 56.415732042488166], [23.308292748036614, 56.415801045764006], [23.3082996505368, 56.4158366452537], [23.30836258425413, 56.41590393488425], [23.308448311502577, 56.415962984181974], [23.309035928417977, 56.416231921579346], [23.31131855852698, 56.41730726644607], [23.312463280150883, 56.417867952207224], [23.31260215021783, 56.417910558365016], [23.312730191106315, 56.41792591074231], [23.312933893660833, 56.41793122213386], [23.313092650057477, 56.417917458070775], [23.313264605767525, 56.417888405919086], [23.31472734366028, 56.41767756867695], [23.315075156326234, 56.41764392820205], [23.31514902518201, 56.417641305455675], [23.315177119741783, 56.417640307803104], [23.31533527465877, 56.41766000692257], [23.31556811201434, 56.41772404614938], [23.31880513919593, 56.418628799047895], [23.323356401304327, 56.419921354962554], [23.323423624470678, 56.419961466590934], [23.323483337996965, 56.41999944473053], [23.323505425131618, 56.42003094287722], [23.323508493239228, 56.42007070466062], [23.323689678446414, 56.42070760962081], [23.324042329097818, 56.42210478478646], [23.324251899334186, 56.423057711064295], [23.32433984650853, 56.42320671028074], [23.324384172624015, 56.423261338817454], [23.324466241595108, 56.42331617371773], [23.324732245510052, 56.42342848845249], [23.325076791530396, 56.42356079013926], [23.32579324144389, 56.42383589037937], [23.326921643956247, 56.424275025581245], [23.32833885346187, 56.42485438533304], [23.329151516921723, 56.4251865885631], [23.33112964593848, 56.42597753018303]]]}}, {"type": "Feature", "properties": {"fid": 575, "nosaukums": "Vecbērze", "garums": 4557, "posmaID": null, "gadsAvotos": null, "regulets19": 1, "kolhozs": null, "udenskratu": 0, "piezimes": null}, "geometry": {"type": "MultiLineString", "coordinates": [[[23.52916194714419, 56.68632947544926], [23.52924288044117, 56.68666418797987]]]}}, {"type": "Feature", "properties": {"fid": 576, "nosaukums": "Tērvete", "garums": 5327, "posmaID": null, "gadsAvotos": null, "regulets19": 1, "kolhozs": null, "udenskratu": 0, "piezimes": null}, "geometry": {"type": "MultiLineString", "coordinates": [[[23.478599239658962, 56.516305333595916], [23.478767496983572, 56.51631026945566], [23.47886315688746, 56.516328955603406], [23.479220615968412, 56.5165516979893], [23.47939437319457, 56.5166639630123], [23.479643924068256, 56.51679665753685], [23.47984735012697, 56.51691635940235], [23.480014945774915, 56.51699568544099], [23.480192389856114, 56.51708053648629], [23.48036677945357, 56.517147091383954], [23.480541268093972, 56.5172063314048], [23.480731667615473, 56.517311349954255], [23.48088919728102, 56.51740160260584], [23.481036578282904, 56.51750826927202], [23.481141091046258, 56.51760561431323], [23.48130458617905, 56.51774343192973], [23.481436008302044, 56.5178079767359], [23.48168654709658, 56.51786936078701], [23.481861340470896, 56.51790665957032], [23.481976149802954, 56.51796534233015], [23.48204528413187, 56.51800067839247], [23.482196353448668, 56.51807993166816], [23.482381368514524, 56.51817297156506], [23.482487521906524, 56.5182417862547], [23.482539618268298, 56.51829286529821], [23.4825535407411, 56.518377971639715], [23.482467921268793, 56.51846266344649], [23.482463948863586, 56.51853268604447], [23.482381663353976, 56.51859404499637], [23.482269643370124, 56.51862359587406], [23.482214617689145, 56.51867672993068], [23.482158388242443, 56.51881824319011], [23.482187666101176, 56.518883401859895], [23.482250354134987, 56.518932023916165], [23.482391562392248, 56.51897430216651], [23.48252054659785, 56.51902820358844], [23.482679082688744, 56.51912725287018], [23.482849868274144, 56.5192130111968], [23.48305118289777, 56.5192722155309], [23.4832373467205, 56.51933635900654], [23.483578650899055, 56.51952788625104], [23.484022839087164, 56.519696492210024], [23.484194558967335, 56.5197138818158], [23.484340348988013, 56.519681367952614], [23.484434148070378, 56.51964891673874], [23.484520666785638, 56.5196108775492], [23.48465003265708, 56.519583986763195], [23.48471956640508, 56.519578790179736], [23.484792184149505, 56.51959006203756], [23.484874351714442, 56.519628800794564], [23.485005191298015, 56.519737222408686], [23.485231207862487, 56.51990089199164], [23.485533126192664, 56.520077674484256], [23.485785930867493, 56.52021768410887], [23.48611693398697, 56.52035968230508], [23.4861345332009, 56.520367231837625], [23.486338417697404, 56.52045584084313], [23.486535045578602, 56.52059196008213], [23.486931416941005, 56.52087883784969], [23.487108277189524, 56.52100938871768], [23.487403846694928, 56.521167855494035], [23.487642963784317, 56.521342546302044], [23.48782563126869, 56.521533458783644], [23.48789279917688, 56.52170378276977], [23.487973669317277, 56.521839422594034], [23.488162610754404, 56.52205595943408], [23.48824113458648, 56.52212027905099], [23.48830829929185, 56.52215681994015], [23.488349501781553, 56.52217923566587], [23.48853701137505, 56.522256803727174], [23.488619287037217, 56.52228822627805], [23.488697885994682, 56.52234706008371], [23.488750195704455, 56.5223929866238], [23.48884550664273, 56.52243909092079], [23.488950742046217, 56.52248523505887], [23.489049065745036, 56.522553292196974], [23.489146848578056, 56.52266157342873], [23.489199208455396, 56.52270384336308], [23.489284547243685, 56.52275356294682], [23.489373342992174, 56.52279232502383], [23.489471987847935, 56.52283661332461], [23.489901998150184, 56.52308522241272], [23.49031868549697, 56.523341087686134], [23.490689581830683, 56.523558366702034], [23.491002937716825, 56.523749810815545], [23.491226221487715, 56.52387414630154], [23.491332689708663, 56.523952291987975], [23.491402793635267, 56.524028460455376], [23.491440454635768, 56.524056955607655], [23.49147991727967, 56.524074487370825], [23.491582048617605, 56.52410598918253], [23.491854944310155, 56.5242314401846], [23.492097506688243, 56.52439882219889], [23.492278101637382, 56.52450012519151], [23.49238005607847, 56.524570886180584], [23.492402655400518, 56.524586571667484], [23.492437430220892, 56.52470739282547], [23.492478576322025, 56.52484652397073], [23.492426414723568, 56.525036470263565], [23.49243158799622, 56.525144370556305], [23.492440730690788, 56.525202919146466], [23.492509612164643, 56.52524708343544], [23.49263166911193, 56.52527317991271], [23.492757154517623, 56.52529014872296], [23.49289883865112, 56.525332781614026], [23.49309941061216, 56.52542502245764], [23.493198164279367, 56.52546199496824], [23.493379351179, 56.52551941575569], [23.4934652644875, 56.52552708008591], [23.493541374765748, 56.525525561969445], [23.49364093391291, 56.52550219695994], [23.493707436103556, 56.5254768697947], [23.4937804822826, 56.52545705417358], [23.49384005181676, 56.52545546849757], [23.493938830670224, 56.5254906113139], [23.494365592466995, 56.525739190588055], [23.494818582514252, 56.526006159865986], [23.495192572186117, 56.526210459067705], [23.495449197670528, 56.52635064392597], [23.495550802298467, 56.52642236666113], [23.495661725329857, 56.526539838404695], [23.495668115815437, 56.52655670093723], [23.495767202388194, 56.526818192466685], [23.495795641220617, 56.52691887283092], [23.49580126141211, 56.52699386251661], [23.49577091923473, 56.527021418279546], [23.49576831611287, 56.52702378316978], [23.49574772413939, 56.527039356579564], [23.495667987184945, 56.52706463202532], [23.495598295418763, 56.527080804857015], [23.495515590521077, 56.527080469163444], [23.495456140008386, 56.52707291369656], [23.495353511344998, 56.52707798282819], [23.49527717922811, 56.527095957722025], [23.49517725219705, 56.52714674805606], [23.495126997579828, 56.52719408439236], [23.495109264659867, 56.52728360659355], [23.495108024442136, 56.527376853306954], [23.49512573392563, 56.527537829755374], [23.495181026110135, 56.52760936462643], [23.49528577140761, 56.52769389936213], [23.495495823933307, 56.52782091529031], [23.495630272949292, 56.527911056124125], [23.495666494252216, 56.52792400216246], [23.495689627655004, 56.527925924342576], [23.495729521325096, 56.52791145886336], [23.495772773178274, 56.52789334948373], [23.495835727321264, 56.52788629075578], [23.495918094059025, 56.527912223852866], [23.495976987626523, 56.52796183058987], [23.49606889194804, 56.528017056972196], [23.496141019576665, 56.52806671818837], [23.49621258766128, 56.52815843174423], [23.496218210471447, 56.528233421404465], [23.4962377934191, 56.528253613056236], [23.496299280611414, 56.52827971641658], [23.4963858902894, 56.528312724468], [23.49643585867877, 56.52833646582697], [23.496472404077203, 56.52835383052555], [23.496561706828054, 56.52839696299991], [23.496652204764924, 56.5284871636488], [23.496747237574805, 56.5285497414712], [23.496879750603803, 56.528614773630544], [23.49711204577765, 56.52869863715047], [23.497302937883692, 56.52876160238299], [23.497402506463295, 56.52879655602609], [23.497485221765817, 56.52884526290473], [23.497567540953607, 56.52892391192243], [23.497766070109787, 56.52903988596966], [23.497939410917535, 56.52916957850402], [23.49810414426652, 56.529319967317974], [23.498249073612286, 56.52939195886595], [23.498335868076456, 56.52944759146592], [23.49841387004005, 56.529537739463436], [23.49843403936397, 56.529588496835814], [23.49845858991429, 56.529623146853424], [23.49851231572192, 56.529657915489764], [23.498599200836516, 56.52970663753948], [23.498743830043534, 56.5298016621491], [23.498797128952162, 56.529868676303714], [23.498808660157906, 56.52994243273629], [23.498782538822212, 56.53003556201807], [23.49876473608068, 56.53007281281989], [23.498743296101328, 56.53016229267993], [23.498767140551596, 56.530274345854515], [23.498811057763934, 56.53040047392012], [23.498937673209724, 56.53078443811272], [23.49900129671899, 56.530952630089516], [23.499110131059055, 56.53114899303865], [23.499183368661306, 56.53135640958812], [23.499198161742527, 56.53145424266313], [23.499198185703154, 56.5314543981881], [23.499204953406817, 56.531499162790524], [23.499206659591103, 56.531510444066114], [23.499219302448534, 56.53154341798263], [23.49921936217499, 56.53154357365167], [23.499250727368562, 56.53162537721266], [23.499310286392614, 56.531717982070546], [23.499470584477706, 56.53185297627183], [23.499672860077258, 56.531981358796976], [23.49976630556033, 56.53205599287266], [23.499902616979213, 56.53218498817255], [23.5000324073404, 56.53225776208306], [23.500220332087192, 56.532328762540594], [23.500369046093308, 56.532343409194745], [23.500409879238447, 56.53234968355559], [23.50050315653713, 56.53236401826052], [23.500691265893533, 56.532420969095035], [23.50096237928098, 56.53251839299603], [23.501450345036293, 56.532696965530164], [23.502068846010392, 56.53289211499006], [23.502640116021535, 56.53308907945446], [23.50317912582826, 56.533253800650144], [23.503233791343895, 56.53328444896439], [23.503269262892918, 56.53330433552209], [23.50333011092213, 56.53337281622166], [23.503332981295774, 56.533431030664644], [23.50330345394765, 56.53346703763112], [23.503204870232764, 56.53350678367326], [23.503124180509303, 56.53356667029571], [23.50307970586709, 56.53363473002701], [23.503086363969295, 56.53368091706567], [23.503067706061795, 56.53371897542101], [23.503009097121772, 56.53375687313446], [23.502899537296916, 56.53380259632163], [23.502808030764015, 56.53385641820101], [23.502767396011645, 56.53390843734279], [23.502770134093318, 56.53397668582736], [23.502758186080474, 56.534056917212084], [23.502735737795902, 56.53410700200541], [23.50266975853205, 56.53415289843897], [23.50259943844781, 56.53425296625052], [23.502598991293127, 56.53428708322509], [23.502620493000368, 56.53430924548253], [23.502649390443697, 56.53432140366766], [23.502693000453405, 56.53431957107053], [23.50275132134167, 56.53430374856733], [23.502794903406272, 56.53430392291446], [23.50285996266325, 56.534328266455596], [23.502903019008286, 56.53436857870029], [23.502887834969492, 56.53441869257079], [23.502810958969725, 56.534464545495865], [23.50270847704821, 56.534524344671965], [23.502627891198195, 56.53457620391621], [23.502591222277537, 56.534620315615584], [23.502590414089358, 56.53466436148556], [23.502585414129165, 56.53476870395427], [23.50261033781968, 56.53480693663868], [23.502675371517064, 56.53483328726217], [23.50273303578666, 56.53486763673491], [23.50281549268757, 56.53495025285747], [23.50293350782037, 56.5350912131898], [23.50300817560122, 56.53521393806237], [23.503125719287485, 56.53539102216599], [23.50322886812002, 56.53555801406178], [23.503263717713782, 56.535670544163914], [23.503342676591686, 56.53574311048377], [23.50340718715647, 56.53580959865304], [23.50344632464586, 56.53587197124435], [23.503503387279835, 56.53595247834708], [23.50354944992976, 56.53604096985213], [23.50364270136808, 56.53613165687875], [23.503776302136252, 56.53619239945675], [23.50392087730721, 56.53624716441674], [23.504159494511924, 56.53633240985748], [23.50424635032287, 56.5363568405016], [23.504294313940413, 56.536373915974], [23.50450284856732, 56.536443951656416], [23.504604540668637, 56.536464638140195], [23.504647941849743, 56.53647885984858], [23.504680369138306, 56.536499059084285], [23.504719956339947, 56.53652731430618], [23.50479223127373, 56.53655570064753], [23.504872059027644, 56.536562039033896], [23.504890274416923, 56.53656671514308], [23.505118865562924, 56.53662535134271], [23.505321161295658, 56.53666216923667], [23.505480609836074, 56.53669090207758], [23.505607498288203, 56.536709468858575], [23.505701672872448, 56.536729913408976], [23.505781395809393, 56.53675457695019], [23.505948462910773, 56.536820534445276], [23.50612533467276, 56.536876188854016], [23.506180742328972, 56.536893622894425], [23.50633224108568, 56.53696123581382], [23.506499354746172, 56.53702375625589], [23.50687720801009, 56.53714209476415], [23.50713123719868, 56.53721698640411], [23.507196415239157, 56.53723565992924], [23.507295443628767, 56.53726402958248], [23.50751497918289, 56.53736112044024], [23.507784469458272, 56.53744294497493], [23.50790174380369, 56.537512139127855], [23.508012088017388, 56.53763628778864], [23.5080849368412, 56.53777403482513], [23.50811116536823, 56.537909878640036], [23.50810694121358, 56.53799577417939], [23.508028531007568, 56.53804701031664], [23.507900320527355, 56.53810148664602], [23.507875063969685, 56.5381305963712], [23.507893343493933, 56.53815987845847], [23.507936679094716, 56.53817551377327], [23.507989588150572, 56.53817228672077], [23.508061177809314, 56.53816741578267], [23.508104624847878, 56.53817446070375], [23.508160265831307, 56.53820045410616], [23.508221747788937, 56.53825568120706], [23.50827669712393, 56.538334936965796], [23.508350796533243, 56.53837646795396], [23.508443753272065, 56.538402608817414], [23.50857702638707, 56.53843749978343], [23.508666785493627, 56.53847050171544], [23.508731533286394, 56.538513713304766], [23.508817472072515, 56.53860168206686], [23.508927731852303, 56.53873270342333], [23.50897644318117, 56.53881365291151], [23.508991214712527, 56.53887384937994], [23.508968689462115, 56.53893217982362], [23.508927484776763, 56.538992155162546], [23.508889388944187, 56.53905214277048], [23.50882603648439, 56.539141240279655], [23.508803334494964, 56.539213316849406], [23.50887410318619, 56.53927201590115], [23.508954624837425, 56.53929810724089], [23.509041609153567, 56.539305323811995], [23.509135125937, 56.53928851159224], [23.509219445733798, 56.539261352624166], [23.50928799496087, 56.53925131378856], [23.509368848474274, 56.53925163294948], [23.5095366657185, 56.539260885996754], [23.509691799557302, 56.53928898992819], [23.509818857286156, 56.53932385593011], [23.509945515827262, 56.53938964773089], [23.50999156329575, 56.53943622141384], [23.509981657704724, 56.539480856722264], [23.50996248834578, 56.539520300326906], [23.509878101925437, 56.53955261381958], [23.50979033833236, 56.53960553287058], [23.509665657627544, 56.539627377838954], [23.509587734683485, 56.539640816390865], [23.509534335099982, 56.53968184357057], [23.509493417604876, 56.539719483493826], [23.509465029935733, 56.53975029897392], [23.509420936615033, 56.53979308062469], [23.509383196204663, 56.539825578766006], [23.509370291835108, 56.53986161051729], [23.509369714198414, 56.53990628169464], [23.509399633801326, 56.53999746629004], [23.509436152587263, 56.54005946631637], [23.509522474052588, 56.54011822726145], [23.50970340114886, 56.5401962615753], [23.509901100933728, 56.54030013496954], [23.510111285800956, 56.54040062076147], [23.510272023604102, 56.54047685597688], [23.51048900661237, 56.540532694456], [23.510904669367974, 56.54061680545302], [23.511567795116537, 56.54074484330715], [23.51176175671967, 56.54077739257653], [23.511969201983533, 56.54079839487427], [23.512145925360304, 56.54081130450339], [23.512179081620253, 56.540813726515616], [23.512389041336966, 56.54082284009488], [23.512662772492018, 56.540832203350206], [23.512894930131722, 56.54085448061904], [23.513134252329717, 56.54088695392469], [23.513239658603155, 56.54089664029797], [23.51339911722393, 56.540900314772564], [23.51355857425059, 56.54090398903626], [23.513750493316014, 56.54089029409342], [23.513899795918313, 56.54086353886755], [23.514041915663363, 56.540825463039724], [23.51409644296107, 56.54080202507646], [23.51415987491454, 56.540751815493884], [23.514186144812935, 56.540706191768976], [23.514206838402842, 56.540660571401844], [23.514213539517225, 56.540600654466594], [23.51424404535453, 56.54055859517538], [23.51428502038921, 56.54053470886117], [23.514326683153318, 56.540519595675846], [23.514462983406396, 56.54048337075177], [23.514669168193315, 56.54042898819825], [23.5148064579953, 56.5404058721329], [23.514951924412067, 56.54041274770434], [23.51511990054379, 56.54044493787427], [23.515362963527014, 56.54052365279592], [23.515639161256306, 56.54062782932994], [23.515843555112998, 56.540734368772625], [23.5160191752287, 56.54084608309703], [23.516350771986726, 56.54110908757672], [23.516531112038244, 56.541226106776456], [23.516763783374888, 56.54136712132336], [23.517276173525705, 56.54171277697321], [23.517593600456816, 56.541962505369874], [23.517739983764553, 56.54211640083192], [23.51785785964834, 56.54225432470721], [23.517917675797815, 56.542468507362145], [23.51789046875539, 56.54261539359399], [23.517812004428354, 56.54280757737779], [23.517689286439815, 56.542992590664404], [23.517598906945004, 56.54312523150677], [23.51750232621177, 56.54324734918809], [23.517487608867032, 56.54340828309288], [23.517585675199477, 56.54366764800897], [23.51769747914014, 56.543843071252276], [23.51778510205179, 56.543927406061805], [23.517961146204733, 56.54403308265147], [23.51809267035849, 56.544152584806795], [23.518160844238956, 56.544271842184834], [23.518182639278734, 56.54439448293581], [23.518166989986575, 56.54444049633046], [23.518132021329652, 56.54446524632676], [23.5180389999594, 56.54450318208073], [23.51793637447039, 56.544549205000955], [23.517869456272425, 56.54458044344968], [23.517799525654723, 56.54459942191746], [23.51770717597096, 56.54463756127687], [23.51764012393814, 56.54467929810522], [23.517601556609016, 56.54472289557259], [23.51758839670745, 56.544761342116196], [23.517594154175164, 56.544806861717234], [23.517647245669814, 56.54486656428408], [23.517738326389743, 56.54492816434512], [23.51785180432914, 56.544972351640816], [23.517984597060174, 56.54499211540999], [23.518026087512904, 56.54500133062921], [23.518088839766968, 56.545015268636355], [23.518316593853864, 56.54504064964972], [23.51861416994484, 56.545055801619405], [23.518816940406627, 56.54505308638055], [23.518994880174148, 56.5450100278918], [23.51908403764534, 56.54497362536584], [23.519151332603286, 56.54491263900069], [23.519190120122925, 56.54485154324157], [23.519197343250624, 56.544781574711685], [23.51916006399148, 56.5447236841099], [23.519113082853142, 56.54468150539619], [23.51910003077287, 56.54464511172525], [23.519138511473425, 56.5446165459465], [23.519266819412962, 56.544609384900454], [23.519447009401862, 56.54461008158788], [23.519537268731284, 56.544620761483856], [23.519547353300958, 56.54462195493884], [23.519643746888608, 56.54467209942146], [23.519710383140122, 56.54472931178857], [23.519742878016682, 56.54478980804604], [23.51977001343695, 56.54489840694533], [23.519777045816543, 56.544968429676395], [23.519776137629254, 56.54504017186816], [23.51977680688026, 56.54510730044024], [23.519780349013075, 56.545173218248486], [23.519795614876223, 56.5451991204764], [23.519830122766628, 56.54521074016134], [23.519906357393314, 56.54521103459901], [23.51999380987158, 56.54519199502856], [23.520038805565, 56.545185552742396], [23.520102510750828, 56.545157800100895], [23.520185510130993, 56.54510737372271], [23.520265851843874, 56.545016689293234], [23.520311149112402, 56.54494161811982], [23.52031513579181, 56.54487688745038], [23.52033513624156, 56.54479821927814], [23.52037994639695, 56.54476164470221], [23.5204531988562, 56.54473042934179], [23.52053249806485, 56.54472198543703], [23.520627480817414, 56.54472585201595], [23.520725454744515, 56.54474372844831], [23.520810426832476, 56.54478780313386], [23.52088239557374, 56.54485807699101], [23.520906852467526, 56.544928166809065], [23.520902667907798, 56.5450086452614], [23.520885151452397, 56.54514157012277], [23.520844421391658, 56.5453566502179], [23.52084544555749, 56.545526393992084], [23.52087335656963, 56.54557374805044], [23.520933099821978, 56.5456089765211], [23.521046693987838, 56.54564441244845], [23.521286903734538, 56.545687334655696], [23.52150518509341, 56.545710924095594], [23.521621946572115, 56.545746370787555], [23.52184501747641, 56.545892470490706], [23.52191683749014, 56.54597499141022], [23.521928626176745, 56.54604503318824], [23.52191828546571, 56.5461114886932], [23.521882117779917, 56.54621634336033], [23.521877443239458, 56.546226681548866], [23.521856048185008, 56.5462739894832], [23.52187408328374, 56.54635105403333], [23.52192703092971, 56.54642300333691]]]}}, {"type": "Feature", "properties": {"fid": 577, "nosaukums": "Govainis", "garums": 1447, "posmaID": null, "gadsAvotos": null, "regulets19": 1, "kolhozs": null, "udenskratu": null, "piezimes": null}, "geometry": {"type": "MultiLineString", "coordinates": [[[23.28047696062172, 56.49294730229057], [23.28075670712076, 56.492929602180574], [23.280956108696554, 56.492939036750904], [23.281110295318612, 56.49296476955514], [23.281209188111617, 56.493012262514284], [23.281297423268597, 56.493095575124265], [23.281650212938317, 56.493437102358016], [23.28394857280545, 56.49565289766863], [23.28415458928905, 56.49584176844734], [23.284273241057534, 56.49590041381755], [23.28438243584864, 56.49593140333076], [23.284601863318706, 56.49593818732021], [23.28655119607935, 56.496029440522676], [23.28667546308157, 56.49605499450688], [23.286744486644658, 56.496099551424564], [23.28733141105544, 56.496732212666736], [23.287335520695564, 56.49677915684296], [23.287174222672444, 56.497131518551996], [23.287163155035987, 56.49718941577798], [23.287181665176494, 56.497266803876], [23.28798996630932, 56.499402200428555], [23.288094882898314, 56.49966224670099], [23.28813376735536, 56.49971767020653], [23.288222498438785, 56.49977613934921], [23.290408792227918, 56.50081814640031], [23.292258293656317, 56.501728473757844], [23.292417361193532, 56.50176250025348], [23.29253712327112, 56.501763182332375], [23.29272721052611, 56.50173942441006], [23.293824097550875, 56.50152762015328], [23.293983883564476, 56.50152300828453]]]}}, {"type": "Feature", "properties": {"fid": 578, "nosaukums": "Govainis", "garums": 10160, "posmaID": "29", "gadsAvotos": "1957", "regulets19": 1, "kolhozs": "Penkule", "udenskratu": null, "piezimes": null}, "geometry": {"type": "MultiLineString", "coordinates": [[[23.14845822617176, 56.45977867662904], [23.149986620982897, 56.45995953801485], [23.150089675432763, 56.45997554891676], [23.150185423977458, 56.459997745973396], [23.150887842261604, 56.46025050164167], [23.151592200169326, 56.460503947581294], [23.151766410821498, 56.460589034867105], [23.151885473033595, 56.46066521335236], [23.152299536760058, 56.461002484203625], [23.152392742439545, 56.461055377111315], [23.15353437122963, 56.461361774479876], [23.153715349314485, 56.4614291999739], [23.1538270448614, 56.461499637265824], [23.153860638380017, 56.46153654516023], [23.153905669521677, 56.46158602145407], [23.15395298304513, 56.46166853996156], [23.15396734712454, 56.461759337893135], [23.153952970470794, 56.46185334065978], [23.15389568217054, 56.462127316313605], [23.15388723117638, 56.46218507943502], [23.15389256628367, 56.462221395810296], [23.153915446069096, 56.46225159550456], [23.153963806339604, 56.462287071214206], [23.156310740104797, 56.46353031960088], [23.15642335340289, 56.463577567763764], [23.15661255034167, 56.463634406973235], [23.15679188867839, 56.46367417190251], [23.158474391820977, 56.46392030922763], [23.158541197187652, 56.46393008178137], [23.158608102963495, 56.463939571963245], [23.15878501334248, 56.463964666286834], [23.16159843358175, 56.46466615985143], [23.165780132666544, 56.46610895691738], [23.167089855299576, 56.46656782869671], [23.16837364915186, 56.46701759200351], [23.170940365687372, 56.46725387139466], [23.17199919306838, 56.46731983915941], [23.173143949698897, 56.46734836967399], [23.17371990059175, 56.467317441417364], [23.174084670472194, 56.46729956219145], [23.17440317168809, 56.46727257560808], [23.174540021083434, 56.46724333128531], [23.17615940218023, 56.466239852915116], [23.17633759259574, 56.46621013160766], [23.176769906147356, 56.466325196919556], [23.17778409692355, 56.466611637220154], [23.17778462446427, 56.46661178536601], [23.177785155270072, 56.46661193263502], [23.178369610376482, 56.46677378806458], [23.178373886943586, 56.46677492596495], [23.178378228431285, 56.46677598882392], [23.178635798206813, 56.46683637782526], [23.178641123934288, 56.46683756129063], [23.178646528418096, 56.4668386302736], [23.17876726621505, 56.466861089036506], [23.17885375674971, 56.46692019407799], [23.1791526135516, 56.46762895613039], [23.17895809759501, 56.46791668728444], [23.1789386437354, 56.46797185089081], [23.17893790406882, 56.468002514099624], [23.178951932395417, 56.468032388181484], [23.179017934029282, 56.46809035761302], [23.179164610569455, 56.468206392471835], [23.179318049497663, 56.46829235271152], [23.179513835218337, 56.46839923565173], [23.179916214094764, 56.46856569248588], [23.18017622254024, 56.468643217211124], [23.1857576556491, 56.469358829278164], [23.186649820635733, 56.47001107253235], [23.186815099087756, 56.47011639090253], [23.186939689514364, 56.4701801538567], [23.18703555692458, 56.4702146247863], [23.187141395901904, 56.47024036139295], [23.187277945434136, 56.47025952991719], [23.18738800761657, 56.470259234994856], [23.187479401602253, 56.47024561942789], [23.187628400429528, 56.4701971834797], [23.187825632900743, 56.47012334351261], [23.188006397062264, 56.47001893592172], [23.188068122985907, 56.469973144295054], [23.188272293281265, 56.46982167974261], [23.188423969346843, 56.469681101622726], [23.18914219316731, 56.469007775828366], [23.189169031193245, 56.46898261538875], [23.18919586918364, 56.468957454943165], [23.189251521001662, 56.46890527993409], [23.189395250287852, 56.46882757784623], [23.192128953639187, 56.46895342525793], [23.192425883312453, 56.46895267671677], [23.19361444756495, 56.46876459088235], [23.1971497861171, 56.46954041901322], [23.198176461294896, 56.46960735501928], [23.19914898156498, 56.469646176228224], [23.199909768012176, 56.46956915019651], [23.20040005398783, 56.46955592052579], [23.20063281702016, 56.469603600954414], [23.200682469303235, 56.46961377220656], [23.20073212161301, 56.469623943438926], [23.200822564511697, 56.4696424696236], [23.20095941813169, 56.46967968138982], [23.201290581321555, 56.46987298629485], [23.201533909816046, 56.4700285382644], [23.204583325709923, 56.470981187009485], [23.20551169320969, 56.47132098984711], [23.205715526915792, 56.471522460686415], [23.206284645801603, 56.47212692635174], [23.20677672217276, 56.472643495083275], [23.2068501509846, 56.472716225374725], [23.206971050172204, 56.47278128407477], [23.20807060781587, 56.47296899227282], [23.208660203219022, 56.473110393113615], [23.20930294914165, 56.473257126814744], [23.2099309588095, 56.473403134487874], [23.212669113182688, 56.47488215557426], [23.213856964159525, 56.47550829918251], [23.2159578517547, 56.475964982932254], [23.218025921949593, 56.47613409489863], [23.218377277607726, 56.47622452374777], [23.218424742707853, 56.476254715070674], [23.21859513789885, 56.476363098243695], [23.21930401589602, 56.47791527600073], [23.219392031319487, 56.478046340059294], [23.219650999005395, 56.478267301652195], [23.219828395634416, 56.4783248177817], [23.220723961609036, 56.47836143217579], [23.221740543541404, 56.47843173778654], [23.224072221688655, 56.47936281153838], [23.224986299430846, 56.47974364379763], [23.22675319424519, 56.4804797433933], [23.228874578269437, 56.480976472874815], [23.228964285568658, 56.48099747691494], [23.229012898064354, 56.48100885937282], [23.229061512212738, 56.48102024182185], [23.229206451465764, 56.48105417860037], [23.229384251277928, 56.48114097671239], [23.229701713430018, 56.48136176060274], [23.230054626575512, 56.481703610229445], [23.230264711118647, 56.48178187960705], [23.230532851969837, 56.4818303912146], [23.23171397269965, 56.48185999787136], [23.2333501496744, 56.481908347225755], [23.233626575385525, 56.481814383106276], [23.233914861040468, 56.4816137038281], [23.234227633576594, 56.48139811586543], [23.234449995258736, 56.481317500024545], [23.234727983057052, 56.48132757973287], [23.237101711414446, 56.482109720821086], [23.237515623767454, 56.48224458360197], [23.237636866949153, 56.482289056621006], [23.2381027752187, 56.4827013748842], [23.23821620089539, 56.482777602872396], [23.238323157823764, 56.48281801191591], [23.23846627322218, 56.48284671650008], [23.238945043251512, 56.482888759251786], [23.239021933967297, 56.48289551150909], [23.239098824710844, 56.48290226371888], [23.23914760416125, 56.48290654721459], [23.240666406216505, 56.483122560849765], [23.24126162019127, 56.483177877717495], [23.241690579840057, 56.48328385581859], [23.241847511740048, 56.48334046867959], [23.24191137311026, 56.483380612422394], [23.242101267020175, 56.48394626849249], [23.24215715299597, 56.484026116441484], [23.242228277883488, 56.48406232867324], [23.24229964216437, 56.48408661624159], [23.24333261367418, 56.48416844519543], [23.24527660457253, 56.48432338583384], [23.24634377671637, 56.48449285482513], [23.24660840181836, 56.48455408983984], [23.24912808929736, 56.48539224355288], [23.25026978831535, 56.485792698374794], [23.25041245381826, 56.485845238535106], [23.25055566818023, 56.48586995494326], [23.25072059057333, 56.48588685083683], [23.250921592119127, 56.48589601460323], [23.25117405850438, 56.48584585710067], [23.25154233014596, 56.485752669290314], [23.253338450613537, 56.48502804411748], [23.253446758467334, 56.48500086830782], [23.2536334664232, 56.48500596522628], [23.255066550303802, 56.48508151011809], [23.256016393349576, 56.48513157190383], [23.256186215408224, 56.48514001388817], [23.256289156329665, 56.48514513160102], [23.258785784769483, 56.485704676187915], [23.262326614959424, 56.48651684723943], [23.262562850361427, 56.48656197867603], [23.262676720548367, 56.486618309352394], [23.262711562908397, 56.486674170819185], [23.2627243140854, 56.48675772890417], [23.262708325332323, 56.48684111548383], [23.262531967628366, 56.487042810502246], [23.262450548211742, 56.48716556144393], [23.262448311907068, 56.48728083306536], [23.26248987696201, 56.48736058661874], [23.262560564923806, 56.487420635717314], [23.262681391516967, 56.48748893373039], [23.263429606853983, 56.48781139918967], [23.263742726801638, 56.487968293496074], [23.26384841873668, 56.48807625354685], [23.26389678639336, 56.48817592337891], [23.263909155835, 56.488279355502954], [23.26382589080583, 56.488497504790004], [23.263644448107165, 56.48896154162698], [23.263432105713523, 56.48953670504051], [23.263423535500056, 56.48960820961741], [23.263465028085953, 56.489691938019114], [23.26354229139615, 56.489783828006715], [23.263677265774334, 56.489864134928624], [23.26424049377958, 56.490094066589485], [23.26763261876766, 56.49156510567969], [23.269143361457743, 56.49258199250794], [23.269473003722233, 56.492797510519914], [23.270725020727113, 56.49300303624842], [23.270791210292874, 56.49301390167516], [23.27085739829, 56.49302476615884], [23.273884838632707, 56.49352167392792], [23.274024584533517, 56.49351973071919], [23.27461434136718, 56.493467975391475], [23.28047696062172, 56.49294730229057]]]}}, {"type": "Feature", "properties": {"fid": 585, "nosaukums": "Padruvju strauts", "garums": null, "posmaID": null, "gadsAvotos": null, "regulets19": 1, "kolhozs": null, "udenskratu": 0, "piezimes": null}, "geometry": {"type": "MultiLineString", "coordinates": [[[22.980521673045917, 56.74934867775052], [22.98052632997526, 56.7493861732986], [22.980489037760705, 56.7494531149549], [22.980422796270854, 56.749572022945316], [22.98028871598459, 56.74967330843213], [22.980086600667484, 56.74967120613918], [22.979107460493164, 56.74966101902362], [22.979071609599405, 56.749666703720834], [22.97885464816172, 56.749701105552106], [22.978520683116102, 56.74977020500842], [22.978474762268423, 56.74978991437453], [22.978208619284672, 56.74990414302053], [22.97773756957387, 56.75025185314754], [22.97756900193193, 56.75072757246457], [22.97752701751674, 56.75104529549391], [22.977530819065944, 56.75114680657348], [22.977584638823895, 56.75160598059511], [22.977690622171362, 56.75251017969089], [22.977579146132488, 56.752767271187246], [22.974865704057372, 56.75304806987597], [22.973547788020536, 56.75347546211429], [22.973292976423277, 56.75356188692784], [22.974496790720995, 56.755481156778885], [22.974845291087224, 56.75598576772373], [22.97492027067019, 56.75612353747968], [22.974910345954346, 56.756166767061934], [22.9746154433994, 56.756384790390115], [22.974569550114634, 56.756418719102754], [22.97452365672246, 56.756452648696225], [22.974500626557454, 56.75646967434354], [22.972862250408774, 56.75682634274361], [22.972443899224615, 56.7573329325081], [22.971838806032935, 56.75817371998625], [22.971172524382343, 56.759086378198994], [22.971103983582005, 56.75942809195323], [22.971010262822244, 56.760329174111455], [22.971261869138928, 56.76069546898861], [22.971568965034564, 56.76100046926834], [22.971450658371165, 56.76115903607119], [22.97123634718106, 56.761258452595854], [22.971031510830205, 56.761347828687434], [22.970781237054066, 56.76141659207963], [22.970273013605944, 56.761498403642044], [22.967875589525264, 56.761770378436026], [22.967652485725296, 56.76185453871268], [22.967494215680496, 56.76225796556502], [22.967518306166394, 56.763060890021954], [22.967517889671086, 56.76307606484127], [22.967388422620118, 56.76310028855853], [22.966811250074198, 56.7631234615403], [22.96428067490839, 56.763142945324894], [22.963785372600956, 56.76308823882959], [22.96316436481213, 56.763255090467936], [22.963058382321968, 56.764546157687334], [22.96305355268754, 56.7646049807299], [22.963051879476502, 56.76466567721158], [22.962944966456813, 56.76478871658456], [22.962368346491907, 56.76521721105137], [22.962890925970864, 56.76594474291305], [22.96287318375866, 56.76597078314637], [22.96139253718314, 56.766783351497715], [22.961233616904874, 56.766839712432365], [22.96044697653899, 56.76683315824948], [22.960373556614027, 56.766832546271196], [22.960320316965337, 56.76686094514511], [22.958865757855875, 56.76800350571233], [22.958769122466162, 56.76808345722556], [22.958767685520108, 56.76813536167651], [22.958848882153553, 56.76823410350431], [22.95886810419924, 56.76829771639658], [22.958813743770925, 56.768366483938905], [22.95719845860823, 56.76952621113903], [22.957160697033828, 56.76955332124634], [22.956946753175632, 56.76970151182054], [22.956731686105346, 56.769890072195295], [22.95672784648586, 56.7700284836342], [22.95675611638136, 56.7701440889707], [22.957104054949642, 56.770839213701784], [22.95709973680155, 56.77099492510527], [22.957054740262866, 56.771104149728714], [22.956883704830098, 56.77121808922307], [22.956608730884067, 56.77129654750405], [22.9563345560699, 56.771346169205465], [22.95616672058764, 56.771344764741926], [22.956088428896535, 56.771332013795146], [22.95603796650988, 56.771323794770176], [22.955117668213756, 56.770961031732845], [22.950714907552808, 56.770503353959526], [22.94987539409249, 56.770449760116584], [22.94887524980376, 56.771399525189416], [22.94750116687135, 56.77139193506983], [22.94727569337306, 56.77139403033218], [22.947098188207942, 56.77134976888535], [22.946847555220405, 56.771211731144575], [22.945968285268886, 56.770672610041714], [22.944973162065843, 56.770376362514696], [22.94427932994341, 56.77022657461348], [22.94324391583514, 56.77041776919613], [22.942757723978435, 56.77064151750296], [22.94074379176554, 56.7708922760715], [22.938925871558823, 56.77117715399862], [22.938151419568168, 56.77194359842949], [22.936489138949337, 56.771486655210474], [22.936160961550826, 56.7713956922759], [22.935797478087792, 56.77100687163613], [22.935320253555425, 56.77047932062148], [22.93496366195299, 56.77010370047651], [22.934087001318762, 56.7682734299084], [22.934053038496266, 56.76823875438518], [22.933648887524072, 56.767826113889484], [22.933629347544095, 56.76756604478944], [22.933594095834017, 56.767176923518974], [22.93229096145496, 56.76662239506266], [22.93101350445914, 56.76635500923717], [22.930145110074683, 56.766420337144346], [22.92653574905638, 56.76558882641442], [22.925302378370787, 56.76418013284224]]]}}, {"type": "Feature", "properties": {"fid": 586, "nosaukums": "Rūšu strauts", "garums": null, "posmaID": null, "gadsAvotos": null, "regulets19": 1, "kolhozs": null, "udenskratu": 0, "piezimes": null}, "geometry": {"type": "MultiLineString", "coordinates": [[[22.869412803815813, 56.75371798279967], [22.87258791538455, 56.754337350094815], [22.872743931184694, 56.754358176177895], [22.875583721779872, 56.75473721079187], [22.876608622906335, 56.75487813468001], [22.88110323745468, 56.755511263944435], [22.88601342113943, 56.75335287726468], [22.88700113220083, 56.75293196772733], [22.888110536869743, 56.751351182749154], [22.889736887029603, 56.749031334201824], [22.890269853884572, 56.74825941174983], [22.891189119171088, 56.746942885005616], [22.89162792230719, 56.74629259638677], [22.891720019211782, 56.74623912158461], [22.892375213108846, 56.74606398657467], [22.893616845263928, 56.745812608776], [22.894270265824105, 56.74567000805135], [22.894741140946824, 56.74560631409187], [22.895030406460577, 56.74557033984242], [22.895082884327927, 56.74556248255554], [22.895135310837325, 56.745554034508395], [22.895408121906655, 56.74551007098183], [22.895681729254793, 56.74546263061514], [22.896213925977005, 56.74559879583822], [22.897057392788025, 56.74581022678361], [22.897366934510305, 56.74594440818887], [22.898524099335393, 56.74515292099721], [22.898562396668996, 56.74480466899403], [22.89857306705445, 56.744728340941286], [22.89937975001825, 56.74433425210256], [22.90017312029519, 56.74426093170891], [22.903102881973293, 56.743460337374266], [22.904605877269322, 56.74239752139854], [22.905230368306228, 56.74195590131703], [22.907764274992118, 56.73996427727886], [22.90779000620427, 56.73994405125995], [22.90845541101894, 56.73938152765757], [22.908538978748254, 56.738589923920685], [22.908327023051072, 56.73834073330637], [22.908217854787743, 56.73728399770304], [22.907712736755933, 56.7365364454026], [22.906269685690333, 56.73629636784924], [22.90626138462447, 56.73616455497796], [22.906244155475097, 56.73589100481101], [22.906650319724832, 56.73534130989816], [22.906683278385504, 56.735137369985466], [22.906688020823623, 56.735108026798834], [22.906692763306193, 56.735078681815345], [22.90609390494295, 56.734613989266855], [22.906114993498758, 56.73420903606422], [22.906324990440737, 56.7337989678302], [22.906508181882273, 56.73366914121002], [22.906591385683342, 56.73361017427275], [22.90676778417878, 56.73352570985633], [22.906837899616345, 56.73350721106975], [22.906916155846673, 56.73350789730704], [22.907037472032158, 56.73352329585343], [22.907278439688643, 56.733611419925936], [22.90733916647771, 56.73361673110276], [22.907460898948962, 56.73361779807521], [22.90771458196112, 56.73356745814152], [22.907844454005833, 56.73358770973712], [22.908126406947616, 56.73376220276984], [22.90822108539203, 56.73379648140503], [22.90831673176703, 56.73379731906645], [22.908369734413977, 56.73376911271684], [22.908784496993967, 56.733562493743705], [22.9090042278658, 56.73348318347184], [22.909187793792217, 56.73345134143628], [22.90949096748683, 56.73341222676662], [22.909657418327555, 56.733370677480735], [22.909745199619024, 56.73334277475002], [22.909789643402153, 56.73330971407902], [22.909825944779517, 56.733257469410745], [22.90983643797295, 56.73319544129761], [22.90984058655266, 56.733052125042214], [22.909911944090332, 56.732990630087585], [22.909965772387892, 56.732933759779954], [22.910276456059336, 56.73271666891498], [22.910539617880303, 56.73241154490429], [22.91083293943393, 56.73198760660911], [22.91106381381655, 56.7315472860006], [22.911122035279465, 56.73098497893165], [22.90976404031458, 56.73070387146311], [22.90943243209065, 56.73024043465438], [22.91138462586394, 56.72908229190123], [22.911783935753828, 56.72884538778984], [22.912836323062205, 56.728451483067644], [22.913787201828583, 56.728177355245286], [22.91404957583857, 56.72786167909297], [22.91443446217154, 56.72764116256938], [22.915408380584868, 56.727401200829085], [22.915618681652777, 56.727311675949096], [22.915622099468624, 56.72719294825704], [22.9155129131998, 56.72694533720555], [22.915324211141677, 56.7268614778471], [22.914973729503537, 56.726718053178544], [22.914828207475132, 56.72619680692546], [22.914691571719978, 56.72446814430893], [22.914675168046106, 56.72442348403268], [22.914545281089033, 56.72406985305033], [22.914759974931332, 56.72366217183457], [22.914831699875403, 56.72352994210219], [22.9149105025668, 56.723419759090504], [22.915619595387582, 56.72290091948337], [22.91630010003579, 56.72266003326415], [22.91746359689829, 56.722509977190484], [22.91818749605606, 56.72228633058733], [22.919713772624164, 56.72223504221122], [22.92122659466522, 56.72226541381052], [22.92196786407842, 56.72239319055652], [22.922130152271215, 56.72261695209723], [22.922262699142422, 56.72267968720883], [22.92251178943154, 56.7226579689904], [22.92290928975538, 56.72250504536343], [22.923054321217982, 56.72244924871688], [22.923145044695406, 56.72240932373887], [22.924430426942255, 56.72190206098262], [22.924738428549258, 56.72173345567005], [22.925690556117285, 56.72123104916953], [22.92624121496263, 56.72093419317365], [22.92650285695685, 56.72032862632503], [22.926508612047694, 56.72012662481877], [22.926520850707025, 56.71969704374017], [22.926612445178236, 56.719577997097964], [22.92679333904151, 56.719499592694625], [22.927816532609903, 56.719522927323304], [22.92921486181205, 56.718808443062926], [22.92982829543856, 56.71867623993343], [22.93027599952503, 56.71856339259453], [22.93162390775251, 56.717982506787635], [22.931993055006338, 56.717938286438674], [22.934355797893282, 56.718071303413765], [22.934622124614997, 56.718184398077696], [22.93615242637553, 56.71883420904073], [22.93678604985238, 56.71896917364485], [22.937230944414594, 56.71906393550987], [22.93795989243253, 56.719393142500486], [22.938445390212788, 56.719628067373435], [22.93885939940214, 56.71989317965466], [22.938894167009718, 56.72072653341016], [22.93895189323219, 56.72088016845137], [22.9393751451634, 56.72116386834333], [22.940199039625163, 56.72165898517796], [22.940204673452122, 56.72166237172479], [22.940257236108373, 56.721677621531626], [22.94295132706467, 56.72245919300388], [22.943194427053776, 56.72246125451696], [22.943449238200316, 56.7224227204501], [22.9437373871945, 56.722326333312196], [22.944579250906358, 56.72197391272081], [22.945005121524485, 56.72186706200154], [22.945419606320726, 56.721789181038005], [22.94573717699197, 56.721774427009066], [22.946011818639533, 56.721782562816536], [22.946222069798186, 56.72182503502248], [22.94665722374947, 56.72204865836766], [22.946992685922805, 56.7221503224705], [22.9472634828475, 56.722207445113135], [22.94755712371096, 56.722202793115784], [22.947677273184503, 56.722187330057984], [22.947878133233235, 56.72213959491302], [22.947999047325766, 56.722096676899184], [22.94831511810607, 56.72193883367787], [22.948415628332125, 56.72190315709559], [22.94850440370629, 56.72189173120263], [22.94889114073002, 56.72190108123499], [22.94915559908759, 56.72193374802166], [22.949353561323505, 56.721971940708734], [22.949529414949925, 56.72200994764068], [22.94964931858403, 56.72207183169187], [22.949899332650904, 56.722226122195146], [22.950070162402877, 56.722318103475686], [22.950287321205572, 56.722388868817866], [22.95049432652658, 56.7224416215279], [22.950497135219496, 56.7224423378827], [22.9505471965103, 56.72244690395991], [22.95060034823351, 56.72245175209542], [22.95080938565149, 56.72247081787412], [22.9512148093023, 56.72252593221435], [22.95138682440568, 56.722531687622585], [22.951489258244848, 56.72250669832702], [22.95157734633283, 56.72247735388506], [22.951725065865148, 56.7223985724565], [22.951869877082054, 56.72232134047955], [22.952327619954442, 56.72202726522517], [22.952502131040138, 56.72196322559018]]]}}, {"type": "Feature", "properties": {"fid": 587, "nosaukums": "Blīdene", "garums": null, "posmaID": null, "gadsAvotos": null, "regulets19": 1, "kolhozs": null, "udenskratu": 0, "piezimes": null}, "geometry": {"type": "MultiLineString", "coordinates": [[[22.77423803255866, 56.70389533002586], [22.77356050080528, 56.704185076688844], [22.77230805661422, 56.70472066370558], [22.77191833945143, 56.705899250085096], [22.77063617405067, 56.70632552845656], [22.770317038277998, 56.70625516450874], [22.769887422221025, 56.70640455656892], [22.76980109282363, 56.70643457580836], [22.769754332020312, 56.706450836513945], [22.76970757120609, 56.70646709630355], [22.769621241523314, 56.70649711541689], [22.76946387301787, 56.706551836366415], [22.769667050948176, 56.707467500448686], [22.77039184706475, 56.708402131004085], [22.769871406301725, 56.70943755640825], [22.769815842472614, 56.709446934194446], [22.76944825418712, 56.709508973120464], [22.76887944803004, 56.70966189826494], [22.76880232982726, 56.70968263138351], [22.768428817993964, 56.70978304817556], [22.768180972957197, 56.710095953456445], [22.768092970682122, 56.710412376606726], [22.768275635112907, 56.71080785375499], [22.768346515494407, 56.7109238491363], [22.76844975858969, 56.711092806764306], [22.76850630648447, 56.71118534501482], [22.767832472548914, 56.71164747115891], [22.767695086429445, 56.71176218632943], [22.76767714484636, 56.71178653182441], [22.767437490927122, 56.712111732283276], [22.7673523641529, 56.71220132515446], [22.767262678768123, 56.712295717438884], [22.76693432392643, 56.71244336727409], [22.765397194186587, 56.71277637779689], [22.764885661307297, 56.713938695921925]]]}}, {"type": "Feature", "properties": {"fid": 588, "nosaukums": "Blīdene", "garums": null, "posmaID": null, "gadsAvotos": null, "regulets19": 1, "kolhozs": null, "udenskratu": 0, "piezimes": null}, "geometry": {"type": "MultiLineString", "coordinates": [[[22.792361590853385, 56.65981824849496], [22.792329605931776, 56.65986734411341], [22.792223253647627, 56.66023102233851], [22.79220974338602, 56.66028311077246], [22.792188339276695, 56.66033512263308], [22.791545570284786, 56.6611933826044], [22.79107379993769, 56.66186987556814], [22.79103279717253, 56.66191734831935], [22.790948290592347, 56.66196657296047], [22.790903921789035, 56.6620024765422], [22.79093313041318, 56.662076740752006], [22.79186484438943, 56.66328857500002], [22.792130628877636, 56.66364304269881], [22.793155107109325, 56.66500928808712], [22.793469847762, 56.665367945950834], [22.7935463790905, 56.6658539004755], [22.79355793935941, 56.666975031959026], [22.79347596938571, 56.6671024053752], [22.79339216739022, 56.667172716752866], [22.790224061545697, 56.66861862464269], [22.786964714625753, 56.670056484223274], [22.786123493552314, 56.67043010381352], [22.785994463648763, 56.670516088095205], [22.785741470253505, 56.67068467348394], [22.78572475113489, 56.67078183342711], [22.7857481988961, 56.670898100278514], [22.78580621425011, 56.670995997880055], [22.786171413834662, 56.67121548880687], [22.787210197939487, 56.67167481153678], [22.787430231985546, 56.67180796992223], [22.787601612929915, 56.67197433812751], [22.787736179007418, 56.67244506583269], [22.787682475747488, 56.67263545122102], [22.787532694495994, 56.67285484742954], [22.787042093270014, 56.67319376318178], [22.786706258190623, 56.6734257586315], [22.784767242856706, 56.67499226793808], [22.783651134581497, 56.67587602085591], [22.783339732089892, 56.67611200162425], [22.783204206019477, 56.67621470225364], [22.78079713233513, 56.678038635463764], [22.780504178524414, 56.678278113317056], [22.780129373281376, 56.6787550278444], [22.779958246182677, 56.67897276937996], [22.779431008605595, 56.679641864956245], [22.778966891136154, 56.68023083111046], [22.778334649897747, 56.68109433815138], [22.777112186628724, 56.6827909285852], [22.77615151366566, 56.683900742437004], [22.775695686724617, 56.68443016417714], [22.775394984327615, 56.684746931706876], [22.77518151178818, 56.68497180484182], [22.77437692681716, 56.68566662456051], [22.773951119451567, 56.68604330699944], [22.773859920533962, 56.6861239819284], [22.773788286033813, 56.68615915021209], [22.77339219578636, 56.68633681531065], [22.77312217812033, 56.686417765540845], [22.77267868494164, 56.686600682090585], [22.772573131807405, 56.68674030382782], [22.77257224300642, 56.68674147836251], [22.77250906962031, 56.68689162134145]]]}}, {"type": "Feature", "properties": {"fid": 589, "nosaukums": null, "garums": null, "posmaID": null, "gadsAvotos": null, "regulets19": null, "kolhozs": null, "udenskratu": null, "piezimes": null}, "geometry": {"type": "MultiLineString", "coordinates": [[[22.826339220056695, 56.605139969405606], [22.8239466045057, 56.605057726809456], [22.823451324986692, 56.60502191160977], [22.82324948299095, 56.60498264380936], [22.822789596800508, 56.60478824014905], [22.822184516154934, 56.604532454313464], [22.821963222952242, 56.60439336770145], [22.821822029733156, 56.60421768941522], [22.82186304096653, 56.60398768929596], [22.821823743759378, 56.603800522945406], [22.821683708237394, 56.60362280689755], [22.82153299421442, 56.603390999796424], [22.82145447654968, 56.603313319064114], [22.82131639563598, 56.603132059507494], [22.82123875882551, 56.60307100348778], [22.821120086684534, 56.603050685654516], [22.820867232831294, 56.603029096004036], [22.82080390964671, 56.602987368728094], [22.820741609885058, 56.60291274783638], [22.820738262465234, 56.602860620363124], [22.8207840992292, 56.60282541119285], [22.820873723003803, 56.60282077724685], [22.82098305496943, 56.60282181344583], [22.8210729332604, 56.60280895527401], [22.821108916375053, 56.602770910443496], [22.82111491107459, 56.602738064865534], [22.821066666035197, 56.60269099627115], [22.82102853216415, 56.602638539148806], [22.82103486843088, 56.60259472994788], [22.821125002270726, 56.60257364946495], [22.82120613814314, 56.60252232254008], [22.82121204733527, 56.60249221831152], [22.821163546359237, 56.6024533729232], [22.821082564944547, 56.60234018935369], [22.821053242026682, 56.602164432676396], [22.82097616012734, 56.60204652582735], [22.820957775035783, 56.60194532004756], [22.820910124436217, 56.601664668013555], [22.82081269623231, 56.60153298855574], [22.820635562912003, 56.60142545933561], [22.82035770684134, 56.60129206889911], [22.820094847768758, 56.60121011438428], [22.81997396358797, 56.60119679427413], [22.819723869459114, 56.601169236426436], [22.81934259415453, 56.60109712724216], [22.819050935421405, 56.601044547070266], [22.81857068971112, 56.600890551718585], [22.81819115235026, 56.60076241716256], [22.817876944796254, 56.600709611015326], [22.817847574924077, 56.60070803092612], [22.817783014153953, 56.60070287019541], [22.81755770157031, 56.60068485802749], [22.817432973090142, 56.600662708144924], [22.817402904850923, 56.600651940622264], [22.817215220340426, 56.600576781775025], [22.817090402270576, 56.60054386058895], [22.817083287347316, 56.60054198429039], [22.817011161421412, 56.60053920228037], [22.81698076589371, 56.60053891323424], [22.816896325789187, 56.600565362972134], [22.816857609897575, 56.60058805610722], [22.81677611693011, 56.60064178745157], [22.816702942541994, 56.60067253742635], [22.816649814887768, 56.600669935914915], [22.81653327483331, 56.6006289957905], [22.816239567383768, 56.60052382648695], [22.81606485286274, 56.60043758702653], [22.815720140114376, 56.60027864386164], [22.815233231377466, 56.60013738440917], [22.815019165115373, 56.60012911903346], [22.814907569744197, 56.60009069708797], [22.814875096481337, 56.60004680234879], [22.81481133588166, 56.59992166524037], [22.814644147496505, 56.59985779847752], [22.814542456917128, 56.599863055960846], [22.814473043678305, 56.59991844182009], [22.814491502423646, 56.60004937388677], [22.81448760328113, 56.60017386640152], [22.814451231162696, 56.60025446406647], [22.814278955558855, 56.60035244589921], [22.813760697449815, 56.600399378101784], [22.81348284861311, 56.60039973108474], [22.813252460937473, 56.60035350873929], [22.813248131351898, 56.60035205592042], [22.812853792449438, 56.600219726856814], [22.81258320416627, 56.60018281694942], [22.812358034908005, 56.6001521029353], [22.81188784092233, 56.599996670759694], [22.810214222113625, 56.59979828688945], [22.809867748821848, 56.59977995813934], [22.808706517371768, 56.599784974677775], [22.807939157563805, 56.59969172886514], [22.807721691900213, 56.59968244976813], [22.807266330185254, 56.59970070128717], [22.806577677490306, 56.59970127646442], [22.80474218226766, 56.60020380452038], [22.804380827907185, 56.60021590280024], [22.804233144482094, 56.600248724547676], [22.804159753080953, 56.600251136814975], [22.803980886895335, 56.600199605347804], [22.80372153679053, 56.60019711163505], [22.80359640578577, 56.600230149497534], [22.803424790984067, 56.60030633457005], [22.803283445509862, 56.60031742792384], [22.803101807124634, 56.600306201463546], [22.802876064497575, 56.60031025582678], [22.802162545094763, 56.60048918505033], [22.802031087912862, 56.600543957658275], [22.801934256264445, 56.600574157620855], [22.801770931143086, 56.600566358100714], [22.801647488493764, 56.60054648956696], [22.801569727080935, 56.60050838150592], [22.80145814441668, 56.60046994755099], [22.80115298046433, 56.60048879533333], [22.800904190419168, 56.600508194747995], [22.800700917271293, 56.600515570505436], [22.800543637660216, 56.60049537466142], [22.800346392995426, 56.60049036395789], [22.800055892199655, 56.60051627776779], [22.79979486613756, 56.60043301292641], [22.799571857721055, 56.600306133581746], [22.799391375951096, 56.60027377960625], [22.796445768615826, 56.60188202393985], [22.795978390451754, 56.602173499059376], [22.795923251238513, 56.6022078849993], [22.794882043243625, 56.60273857138917], [22.794710758204264, 56.60282430314593], [22.794138524580188, 56.603110711450746], [22.793849888608158, 56.60325168891766], [22.793772962478485, 56.60330893487621], [22.793401685580427, 56.603765126858534], [22.79236526143674, 56.60505988870605], [22.792056115701328, 56.605457098604774], [22.791954094557255, 56.60558817985892], [22.791616429624337, 56.60604883587634], [22.791508156839548, 56.606161118152656], [22.791478124718537, 56.606192263506635], [22.791196955661363, 56.60648384227356], [22.791123892808326, 56.60655032284444], [22.790841112428264, 56.60680762504755], [22.790581635676425, 56.60705363907362], [22.790492404706036, 56.60710369863979], [22.79022600099621, 56.607253153636634], [22.790045952733134, 56.60734712731346], [22.789446873414963, 56.60765980264632], [22.789192761291716, 56.607798383894554], [22.789133451653093, 56.60783072895559], [22.788921527925165, 56.60799849961082], [22.78874924739609, 56.6081477463549], [22.788647278933283, 56.60823608184595], [22.7874714008809, 56.6091856361127], [22.78715430731727, 56.60947043431869], [22.78707589815998, 56.60957322660441], [22.78666809056118, 56.609875779174814], [22.785902264214837, 56.61045029841715], [22.785805408224025, 56.61054255487348], [22.785779292192153, 56.61065414159245], [22.785874690403983, 56.611075513966334], [22.786058274988164, 56.61155780945757], [22.78617710105218, 56.61183442972616], [22.78646988014309, 56.61219145112899], [22.787149725242397, 56.61289398209767], [22.787518349621436, 56.61322895730384], [22.78759798680075, 56.61330876667456], [22.787888859762447, 56.61364076023746], [22.788060514816543, 56.61414961753964], [22.78842158846959, 56.61521994870068], [22.78648327608177, 56.61703562307834], [22.78633147335577, 56.61720560828512], [22.785610872779035, 56.61850473681781], [22.784607467059704, 56.61873476720667], [22.783331095054102, 56.618634105128045], [22.782701572375284, 56.61858445634747], [22.782453139037663, 56.618598275761634], [22.780991061753895, 56.618805297556555], [22.780364518103866, 56.619098259992825], [22.77882227515982, 56.619809461171975], [22.777771980790124, 56.62031236301526], [22.77761564663419, 56.620389319011785], [22.776993028475133, 56.620637975618756], [22.776989184796605, 56.620639510190216], [22.776919497043018, 56.62067150224848], [22.77684607869236, 56.62070520694823], [22.77600788763003, 56.62108999386577], [22.775934286146942, 56.62108499311153], [22.775826238507836, 56.6210646667319], [22.774374004354804, 56.620017491693595], [22.773524992988758, 56.61878538986668], [22.77317628002897, 56.61794217406026], [22.772927751619953, 56.617167843629055], [22.770516531667166, 56.61674361413479], [22.769142235987356, 56.61763053319822], [22.767490518143944, 56.61688234798344], [22.76668548046507, 56.616517665988844], [22.766665757661162, 56.61652811397223], [22.76497107994862, 56.61742581532926], [22.763982439804835, 56.61794948428333], [22.760641524975888, 56.6196234865556], [22.755628498228262, 56.62113795709478], [22.755383760896173, 56.62123384895593], [22.755353967025343, 56.62125979487581], [22.754641726279598, 56.621880019808124], [22.75461780251623, 56.621900850810846], [22.75443587840907, 56.622053068472376], [22.753746339063202, 56.62263000904077], [22.75259428086779, 56.623598653011655], [22.75227675566875, 56.62386228638538], [22.751435623681154, 56.62456063708099], [22.7508044294505, 56.625084668133766], [22.750131378679047, 56.62561764958799], [22.748875592821417, 56.626606116740625], [22.74874890065784, 56.62668220277158], [22.74816791321, 56.62694711021611], [22.745620663240665, 56.62813141004948], [22.744907539730065, 56.62834982156237], [22.74483717389374, 56.62835506888234], [22.744756530849532, 56.62834532456392], [22.74302593435701, 56.627655841464595], [22.74189328851395, 56.62720456035704], [22.740154454353608, 56.62651831457167], [22.738058360734062, 56.62574016325293], [22.73797985140538, 56.62575070604592], [22.73788831014857, 56.62578152130985], [22.7360408791878, 56.62683416591668], [22.735402388212012, 56.6271478929611], [22.735269671814855, 56.62721310347321], [22.73520334247877, 56.627228296698846], [22.734487134037263, 56.62730816920599]]]}}, {"type": "Feature", "properties": {"fid": 590, "nosaukums": "Līčupe", "garums": null, "posmaID": null, "gadsAvotos": null, "regulets19": 1, "kolhozs": null, "udenskratu": 0, "piezimes": null}, "geometry": {"type": "MultiLineString", "coordinates": [[[22.6705887008497, 56.56395022841611], [22.675061762475902, 56.56442080491415], [22.6764092120535, 56.5644781503497], [22.676990223035414, 56.56450905218579], [22.680002805773114, 56.56466923558739], [22.680334811701524, 56.564686884490904], [22.68673362930569, 56.56511047235187], [22.692938787688522, 56.56554081407137], [22.69302938111638, 56.56552865724236], [22.69318646817496, 56.565507585265], [22.693876061948483, 56.56538385654424], [22.6943561435054, 56.565267717751624], [22.697384283098643, 56.56453510641898], [22.69821083941296, 56.56433511670967], [22.70095568348883, 56.56369076832636], [22.70740176353177, 56.564350741402365], [22.71081194661013, 56.56365456154633], [22.714925036194355, 56.562040225921734], [22.716118690509248, 56.561979509959535], [22.719014054345823, 56.56186157227823], [22.72026357974138, 56.56192265383099], [22.721238549055958, 56.56214471371471], [22.72444648246058, 56.561525365437404], [22.72607607562922, 56.56266904378846], [22.727011039788724, 56.56332932600286], [22.72703512533828, 56.56334633500762], [22.727677181663502, 56.56332471489822], [22.728164260880316, 56.56330831146403], [22.729670300594048, 56.56325757888306], [22.730126708448708, 56.56325851347809], [22.73242160313333, 56.56326318815554], [22.733055707641242, 56.563247919424434], [22.734966651003855, 56.5629991192802], [22.73506345138935, 56.56299458379788], [22.735136593378645, 56.5629999282372], [22.736322049008322, 56.5631297533898], [22.73644171215082, 56.563139250133986], [22.73656658566152, 56.56314235927731], [22.73939253242476, 56.563148962766554], [22.73950943499645, 56.5631548336745], [22.739553645878242, 56.56315960545787], [22.73959486428518, 56.56317587461157], [22.739614876325003, 56.56320201710505], [22.7396187519824, 56.56324240701635], [22.73953029791843, 56.5636262810399], [22.739517896435526, 56.56368523960397], [22.73951930806686, 56.563721280965616], [22.739545757380245, 56.56378928053734], [22.739599350804273, 56.56382585089831], [22.739678989774525, 56.56386412644601], [22.73977737000421, 56.56388818090536], [22.73991010280132, 56.56389961364243], [22.740307171678317, 56.563889226272416], [22.74040897720786, 56.56388881650712], [22.740559876578136, 56.56390331497102], [22.741537378683127, 56.56401985374631], [22.74162309802217, 56.56403224996767], [22.741737183871862, 56.56405502063402], [22.741963083753667, 56.56412582596294], [22.7421137799381, 56.564035919616614], [22.74217020062977, 56.56402165623618], [22.742270566812692, 56.56402137773651], [22.74432151111162, 56.564329905458074], [22.74555137116596, 56.56451284941939], [22.74567837534674, 56.5645263754655], [22.74576770128818, 56.56452727659081], [22.745863639035125, 56.564516770545445], [22.745941185132615, 56.56449690078285], [22.746029458157267, 56.564466812741024], [22.748216617231144, 56.56367997393906], [22.7479237999071, 56.56276241011245], [22.74728343385506, 56.561715395441055], [22.747284307614013, 56.560222287763345], [22.748003627393693, 56.55942999729607], [22.748159926567013, 56.559011730578476], [22.748688589518416, 56.55889982583181], [22.748958497347903, 56.558791712593646], [22.749508534608566, 56.55856142688525], [22.75183738261576, 56.558346431718185], [22.751923323748805, 56.558315326015354], [22.752112975646973, 56.55815566217271], [22.75212175358983, 56.5581237817773], [22.752074589263202, 56.55767829201488], [22.752127065123737, 56.557608484446355], [22.75400958390408, 56.557310565297705], [22.754208754218666, 56.5572400886046], [22.754321006902057, 56.55723055725867], [22.754385903041506, 56.557252528816974], [22.755031431001647, 56.55770445860244], [22.755049063097463, 56.557716802607196], [22.755133531137034, 56.5577304340456], [22.75523399459735, 56.55772717212604], [22.755882083329332, 56.557674035266615], [22.75592495471178, 56.55766167868973], [22.75594466484603, 56.557649081344216], [22.75646726308659, 56.557014904110765], [22.756807481885563, 56.556616679039536], [22.756862421394192, 56.556589518807755], [22.756924495051443, 56.55657948334257], [22.757903413746146, 56.55654107160234], [22.75799266186742, 56.55653756962641], [22.758081911629066, 56.556534066704344], [22.758611289306767, 56.556513290399415], [22.758743817208494, 56.55653587210607], [22.759483093571454, 56.55667858083635], [22.76022786138677, 56.556822343518725], [22.76060380279266, 56.5568949095999], [22.760659416963822, 56.55691099632357], [22.760707366867475, 56.55693388550147], [22.76074029615681, 56.556961107524394], [22.760774186572192, 56.55700029090568], [22.76080458198269, 56.557022258409056], [22.761002308551735, 56.55715682731877], [22.761054817832054, 56.5571925635613], [22.76155094306037, 56.55753021069221], [22.761611994280475, 56.55756732382015], [22.761701145693007, 56.55761396861937], [22.761865467655774, 56.5577045275236], [22.76187894025788, 56.55772279153607], [22.761878404717134, 56.55773919003006], [22.761800213094304, 56.557979279887284], [22.761805533675133, 56.55800782236447], [22.761832792339074, 56.55803485732446], [22.76186664005653, 56.55805159735159], [22.761899234730194, 56.55805882869489], [22.762053648620746, 56.55806986258377], [22.762118922608362, 56.558081736542725], [22.76217129899565, 56.55810556770855], [22.76238777708572, 56.55822686247628], [22.76247533974634, 56.55827435344082], [22.762549230664217, 56.55830962170412], [22.76260944970055, 56.5583326681884], [22.762801276043486, 56.55839501008705], [22.7628537659364, 56.55841538917262], [22.76337151957256, 56.55864673194064], [22.763627808083886, 56.55874597428634], [22.764346089222855, 56.559012977174014], [22.76449625802644, 56.559058498554535], [22.764601719671656, 56.55908458312456], [22.764746420318257, 56.559110980211415], [22.766084936162923, 56.559268838211004], [22.76623837417048, 56.55931929299875], [22.7664046245435, 56.55938454713857], [22.766483229704292, 56.5594195776742], [22.76675533987926, 56.5598645071164], [22.76684691760775, 56.55990945069581], [22.767925003092195, 56.56000332191395], [22.768281719639777, 56.560006389284155], [22.768381484935386, 56.56000442788653], [22.768530001266818, 56.560001508124664], [22.768614083203353, 56.5600047848517], [22.769245106846643, 56.56008443123205], [22.769460760279934, 56.56008870431585], [22.769634377910894, 56.560081150159526], [22.769831666982757, 56.560088744984455], [22.770007733031182, 56.560120568563136], [22.770223793968757, 56.56019655314241], [22.77038848909494, 56.56028349411086], [22.770477454314864, 56.56040914779098], [22.770533530341176, 56.56045618142237], [22.770625685187362, 56.56048401158331], [22.771091264779997, 56.56062607504347], [22.771293621339208, 56.56066216392647], [22.771444828691177, 56.56066635368314], [22.771626363589224, 56.5606384971352], [22.771988979872358, 56.56059625617103], [22.77213521982713, 56.56060309150476], [22.773251157156032, 56.56075414681922], [22.773420125204844, 56.560812410027836], [22.773724979302735, 56.56100347190714], [22.773883404470475, 56.56108589878649], [22.774109261723655, 56.56113610552074], [22.774221414933663, 56.561139906800506], [22.7744270017035, 56.56112306521256], [22.77462927617959, 56.561057672013376], [22.774741951799633, 56.56104530509816], [22.774902921129666, 56.561049586842614], [22.775038880936844, 56.56107249032286], [22.775319993768345, 56.56120786515925]]]}}, {"type": "Feature", "properties": {"fid": 591, "nosaukums": "Auce", "garums": null, "posmaID": null, "gadsAvotos": null, "regulets19": 1, "kolhozs": null, "udenskratu": 0, "piezimes": null}, "geometry": {"type": "MultiLineString", "coordinates": [[[22.91299742114502, 56.54056701386181], [22.913925754504984, 56.541672680015616], [22.913926663554513, 56.54167376164059], [22.91464309801829, 56.5425270044567], [22.915559502206712, 56.543618339510495], [22.91556084068724, 56.54361993430635], [22.91596002671008, 56.54409529877255], [22.91596601127533, 56.54410101407128], [22.916071126045942, 56.54420140393203], [22.916259296019746, 56.54427313494186], [22.91712402201512, 56.544454957075615], [22.917459907507446, 56.544533806837784], [22.91755470578756, 56.54455606109733], [22.917600688080288, 56.544566855105494], [22.91765276129227, 56.544579079499535], [22.91833333526976, 56.54473884016061], [22.919235389864102, 56.54512517647115], [22.91951636401202, 56.545292543641345], [22.921866984781847, 56.54691803004785], [22.921970164334315, 56.54696016589525], [22.9220140483803, 56.54697808743253], [22.92305515189297, 56.5471118066968], [22.92648521839595, 56.54757549253049], [22.92676237846059, 56.54764096779743], [22.92756729659778, 56.54789028489713], [22.927713455505497, 56.547935554918766], [22.928780274602108, 56.54826597862414], [22.9299963735889, 56.54893023539398], [22.93001923973988, 56.548942726056765], [22.93266883581052, 56.55038986485121], [22.93342356871322, 56.550623859864714], [22.93398707209748, 56.550798561703566], [22.93715204095759, 56.55177971412328], [22.937331677987128, 56.5518919409756], [22.938005583736448, 56.552312949483564], [22.938646848188068, 56.552713553340766], [22.9393137848147, 56.55345756204161], [22.939392100302985, 56.55349478012809], [22.939609193974512, 56.553494711117644], [22.942617731037092, 56.55324727692922], [22.94277177834666, 56.553235570895616], [22.94280624235991, 56.553235863981655], [22.94283103674602, 56.5532409364706], [22.94285280841118, 56.55324922224784], [22.942880920455675, 56.553266879106864], [22.943010953747546, 56.553364390971545], [22.943162801152948, 56.55345270268676], [22.943199315526606, 56.55347393854094], [22.943235831542584, 56.55349517529649], [22.943353056052178, 56.55356335056847], [22.943865099253454, 56.55382289324448], [22.94433152015122, 56.55419343998449], [22.945259734755684, 56.55423169860463], [22.945352927631237, 56.55423005885868], [22.945419193675132, 56.554220899520566], [22.945682616700296, 56.554163993618545], [22.945723059226, 56.55416028627685], [22.945750122806217, 56.5541629461535], [22.945772707972647, 56.5541684036285], [22.945803099864307, 56.554183243566314], [22.945825426109835, 56.554198015103594], [22.945849536430416, 56.55422778919428], [22.945893355918493, 56.55428730094177], [22.945925125148904, 56.55433172217443], [22.945951412107444, 56.55436232512178], [22.945999665112232, 56.55439432903193], [22.946118076209903, 56.55446176418029], [22.94636029124567, 56.55456103292042], [22.94662263308118, 56.5546487250836], [22.946698444391036, 56.55466556957929], [22.946781034415388, 56.55467599077138], [22.947151334160658, 56.55470586229008], [22.947830519858975, 56.5547585997764], [22.948043591832914, 56.55477174432075], [22.948132737841796, 56.55478384093084], [22.948206249965338, 56.55480431105125], [22.948249696331043, 56.55482452677562], [22.948307280982743, 56.554863899827005], [22.94836017400665, 56.554913765959654], [22.948528851947163, 56.55510774708062], [22.949261481303566, 56.55595025298082], [22.949457501026064, 56.55618198675046], [22.949577556728514, 56.55629641983594], [22.949607873279163, 56.55631409376561], [22.94964135978427, 56.55632328773303], [22.949702800711343, 56.55632947796486], [22.949868665969277, 56.55632601836504], [22.950606978212925, 56.55625772065422], [22.95198273598926, 56.55632036329083], [22.952957311073575, 56.5563553098342], [22.953251768244062, 56.55636994121115], [22.953352653801836, 56.55638213199172], [22.953435559873203, 56.55640794401518], [22.953567369008745, 56.55646900316201], [22.95382722274839, 56.55667453312706], [22.955483345478545, 56.55790324832864], [22.95554114310857, 56.557935329543945], [22.955589797585677, 56.55795315604506], [22.95563649670061, 56.55796205416301], [22.955690742267503, 56.55796332024364], [22.955757634497456, 56.55795821094976], [22.95724121690121, 56.557730055053526], [22.95736466439803, 56.557722178443385], [22.957446576639125, 56.5577309668712], [22.957570600521247, 56.55775550095217], [22.95906459631096, 56.558140908318634], [22.95954081222749, 56.55826375327706], [22.95967859372942, 56.55829488104202], [22.95978526334969, 56.55831035574792], [22.95988724535404, 56.55830958901931], [22.95997698123668, 56.55830061825412], [22.961884589124416, 56.55790947031775], [22.962029624459547, 56.55789002362329], [22.962148172615386, 56.5579003295366], [22.962304634507998, 56.55794578729679], [22.96317060688571, 56.55825003303238], [22.963216405302045, 56.55826612292121], [22.963260816488063, 56.55828296492512], [22.963537344218032, 56.55838783093135], [22.963629946982206, 56.55844317328661], [22.963681958040866, 56.55852026702666], [22.9642869315634, 56.56049116748865], [22.964271940517023, 56.56060928038002], [22.96421985300301, 56.56066406733439], [22.964155393996617, 56.56069796239576], [22.963025244146415, 56.560938009114345], [22.962908885769803, 56.56097666741793], [22.96285750655468, 56.56100547416221], [22.9628356588678, 56.56102997828189], [22.962831312970174, 56.56105982604714], [22.96284354321994, 56.56112879221821], [22.96295240851424, 56.56162213921999], [22.962981373785055, 56.56168150014546], [22.96303630881539, 56.561737828789695], [22.963086893001705, 56.5617811274491], [22.963344447944124, 56.561924504732474], [22.963458906030784, 56.56198822161482], [22.963989432968642, 56.56229343400262], [22.96402599172621, 56.56233336743246], [22.96403455091794, 56.562364621943395], [22.964018322540507, 56.562441796468114], [22.963983290987297, 56.56251816382304], [22.963811150979787, 56.562792323317275], [22.963085261244245, 56.563948366196705], [22.96306756614334, 56.563993045082185], [22.963074593275486, 56.56403728054624], [22.963159298732826, 56.5641237413696], [22.96334680037682, 56.56428057292542], [22.963439383235794, 56.564337215224946], [22.96353216011583, 56.56438671264324], [22.964181721390457, 56.564600015268915], [22.964272857271403, 56.56462351201928], [22.96435748576262, 56.564626816204814], [22.96444380516906, 56.56461129350911], [22.964541068460772, 56.564581460323275], [22.96468390644634, 56.564508761414636], [22.96653746597768, 56.56343434874755], [22.966669894028698, 56.5633857793014], [22.966764083109123, 56.563365866698646], [22.966839432574332, 56.56336049554317], [22.966911084552688, 56.56336498936307], [22.96698250483454, 56.563377925930794], [22.967087331174938, 56.563417126408815], [22.96728597369056, 56.56351102768651], [22.967427488104082, 56.563585614224436], [22.967460275309985, 56.56363461049747], [22.967478823849756, 56.56368803657338], [22.967677804974308, 56.56454723366583], [22.967742674205784, 56.56467120661434], [22.967828585708173, 56.564757024610635], [22.96790697107395, 56.564816794549365], [22.968133819896963, 56.5649122277196], [22.969107426715258, 56.56528281069096], [22.969935094480167, 56.56561189957265], [22.970020895775257, 56.56565873592591], [22.970042560463153, 56.56568425130388], [22.970052370614635, 56.56571291734778], [22.97005231143809, 56.56575839285412], [22.96950357405595, 56.569148944379236], [22.969523289119294, 56.56928943323991], [22.96988985592464, 56.56965757560208], [22.970211073951496, 56.569875921539655], [22.97043179584181, 56.569981694809464], [22.970581937660924, 56.57003390973018], [22.9706041741018, 56.57004027886513], [22.97074500307837, 56.57005739959721], [22.970949947129494, 56.57007859612189], [22.97196322522917, 56.570133068731], [22.973428950248763, 56.570200132450886], [22.973928835689765, 56.570239713580776], [22.974751355540715, 56.57034222598727], [22.97503747827721, 56.57038979019164], [22.975094861797608, 56.57040533136336], [22.97514711572089, 56.57043235307832], [22.9751926628856, 56.570469956455874], [22.975236100871896, 56.57052615598615], [22.975257473251094, 56.570567105466594], [22.975264709376386, 56.570596415605586], [22.97526061113748, 56.57068856459856], [22.97521192299947, 56.571063986018366], [22.97507562678973, 56.57230378632211], [22.97499349871516, 56.5736184887392], [22.974999798642017, 56.573682359682934], [22.975016331667216, 56.57372415517793], [22.97504887198487, 56.57376785527933], [22.97508507687719, 56.573794745605696], [22.97682675735063, 56.57476814368594], [22.97728173321338, 56.575008613315134], [22.977678541696903, 56.57521833553901], [22.978090782171385, 56.575414066574574], [22.978286441009907, 56.57548303854062], [22.978478995295344, 56.57551830298288], [22.978676940375376, 56.575532338408024], [22.978929770559173, 56.57553574338243], [22.97915722422222, 56.57552741760248], [22.979395816904862, 56.57549303475723], [22.980204869308263, 56.575325056770126], [22.981151693201248, 56.57510945067851], [22.982633181104347, 56.57469308649323], [22.982683981679482, 56.57467880856292], [22.982938360681356, 56.57461679178132], [22.983008632187197, 56.574592192353094], [22.983363433724353, 56.574013380608065], [22.984828270309716, 56.57250167270775], [22.985022593741984, 56.572302105818856], [22.986439725547644, 56.570846663208194], [22.98658005912891, 56.57069869929462], [22.98708203859082, 56.57016940936977], [22.988713863227765, 56.568425019727904], [22.988744157354294, 56.56838962034582], [22.988768818562537, 56.56834526415856], [22.98879428094673, 56.56827093984724], [22.98882113164161, 56.568034601886836], [22.9888865037096, 56.5677843993543], [22.989279765649737, 56.566574028003345], [22.989387859408385, 56.56624841911981], [22.99033592033799, 56.563392332136395], [22.990597722156448, 56.5624848867181], [22.990622028922996, 56.56240063084596], [22.99062712046387, 56.562319659208455], [22.99037779316456, 56.561434597181226], [22.990312648081797, 56.56134657454029], [22.990154316193436, 56.56123187065656], [22.98997221179632, 56.561128315700486], [22.988077747183514, 56.560427544336214], [22.98802127566189, 56.56039954038986], [22.98795406668003, 56.560334183277405], [22.98789333254426, 56.560191106582025], [22.987855837081355, 56.55950629748689], [22.987841655554792, 56.559247285871585], [22.987789949346208, 56.557249504352995], [22.987796341866655, 56.55711993621305], [22.98781577981888, 56.557051233180566], [22.987847081784814, 56.55697776691809], [22.98814262859024, 56.556787362314196], [22.988188098011726, 56.55673264370227], [22.98848270518994, 56.55637418478146], [22.98897282584576, 56.555777821422566], [22.989188768711628, 56.555515061138685], [22.989876478042763, 56.554698813824814], [22.99017037401515, 56.55434997404007], [22.990742498671104, 56.55370098168566], [22.99096597655359, 56.55344747083999], [22.99151281260565, 56.55274405254605], [22.991588689872692, 56.55264644660467], [22.99165700981328, 56.55255950703077], [22.99172759427614, 56.552497699770804], [22.99180032579363, 56.5524617767847], [22.99184055537491, 56.55244190726609], [22.992780361664988, 56.552016106776556], [22.992847428466195, 56.551976143596654], [22.992871709921115, 56.551945556094694], [22.992878651864782, 56.55190510579242], [22.99288005172073, 56.5514640455926], [22.992880972710147, 56.551174303316195], [22.99288183895018, 56.550901383504744], [22.99292021915725, 56.55003607312195], [22.99294617465645, 56.54991476462835], [22.99309295398931, 56.54946876246144], [22.993120545103846, 56.54931344216904], [22.993178916866288, 56.54899310416313], [22.993308824638856, 56.54851942160223], [22.993329572151286, 56.548456597981385], [22.993445979380304, 56.54810412615309], [22.993496529959533, 56.54791253539369], [22.993500318147994, 56.54782507228339], [22.993483211548707, 56.54775121171901], [22.993455216987403, 56.547700757049455], [22.993375789826036, 56.547598848374506], [22.993204024512, 56.54743948226049], [22.99275824502459, 56.54710533867551], [22.992270506467293, 56.546694701753815], [22.992147699343274, 56.54656975602638], [22.992097193705813, 56.54648347354869], [22.992088608144535, 56.54642021370638], [22.992092767851265, 56.546388112789366], [22.99209783450243, 56.54634899679146], [22.99212948336882, 56.54626175958558], [22.99216018678178, 56.54621016056871], [22.99221721796687, 56.54616120535302], [22.99296941555149, 56.545669882842944], [22.99359512043626, 56.54523813440772], [22.993619266502005, 56.545221473721284], [22.994447149350865, 56.54469510924105], [22.996360118603818, 56.54406165756576], [22.996834565361972, 56.54386619536118], [22.997355476734754, 56.54357713170928], [22.99844879081136, 56.5429362235124], [22.999650209434822, 56.54232169867313], [22.999709956899526, 56.54229113650669], [22.999766128798885, 56.54225819873865], [22.99990784583299, 56.54217509592592], [22.99997398462132, 56.542123792691946], [23.0000405119047, 56.54205768218827], [23.00008033557451, 56.54198765424404], [23.000100611708753, 56.54189648799616], [23.00012371029218, 56.54186767123319], [23.0009774084146, 56.54126176641411], [23.00208823344627, 56.5404529892144]]]}}, {"type": "Feature", "properties": {"fid": 592, "nosaukums": "Sesava", "garums": null, "posmaID": null, "gadsAvotos": null, "regulets19": 1, "kolhozs": null, "udenskratu": 0, "piezimes": null}, "geometry": {"type": "MultiLineString", "coordinates": [[[23.01984216119499, 56.5650809523875], [23.0214402350383, 56.56341783949451], [23.02149127271086, 56.56336472148016], [23.021542310239766, 56.563311603443935], [23.022003825223617, 56.56283127071919], [23.02258610213255, 56.562342589266095], [23.02304453813019, 56.56193377496457], [23.023314398860485, 56.56169311853421], [23.023597207958606, 56.561440912830946], [23.024699499922814, 56.56044136145347], [23.02471628019663, 56.56042599548199], [23.024728946284913, 56.56041439414387], [23.02514955604836, 56.56002918535863], [23.02520840476241, 56.55998190958891], [23.025253694941682, 56.559957600940116], [23.025382905038168, 56.55991962862604], [23.025468222088403, 56.55990756794913], [23.025531607011327, 56.55990806475252], [23.02568103306852, 56.55992435245813], [23.025729868528522, 56.55993479344363], [23.02585871889591, 56.55996234276734], [23.026007504577574, 56.56001389245145], [23.026587059325713, 56.56021468617798], [23.026950538702483, 56.560335425036236], [23.027348068729022, 56.560467471315015], [23.0273671047184, 56.56047379536963], [23.02746394065271, 56.56051831071896], [23.02756000986178, 56.560588411823765], [23.02816639257857, 56.56115425225772], [23.02852545484214, 56.5614892982471], [23.031015896229277, 56.56209070407675], [23.03171731705135, 56.562260074987435], [23.032457874530373, 56.56243889011457], [23.033210277798776, 56.56261996268963], [23.03387568474654, 56.5627800926068], [23.03409862011199, 56.562852634263415], [23.034424337427343, 56.56297213223424], [23.034890479162808, 56.56314314647821], [23.035326269450387, 56.56330302243466], [23.036143341217475, 56.56360891337014], [23.037347458369577, 56.56405968469578], [23.03913126370069, 56.564723887591306], [23.039185200707195, 56.56474318914923], [23.03934896669123, 56.56480178981857], [23.03970521383814, 56.564929266955126], [23.039894261841305, 56.56499691289164], [23.041230453609003, 56.56547992782043], [23.041283718975453, 56.56549485675619], [23.04133095388787, 56.56549870517316], [23.04139108523214, 56.56549161899473], [23.04211987646871, 56.56528817697336], [23.044103886549117, 56.5646925293514], [23.044722032274205, 56.56477639928284], [23.045927778065145, 56.564939986312204], [23.04596981284051, 56.56494146964793], [23.04599933100788, 56.56493879319959], [23.04606390179498, 56.564922446947946], [23.046750066833305, 56.56465593294199], [23.047327238151706, 56.564457105741596], [23.047913510034082, 56.56425048493317], [23.048022312013238, 56.5642121388156], [23.049739088040653, 56.56323630754053], [23.050564988373207, 56.562979731672336], [23.050819765681165, 56.56290058001471], [23.05122943249563, 56.562773307705136], [23.0523655493642, 56.56242033420784], [23.052938027652534, 56.56224246757384], [23.054276027408076, 56.56002578062977], [23.05456957176391, 56.559539421210644], [23.054645118391683, 56.55941425158548], [23.05600941929493, 56.5584466000238], [23.05603957160472, 56.5584252128894], [23.056037395337857, 56.55842446681628], [23.056017982466425, 56.55746829159325], [23.05603341795375, 56.557251059432204], [23.05606257329342, 56.5571875987855], [23.056129256402855, 56.55712719209715], [23.056296609598935, 56.557050936106755], [23.05727715285848, 56.55673442779507], [23.057878693093883, 56.55663792692303], [23.06063911144748, 56.556269107775286], [23.06081120900091, 56.55625379542454], [23.06097161612208, 56.556255007073915], [23.061305729482022, 56.556273472807156]]]}}, {"type": "Feature", "properties": {"fid": 593, "nosaukums": "Sesava", "garums": null, "posmaID": null, "gadsAvotos": null, "regulets19": 1, "kolhozs": null, "udenskratu": 0, "piezimes": null}, "geometry": {"type": "MultiLineString", "coordinates": [[[23.121196218479284, 56.548811349472714], [23.12190766578499, 56.54881783772118], [23.122395887688604, 56.548811057309955], [23.122517671331682, 56.54880680298435], [23.12264903466221, 56.548788735010966], [23.123335022244405, 56.548694945666625], [23.123507326378814, 56.548674534821295], [23.12364306222776, 56.54865845616124], [23.12417323999311, 56.54859565025483], [23.1244839750977, 56.548557967439926], [23.12487356550475, 56.54851072058803], [23.12511274863026, 56.54848040474741], [23.125201221343385, 56.54846919111583], [23.12528372110441, 56.54845918155109], [23.125642858378054, 56.548415604728795], [23.125663438422226, 56.54841310712001], [23.1260036732747, 56.54837182303733], [23.1261679413959, 56.54834877524637], [23.126286312092745, 56.548332167337314], [23.126504150257727, 56.548292054787204], [23.12669705875409, 56.548251114448796], [23.127092792940257, 56.5481671273555], [23.127220558758655, 56.54814001061194], [23.127486374311147, 56.54808663685799], [23.12776109007678, 56.54803147506777], [23.127835784835064, 56.54801647653199], [23.128163936936033, 56.54795302584374], [23.128284085366673, 56.54793788580159], [23.12847698529221, 56.547913577549764], [23.12890762280469, 56.54787639183333], [23.128959865444685, 56.54787188018967], [23.129012470969975, 56.547868919104765], [23.129160932494297, 56.54786056316272], [23.12923470954255, 56.54784639022846], [23.12937498656299, 56.54780400252189], [23.129403050270046, 56.54779510490227], [23.12943348717904, 56.54779321926712], [23.129467674921628, 56.547793458681944], [23.129530727697837, 56.54780509316515], [23.129652825757937, 56.547837426342355], [23.1298154429789, 56.54787004303936], [23.130028882848507, 56.54789531993694], [23.130355929194046, 56.54793678180253], [23.130533517442057, 56.54797929544521], [23.130768468621078, 56.548060683580694], [23.130959024018537, 56.548145258599064], [23.131010554176868, 56.5481624073512], [23.131041984161484, 56.548172420211785], [23.131087455592883, 56.54817763463218], [23.131174967933948, 56.5481719508163], [23.131209148029345, 56.54817253919622], [23.13123887880048, 56.54817379636898], [23.13127978242489, 56.54818492477064], [23.13130557162912, 56.54819244985584], [23.131352542204162, 56.54821516217951], [23.131480013412503, 56.54828950240943], [23.13153104592061, 56.54832833257149], [23.13162294120951, 56.54838201121498], [23.131716828250717, 56.548400281223834], [23.132266430483508, 56.548456583149395], [23.132601835755562, 56.548520481519766], [23.132803213924987, 56.54857504983283], [23.13296933235798, 56.54862097763994], [23.133228100136005, 56.5486819750412], [23.13349046043744, 56.54874381812853], [23.134119885501537, 56.54888574823658], [23.134276398034306, 56.54891908651413], [23.134320369826757, 56.54892399910177], [23.134360887092125, 56.5489236226759], [23.134388437733797, 56.548917234236534], [23.13443168295031, 56.54890174052086], [23.134499386197774, 56.54885877612417], [23.134592534879715, 56.548744913898], [23.134657334108187, 56.54862032348127], [23.134691560656613, 56.548582391787676], [23.134732783085273, 56.54855108905918], [23.13477632956374, 56.5485224358626], [23.13482922609331, 56.548501744239935], [23.134927389440694, 56.54848136760627], [23.135095156833614, 56.548439100073125], [23.136025376468833, 56.54808623982041], [23.136080744145417, 56.54806161703469], [23.136123689582174, 56.54805928300831], [23.13616889602394, 56.54806222962126], [23.136237479840403, 56.5480850812897], [23.13639533973911, 56.54816383505259], [23.136459396860566, 56.54817612616339], [23.13651181262105, 56.54817649025914], [23.13655237562836, 56.54817413953569], [23.136581234041778, 56.548162493855735], [23.136615098767276, 56.54814035395304], [23.136634698244052, 56.54811679783428], [23.136679440987145, 56.54803550286051], [23.136729096717314, 56.54794766080989], [23.13677267094884, 56.547917690876886], [23.136847246171097, 56.54788661905158], [23.13689757849145, 56.54787380616387], [23.1369595837937, 56.54787160418122], [23.13703582267194, 56.54787213344786], [23.137130822289734, 56.54788595524596], [23.137185290866675, 56.54790081189945], [23.137285205317628, 56.54790808651354], [23.137561843512692, 56.54789815992674], [23.138541764508652, 56.54787336478557], [23.138885261979087, 56.547857318280386], [23.139235428878862, 56.54786237587415], [23.139482849094758, 56.54787988274264], [23.13974602499241, 56.54791543039454], [23.139832059622556, 56.54792705156119], [23.140038740589734, 56.54795480530376], [23.1402525081285, 56.54798524108112], [23.140278387773378, 56.54799989864897], [23.140323443259547, 56.54811472089391], [23.140342026278223, 56.548135909163655], [23.1403796978043, 56.54815591319347], [23.140427020444434, 56.548170719005185], [23.140564341183364, 56.54820983836447], [23.1406138675921, 56.54823255675036], [23.140649186633233, 56.548251228199284], [23.140684417907302, 56.54827384683783], [23.140704996148504, 56.548312159898906], [23.140734120763682, 56.548393966886174], [23.140752495470185, 56.54842436639875], [23.14077804603659, 56.548453500169735], [23.140803717517503, 56.548477369831005], [23.14085547794381, 56.54850668383454], [23.141049028074143, 56.54858831076162], [23.141446582984784, 56.548710833521405], [23.14169275896341, 56.54878360923117], [23.141789490064657, 56.54882639567243], [23.141949047559066, 56.54893608510231], [23.142004218794018, 56.548972662800246], [23.1420421318342, 56.548982137207844], [23.142095635068262, 56.54898711372029], [23.142230220774422, 56.54898935866935], [23.14232281276829, 56.549004476100805], [23.142684369501026, 56.54913859170829], [23.142757783889277, 56.549158841494965], [23.14280540452392, 56.54916048609986], [23.14288167747691, 56.54915969577107], [23.143372253499212, 56.54907776364067], [23.143388773742437, 56.54907500422278], [23.144082123975924, 56.5489731658487], [23.144847630469624, 56.54884154750939], [23.144891885441, 56.54883395452355], [23.144923140848263, 56.548821665736206], [23.144955764743774, 56.54880148804921], [23.145010217451976, 56.54876435033879], [23.145090848709454, 56.54872870887204], [23.14516761015899, 56.548706203086375], [23.145252427963925, 56.54869625642388], [23.145335816383533, 56.54869682975102], [23.14537740679591, 56.548701722949296], [23.145431716731075, 56.54872381371908], [23.145466862334125, 56.54875038000011], [23.145479609906264, 56.54876626153893], [23.14548266406921, 56.5487893170818], [23.145478320123086, 56.54882350841446], [23.145483949608877, 56.54883802568763], [23.145501419524436, 56.54885591448498], [23.14552493402981, 56.54886989702317], [23.14555692021099, 56.548878014281684], [23.145586686888535, 56.548878876539774]]]}}, {"type": "Feature", "properties": {"fid": 594, "nosaukums": "Zušupīte", "garums": null, "posmaID": null, "gadsAvotos": null, "regulets19": 1, "kolhozs": null, "udenskratu": 0, "piezimes": null}, "geometry": {"type": "MultiLineString", "coordinates": [[[22.949953206281368, 56.660130327958655], [22.949960357435874, 56.659707896581736], [22.94996931627183, 56.65943243847636], [22.951328196769417, 56.65835404573447], [22.95140200982178, 56.65829546708514], [22.950930340851855, 56.65739074682005], [22.950425139660524, 56.65660165825615], [22.95023121000517, 56.656493146373066], [22.94818824811002, 56.65573194200138], [22.947975276916374, 56.6556525859781], [22.947721737805335, 56.655293121984776], [22.947692042332143, 56.65522728622375], [22.94748988688782, 56.65477910820261], [22.94681746406622, 56.654486289082676], [22.946716371816454, 56.65436269545177], [22.946694584871924, 56.654336059611474], [22.946672799563743, 56.6543094246794], [22.946604618665177, 56.6542260683371], [22.94661001080955, 56.654167475135104], [22.94661458195308, 56.65411779129312], [22.946619153083777, 56.65406810745056], [22.946629551658773, 56.65395509740997], [22.94645257249778, 56.65272052236796], [22.946336196768517, 56.65198586111783], [22.9462506586525, 56.6514458549279], [22.94618410933984, 56.6510501644756], [22.94608355954779, 56.6504523058789], [22.94599730831223, 56.649939450155486], [22.94600684013892, 56.64991938289405], [22.94603730358657, 56.649855243696464], [22.946385235146497, 56.64963167263325], [22.946387095096412, 56.649630771944956], [22.946860864114115, 56.649401385843085], [22.94710732541645, 56.6492820544059], [22.94732236478091, 56.649168703794075], [22.948145092401756, 56.64899111399299], [22.94853089479427, 56.648907834253066], [22.95238096503126, 56.647541825346714], [22.95572535225284, 56.64363805864952], [22.956788617325586, 56.64239676360303], [22.956818102320415, 56.642362986928866], [22.957613890302476, 56.64145136374009], [22.957635089512472, 56.64142707620204], [22.958009305045792, 56.64099836459361], [22.95804246684199, 56.64096037408653], [22.958121113726097, 56.64087027267632], [22.95949274122153, 56.6400081452753], [22.960082430231164, 56.63963748277316], [22.96027363857353, 56.6395172929209], [22.960538468951135, 56.63948370284375], [22.961502608650072, 56.639361410616324]]]}}, {"type": "Feature", "properties": {"fid": 595, "nosaukums": "Balžņa", "garums": null, "posmaID": null, "gadsAvotos": null, "regulets19": 1, "kolhozs": null, "udenskratu": 0, "piezimes": null}, "geometry": {"type": "MultiLineString", "coordinates": [[[23.07071751423659, 56.64259435945256], [23.07144807001113, 56.643140190817356], [23.073003153218565, 56.64430199538097], [23.076015519673078, 56.64593921065035], [23.07640155256505, 56.64615137268401], [23.077417570136554, 56.64670975599106], [23.07766164108706, 56.64682571380882], [23.07915894007818, 56.64717341203411], [23.079396983269348, 56.64718931312826], [23.07945109099104, 56.64719292696063], [23.079507212064684, 56.64719355844042], [23.08062013223849, 56.64720607033095], [23.082893060990383, 56.64744914668761], [23.08316962105533, 56.64781328227548], [23.083326313940255, 56.64838829733566], [23.084622236026412, 56.64869731997708], [23.090579220193025, 56.64832176153432], [23.09183618045988, 56.64864491435153], [23.091700088420527, 56.64960571424684], [23.09161532801504, 56.64970933245055], [23.09142418009568, 56.64978951460058], [23.089715487581977, 56.650026296015554], [23.089582349689227, 56.65008877066524], [23.089264457845385, 56.650648419042916], [23.087808983302164, 56.6512994421032], [23.08730905099341, 56.65326268486124], [23.08686414209679, 56.653968686868446], [23.087305375579042, 56.654436456198], [23.08801587712033, 56.655339006448024], [23.08824634577515, 56.65704020820962], [23.088062275316194, 56.657705164784495], [23.088062225657694, 56.65770532973439], [23.087824325615216, 56.658500965569864], [23.088553257222756, 56.65966650521619], [23.088552631959068, 56.66079947412255], [23.08853197206026, 56.66171863121347], [23.08858048070475, 56.66183934076539], [23.08884728855998, 56.66214807824577], [23.089419913337565, 56.66276630024166], [23.089452523105923, 56.66283575111229], [23.089272714733465, 56.66334293133323], [23.08906066581204, 56.66413902026637], [23.088991953622273, 56.66432258869746], [23.088948195577807, 56.66436002651398], [23.088848733987778, 56.664397056759654], [23.088504982430695, 56.66443465929604], [23.08746795744751, 56.664608775379556], [23.08561743220641, 56.66492794497842], [23.084591179062237, 56.665010080720386], [23.084414756439823, 56.66503946196331], [23.08429346408889, 56.665092847751744], [23.084218219341913, 56.66519140974208], [23.08406165709636, 56.665372184626186]]]}}, {"type": "Feature", "properties": {"fid": 596, "nosaukums": "Balžņa", "garums": null, "posmaID": null, "gadsAvotos": null, "regulets19": 1, "kolhozs": null, "udenskratu": 0, "piezimes": null}, "geometry": {"type": "MultiLineString", "coordinates": [[[23.051623345462385, 56.62869708417867], [23.05306314650268, 56.62912173987129], [23.053110547287194, 56.629135719217516], [23.054362737188924, 56.63035362240023], [23.055625654656783, 56.631581865781605], [23.05581764002762, 56.631768571970866], [23.056426232952564, 56.63236041689424], [23.0578665402258, 56.63230452211189], [23.057936636200328, 56.63230180117534], [23.05800681036029, 56.63229862437846], [23.062495001273714, 56.6320953828137], [23.064053693243967, 56.63260857020462], [23.0641294365341, 56.63267505447053], [23.06412684551833, 56.63277972320581], [23.063081164993452, 56.634377703472104], [23.062671591893128, 56.635003561304224], [23.061668347168002, 56.636252360600984], [23.0625691398859, 56.63714364018115], [23.062491927245937, 56.63727005801917], [23.061984188628244, 56.638005945665505], [23.0620470238631, 56.63828270293119], [23.0622182701411, 56.63834749281238], [23.06432799740937, 56.6385765472267], [23.06449891224325, 56.63865493845572], [23.064568474195838, 56.6391192798244], [23.064601336780502, 56.63916337174457]]]}}, {"type": "Feature", "properties": {"fid": 597, "nosaukums": "Balžņa", "garums": null, "posmaID": null, "gadsAvotos": null, "regulets19": 0, "kolhozs": null, "udenskratu": 0, "piezimes": null}, "geometry": {"type": "MultiLineString", "coordinates": [[[23.029978713288855, 56.591189418365104], [23.029979245379753, 56.59119070551351], [23.03019932660102, 56.59172348340076], [23.030737396672286, 56.59302599105637], [23.0307440842265, 56.59304217768045], [23.03066346660375, 56.5932822464976], [23.030376143318037, 56.5941378390644], [23.030248255896446, 56.59451865008608], [23.0302266357486, 56.5945830285779], [23.030253136587568, 56.59494802986291], [23.031284415193223, 56.59601794616144], [23.03183018060467, 56.596708665184366], [23.03225914985952, 56.59725155015516], [23.032301412398475, 56.597325406889354], [23.032463640278678, 56.59760890299785], [23.03238638373451, 56.59798188615398], [23.032231657584408, 56.59826856275739], [23.031867622254786, 56.59863931433036], [23.031857745492758, 56.598713954988604], [23.031889997537636, 56.598854849608216], [23.03193526524177, 56.59895409148575], [23.032048103295995, 56.59905935316883], [23.037089257547972, 56.60073839957381], [23.037724152063944, 56.60105670260042], [23.03794224497824, 56.60121398310195], [23.038233763753855, 56.601462109557175], [23.037324332495835, 56.603213475328594], [23.03725424057996, 56.60333521824623], [23.036995407111128, 56.603784780964915], [23.03611311061085, 56.60531713435804], [23.035564280369137, 56.60582958066346], [23.03545435086765, 56.6059676100342], [23.03515827041435, 56.606339369457075], [23.034744250707686, 56.606627460063685], [23.034628991896497, 56.60670954902429], [23.0339004296845, 56.60722843512324], [23.033343273351285, 56.60804892448567], [23.033333929655075, 56.60815691638257], [23.033429802872455, 56.60833637397929], [23.033748050706222, 56.608690909391285], [23.034230493230233, 56.60908782376491], [23.03451418149745, 56.60927320524849], [23.03481535074071, 56.60947212662977], [23.03498929244671, 56.60964057147442], [23.03515656292125, 56.60987832061035], [23.03544062735371, 56.61026167300271], [23.036075776216318, 56.61111879434414], [23.0365549635056, 56.611802345077336], [23.036581446162792, 56.611848295868384], [23.036587856545843, 56.611868042333434], [23.0365892379939, 56.611904267958394], [23.03658607730014, 56.61193791848249], [23.036574468144305, 56.61203186180646], [23.03653943003198, 56.61214087319857], [23.036432231347014, 56.61236877450528], [23.03640436329676, 56.61246767536113], [23.036398164891985, 56.612505819786264], [23.036393431356753, 56.612534939792575], [23.03639772237882, 56.61263790182897], [23.03646924050628, 56.61344918008369], [23.03648637469714, 56.61357600478321], [23.036515899603593, 56.61379455254158], [23.036572009861075, 56.614209870964906], [23.036618687546483, 56.61436780245748], [23.03685407214742, 56.61488093068281], [23.03687330186329, 56.6149450387124], [23.036899217054597, 56.61503142984391], [23.03690787144479, 56.61506028241467], [23.036916527431313, 56.61508913679388]]]}}, {"type": "Feature", "properties": {"fid": 598, "nosaukums": "Snierājs", "garums": null, "posmaID": null, "gadsAvotos": null, "regulets19": 1, "kolhozs": null, "udenskratu": 0, "piezimes": null}, "geometry": {"type": "MultiLineString", "coordinates": [[[23.240144383144205, 56.64738804265964], [23.240193701465504, 56.647460502943694], [23.240346720600233, 56.64766510024657], [23.240672712823088, 56.648018677290224], [23.24105696893505, 56.64833561482549], [23.241523322317278, 56.648603748111874], [23.24234716553842, 56.64893361077038], [23.242463024369588, 56.64903718428251], [23.24249580067698, 56.64908597083655], [23.242583515030443, 56.64921652716139], [23.242610945264552, 56.64925735610302], [23.24269433350237, 56.64938409464939], [23.242782620747334, 56.64951827767839], [23.24283331426024, 56.649600306327415], [23.243031988602848, 56.64981478653485], [23.24394723261723, 56.65042306601809], [23.244262537941623, 56.650663028382226], [23.24462656196286, 56.650868022116825], [23.2448583289527, 56.65128381996622], [23.2450772737701, 56.651540831912854], [23.24545713281921, 56.65175473275509], [23.245682988193323, 56.65188669346422], [23.24596446111148, 56.65202379719039], [23.24635757273503, 56.652350912977234], [23.24664265407143, 56.65250251428002], [23.24675785876913, 56.652588573795], [23.246795842593986, 56.65261694868872], [23.24722224371263, 56.6530876632129], [23.246657117205952, 56.65477655436273], [23.245949812748826, 56.65666237097843], [23.245603550545454, 56.65696807552302], [23.245850769915656, 56.6571084082298], [23.245915423509445, 56.65714510890745], [23.24592221081505, 56.65714896204636], [23.24597510873692, 56.657186373134], [23.246034189978154, 56.65722815566149], [23.246074842658963, 56.65732202711879], [23.246249413878527, 56.658056301000286], [23.24664814876123, 56.659828466306244], [23.24786401543805, 56.66034178424698], [23.247901298077277, 56.660388760961276], [23.247926240759753, 56.660420188602046], [23.247572580532623, 56.661738593043054], [23.247539565186365, 56.66186166333076], [23.247038122701014, 56.66262775899901], [23.245716657372725, 56.664430014161375], [23.243734309370545, 56.66722919138572], [23.243587892276995, 56.66743831241829], [23.243568148602503, 56.66746651094997], [23.243548771071996, 56.667494187020544], [23.2435293935309, 56.66752186218955], [23.243080864623924, 56.66816246169007], [23.24208411016929, 56.66961299394324], [23.242051826046055, 56.66967677451581], [23.24203427117393, 56.66977903454213], [23.241894760523987, 56.67132026467142], [23.24172889372553, 56.673842344596515], [23.241729826107772, 56.67427574257372], [23.241729890464512, 56.674305766604874], [23.24172995483916, 56.67433578973755], [23.241730395374805, 56.67454019807339], [23.241720759514422, 56.67463398012432], [23.241206493695977, 56.675052479151184], [23.239800811385727, 56.676199180710746], [23.239708171450566, 56.676274748873944], [23.2396160571129, 56.67634988983075], [23.239843549321233, 56.67651340226421], [23.24061426110435, 56.677067342400434], [23.24289922851864, 56.678262141413704], [23.24297953173673, 56.67830412960703], [23.24367308300984, 56.67866675923428], [23.24356203513385, 56.67894528168208], [23.243488376898377, 56.679130026070304], [23.242742145561728, 56.68099502597501], [23.24272719377635, 56.681039044207886], [23.2428596598999, 56.68121967751828], [23.24317912541005, 56.681681644484975], [23.24363376203979, 56.68227759788361], [23.24365168097046, 56.682301086422086], [23.243711996714293, 56.682381888701684], [23.243777880419046, 56.6823903682299], [23.24385286420762, 56.6823996702185], [23.24481525101192, 56.68256211566971], [23.245970128777365, 56.6827570416932], [23.24608110666561, 56.68277934750033], [23.24612653775344, 56.68280125654202], [23.24622383372571, 56.68285231887997], [23.24751702455815, 56.68398692458886], [23.24789683293292, 56.684331742925124], [23.247934715893113, 56.68440407924872], [23.247933566239045, 56.68446176019135], [23.247840745375182, 56.68485378553], [23.24740166102995, 56.68699395728808], [23.24723577587093, 56.68766104171473], [23.247210784300254, 56.68770508421585], [23.24715368416683, 56.68774893267725], [23.247153438471596, 56.68774905517512], [23.24704818754599, 56.687801329111345], [23.2460867139398, 56.68807393607266], [23.24594917812794, 56.68812171743423], [23.24587599680884, 56.68816547696066], [23.245817906420918, 56.68825793258846], [23.24561007996457, 56.68908325203059], [23.245460099509216, 56.68967883485835], [23.244560868717574, 56.69301449129207], [23.244406401787348, 56.69344995697327], [23.244049974249027, 56.69445473786213], [23.24321138582961, 56.696568960894034], [23.243066709614606, 56.69693369023973], [23.242812919430026, 56.69710171667863], [23.24252587271283, 56.69726480752914], [23.24248526273061, 56.69728666186117], [23.242404292823064, 56.697317102286256], [23.242155019606592, 56.697324426833624], [23.240177445531614, 56.697391136688], [23.240024692127218, 56.69739462530136], [23.23988097790788, 56.697423763176864], [23.23984309761073, 56.69748210393081], [23.239792031220425, 56.69762322227297], [23.239061990363457, 56.69940144110829], [23.23861859226225, 56.70048137352221], [23.238485180758595, 56.700738684343214], [23.237002794377453, 56.702977822095], [23.236698901725365, 56.70335055856994], [23.23633073371035, 56.70367092660548], [23.23593518920936, 56.70399919353802], [23.23590216297835, 56.70402345509445], [23.23589403191705, 56.7040292108465], [23.235819879463296, 56.704081706496254], [23.235779712787906, 56.70411014142969], [23.23573954605184, 56.70413857634995], [23.235640674961065, 56.70420856981208], [23.235751709917466, 56.70441708853446], [23.235752626919055, 56.70441874456234], [23.23575360456304, 56.70442039018104], [23.236145573774248, 56.7050568719897], [23.23634988468786, 56.705435853699335], [23.23539076310415, 56.70581485584138], [23.233887117325455, 56.70640899794708], [23.233628284745905, 56.706511267705665], [23.233668255436154, 56.70669839453689], [23.23367637044115, 56.706736384853855], [23.23400325750861, 56.707426125890244], [23.23318074503955, 56.707819651761376], [23.23278815095269, 56.7095507469999], [23.22774633556062, 56.710647362520746], [23.22763612000881, 56.7107426513516]]]}}, {"type": "Feature", "properties": {"fid": 599, "nosaukums": "Grauzdu upīte", "garums": null, "posmaID": null, "gadsAvotos": null, "regulets19": 0, "kolhozs": null, "udenskratu": 0, "piezimes": null}, "geometry": {"type": "MultiLineString", "coordinates": [[[23.191206293719933, 56.560579173466245], [23.191705886360438, 56.56049165027487], [23.195563112370593, 56.56053133457568], [23.19493314510699, 56.561514544757564], [23.19492743007813, 56.5615592405419], [23.194969587248654, 56.56159372187181], [23.198086347626507, 56.56226380675003], [23.19903746915456, 56.5624634698337], [23.201668529172732, 56.56301574321414], [23.20168152076768, 56.56301851837091], [23.20362338996879, 56.563433250879804], [23.204266092351208, 56.56357050536222], [23.204617164542068, 56.56364642952557], [23.205206803838085, 56.563481793338745], [23.20536898315912, 56.563474936128486], [23.205735729644104, 56.563485173081844], [23.205864827967797, 56.56346494706622], [23.20642185575002, 56.56329311323817], [23.206537566079636, 56.563257417889716], [23.206762570709188, 56.56320885767955], [23.20722355391027, 56.563156539633134], [23.207364207098486, 56.56315348855342], [23.20751087835162, 56.563204419260636], [23.20757183389915, 56.56325217201255], [23.207923012947987, 56.56412144119258], [23.208229816119108, 56.56494832369113], [23.208379955098323, 56.56529004023849], [23.208426482282814, 56.56534427910222], [23.20873410747976, 56.565562007688655], [23.208976982057703, 56.56574248464879], [23.209043775043504, 56.5668764070073], [23.20906992541068, 56.568054718840415], [23.208359597598637, 56.56920273040355], [23.208003903746512, 56.5696872654705], [23.207978314707255, 56.56977130565111], [23.208010082278264, 56.56984781739458], [23.20840633502716, 56.570273987702656], [23.208424024763925, 56.570339883536334], [23.20839898738241, 56.57039761455212], [23.20827555016873, 56.57060207395577], [23.208288913185623, 56.570646891698246], [23.208580504847944, 56.57083557395729], [23.209013322783044, 56.57110935611416], [23.20910223080884, 56.57118886252945], [23.20912950992332, 56.57125218858842], [23.209127697953804, 56.57133901173529], [23.209102110255905, 56.571423052128736], [23.208870905315756, 56.57170124032723], [23.20880728743529, 56.571777784674765], [23.207027291423127, 56.5737397971837], [23.206776672265725, 56.57390194219727], [23.205780308466416, 56.57420590759529], [23.205572718440923, 56.57440840908954], [23.205029299736914, 56.574979233945236], [23.20499627326179, 56.57509818081405], [23.205089420939988, 56.57536978029586], [23.204428050501903, 56.57714631092892], [23.204372408584593, 56.577227811329806], [23.205329516409268, 56.577897681273114], [23.205328085543442, 56.57796589816902], [23.205315150436192, 56.577990905464645], [23.204477971662424, 56.57960916010078], [23.204514340523026, 56.57964350573299], [23.206208637506084, 56.58009678738996], [23.206243436109112, 56.58020617217205], [23.20630625966169, 56.5824947970379], [23.20631519241474, 56.58265859711516], [23.206815845768947, 56.583548733014396], [23.20682563802678, 56.5836716027403], [23.206824209541992, 56.583739819597156], [23.206102369827207, 56.584553929518236], [23.20601454238945, 56.58461477209483], [23.205753199188393, 56.58469497506992], [23.205320116854075, 56.58480477029125], [23.205247006504614, 56.58489855702594], [23.20520386223298, 56.5849539039504], [23.203037348004745, 56.587732901531396], [23.20302326045574, 56.58781468276645], [23.20492832144215, 56.5912276887731], [23.205782798513564, 56.594677164836504], [23.20585155938311, 56.594936862587076], [23.205835902743214, 56.595093682632545], [23.205172525891665, 56.59713688878092], [23.20489742953791, 56.59798412189531], [23.20485506586199, 56.59941329151555], [23.204867514700982, 56.60127117778258], [23.204165921559834, 56.60110269410743], [23.202406377523676, 56.60047944792823], [23.201835358548177, 56.600277148632514], [23.20165628659738, 56.60030879905363], [23.20151929215629, 56.600359462558934], [23.20107827260169, 56.60072679621787], [23.200862848494697, 56.600870668136636], [23.19891763941183, 56.601410244146], [23.198345982460093, 56.60204660149931]]]}}, {"type": "Feature", "properties": {"fid": 600, "nosaukums": "Leinartu strauts", "garums": null, "posmaID": null, "gadsAvotos": null, "regulets19": 1, "kolhozs": null, "udenskratu": 0, "piezimes": null}, "geometry": {"type": "MultiLineString", "coordinates": [[[23.12463538370235, 56.56686189974714], [23.124586836983976, 56.56713717946949], [23.124616073863542, 56.567218021428566], [23.124870130351106, 56.56740198713035], [23.125678374601183, 56.56771602971856], [23.12574577551456, 56.56772546297787], [23.125870176690267, 56.56772633753634], [23.12653259449263, 56.56767872845428], [23.126954697885857, 56.56814161591431], [23.127037381801323, 56.568192220432124], [23.12786192145266, 56.56850486981774], [23.12788311828363, 56.56852405758243], [23.127894798334314, 56.56854541844141], [23.12789552351995, 56.568572675380764], [23.12786701970149, 56.568635938544986], [23.127665484000705, 56.56887195259655], [23.127661800191902, 56.5689144846389], [23.12778881067804, 56.569272263232506], [23.12797195259302, 56.569482976853365], [23.128154195310366, 56.56961528855185], [23.128767339216616, 56.569859252400136], [23.12862047211361, 56.57078332425193], [23.128612577413183, 56.57083299195293], [23.12854768851328, 56.571241251964274], [23.1283877536487, 56.57206018034254], [23.128377212000853, 56.57211416000571], [23.12837150207042, 56.57214339872825], [23.12836579211021, 56.57217263834869], [23.12835524879157, 56.572226617099126], [23.12789824899071, 56.57456641479489], [23.127371696268636, 56.57779032358254], [23.127362908966294, 56.57784411687451], [23.127358150310993, 56.57787325528955], [23.12735339166887, 56.57790239280594], [23.127344604312913, 56.57795618609553], [23.12724655155409, 56.57855646019343], [23.12551066328001, 56.578971332708626], [23.12559930547978, 56.580089824731985], [23.12438092477112, 56.5817903525389], [23.12253293992869, 56.58624642483405], [23.12190561736827, 56.58775884764522], [23.121892797409078, 56.58777418442954], [23.120905973314734, 56.588954739525526], [23.120507690072408, 56.58943118877303], [23.12032621993413, 56.58968972471515], [23.1202104908626, 56.58979489547977], [23.119956298676865, 56.58992354601004], [23.119822257397118, 56.58996879770993], [23.119666590354612, 56.5899929308889], [23.11933188728597, 56.59001892126159], [23.119060435601074, 56.590087899410285], [23.118904447181738, 56.590164783652924], [23.118714405955036, 56.5903468883091], [23.118654728719196, 56.590404073210536], [23.11828597208472, 56.59057370178156], [23.117957861287184, 56.590690146233754], [23.117772149475535, 56.590710925723506], [23.117422443233988, 56.590680167182576], [23.117343123198044, 56.59065597692965]]]}}, {"type": "Feature", "properties": {"fid": 603, "nosaukums": "Ālave", "garums": null, "posmaID": null, "gadsAvotos": null, "regulets19": 0, "kolhozs": null, "udenskratu": 0, "piezimes": null}, "geometry": {"type": "MultiLineString", "coordinates": [[[23.11600654338081, 56.50648974616212], [23.11620594022356, 56.50648629155235], [23.116312043648627, 56.50648445335433], [23.117433386818142, 56.506469032997764], [23.11801466805402, 56.50633281142227], [23.118965385560877, 56.50608724489167], [23.118968734752787, 56.50608638006431], [23.119027612951204, 56.50607117154651], [23.119392035242804, 56.5059770402786], [23.119567823277844, 56.50588705996287], [23.119815302712293, 56.50570155883902], [23.12011690819527, 56.505391173428606], [23.120121651725213, 56.505386292437834], [23.120276412128025, 56.505227025551214], [23.120625959067983, 56.504758964982344], [23.121193224912453, 56.50388912684674], [23.12096456282018, 56.5036700435111], [23.12111328396876, 56.503596369764026], [23.12133824885339, 56.503484925601974], [23.121644486421545, 56.50334532108148], [23.12206664729238, 56.50323231108195], [23.12258291605781, 56.50308129995172], [23.122983552827154, 56.50289080599858], [23.12359956934319, 56.50245695368232], [23.124143880268928, 56.50209992253012], [23.124567207509667, 56.50193536036385], [23.124968119023947, 56.50173197356122], [23.12514681136662, 56.50158730571328], [23.125251166778753, 56.50148648113438], [23.125348112954157, 56.50139281445921], [23.125709016649473, 56.50110511942193], [23.12610826987025, 56.50086122810892], [23.126387278662477, 56.50071081679063], [23.126646533579077, 56.500579731153124], [23.12673926847157, 56.50053284186876], [23.126761519825298, 56.50052159051536], [23.126971178971417, 56.5003245345891], [23.13290978629394, 56.4999156991233], [23.13324712782886, 56.49987059211672], [23.13363932403925, 56.49983504635985], [23.13413534896389, 56.49983984167885], [23.134254380820938, 56.49985122732688], [23.13431972990954, 56.49991501708832], [23.134383456352122, 56.50005004619039], [23.134428941376942, 56.50014800432017], [23.13451355649851, 56.5002040109734], [23.13464170983389, 56.500233932160235], [23.135090357544787, 56.500257874935684], [23.135733770071, 56.50029138142373], [23.135801958777463, 56.50029631487964], [23.136419762774075, 56.50034101417188], [23.136718892620728, 56.500406427625485], [23.137062341164444, 56.50048267729239], [23.137263021044138, 56.50047087637749], [23.13782367596173, 56.50036657259311], [23.137860856072272, 56.50035913172363], [23.138927967863356, 56.50014556472902], [23.139538353841157, 56.49995187494198], [23.13973885099315, 56.49994798511349], [23.13993809233773, 56.49999950423257], [23.140397348298254, 56.500158380020146], [23.140639266503037, 56.5003220651563], [23.141343144709214, 56.50090606763902], [23.141515499290687, 56.50097353559593], [23.141609584960378, 56.50098588102086], [23.141630807874034, 56.50098602766842], [23.14171931843866, 56.500986639225765], [23.142540197217222, 56.50085975634735], [23.143006721633178, 56.50077948800127], [23.143316738815315, 56.500705271574496], [23.144245170281803, 56.500340719847095], [23.144898979702038, 56.500114094052584], [23.145349170534505, 56.499958043373894], [23.145963239243606, 56.49973195349682], [23.146105306521477, 56.49965013880763], [23.146336966202632, 56.499402886227344], [23.14659418402655, 56.499128350956255], [23.146922557431434, 56.498742506603286], [23.147163872412854, 56.498458952709306], [23.147357039807094, 56.49825110278471], [23.14772528261925, 56.49785486344955], [23.147732824087527, 56.4977742774654], [23.147736099191114, 56.49773927974305], [23.14768084148149, 56.49751203124531], [23.1476253166782, 56.49728368385909], [23.147618979818706, 56.497245162903866], [23.147452395463564, 56.49623245632291], [23.147410255416943, 56.49598410746976], [23.147438851953957, 56.4958198755414], [23.147492405003806, 56.49551230284102], [23.147655930303262, 56.49528263650111], [23.147748569093544, 56.49515252722035], [23.147918677533454, 56.495045306618245], [23.148364501587626, 56.494965194447964], [23.148740050338784, 56.49498076404918], [23.14989483597119, 56.49523115456683], [23.15029018362719, 56.49517448935504], [23.151165928857598, 56.495094708101725], [23.151723453863937, 56.495167391845555], [23.15200472662458, 56.49519660221063], [23.15231514217159, 56.495077864577446], [23.15272017836759, 56.49482462071646], [23.15313993217195, 56.49471137606057], [23.153799870623047, 56.49455323161671], [23.15441306729088, 56.494411582876545], [23.15499931657722, 56.494283947973024], [23.155124302184458, 56.494262705925806], [23.155279275080993, 56.4942663591739], [23.155417198623436, 56.49429718613576], [23.155816215286258, 56.49441945490226], [23.15637662077078, 56.49457400773269], [23.156746955411492, 56.49467329642495], [23.15687563467155, 56.494679447480614], [23.157035010232573, 56.49465385029583], [23.157189250153035, 56.494584722710364], [23.15745892655294, 56.49446375339143], [23.158068385245198, 56.49421739520267], [23.158173445205747, 56.494212829713824], [23.15834435013621, 56.49424817966211], [23.158641228616855, 56.49431516755382], [23.1593108434067, 56.49447174596322], [23.15958881893534, 56.494543801226534], [23.15977859727791, 56.49456717732322], [23.159926640188832, 56.494565579400714], [23.160320325314476, 56.49450456477882], [23.160787800700824, 56.49442707467404], [23.160907173383702, 56.494422602672536], [23.161637897369378, 56.49452256143752], [23.1624338332899, 56.494628911513225], [23.162638663170288, 56.49464348727679], [23.162697871796805, 56.49463938961479], [23.162752644279294, 56.494635598945756], [23.162807416770864, 56.49463180735424], [23.1635430896248, 56.494580888361064], [23.164086559999394, 56.49454556185239], [23.164397054475728, 56.49452815800363], [23.16516083015003, 56.4944740169247], [23.165719174221465, 56.494446077839875], [23.165991833455276, 56.49443473744347], [23.166906518797227, 56.49437327110636]]]}}, {"type": "Feature", "properties": {"fid": 604, "nosaukums": "Jugla", "garums": null, "posmaID": null, "gadsAvotos": null, "regulets19": 0, "kolhozs": null, "udenskratu": 0, "piezimes": null}, "geometry": {"type": "MultiLineString", "coordinates": [[[23.13945003645324, 56.53522998768341], [23.141198942433537, 56.53589043343642], [23.142921821052813, 56.53502117558384], [23.142808886802612, 56.534311241191006], [23.142590932973064, 56.53294107868012], [23.142869515903, 56.53283964097559], [23.14271476112416, 56.532660337915225], [23.142691729907856, 56.53263365393279], [23.14266869872383, 56.53260696994603], [23.142604921103935, 56.53253307581252], [23.142994247289952, 56.532385090873305], [23.144111517627405, 56.53195657893696], [23.144770790776036, 56.53167339313872], [23.14488014479296, 56.531612308466244], [23.14493993014128, 56.53157321200107], [23.14498796859685, 56.53153021984997], [23.14501276594099, 56.531501642549344], [23.145027035938316, 56.53147299192499], [23.14509020279532, 56.530552812740666], [23.14510349417598, 56.53035920782295], [23.145103655870173, 56.530356143403075], [23.145108739963835, 56.530299399544596], [23.145109186011847, 56.53029598129207], [23.145109908118446, 56.53029257751687], [23.145119232809584, 56.530255803162085], [23.14512116933641, 56.53024987499264], [23.145123945706505, 56.53024404963345], [23.14514481280977, 56.530206366370635], [23.145145810986733, 56.5302046365209], [23.14514688361456, 56.530202921558576], [23.145173204449176, 56.53016238367396], [23.14517542398961, 56.53015919235069], [23.145177899089568, 56.530156059387906], [23.14522642296629, 56.530098206423936], [23.145231122404592, 56.53009311215532], [23.145236498347245, 56.53008822648884], [23.14537415003623, 56.52997307105646], [23.14537483590944, 56.52997250255798], [23.145375529829423, 56.52997193770864], [23.14569312431668, 56.529716306616656], [23.14615158565474, 56.529307711928254], [23.146261286684236, 56.52921764064788], [23.146514591491318, 56.52897512351366], [23.14747814609793, 56.5280428926492], [23.147479486623478, 56.528041619748116], [23.1474808658772, 56.52804035969107], [23.1476379057995, 56.52789936129874], [23.147901566571434, 56.52765596540963], [23.147984421365415, 56.527577364215375], [23.148113515488923, 56.527398914649254], [23.148140826042454, 56.527340920526846], [23.148141363602058, 56.52731696687609], [23.14813014845646, 56.527264869383], [23.148096565673377, 56.52721604077924], [23.14804318623878, 56.5271663918281], [23.14793056718062, 56.52710743838651], [23.14776731565792, 56.52704197781214], [23.14753984356009, 56.52696854655059], [23.14557820132192, 56.52652247993941], [23.145490906841673, 56.526494158746324], [23.145443841439167, 56.52646679785719], [23.145412479407817, 56.52643562137849], [23.144772624678524, 56.52541741900728], [23.144785883479944, 56.52423790822147], [23.14485299429982, 56.52311680814654], [23.144928764030343, 56.52191813982567], [23.14493700374997, 56.52178777825759], [23.144939352212354, 56.521750621644216], [23.14499918027151, 56.52033977323209], [23.14500829901467, 56.52012472906928], [23.145074705132387, 56.51855861903021], [23.145146114316393, 56.51841486292797], [23.145298969391767, 56.51830805367545], [23.14606523873972, 56.51805081788238], [23.146957402920897, 56.51778729361754], [23.14732219507632, 56.5176637438319], [23.147515318913516, 56.51754291374191], [23.14757529450541, 56.517411764042954], [23.147476250555357, 56.51703193177966], [23.147332623410378, 56.516623545060206], [23.14735321070839, 56.51657110498778], [23.147364422186147, 56.51654254986726], [23.147375633646856, 56.51651399474554], [23.14740742184187, 56.51643302821894], [23.147421052054835, 56.516244689973], [23.146385274024404, 56.51536949469161], [23.146331348744944, 56.515183017597224], [23.14641063259609, 56.51504161488967], [23.146713652931147, 56.51487793070243], [23.148365763935626, 56.51405496902133], [23.151081721601955, 56.514216503344805], [23.15240563032869, 56.51429701579686], [23.152666762408415, 56.51428710075944], [23.152827676812016, 56.51423881609452], [23.15482388022053, 56.512795320965424], [23.15507061720119, 56.512683982123356], [23.15531914794686, 56.51262782927585], [23.155630060720007, 56.51262893632235], [23.157015156006622, 56.512703967592174], [23.158001347076485, 56.512748991003214], [23.158179096396267, 56.512735900989064], [23.159092433724897, 56.51246203756856], [23.15954454710067, 56.51231825100358], [23.15984909814527, 56.51231056427473], [23.16025643225359, 56.51233151084664], [23.161158965321242, 56.51270537297505], [23.161217226481096, 56.51283441997453], [23.16123325001911, 56.51306720787125], [23.161235259275493, 56.51309638894588], [23.16123726692985, 56.51312556911111], [23.161240359972737, 56.51317050296184], [23.160975163758998, 56.51331166054026], [23.160558635297804, 56.51354665971726], [23.160592532528202, 56.51371452733738], [23.160782604945254, 56.51383536806791], [23.16164410532029, 56.51431291151774], [23.163861670019287, 56.514747925032204], [23.165991008460022, 56.514225532247266], [23.16661894848075, 56.51449713341906], [23.167975531041844, 56.51508386851828], [23.17253073251108, 56.51495670500675], [23.17424252087482, 56.51503891742901], [23.175327387803843, 56.51506869802637], [23.175944812262493, 56.51508564320898], [23.178616871070748, 56.5150948149466], [23.179379379139306, 56.51509742203389], [23.18245157818628, 56.51511074542845], [23.18420254903189, 56.51512095486764], [23.1852124815277, 56.51503591768751], [23.18679405740919, 56.51490273007294], [23.186953937906058, 56.51491105653534], [23.187457091983845, 56.514937259406345], [23.19079037416092, 56.51508332451598], [23.191884075366975, 56.51514385746398], [23.192168700086455, 56.515159308184586]]]}}, {"type": "Feature", "properties": {"fid": 605, "nosaukums": "Jugla", "garums": null, "posmaID": null, "gadsAvotos": null, "regulets19": 0, "kolhozs": null, "udenskratu": 0, "piezimes": null}, "geometry": {"type": "MultiLineString", "coordinates": [[[23.192168700086455, 56.515159308184586], [23.192443002059555, 56.515174197911136], [23.19251554993941, 56.51517021846039], [23.192576399945246, 56.51514835828882], [23.193501118767244, 56.51463579782046], [23.193659893222613, 56.514552255925786], [23.19406440296337, 56.514559524475324], [23.195985827669695, 56.514594035034925], [23.199011712948657, 56.51466031670491], [23.200797830155256, 56.51452937905373], [23.201125733423726, 56.51449831324461], [23.20117890563447, 56.51449327606321], [23.201232079475112, 56.51448823797113], [23.203415669489743, 56.5142813437181], [23.20439879548015, 56.51419506432042], [23.20662997034389, 56.51399922766315], [23.20713477588052, 56.5137614767692], [23.2080088236643, 56.51409643028027], [23.209796795834322, 56.51476904029482], [23.20982291343573, 56.51475152843789], [23.210085424579045, 56.514575520502504], [23.210210625989344, 56.5144887145659], [23.210443704066478, 56.51432711504896], [23.2110857328871, 56.514133751923296], [23.213535180439493, 56.51346822090486], [23.2165938735266, 56.51263566555878], [23.217506194600364, 56.51236854649591], [23.221723017081306, 56.511205952109734], [23.22322045391816, 56.51080911401623], [23.223227765168673, 56.51080717684218], [23.225196817649394, 56.51026486264003], [23.22543481964719, 56.510202012074245], [23.228677097783937, 56.51093509434266], [23.231575772085495, 56.51159478348486], [23.2317547017753, 56.51168235063329], [23.23213739159441, 56.51183265976131], [23.23241017625893, 56.511918884165986], [23.232612416913625, 56.51196952398064], [23.23266425685556, 56.51198250512111], [23.23271609683306, 56.511995486239975], [23.23295301588623, 56.51205480934472], [23.23402734901165, 56.51237269378854], [23.23417602401051, 56.51241011611785], [23.234662904526964, 56.51236460337499], [23.234677381385517, 56.51236325053426], [23.237135201947595, 56.51206650155824], [23.23742459953847, 56.51206827808486], [23.238381431011273, 56.512152952791375], [23.238953132746236, 56.512196977828395], [23.241148400098375, 56.51236995984128], [23.24250683098442, 56.51247195564681], [23.243312381961506, 56.51250472329598], [23.243610193495364, 56.51250147118156], [23.24382113256578, 56.5124900923826], [23.2440142037242, 56.51245580993275], [23.244272103271452, 56.51238646597606], [23.2445164119708, 56.512309440656466], [23.24525954948893, 56.51202523920902], [23.245781726222106, 56.511795409620696], [23.245919932565265, 56.51175572660276], [23.24690103175871, 56.511605048619025], [23.247378802414723, 56.51170034739447], [23.248995663236414, 56.5120572604794], [23.250183322765352, 56.51237348130658], [23.25204727976105, 56.51288211553665], [23.252272157327955, 56.51294843142583], [23.252544341493408, 56.51305606457849], [23.253008477448276, 56.513267461386384], [23.254552212491433, 56.513948081740494], [23.25459405850713, 56.51396652997594], [23.25463590456357, 56.51398497819733], [23.2547206246625, 56.5140223299878], [23.25596217873648, 56.51448310835199], [23.256339874320233, 56.51461199953321], [23.256681720296974, 56.51470015415913], [23.25739359263844, 56.51484117171648], [23.257543807320904, 56.514890188506826], [23.257702045309735, 56.5149975039646], [23.258575331800596, 56.51553439016114], [23.259206409733675, 56.515844775772656], [23.259619737898035, 56.5160270547522], [23.26001573199096, 56.51615857639107], [23.26070316566335, 56.51638047290178], [23.26081733536561, 56.51639888031402], [23.261005191450316, 56.516397464976], [23.262014014556932, 56.516347743441905], [23.262353228555682, 56.51633709492209], [23.26244469306334, 56.51634523514478], [23.263187848654965, 56.516529459505314], [23.263821860396234, 56.51667251100207], [23.264049911909936, 56.51672451371651], [23.26414537139746, 56.51676306814086], [23.264689512551694, 56.517052473759], [23.26540800086899, 56.51756577761925], [23.265814591777374, 56.51786196313137], [23.266170751566296, 56.518160382184995], [23.2662839523398, 56.518229430595895], [23.266375030859773, 56.51825782741397], [23.266553342544427, 56.5182766081974], [23.267038914759237, 56.51827947335116], [23.267533551537117, 56.51828745548622], [23.26864093661167, 56.518689728941226], [23.269792694067323, 56.51912193877174], [23.26990368019419, 56.519154503759836], [23.270214160098934, 56.519220152372824], [23.27062084649387, 56.51928636494633], [23.27128512308719, 56.5193668521833], [23.271407858567745, 56.51938884710983], [23.271736727710586, 56.51949927769014], [23.272034975399112, 56.51960101701901], [23.272130692300752, 56.519627107985556], [23.27234951481314, 56.519656047337165], [23.273796938937405, 56.51984109717959], [23.274944980261814, 56.519983960713], [23.275171381906844, 56.520019321866904], [23.275259405328217, 56.52004536463622], [23.275335276390088, 56.520103250194175], [23.2757335071474, 56.520411931382995], [23.276097393998516, 56.52070551944459], [23.27642401806534, 56.52093506381116], [23.276530638209096, 56.52099525428513], [23.27676757813992, 56.52108386097581], [23.277130830448048, 56.52120936990297], [23.277624041975553, 56.52138243785318], [23.277746706769864, 56.521408680209724], [23.27785806896301, 56.52142209253813], [23.27805069479877, 56.521412574186535], [23.278493955044464, 56.521378981664256], [23.278578539587485, 56.521383727787004], [23.278666650976298, 56.52140551358904], [23.27875079108812, 56.52143365973806], [23.27963304779849, 56.52179406955882], [23.279854928570902, 56.52186556285352], [23.280525153334743, 56.52204177241283], [23.280881994626498, 56.5221389105604], [23.281179948091793, 56.52222001659824], [23.281302780756572, 56.52223774721526], [23.282933681531603, 56.522293973306915], [23.285026294741865, 56.52235921875088], [23.285141631129854, 56.52236626394281], [23.28521042544053, 56.52239218989357], [23.285252199471003, 56.52242221543466], [23.285666696620655, 56.52289477502705], [23.28605430620605, 56.5232950179538]]]}}, {"type": "Feature", "properties": {"fid": 606, "nosaukums": "Rīgava", "garums": null, "posmaID": null, "gadsAvotos": null, "regulets19": 1, "kolhozs": null, "udenskratu": 0, "piezimes": null}, "geometry": {"type": "MultiLineString", "coordinates": [[[23.029656758294653, 56.47821936740217], [23.028375000645692, 56.47756940190514], [23.028187035715092, 56.47749731720941], [23.027767623195167, 56.477424134659024], [23.027717044627494, 56.47741530916163], [23.02766646770668, 56.47740648365645], [23.026418092564974, 56.477188646163206], [23.02591851357021, 56.47689289460637], [23.02571419366119, 56.47676153119853], [23.02567789687023, 56.47660511655018], [23.025671677156765, 56.47657831115187], [23.025864066659683, 56.47597890671263], [23.025946124340727, 56.475814856266204], [23.02704305595118, 56.47403778442072], [23.0270719751932, 56.473950209283], [23.027067805045952, 56.47374038165122], [23.027085547620505, 56.473668011887796], [23.02711872591742, 56.47361795900312], [23.027437845962552, 56.47345845474367], [23.027482108249202, 56.47343633054019], [23.027526368838387, 56.47341420720625], [23.02781831700614, 56.473268280774384], [23.027821589126788, 56.47310577214937], [23.027806554271475, 56.473007677461204], [23.02778071397991, 56.47297349209686], [23.027739592226382, 56.472944482688966], [23.027529478776014, 56.47289382097315], [23.02755766948333, 56.472784119537216], [23.02755768379958, 56.47278406753774], [23.027606999481314, 56.472611989530655], [23.028107448776975, 56.472638203285435], [23.028811399097407, 56.47158004624431], [23.02888956086658, 56.47146255113016], [23.02901171483066, 56.4712646809278], [23.029075973285767, 56.47119546528396], [23.029133791569812, 56.471153040317326], [23.029211960354274, 56.47111037910451], [23.02930165530642, 56.47107976307011], [23.029411204716055, 56.47105568943546], [23.029548889969533, 56.47103970895183], [23.03045871534688, 56.470976403883455], [23.030798840904236, 56.47095797561111], [23.0310102699801, 56.47094087188497], [23.03140997048262, 56.470898099933805], [23.032345901172242, 56.4708219019985], [23.032736923613292, 56.47079625857111], [23.032952745348222, 56.470787763508454], [23.033285268100556, 56.47078854870906], [23.03370353424627, 56.470792691258495], [23.034568043583178, 56.4708073801561], [23.035099926628476, 56.4708203869986], [23.035323554137474, 56.47082840943905], [23.035740033596646, 56.470849330932275], [23.036026022688333, 56.470861128392926], [23.036599274816155, 56.47087437270097], [23.03706538294843, 56.47088685985896], [23.037346566071356, 56.47089789193427], [23.03821269651842, 56.470925771094144], [23.0386445481831, 56.47094063387337], [23.03889343098313, 56.470951457278346], [23.039488344940224, 56.470979989815206], [23.039879883438022, 56.47100347716046], [23.040172752653934, 56.47102363813412], [23.04042777155196, 56.47103024712175], [23.0405876492492, 56.47103438553358], [23.04174152911526, 56.47106424925199], [23.043421987914627, 56.4711232230221], [23.044090932475303, 56.47116015554837], [23.044460156778133, 56.47117331017074], [23.0451641281623, 56.47116402748617], [23.045304364280987, 56.47107596818716], [23.046559058805368, 56.469904721027135], [23.047015362291518, 56.46952561960703], [23.048016251666454, 56.468981891407054], [23.048689132577845, 56.46859750712522], [23.04963866403303, 56.46785072431797], [23.049774370976586, 56.467740789736], [23.049782076500737, 56.467735050853406], [23.049790583039254, 56.4677296694039], [23.04985400695173, 56.46769262730275], [23.049860233294098, 56.46768918258065], [23.04986678922551, 56.46768592905991], [23.049930801771268, 56.467655858193034], [23.04996328030642, 56.46764397641128], [23.049999920799717, 56.467636698800725], [23.050018361038983, 56.46763436459545], [23.050024457658612, 56.46764280927959], [23.051930633718126, 56.46743637422311], [23.05196777718667, 56.46743526879698], [23.05201983958603, 56.46743927637719], [23.052080184594608, 56.46745306326775], [23.052146265103843, 56.46747827757918], [23.052810798311636, 56.46785768454793], [23.053255967372156, 56.468098935454556], [23.05325952205847, 56.46810076220209], [23.05370101055375, 56.468336206229296], [23.0537370330694, 56.46834744124791], [23.053746532882712, 56.46834883350488], [23.05375967105666, 56.46834908187932], [23.053798699550267, 56.468346160975315], [23.05497751764118, 56.468159877972695], [23.055703122105495, 56.468035419088174], [23.05571341389945, 56.46803387292031], [23.05572387735035, 56.46803273506549], [23.055912908366135, 56.46801601528533], [23.055921124980635, 56.4680154164849], [23.055929390529755, 56.46801506962855], [23.056127785505, 56.46800979000422], [23.056136429423756, 56.46800969758303], [23.056145068123357, 56.468009880952906], [23.0564110558214, 56.46801977777026], [23.056417506261102, 56.46802010262248], [23.05702625111508, 56.468048118199555], [23.057387338251885, 56.46806147098828], [23.058604380521917, 56.468106469159935], [23.060352959036184, 56.46811524191065], [23.06112070130828, 56.468119085656696], [23.061521317537068, 56.46768585271644], [23.061669029453935, 56.467658848704446], [23.061735311770533, 56.46764673055121], [23.061801595668097, 56.46763461237474], [23.06214992415139, 56.467570930356324], [23.067544648296188, 56.46775429511662], [23.06781117852647, 56.46776334857922], [23.068418606682194, 56.46792031542039], [23.070212363645766, 56.4683838208227], [23.07195624071364, 56.469489379503], [23.072721810009778, 56.4706792209002], [23.07313506624471, 56.471321466345046], [23.07437734910116, 56.47152112016644], [23.074433404360292, 56.47152306542047], [23.074498108424955, 56.47150980290105], [23.074551315596423, 56.47147762000989], [23.07690411401409, 56.46972820116793], [23.08151484446762, 56.47021551018283], [23.081612627025322, 56.47022584350183], [23.081665594440146, 56.47023144009885], [23.081718560247907, 56.47023703666127], [23.081918298111948, 56.47025814255735], [23.08247335890589, 56.47056160050386], [23.082859341366394, 56.47077261781402], [23.084871746053242, 56.47104625388709], [23.08644052322103, 56.47044574115931], [23.086735238411293, 56.470122114016895], [23.086972162935382, 56.46990699895367], [23.087668380370893, 56.46948451027531], [23.088401152743653, 56.4691007613012], [23.0887155229063, 56.468962273298445], [23.08901573229624, 56.46886877392721], [23.08991233367023, 56.46875622981583], [23.090231755577644, 56.468776741329215], [23.09111936397594, 56.46896869315067], [23.091210158975233, 56.469017717874216], [23.091495643795017, 56.46930945936987], [23.092363020483972, 56.469728137534304], [23.092543482929834, 56.46979665220359], [23.09648011291815, 56.47032960091422], [23.096724087726685, 56.47037756359177], [23.097245945555432, 56.47052731693173], [23.099879748684504, 56.47142982405579], [23.100092491643775, 56.47150316270526], [23.102092076678694, 56.47219244748559], [23.102287390132464, 56.47223690889961], [23.102651183180313, 56.472291498680065], [23.102859494678107, 56.47230455012741], [23.105320360256037, 56.47239144536868], [23.106351491473966, 56.47242422445608], [23.10640494335758, 56.47242592359037], [23.106458395246243, 56.47242762270166], [23.107198915018863, 56.472451157642126], [23.1074609702193, 56.47246402173321], [23.107689465171106, 56.47250607791284], [23.10832707347385, 56.47267231320307], [23.108544058581007, 56.47276047177773], [23.109415862116467, 56.473233291886366], [23.109528567795792, 56.473284226575224], [23.109644372294618, 56.47331999388795], [23.110055354366864, 56.4733939450443], [23.113067046833145, 56.4738981604872], [23.11327835487258, 56.47396668446631], [23.115200070664557, 56.47476268480114], [23.11536755691802, 56.47485791970534], [23.116054696234666, 56.475408173254266], [23.1168603015433, 56.47605326659708], [23.118253747483305, 56.47732050663946], [23.118371759922148, 56.4774050582115], [23.11848549229099, 56.47744916538309], [23.11868821919158, 56.47747947201349], [23.118928783027496, 56.47749218796271], [23.122694346394454, 56.47739756561697], [23.12292421770622, 56.4773818687613], [23.123048222465425, 56.4773587366289], [23.123118048950754, 56.47734571140137], [23.124338670973184, 56.47699088000758], [23.12520891701855, 56.476737889772366], [23.128582216177982, 56.476828772070306], [23.13075310354671, 56.47638768265769], [23.13094716431529, 56.47638611281984], [23.13506145174469, 56.47670014628623], [23.135253349152922, 56.47671059676613], [23.13543311981747, 56.47671108839482], [23.13559453198725, 56.47668957615697], [23.135841024080307, 56.47663067141645], [23.136505580985272, 56.47642801577563], [23.136574230437514, 56.47639096604986], [23.136617066260424, 56.47634218974824], [23.13715266063091, 56.47478255075226], [23.137228433537494, 56.4745559785997], [23.13733101611264, 56.47424923575746], [23.137379323871173, 56.474188951032886], [23.13770404030386, 56.473899651828226], [23.13868054054801, 56.47302189043509], [23.139127022259988, 56.47282291200198], [23.140461243299065, 56.47300820984297], [23.140564470922243, 56.47306371182703], [23.14156228584187, 56.47407277920688], [23.14196529794386, 56.47563123124914], [23.142114597540647, 56.475715004134905], [23.142163061369224, 56.47574219762409], [23.142211525287344, 56.4757693901961], [23.1429374147652, 56.476176683281885], [23.14316911496377, 56.47625657616513], [23.144930338991152, 56.47629610927946], [23.145028973512638, 56.47631200749133], [23.14543116250674, 56.476524792690036], [23.14629048057042, 56.477361023790436], [23.146393661810876, 56.47741956448712], [23.146513748970843, 56.47745995822254], [23.146623589806698, 56.47746680018702], [23.149507337748645, 56.47739419524514]]]}}, {"type": "Feature", "properties": {"fid": 607, "nosaukums": "Govainis", "garums": null, "posmaID": null, "gadsAvotos": null, "regulets19": 1, "kolhozs": null, "udenskratu": 0, "piezimes": null}, "geometry": {"type": "MultiLineString", "coordinates": [[[23.05853738781574, 56.446067821085414], [23.058588268203497, 56.446514965366916], [23.058784630650504, 56.44654515994685], [23.058853272338872, 56.446555714616835], [23.05892191568763, 56.44656626926129], [23.06002573819594, 56.446735993376286], [23.06134691933383, 56.446968929488165], [23.06153487297835, 56.4469747837787], [23.0620931412945, 56.446935227002086], [23.066701798486665, 56.44761941498908], [23.067974541399803, 56.44778081157425], [23.06853181107246, 56.44798670058814], [23.07053511132995, 56.44855253036937], [23.070996045002573, 56.44860696225658], [23.071870197755683, 56.44878528367902], [23.072633196563167, 56.44810496426141], [23.072716791169057, 56.44804130921095], [23.072771459400137, 56.44801511915482], [23.07284767605465, 56.44800793014701], [23.072985349532626, 56.44802447417632], [23.0732349455271, 56.448087847568175], [23.074272344129962, 56.44838318598686], [23.07446058507857, 56.44855869611001], [23.074485632072978, 56.44858204913242], [23.075165967966086, 56.448727738410795], [23.07542900557239, 56.44854751970141], [23.077333373738853, 56.44820814039024], [23.078645910659368, 56.44860501632973], [23.078713139014475, 56.448625343748525], [23.078780367441578, 56.44864567113104], [23.079105338323522, 56.448743929909476], [23.084622811427582, 56.44900244485512], [23.08990077817673, 56.449281071615346], [23.092266167793028, 56.44975392557761], [23.095569231971094, 56.45021971082373], [23.099564263991777, 56.45063391443415], [23.10076978901516, 56.45083364953], [23.10265593958662, 56.45141747678231], [23.102744182104267, 56.45144754946563], [23.104410389892788, 56.45236941866147], [23.107664938924543, 56.45258349399914], [23.10838864398642, 56.452644995950756], [23.108445513954162, 56.45264982848049], [23.10850238393661, 56.45265466098415], [23.108888182383, 56.452687444470456], [23.11248636688719, 56.45309625609039], [23.118764870219145, 56.453775427243926], [23.120532657042773, 56.4539665949026], [23.122190507508797, 56.45363593685211], [23.12237619008633, 56.453663325996416], [23.125122002353034, 56.45426368570613], [23.12645329342141, 56.45423429834151], [23.12906434254281, 56.45441148922713], [23.129950106682333, 56.45517984677518], [23.133463214638237, 56.45527126595111], [23.136001829104515, 56.45444091190478], [23.137534546658117, 56.45429937592041], [23.14076240445583, 56.45582225930926], [23.142480364262894, 56.45668602850923], [23.14441828644469, 56.45766031675893], [23.146861951483313, 56.45899227817038], [23.148313479189184, 56.4597615470463], [23.14845822617176, 56.45977867662904]]]}}, {"type": "Feature", "properties": {"fid": 608, "nosaukums": "Skujaine", "garums": null, "posmaID": null, "gadsAvotos": null, "regulets19": 0, "kolhozs": null, "udenskratu": 0, "piezimes": null}, "geometry": {"type": "MultiLineString", "coordinates": [[[23.019733775814096, 56.42490439829117], [23.019864304126195, 56.424954972684084], [23.01992029124941, 56.42497666584596], [23.020216032948127, 56.42510119247786], [23.02051312403025, 56.42517336095286], [23.021046625620794, 56.42522993837431], [23.021314578612472, 56.42526664640446], [23.02132593176497, 56.4252682013764], [23.021688069568707, 56.42531781239127], [23.022131295158463, 56.42531186219234], [23.022284332884126, 56.425324872424554], [23.02240707108822, 56.4253565316638], [23.02249944609584, 56.42540919981243], [23.0228754042849, 56.42601936647568], [23.022919714962182, 56.42617584296297], [23.022927670575655, 56.4262039346773], [23.024165396264035, 56.426714937238685], [23.02631971354983, 56.42760429946681], [23.02654911033382, 56.42769935993242], [23.027169945527938, 56.42795662497462], [23.02723272771402, 56.42798171580532], [23.02765828761783, 56.428151790588636], [23.032188458825264, 56.427420986114434], [23.032553891939205, 56.42722012211885], [23.03285383026099, 56.42705525460333], [23.037439622021317, 56.42643014214307], [23.03754577757941, 56.4264156689303], [23.037603279894675, 56.426407829134], [23.03766078380764, 56.42639998932358], [23.037766939199674, 56.426385515920956], [23.04153859653211, 56.42587122785806], [23.04219418533674, 56.425409070127756], [23.042573832638155, 56.42528552539951], [23.042637044815375, 56.42527965817345], [23.042706851674886, 56.42527317961258], [23.042951255987884, 56.42525049507705], [23.043315204835164, 56.4252975680226], [23.043666002084052, 56.42541409891774], [23.04803327576983, 56.4279125521432], [23.049605092285734, 56.428811647298836], [23.049923484409174, 56.42896059242436], [23.05199297704632, 56.42992865710026], [23.053917720073596, 56.43000610062357], [23.055285076730037, 56.430061098589924], [23.05528816638346, 56.43006107269512], [23.05823214471453, 56.430036661940306], [23.059532377915563, 56.43002585792285], [23.05960130042546, 56.43002528500674], [23.059670214999034, 56.43002509923643], [23.060217944458287, 56.43002362406326], [23.06046187282841, 56.43009599362519], [23.06260247959552, 56.43137125741648], [23.06441853276374, 56.43245307365389], [23.0646132387632, 56.43345566739494], [23.06465656158742, 56.43370083534339], [23.064769771985464, 56.43405821969738], [23.064767860648153, 56.43411044187284], [23.064726752992, 56.43523425392983], [23.064848656096924, 56.43533606437979], [23.065469979661728, 56.43585496833528], [23.06577255218257, 56.43591699424622], [23.067358323883884, 56.43584958331498], [23.06780016798154, 56.436030612749406], [23.06794153388075, 56.436088531047545], [23.068418868815336, 56.4363728495264], [23.068926169941754, 56.43677137169394], [23.070059811266077, 56.43766189141697], [23.070474550344393, 56.43840946328612], [23.071409374482997, 56.438451523406236], [23.07312870055709, 56.438528861106114], [23.07576522974951, 56.438647408690244], [23.07606726772571, 56.438660986475945], [23.076830293662393, 56.43978380650889], [23.078740635925048, 56.44010448034804], [23.078812913455405, 56.44011661255312], [23.08016905176412, 56.43955036727004], [23.08155590176837, 56.439534039565864], [23.081689668169325, 56.43954555862375], [23.081853039147532, 56.43957392013424], [23.081963184576203, 56.4396050629444], [23.082229736142413, 56.43978320638645], [23.083658268333007, 56.44073789072051], [23.084479632626028, 56.44128677731547], [23.08482417635688, 56.441399026574885], [23.08865474800693, 56.44179818380902], [23.088693163768934, 56.44181113885685], [23.089262252849053, 56.442003045902354], [23.089307282266564, 56.442018229883985], [23.089352310098313, 56.44203341383751], [23.089546081115603, 56.442098755534865], [23.089692397243862, 56.44242159290186], [23.089998659412327, 56.44309732208348], [23.090000373713146, 56.44326600870808], [23.08983948262882, 56.44351995327711], [23.089260395965916, 56.444433936524284], [23.08923406887147, 56.444573774939556], [23.08932232661842, 56.44472718369011], [23.089389584919065, 56.4447976924956], [23.08952623424037, 56.44484961503735], [23.093930656998918, 56.44588005491205], [23.094678110653913, 56.44633629609777], [23.0947033925813, 56.446351727577834], [23.09582896856091, 56.44622156890855], [23.10005713332413, 56.446025048060946], [23.100588919818048, 56.44600032130234], [23.100986328539943, 56.44611846085541], [23.101084230121813, 56.44612822022179], [23.101212247771528, 56.44612314458547], [23.10135678321684, 56.44610883531112], [23.103055973451333, 56.445844728783705], [23.103734537741953, 56.445749978206024], [23.104611788776012, 56.44568667351985], [23.107043309774383, 56.44585480092847], [23.10725808371894, 56.445869649529364], [23.107611946425283, 56.445894112369984], [23.107821602526148, 56.44589886391097], [23.10801258354933, 56.44589366239627], [23.108619044768343, 56.445834093802844], [23.10891369198627, 56.44579746736027], [23.109017621208395, 56.445765281758966], [23.109092529190956, 56.445702389155755], [23.11001305629078, 56.444929499807095], [23.110327224107014, 56.44466570929449], [23.111293589388705, 56.44385427838678], [23.11147190396904, 56.44370454800392], [23.113414148206406, 56.443887038488434], [23.116334757641045, 56.444161393080236], [23.11877762578159, 56.443678894912296], [23.118944706218343, 56.44364589243033], [23.12089779200571, 56.443906702746226], [23.122184292270124, 56.44407848057861], [23.123618500340065, 56.44426996364698], [23.125559655923993, 56.44352083084628], [23.12665741485101, 56.44309715677041], [23.12681797073331, 56.44308060091427], [23.130614577580257, 56.44268905417102], [23.13154931568124, 56.4425926352283], [23.133774365539452, 56.44236308869153], [23.134603624415575, 56.44248008239043], [23.136789348532897, 56.4424791556569], [23.13786111018513, 56.442674747090045], [23.139896725972534, 56.44254316538052], [23.140904637671476, 56.44247800152064], [23.142334829035303, 56.441479374682736], [23.142390330733402, 56.4414406190938], [23.142531841157066, 56.441348516331786], [23.142641961394187, 56.441300756146845], [23.14277661611697, 56.44127494959862], [23.142909147625158, 56.4412639826303], [23.143034083246363, 56.441272767127096], [23.14605821156652, 56.441839710754955], [23.146470984662677, 56.44191708787712], [23.146853399249938, 56.4422639832724], [23.147324813850524, 56.44269160172827], [23.147824608358757, 56.4429422397274], [23.148255963385083, 56.4431585517598], [23.150474907152724, 56.443325159929074], [23.15136129671245, 56.44320465733597], [23.152985317296512, 56.44298385701869], [23.154474337592543, 56.44326372054901], [23.155120563152376, 56.443385172560625], [23.155952867182865, 56.44354159092709], [23.156342052186755, 56.44354423688699], [23.156716215586954, 56.44349287691499], [23.158021709667427, 56.44314155858934], [23.159225347264137, 56.44281763174163], [23.159333049168303, 56.44278864625863], [23.15975261534754, 56.4426757267753]]]}}, {"type": "Feature", "properties": {"fid": 609, "nosaukums": "Svētaine", "garums": null, "posmaID": null, "gadsAvotos": null, "regulets19": 0, "kolhozs": null, "udenskratu": 0, "piezimes": null}, "geometry": {"type": "MultiLineString", "coordinates": [[[23.050020202551817, 56.40684834833706], [23.049626868019605, 56.40606709931783], [23.049941110927044, 56.40588066959167], [23.051892166770276, 56.40589895915289], [23.055757422295514, 56.40593510274966], [23.056945108344504, 56.40608421370141], [23.057012673103966, 56.40609269597073], [23.057080237893853, 56.406101178203336], [23.057233687279183, 56.4061204426391], [23.057689417040756, 56.40617007294985], [23.05769190079579, 56.40617035507246], [23.057694374252467, 56.40617066047731], [23.057886633895368, 56.40619536811061], [23.057887339796032, 56.40619545972602], [23.057888044032094, 56.406195553125734], [23.059530093652203, 56.40641585267318], [23.059530280999407, 56.40641587835254], [23.060562113495855, 56.40655529207434], [23.062406990536818, 56.40679352697675], [23.062408038889536, 56.40679366428173], [23.062409083891364, 56.40679380605383], [23.063738274676258, 56.40697662318083], [23.06373870429382, 56.406976682129184], [23.06373913224704, 56.406976742861964], [23.06415054396458, 56.40703475348215], [23.064257344442872, 56.407049614993916], [23.064335540848315, 56.4070586586358], [23.064406096837963, 56.407065042602134], [23.064437805333426, 56.40706685768162], [23.06681193039795, 56.40651290723314], [23.067216587790355, 56.406436612121006], [23.067332140160886, 56.40644147021576], [23.073407194749702, 56.40744649137922], [23.073644101855162, 56.40746542708269], [23.07461073735403, 56.407404794758335], [23.0823033241996, 56.40691666177619], [23.08271669075249, 56.40688785091018], [23.082847613066054, 56.40687872631871], [23.082900800757628, 56.40687501888424], [23.082953986818836, 56.40687131141498], [23.086797372670908, 56.406603362871465], [23.092080100910092, 56.407278615529606], [23.095898025609944, 56.40813631086404], [23.10397550821753, 56.41241550444355], [23.106719235330033, 56.41318067553708], [23.10706281123576, 56.413222328750976], [23.108588120312895, 56.41315110335762], [23.110250317913184, 56.413070416027054], [23.115214042978184, 56.41243690971766], [23.115332283001447, 56.41241790560475], [23.115441388389385, 56.41239435555175], [23.115571547049154, 56.41235943164504], [23.117874172814545, 56.41160224186226], [23.11794700345911, 56.41157829151921], [23.119644073113484, 56.41101737378773], [23.122293691391096, 56.41103612636761], [23.124964513986768, 56.41106693959366], [23.125585935061526, 56.41107410104095], [23.125918735664285, 56.411144534517696], [23.126017010458423, 56.41116533296141], [23.128584135722196, 56.41173480330221], [23.128942091624918, 56.411678044756], [23.12936914264616, 56.41155537014019], [23.13134713409183, 56.41098714371511], [23.134385601991962, 56.41131170649799], [23.135534571097413, 56.41143411888883], [23.13556328738352, 56.411437177928356], [23.136063476251135, 56.41151149157506], [23.1397224581961, 56.413080879178864], [23.14093711220538, 56.41363534472901], [23.140979178905756, 56.41365454706806], [23.14139395130429, 56.413850760675366], [23.141405190344777, 56.41385571536785], [23.1414222647334, 56.41386324413634], [23.141957394209907, 56.41409917011255], [23.142326289207944, 56.41423232468753], [23.14478976917861, 56.414181467952744], [23.145415223841695, 56.41427382270827], [23.148374732901345, 56.41471077399208], [23.148400910978943, 56.41471463831786], [23.149528969521224, 56.414884990738976], [23.151621135422577, 56.41507448539408], [23.152014060666545, 56.41511007007152], [23.153732772264284, 56.415416944366484], [23.158331024891574, 56.41629330526056], [23.158427762306857, 56.41630612587709], [23.15851200884379, 56.41630925794248], [23.15859873440454, 56.416304724834646], [23.15874594903853, 56.416280754601594], [23.160168146678686, 56.41600101284595], [23.16048349230448, 56.41596066104844], [23.16053878825842, 56.41595358507735], [23.16167713306081, 56.41597536644042], [23.16372821467479, 56.41601634140022], [23.163871859148074, 56.41601711546637], [23.163885183077603, 56.416017261862315], [23.163983292685327, 56.41601834078477], [23.165362601687274, 56.4160335051475], [23.16562270500741, 56.41601482881488], [23.167604288476635, 56.41571021292079], [23.16768115688527, 56.41570736744246], [23.16777976129043, 56.4157141106419], [23.167844769938522, 56.41572543075708], [23.167899250712917, 56.41574292190398], [23.167969597267927, 56.41577428399303], [23.168485388960754, 56.41616731146108], [23.168566752559038, 56.41619666618353], [23.16866121171267, 56.41620818232261], [23.168836746251465, 56.41620935838517], [23.17081024515032, 56.41617454748385], [23.17096499113715, 56.416175581598054], [23.17128293160407, 56.41618762928029], [23.171382686491174, 56.416194698047015], [23.171420044352995, 56.4162029502142], [23.174700011012945, 56.417534980703714], [23.175509475618373, 56.41762142770009]]]}}, {"type": "Feature", "properties": {"fid": 610, "nosaukums": "Svēpaine", "garums": null, "posmaID": null, "gadsAvotos": null, "regulets19": 0, "kolhozs": null, "udenskratu": 0, "piezimes": null}, "geometry": {"type": "MultiLineString", "coordinates": [[[23.037080432397413, 56.368861592231646], [23.03627519630684, 56.3692085946692], [23.036213821116878, 56.369263603790856], [23.03621242098476, 56.36931907912559], [23.03626419225189, 56.3693805159602], [23.038391192703166, 56.37038724923859], [23.040113170421467, 56.369983728212276], [23.041191751645112, 56.37016407988569], [23.042091468633974, 56.370305763819296], [23.04455425431991, 56.37069355454122], [23.047503594268992, 56.371157884384445], [23.04867897848722, 56.37134290801211], [23.050123891662516, 56.37157034213567], [23.050227624921348, 56.37166331177621], [23.051017111381213, 56.372516901283724], [23.051072311181603, 56.37257558439319], [23.051115762559732, 56.37260412225941], [23.05118925112617, 56.3726310399879], [23.052211868189293, 56.37288513855056], [23.05227604852333, 56.37290108582167], [23.052340230530064, 56.37291703307205], [23.052445940672385, 56.37294329873069], [23.05246386585689, 56.37289729839475], [23.052465390729463, 56.37289280952501], [23.05246647939708, 56.3728882822807], [23.052471025041264, 56.37286456550622], [23.053736779724584, 56.37282510284543], [23.057617718955495, 56.37220811002726], [23.05799225213673, 56.371995012935464], [23.05842130778155, 56.371713820064315], [23.058490752517706, 56.37168274225168], [23.058564832192438, 56.37166750128357], [23.058713977762633, 56.371664915735785], [23.06078346803124, 56.371939691192146], [23.061158129366714, 56.37199671558776], [23.064434702260986, 56.37331211980937], [23.06635846432773, 56.37408434536202], [23.070859207333637, 56.3758907702806], [23.0739126590345, 56.377134233875175], [23.074191325046815, 56.37723993347137], [23.074279717467327, 56.37725639596424], [23.074373428242744, 56.37726081437646], [23.075781667334, 56.37705084065981], [23.07646338685631, 56.37694918642494], [23.076713750067846, 56.37691851589913], [23.07710965695122, 56.37689636498409], [23.077327293415703, 56.37690263250987], [23.07765800048839, 56.37694413476193], [23.07788497115954, 56.37698021775634], [23.077994690932456, 56.37701542763617], [23.07820259926832, 56.3771471143714], [23.078939759648012, 56.377611627832124], [23.079081304624086, 56.3777013424666], [23.079366531189994, 56.377792123803985], [23.080207109828972, 56.37802888686592], [23.080341513484555, 56.378070263439824], [23.08041294409719, 56.37810134434887], [23.080448331626, 56.378156576923715], [23.080532696180576, 56.378410047557075], [23.08056956634107, 56.3784791097672], [23.080654032653822, 56.378519707790936], [23.080817359212144, 56.37854766018818], [23.081323857292794, 56.3785376615628], [23.083165047646602, 56.37847619450705], [23.084446090243507, 56.37843341212414], [23.086291849292376, 56.37837174552593], [23.087535505285, 56.37799884774777], [23.087654068888515, 56.37794487495974], [23.087747796900672, 56.37787863564535], [23.0878557674771, 56.377777176267934], [23.087900895653544, 56.37771150835199], [23.08791745808097, 56.377649348225475], [23.087955453505405, 56.37704075616913], [23.08797380220647, 56.37697396131494], [23.088020203592656, 56.376925035170956], [23.08810021737622, 56.37687170835588], [23.088861344565423, 56.37649803583631], [23.089195420287513, 56.376398701975184], [23.089463138713384, 56.37634210508053], [23.089496760059923, 56.37633723960029], [23.089538645452386, 56.37633708174729], [23.089571989722106, 56.376343834295554], [23.089704792430133, 56.37639500578569], [23.09042449468704, 56.37670425853429], [23.090740928936317, 56.376782804860724], [23.09095913634105, 56.376835531164716], [23.0911713972781, 56.37685660845965], [23.092757484282096, 56.37687426588236], [23.092905576345714, 56.37687886331053], [23.092953349806745, 56.37688034667527], [23.09307958140758, 56.37689103023323], [23.0931805760821, 56.3769061778492], [23.09331195276504, 56.37694711028056], [23.094404872314186, 56.3774152370767], [23.094849593326344, 56.37743801456446], [23.094946626138107, 56.37744298434914], [23.094999184242162, 56.37744567616205], [23.095051746059827, 56.37744827992845], [23.09514878277961, 56.37745308695789], [23.098364373567684, 56.37761232522138], [23.098593949121447, 56.37762369077078], [23.101413947815235, 56.37847363822059], [23.101449558445573, 56.37848437077691], [23.10192840929178, 56.37873384950381], [23.103695971080757, 56.379654696050004], [23.107775736307612, 56.38016912282391], [23.10831160740517, 56.38052125462597], [23.108350302027045, 56.38054668224538], [23.108388996700455, 56.380572109852764], [23.10933459169929, 56.38119345532301], [23.110102019183298, 56.38170477005032], [23.11186636800542, 56.38304232067395], [23.111993599377517, 56.38305574406742], [23.11649698999715, 56.384245512734175], [23.116599303266185, 56.38426047982526], [23.116700301698877, 56.38426508248982], [23.119817361546517, 56.38417646940195], [23.120008213651545, 56.38419680783379], [23.120226603048664, 56.384237188739846], [23.120408846274564, 56.384293707431794], [23.120534981478468, 56.38435500678741], [23.120620462578174, 56.38442550926628], [23.120677950902607, 56.38449581229968], [23.121036673656448, 56.385459153793924], [23.121217777875003, 56.38572770869732], [23.122103554132718, 56.38668851897673], [23.12240975967836, 56.387003705394655], [23.12244176672664, 56.38703664998597], [23.122478861132695, 56.38706572667717], [23.12251293425791, 56.38709243515336], [23.122549588247683, 56.387116438592024], [23.122697679090052, 56.387213416853186], [23.123200901618684, 56.38753539108247], [23.123718484942817, 56.38789284497211], [23.124184566595666, 56.38822646110032], [23.1243333544322, 56.3883329598597], [23.12655204190791, 56.38950600891978], [23.126684156429786, 56.38955118754611], [23.131718508872154, 56.39029020012141], [23.132051023484458, 56.39030806051327], [23.13387838335895, 56.39008321272015], [23.1341071569803, 56.390055060718616], [23.134432922629138, 56.390026997659135], [23.1349024206545, 56.389986551813465], [23.135156420504195, 56.38999574742959], [23.13540958111521, 56.39004205814851], [23.13650046084523, 56.390301583966824], [23.137518681992677, 56.39054381220775], [23.137839569286257, 56.39066339965961], [23.13801817187035, 56.39074575469113], [23.13831288978891, 56.390922111648905], [23.13840073470756, 56.390958963799214], [23.138481365774403, 56.39097074230564], [23.138601256795315, 56.39096639714771], [23.13909011143933, 56.390881774076625], [23.139331716780138, 56.39086101510736], [23.13950103207831, 56.390872545817324], [23.139711606035597, 56.39091715149526], [23.14036331968029, 56.39113049610878], [23.140650192833245, 56.39124121059252], [23.14119089571027, 56.39154870198699], [23.141331490133236, 56.3916375024097], [23.14182269500081, 56.39192894471793], [23.14344277787107, 56.393062972188694], [23.14331583834273, 56.39423659369436], [23.146021676008864, 56.3967007281601], [23.14672108080659, 56.39734410216228], [23.147325177069206, 56.3974001308431], [23.149159460358412, 56.3976114121574], [23.152685268015066, 56.398395066019226], [23.154449455110292, 56.3988154461227], [23.154501810238678, 56.398827920730696], [23.154544178280556, 56.39884260217952], [23.15459158047766, 56.39885902861989], [23.15463898273566, 56.398875454143855], [23.15584992620759, 56.3992950594265], [23.156522250628033, 56.39939469617145], [23.156982273429193, 56.39972851485324], [23.157033950465706, 56.39974852556174], [23.1570858736106, 56.3997527095112], [23.157801900495663, 56.399697869683614], [23.157888977758233, 56.399696247051175], [23.161212099780073, 56.400327799870276], [23.16128182915234, 56.40036742054801], [23.16131251834097, 56.40041656608972], [23.16140125380759, 56.40083606923735], [23.161341484805977, 56.40207502148498], [23.162559222288998, 56.40246603399025], [23.164586389711307, 56.401595046349996], [23.164778968331706, 56.40158655613619], [23.166367087178106, 56.40192952321308], [23.1687583293514, 56.402152085278644], [23.172876360098396, 56.401888905829566], [23.174206557198985, 56.40234262792007], [23.17522981445272, 56.40244730990109], [23.176363663429814, 56.40396993962948], [23.179207160976524, 56.40482566155965], [23.18009233329166, 56.40525856749334], [23.18076036862051, 56.40530515530578], [23.1822402125717, 56.4047485973416], [23.18285999365464, 56.40451549248462], [23.183456267326402, 56.404375049918315], [23.184617019357102, 56.40458984197424]]]}}, {"type": "Feature", "properties": {"fid": 611, "nosaukums": "Cērpaine", "garums": null, "posmaID": null, "gadsAvotos": null, "regulets19": 0, "kolhozs": null, "udenskratu": 0, "piezimes": null}, "geometry": {"type": "MultiLineString", "coordinates": [[[23.151496675878505, 56.381812953917255], [23.153887937002434, 56.382589519867146], [23.15623265777595, 56.382253410956686], [23.157974683267824, 56.3825211216084], [23.159031318555193, 56.381191208569426], [23.15941597161164, 56.38138106798049], [23.1632366240523, 56.38319227401692], [23.16717765454203, 56.385918855762334], [23.167305276301995, 56.38598702018247], [23.167739607000108, 56.38611419478868], [23.170372864299615, 56.386483906728365], [23.17210457813047, 56.38638902004478], [23.172562567170843, 56.386363921150654], [23.172751997910723, 56.38637985519142], [23.17286499298718, 56.3864056331822], [23.172999297143278, 56.386453125535525], [23.173165607868047, 56.38653103424541], [23.174925603893247, 56.38741347423216], [23.17496526149046, 56.38743335713899], [23.17497634480668, 56.387438913358544], [23.175004580574647, 56.387453541465156], [23.176030644953244, 56.38798512362903], [23.17614001605664, 56.388035035379446], [23.176245880822222, 56.3880672354926], [23.176464241034484, 56.38811269383124], [23.181327308593378, 56.38906794944499], [23.18493808863079, 56.38969516255854], [23.185227632531152, 56.389759194471814], [23.18539883452484, 56.38982848889444], [23.185504651599004, 56.3898999421868], [23.185613790821755, 56.39003441000721], [23.186002374943676, 56.39070657904514], [23.186010567580972, 56.3907601332509], [23.18598854133223, 56.39084455380265], [23.185934609703303, 56.390922864665015], [23.1853548044084, 56.39159365217804], [23.185335445570008, 56.391635292301196], [23.185336990976687, 56.39169598437225], [23.1853902955202, 56.39193471266321], [23.185567346483314, 56.39266161812521], [23.185640730359165, 56.39277857072321], [23.1870547676861, 56.39341522233157], [23.18791836827271, 56.39421268411994], [23.18919343646092, 56.39474954836603], [23.190010984210804, 56.39511185550385], [23.190381812757405, 56.39524256668725], [23.191132726448906, 56.395451714600895], [23.19124505089709, 56.39548299868504], [23.191256550223027, 56.395488445857126]]]}}, {"type": "Feature", "properties": {"fid": 612, "nosaukums": "Tērvete", "garums": null, "posmaID": null, "gadsAvotos": null, "regulets19": 0, "kolhozs": null, "udenskratu": 0, "piezimes": null}, "geometry": {"type": "MultiLineString", "coordinates": [[[23.213083124471233, 56.391432137342], [23.211966651965454, 56.390994255125754], [23.211757615488004, 56.39090380570545], [23.211678891350083, 56.39082532442186], [23.211186633083837, 56.38995715993875], [23.21084945241349, 56.38936247278605], [23.210358086373827, 56.38849581439517], [23.209639681704402, 56.38719629201132], [23.20941970434493, 56.38679835874768], [23.209383934091814, 56.38667248763737], [23.209387292868325, 56.3865103601966], [23.20943887137666, 56.38628217997728], [23.209455323436778, 56.386209399986], [23.209523711273214, 56.385906855304796], [23.20957030497411, 56.38583012726151], [23.209680910642316, 56.38573815129447], [23.210275047888672, 56.385376021281346], [23.210328347460422, 56.38534353504368], [23.211469575505593, 56.38464792191973], [23.21159166816285, 56.384570717184204], [23.212600520943965, 56.38336411004974], [23.212684171740616, 56.38320310952155], [23.21266730358511, 56.383087511143486], [23.212579589653203, 56.38295884210684], [23.212497977000535, 56.38284445611213], [23.212491759752478, 56.382835743687245], [23.21194613381933, 56.38251478293043], [23.210765246702117, 56.38183886497435], [23.210114675332306, 56.38130615638438], [23.20992738824076, 56.3811378610171], [23.209830917076097, 56.38094786466936], [23.209716243975244, 56.38033552349708], [23.209684512836656, 56.379959970270356], [23.20968829417775, 56.37977732964005], [23.20968163799797, 56.37976914526538], [23.209640922454366, 56.37971908166766], [23.2096188695154, 56.37969196448702], [23.209596816626227, 56.37966484640406], [23.209573631487043, 56.37963633745291], [23.209541526538317, 56.37962051736128], [23.209011008816116, 56.37935907799886], [23.208953622530125, 56.37933093746299], [23.208535345773754, 56.37916673575042], [23.207072549429107, 56.378746112209306], [23.206703090470977, 56.378649058255434], [23.20651363190852, 56.37858657472883], [23.2040125472865, 56.37734070483789], [23.20142844917925, 56.37601928855057], [23.19786368436198, 56.37408083412271], [23.197205272947382, 56.373722770149115], [23.19383506760474, 56.3719948835042], [23.19376260238988, 56.37196062249567], [23.19283756026917, 56.37143339709822], [23.192143195596483, 56.371053757179205], [23.191869120432216, 56.370950853162434], [23.191736710585293, 56.370925172392596], [23.191596690511904, 56.370898015982235], [23.191459437449275, 56.37087139677544], [23.191154272831067, 56.3708122094605], [23.190938182850275, 56.37078005646376], [23.19072838950125, 56.37079282030932], [23.190524999519802, 56.37088300675034], [23.19018879388564, 56.371007107212826], [23.18827791952662, 56.371712418658014], [23.18823249451674, 56.371726886798974], [23.188191805182633, 56.371736250247665], [23.188134445769045, 56.37174068960277], [23.188081850982915, 56.37173874052876], [23.188020763708522, 56.37172806822931], [23.187957501322572, 56.371710962050784], [23.18340513664767, 56.37029787219419], [23.18035369246726, 56.36935052807454], [23.179994948273478, 56.36923914473795], [23.177971159605484, 56.36861076683845], [23.177834617074662, 56.36861166380078], [23.17726601225824, 56.36861539866969], [23.17709615842874, 56.36860656698622], [23.1769416309622, 56.36858435607635], [23.176862541558716, 56.36856392011408]], [[23.176665194514875, 56.36851292716837], [23.176191238068785, 56.36839045866099], [23.175125482571634, 56.368115062323426], [23.170719618435403, 56.36697642551989], [23.170592091648167, 56.366936410522875], [23.170477398782833, 56.366891345568455], [23.170412765801526, 56.36685817079968], [23.17038132390386, 56.36681462595593], [23.17036058402124, 56.36675767107006], [23.170357288178202, 56.36669633783236], [23.17036636822409, 56.36662449526355], [23.170400145484525, 56.366560521500276], [23.170451264459818, 56.36652297793529]], [[23.171262796124637, 56.36567400226341], [23.17125262891729, 56.365654589384604], [23.17113735120753, 56.365529576401684], [23.17072541376207, 56.365130260715055], [23.169744969295333, 56.36417981657403], [23.16933552753743, 56.363782888363396], [23.16916178894166, 56.36361445543866], [23.169027799435003, 56.36349992422642], [23.168930634419265, 56.36344727080985], [23.168769569939666, 56.363407671446666], [23.168537170735874, 56.363362420028096], [23.166891389701913, 56.36313569778058], [23.166781907157137, 56.363117627659356], [23.16672230493814, 56.363092831583096], [23.166663150953063, 56.36304749389274], [23.16543034204774, 56.361612685180916], [23.165351161932197, 56.361531260308446], [23.165266936079416, 56.361469061190206], [23.165147019327723, 56.361421727779174], [23.163682671451884, 56.361089877999525], [23.163484705027532, 56.361046170066885], [23.163415715569847, 56.36102772865812], [23.1633641996771, 56.361003627021674], [23.163315052687988, 56.360976973499895], [23.163037696437268, 56.360756180648096], [23.161975297413697, 56.35993837331265], [23.161385792993403, 56.359430207128916], [23.161305937097392, 56.35938023257018], [23.161216491506714, 56.35934560198767], [23.16107584361239, 56.35932539044678], [23.160392760669943, 56.35925463958516], [23.16025149394613, 56.35923529803305], [23.160181460104358, 56.359225709425694], [23.160111426298087, 56.35921612077879], [23.157558157629317, 56.3588665046018], [23.157337782982502, 56.35883633719168], [23.156837389317516, 56.358767836255396], [23.15666800414551, 56.35874464792773], [23.15657696952769, 56.35872990538189], [23.156518373259747, 56.3587124930834], [23.15646577158711, 56.35868549254338], [23.155820263245094, 56.358195430611005], [23.15550412016277, 56.35795541377453], [23.155475694982705, 56.35793339245782], [23.155455450863204, 56.3579075741904], [23.15544707937415, 56.35786771360511], [23.155462076722102, 56.35764056868779], [23.15549575814462, 56.35713038974451], [23.155500200434645, 56.35703412093842], [23.15552031680614, 56.35696106961031], [23.15587393878138, 56.35665788718384], [23.156064198669107, 56.35652564787067], [23.15665363818878, 56.35633833087152], [23.157270685554806, 56.35614223734145], [23.157356881234794, 56.35611393268971], [23.157428373180338, 56.35607076331644], [23.15747499425555, 56.35600174451191], [23.157645840907826, 56.35556393171722], [23.1578757690637, 56.35497470301413], [23.157882682273698, 56.35492339017133], [23.157868588650253, 56.35488122938952], [23.157857730322345, 56.35484874924537], [23.15743818198298, 56.353843097403576], [23.15741037663805, 56.35377999232648], [23.157408436577917, 56.35374996630789], [23.157414137507413, 56.353727374142174], [23.157431343364262, 56.35368126788817], [23.15749942353893, 56.35358286277903], [23.157592875826012, 56.35344982204612], [23.15806641895869, 56.35277566440291], [23.15816363622836, 56.35263725613219], [23.158189328684188, 56.35260067918633], [23.158215021110344, 56.352564101336405], [23.158282819551793, 56.35246757709594], [23.158345397092333, 56.35235629486998], [23.15840473559223, 56.35218207453796], [23.15841263956753, 56.35203318442899], [23.15839683930142, 56.351963099010526], [23.158341619495808, 56.35189788253962], [23.15813610083978, 56.35172344402455], [23.157937449688877, 56.35155937265608], [23.157662706212424, 56.35144204215214], [23.15621126069418, 56.35082217531174], [23.156138896890862, 56.350800497396], [23.15608361869462, 56.35079049112739], [23.156022433808975, 56.35078622184605], [23.155941481227018, 56.35078695453803], [23.155845202163814, 56.35080106539885], [23.15577537148955, 56.35082177507543], [23.15562576533437, 56.35089458596896], [23.15434766904916, 56.351502760599], [23.15429523000784, 56.3515277130254], [23.154242755939787, 56.35155263643942], [23.153994491372934, 56.35167055244914], [23.153873747425568, 56.351692840792275], [23.145634986777093, 56.35224112059056], [23.14412239774193, 56.35234171985173], [23.143952221677427, 56.3523508170228], [23.14381002212226, 56.352349834869834], [23.14367613139894, 56.352339280030044], [23.14353190757863, 56.352325443372635], [23.14058200225514, 56.35198808406399], [23.14000916508739, 56.351922564048024], [23.1399574851067, 56.35191665285517], [23.139905801906327, 56.35191074161834], [23.139794489675502, 56.351898008582076], [23.138548496458217, 56.35175548233133], [23.138465475595062, 56.351745275380836], [23.13838953560944, 56.35172869704219], [23.138324161440654, 56.351705130936956], [23.13818895979224, 56.35165026317402], [23.137731772230772, 56.351466039397124], [23.137149933129106, 56.35121861762121], [23.13416704298991, 56.35003777875557], [23.13389441177003, 56.34992544955914], [23.133825836676802, 56.34989030239851], [23.13374610793641, 56.349837101301866], [23.133612347259966, 56.34971932228709], [23.130381856402416, 56.34663718972527], [23.128880112269364, 56.34520380390088], [23.128785014279554, 56.345113030091554], [23.12821733831345, 56.344568171617304], [23.126390095206933, 56.34281425179864], [23.126365504149376, 56.34279968293519], [23.121638169899203, 56.34170754713646], [23.12098499245307, 56.34156124740093], [23.11830700651406, 56.340961382095976], [23.116139221118168, 56.340447660175236], [23.11592535973955, 56.340384123045], [23.115757860916332, 56.34029876777514], [23.115669998444424, 56.34021841010239], [23.115571457728066, 56.340082608762195], [23.115522701013614, 56.33994937652507], [23.115612475148012, 56.33954049180322], [23.115624224765618, 56.33948697646993], [23.115632546165006, 56.33944907032732], [23.115640869185718, 56.33941116329707], [23.115668355194135, 56.3392859748159], [23.1156831585771, 56.33921855203795], [23.115688733264292, 56.33914993580459], [23.115671687900292, 56.33911105618009], [23.11561477554429, 56.339071892055046], [23.11532296195923, 56.33897589856758], [23.113603620362333, 56.338428910102465], [23.110354841933788, 56.337408638782556], [23.108534789513737, 56.33684712466445], [23.107115552051436, 56.336409238727306], [23.104618480368096, 56.33560630024085], [23.102511024577527, 56.334948260638285], [23.10242206481121, 56.33492048197871], [23.101968947167126, 56.33477899009757], [23.100070352110237, 56.3341815829239], [23.09992598451078, 56.33412270769524], [23.096238816769016, 56.3321778582913], [23.092719260328522, 56.330321562719675], [23.09013374974177, 56.32895868476329], [23.089913013054115, 56.3288327746704], [23.089797032841307, 56.328766618709764], [23.08978965176872, 56.32876240807501], [23.089757966666326, 56.3287464580313], [23.089718534109842, 56.3287266082217], [23.089685030456888, 56.328709742715155], [23.089543211551238, 56.328649884676224], [23.089383701000973, 56.32854837812929], [23.08780948754462, 56.32725467490387], [23.085000228687715, 56.32490573435734], [23.081627054291744, 56.32204143584424], [23.081467675288266, 56.32193645968365], [23.0812827281482, 56.32185897265739], [23.078231145908084, 56.32093773460746], [23.078019844950894, 56.32087474231348], [23.077864650399928, 56.32087703571221]]]}}, {"type": "Feature", "properties": {"fid": 613, "nosaukums": "Reņģe", "garums": null, "posmaID": null, "gadsAvotos": null, "regulets19": 0, "kolhozs": null, "udenskratu": 0, "piezimes": null}, "geometry": {"type": "MultiLineString", "coordinates": [[[23.219817840344927, 56.36983979308768], [23.219886921145626, 56.369890006269564], [23.222782926507143, 56.370959085713544], [23.22300386275913, 56.371037657295766], [23.225159840968047, 56.37261802045676], [23.226876767953307, 56.373810097629864], [23.227040485528505, 56.37395959521809], [23.22761725565918, 56.37458507075366], [23.232014788851817, 56.37629244335422], [23.23211564670889, 56.376349671628056], [23.232617356738064, 56.3767644360883], [23.234655417656334, 56.37860066697477], [23.235935913744775, 56.37975424657873], [23.23603637474249, 56.379832051279934], [23.236128592754255, 56.379858347961765], [23.236801610975874, 56.37988117564012], [23.23835295219683, 56.379933779297374], [23.23846285722388, 56.379929308761945], [23.23967204271648, 56.37965377015854], [23.239802278316937, 56.379633985591674], [23.239996811156328, 56.37964546997949], [23.242958861531545, 56.38014668383018], [23.24311630415419, 56.38015793687187], [23.243327047603643, 56.38014367409446], [23.2436517060566, 56.38010488399506], [23.24380010939673, 56.38008715228773]]]}}, {"type": "Feature", "properties": {"fid": 614, "nosaukums": "Bikstupe", "garums": null, "posmaID": null, "gadsAvotos": null, "regulets19": 1, "kolhozs": null, "udenskratu": 0, "piezimes": null}, "geometry": {"type": "MultiLineString", "coordinates": [[[22.835027416087822, 56.72782057977867], [22.835078685272162, 56.72787134587614], [22.836021632076978, 56.72834273723134], [22.83614261136439, 56.72837918546225], [22.836379660214302, 56.728402584393145], [22.83650204146802, 56.728393133960736], [22.836624766078053, 56.72837309374848], [22.836780485835718, 56.72832510471767], [22.837278996165843, 56.728128527496956], [22.83740226426698, 56.72809083682141], [22.83748642713615, 56.728070436082206], [22.837717925017866, 56.72806553306604], [22.839077850714283, 56.728049932133246], [22.83958851082939, 56.72808288105418], [22.841235143682223, 56.72824297806711], [22.841382899081896, 56.728244351599024], [22.841576179128722, 56.72822849330011], [22.842425562507643, 56.72808460740472], [22.843419916729225, 56.727931396300896], [22.843945821884613, 56.727851631104784], [22.844334216847148, 56.72775989712761], [22.844546126648073, 56.72770029020174], [22.844623768385727, 56.72767845406204], [22.844683927422356, 56.72766007662616], [22.844950265116204, 56.72757845806833], [22.845728772750576, 56.72722332071402], [22.846448414511084, 56.72680624194268], [22.847486041570356, 56.72620600161319], [22.84814600477973, 56.725848396475975], [22.84824943596822, 56.7258281665844], [22.848410256243827, 56.72582259065999], [22.849323533808708, 56.72589452858587], [22.8502778164048, 56.725998679488384], [22.85136882739299, 56.726128611123045], [22.85149655848567, 56.72615451379637], [22.851611017624066, 56.72619440886617], [22.85166753149893, 56.726237300933704], [22.851673091631927, 56.72626559974919]]]}}, {"type": "Feature", "properties": {"fid": 615, "nosaukums": "Bikstupe", "garums": null, "posmaID": null, "gadsAvotos": null, "regulets19": 1, "kolhozs": null, "udenskratu": 0, "piezimes": null}, "geometry": {"type": "MultiLineString", "coordinates": [[[22.864969051411265, 56.7260442927928], [22.864972519609086, 56.72592918690568], [22.864977408330482, 56.725766933858935], [22.864906303469915, 56.72559188382535], [22.864902904599173, 56.72558351787079], [22.8646650729249, 56.725100802070685], [22.864579391144186, 56.72488006088577], [22.86455215485225, 56.72455831724448], [22.86453262584716, 56.724381669434074], [22.864532047564037, 56.72437645669818], [22.864526074073567, 56.72432241388409], [22.864487975432844, 56.72379395622548], [22.864425016509472, 56.72292065364934], [22.86445879626158, 56.722310370387454], [22.864476966626565, 56.72198205655825], [22.864533571487605, 56.72095928823616], [22.86485473816049, 56.72051038852605], [22.86501277787464, 56.72032412083723], [22.865381254450707, 56.719889819327015], [22.86540173903218, 56.71986598011342], [22.865501720053533, 56.71974961527405], [22.866764182265197, 56.718301523329096], [22.867003985629236, 56.71802644445766], [22.868372324173663, 56.716456741884556], [22.86934414873096, 56.71539161611289], [22.869752571741962, 56.71494115597649], [22.87002217433035, 56.71474666751765], [22.871878608597275, 56.713407381780684], [22.874159692258377, 56.711890405556744], [22.874475201262026, 56.71156441052474], [22.87487428667667, 56.711140293879396], [22.87525521132271, 56.71075347781628], [22.875616284879225, 56.71046013690306], [22.876097606179673, 56.710135418226834], [22.877528718335373, 56.70906337675786], [22.877565745300426, 56.70903563972198], [22.877949593472653, 56.70873937963577], [22.878241254416775, 56.70848598958542], [22.878403010011628, 56.70839690790138], [22.878557688997816, 56.70835459002608], [22.87894172892007, 56.70824253079484], [22.87959479816601, 56.70806420244326], [22.880146202878507, 56.70790531615358], [22.88022523825549, 56.70788254070266], [22.880804279623142, 56.707709785082606], [22.88106113117818, 56.70757379199623], [22.881088517690984, 56.707563570869134], [22.881681671381422, 56.70734208870611], [22.882325398561665, 56.7070949751194], [22.882848236557198, 56.706899855422364], [22.883653221915225, 56.70657924922283], [22.884221356345616, 56.70634877904761], [22.8845526903737, 56.70621436670513], [22.884699897023385, 56.706154648496096], [22.885009700024558, 56.70605439480701], [22.885261750769445, 56.70598484514577], [22.88552271187797, 56.705931006961336], [22.885556139312808, 56.70592411018181], [22.88575065555607, 56.70587901311228], [22.886326489717685, 56.70581235628833], [22.88691019080428, 56.70578018973879], [22.886911514345297, 56.70578011800549], [22.88705894013292, 56.705790805810054], [22.887217238313575, 56.70581719676513], [22.887459288172003, 56.70589428065516], [22.887672296420018, 56.705992973302095], [22.887952253764244, 56.70613283748462], [22.88832215708866, 56.70642089564333], [22.88859862297368, 56.7066793776053], [22.888820520752553, 56.7068624319079], [22.88899879668765, 56.706982662998996], [22.88913319026909, 56.70704942170443], [22.88927988595234, 56.70708507748167], [22.889588428324775, 56.7071484095547], [22.88961539551306, 56.70715394268491], [22.88993754415409, 56.70722670405937], [22.88998345077223, 56.707237031992776], [22.89035825668132, 56.70731947053826], [22.89119632078676, 56.7075517250449], [22.892557443686098, 56.70796783900397], [22.89279847130967, 56.70797266728461], [22.894323280324162, 56.70797415837574], [22.89658418759735, 56.707994199547315], [22.897147270611413, 56.708052256320514], [22.897732850199684, 56.70823539508196], [22.898153522953756, 56.708423317256475], [22.899956657030334, 56.70925082437072], [22.90018617526333, 56.70939288377702], [22.900659486467326, 56.709724880186464], [22.901216844434572, 56.7100588826881], [22.901721682597582, 56.710285000315025], [22.903305216527876, 56.71048626599266], [22.904782224194342, 56.71081398527513], [22.90712442864962, 56.711368186476705], [22.907724661462783, 56.71146794866677], [22.910379734707693, 56.71194686222822], [22.910541728204638, 56.71197294296188], [22.910631763708984, 56.711987438698145], [22.91097438349791, 56.71191368733067], [22.911169036790945, 56.71182425798497], [22.911303342260318, 56.7116497529159], [22.911303875230846, 56.711649060371094], [22.91199501688417, 56.71079134894532], [22.912792853152574, 56.709867773509245], [22.91332283222157, 56.709192382651636], [22.913327276721475, 56.70918718251858], [22.913423996921555, 56.70907396796037], [22.913522239113487, 56.709056927350375], [22.913804214399757, 56.709071317067085], [22.915247582610633, 56.70911370993134], [22.915343258427388, 56.709119468099345], [22.91590282181437, 56.70915314107437], [22.917101681105155, 56.70922527923002], [22.9173634961351, 56.70918580301436], [22.91778280173945, 56.70895680846359], [22.918850159694507, 56.70836873533986], [22.922647144499997, 56.70627650848124], [22.923443089730092, 56.705852685856826], [22.924466792601077, 56.705307567188704], [22.924746018044104, 56.7049238573232], [22.924945080673048, 56.704417310346386], [22.924974983751497, 56.704337803562225], [22.92498899371164, 56.70420161092965], [22.924994478374824, 56.70383167470118], [22.92497995319834, 56.703453210185145], [22.92500454295392, 56.703123518806805], [22.924999739628635, 56.70308839810432], [22.9249910238795, 56.70302466110975], [22.924983594561997, 56.70297034023581], [22.924989513699384, 56.70296134117171], [22.925041812818467, 56.70288182363696], [22.925094080653864, 56.702823848056795], [22.92521128033826, 56.702797042924914], [22.925566074216185, 56.702711084003106], [22.92608966217438, 56.70263492567105], [22.926470740820463, 56.70258535352737], [22.92676979985215, 56.70257123656134], [22.92689017505302, 56.70259289289027], [22.92719755409815, 56.70264282549253], [22.927525797718104, 56.70267069119504], [22.92769780562901, 56.70267495683702], [22.927702393903463, 56.7026731607818], [22.92779507205646, 56.702636845887056], [22.927893840847982, 56.70254589172098], [22.928155423044032, 56.702247699112526], [22.928666396767593, 56.70172354200749], [22.928714560094647, 56.70163215206112], [22.928705622063443, 56.70159034200568], [22.928622670940555, 56.70148114038563], [22.928593183831183, 56.701379675939016], [22.92863152341073, 56.70127706969529], [22.928971543350887, 56.700890530967314], [22.929048794384734, 56.70084390035911], [22.929120114492907, 56.70082782907051], [22.92934318796835, 56.700815838092716], [22.930216464099832, 56.70072318849546], [22.930712068010802, 56.70066902532843], [22.931554511383805, 56.70059279504601], [22.932433783426173, 56.7004668038023], [22.933590770215726, 56.70029453238882], [22.934480325183667, 56.70016305334471], [22.935425675355543, 56.70002647431128], [22.93571894855857, 56.69998447040715], [22.93585700590342, 56.69993557879389], [22.9361086591136, 56.69980697592034], [22.936167684439575, 56.69976301724037], [22.936263766356735, 56.69969146534889], [22.936372473107937, 56.6996061508321], [22.936451547980912, 56.699508330168456], [22.936525514163257, 56.69938491023027], [22.936513781116236, 56.69926240473705], [22.936493538570165, 56.699209888930106], [22.93645245375306, 56.69910331313352], [22.936390215718596, 56.69897710611454], [22.936300498547737, 56.698748231732154], [22.93624621196091, 56.698519650798616], [22.93627449974352, 56.69841418022699], [22.93636397703894, 56.69829254775318], [22.936504285770155, 56.69816299350009], [22.93661149718943, 56.69813053104424], [22.93672820388778, 56.698120395250946], [22.937002012170197, 56.69810326218417], [22.937499564289364, 56.698049079845205], [22.937754709930015, 56.69797614472621], [22.93784190979155, 56.697935163962825], [22.93791431759804, 56.697880139992506], [22.93808576988735, 56.69772303333862], [22.938229733268667, 56.69752776845247], [22.93839186773555, 56.69731462626834], [22.938464860755683, 56.69718652673256], [22.938485837664903, 56.69705799296098], [22.938506395855374, 56.696943750017816], [22.938370323004804, 56.69684724666568], [22.93804321211375, 56.696758647532384], [22.937718250568988, 56.69659379609579], [22.9375454414986, 56.69648531036382], [22.937484887808132, 56.696430506666744], [22.93739544258204, 56.69635719005459], [22.937385770757537, 56.69631075451866], [22.93744767124707, 56.69619237565397], [22.93756909035817, 56.69604024357835], [22.93783013351228, 56.69586914772345], [22.938115130306443, 56.69575730459534], [22.93827007613789, 56.69571428734672], [22.938425872346404, 56.695641045969936], [22.93863253210455, 56.69550985798035], [22.938665220586245, 56.69549615830841], [22.938685742811657, 56.69548620037], [22.938753375580497, 56.69543712613365], [22.938822004135467, 56.695352596563794], [22.938832742686394, 56.69529797217815], [22.938805812901823, 56.6952085757205], [22.938765464192247, 56.69513831702528], [22.93871729844963, 56.69508420343173], [22.93864623844358, 56.69502280597691]]]}}, {"type": "Feature", "properties": {"fid": 616, "nosaukums": "Bikstupe", "garums": null, "posmaID": null, "gadsAvotos": null, "regulets19": 1, "kolhozs": null, "udenskratu": 0, "piezimes": null}, "geometry": {"type": "MultiLineString", "coordinates": [[[22.988742218545276, 56.698636852021835], [22.988840244963995, 56.698654772038076], [22.988978901100598, 56.698704413450784], [22.98898229484499, 56.69870635468391], [22.989979152685716, 56.69927659860542], [22.99001959430439, 56.69931496941415], [22.990046216754337, 56.69934022765282], [22.990072839215756, 56.69936548678412], [22.990119113250355, 56.69940939165552], [22.990130850985803, 56.699420528716686], [22.99015554029127, 56.69946638794217], [22.990159051505877, 56.6995291999276], [22.990120004327597, 56.69963162992221], [22.990095294636525, 56.69977983522958], [22.990096680053014, 56.69991897108216], [22.990351060052838, 56.70144612043824], [22.990432920090466, 56.701680802341045], [22.990472857153783, 56.70261370659328]]]}}, {"type": "Feature", "properties": {"fid": 617, "nosaukums": "Rūšu strauts", "garums": null, "posmaID": null, "gadsAvotos": null, "regulets19": 0, "kolhozs": null, "udenskratu": 1, "piezimes": null}, "geometry": {"type": "MultiLineString", "coordinates": [[[23.003575371641883, 56.73433983556906], [23.003624023012517, 56.734343656481805], [23.003672672758967, 56.73434747736251], [23.00377809418858, 56.734355756280664], [23.00461559826222, 56.73446740766913], [23.00515022774249, 56.7345269340336], [23.00554215049261, 56.734570570054906], [23.006435804809527, 56.73460004183521], [23.00677907818739, 56.73457723911424], [23.00722266534534, 56.73449458152306], [23.007539679943207, 56.73436622359602], [23.008876963950684, 56.73364902885236], [23.009207592230247, 56.73344416131502], [23.009743043865495, 56.73318026640645], [23.01079904108508, 56.73277684931419], [23.011407916397705, 56.732535875961474], [23.012114698159593, 56.732160004754036], [23.01230625262698, 56.73205298651914], [23.012470964288273, 56.73197288915466], [23.012661596477646, 56.73190097683167], [23.012877800372845, 56.731834156033436], [23.01293854359149, 56.7318153816502], [23.01299928506855, 56.731796609020655], [23.013039245466032, 56.731784258298006], [23.01314442753762, 56.73175955285596], [23.01329602038627, 56.73173681122526], [23.01366265722162, 56.73170779028453], [23.01385451676609, 56.73169973084936], [23.01406421410282, 56.731675852305905], [23.014198427700208, 56.73165137559372], [23.014306639484516, 56.73162190444683], [23.014492620043526, 56.73156158916343], [23.014535441037058, 56.731547701785004], [23.014578261999123, 56.73153381439184], [23.01465646753465, 56.731508451492026], [23.014757337200653, 56.73147982485296], [23.01483995180651, 56.7314668556351], [23.014923464595526, 56.73146397576025], [23.015045188225358, 56.7314729184589], [23.015631009154415, 56.73159230909999], [23.015839418666662, 56.731612706028194], [23.01609521529539, 56.731614725292864], [23.01637738543462, 56.73158648153677], [23.016668265749036, 56.731551273760864], [23.017685467137028, 56.731350966080186], [23.01777837767881, 56.73133266924122], [23.019355321480425, 56.731045205294], [23.019623827996778, 56.73102163900441], [23.01978001164107, 56.73102150521765]]]}}, {"type": "Feature", "properties": {"fid": 618, "nosaukums": "Bikstupe", "garums": null, "posmaID": null, "gadsAvotos": null, "regulets19": 1, "kolhozs": null, "udenskratu": 1, "piezimes": null}, "geometry": {"type": "MultiLineString", "coordinates": [[[23.02087559488351, 56.73177537591966], [23.020788760101098, 56.73173225602784], [23.020474625590364, 56.73159354318435], [23.02006677627694, 56.731413446541346], [23.019963400995483, 56.73134581417058], [23.019902682606016, 56.73128032387117], [23.01978001164107, 56.73102150521765]], [[23.020860155579225, 56.72971721430764], [23.020853673168016, 56.729761992856076], [23.02085242545474, 56.7297877332481], [23.020850031158915, 56.72980897962037], [23.020862134558588, 56.72983945275047], [23.02089599524332, 56.729883260722396], [23.020904468074765, 56.72991168114517], [23.020894468856724, 56.729941980661934], [23.02086226489209, 56.729976156829174], [23.02067848270047, 56.730101288932744], [23.020608784452666, 56.730160485806486], [23.020557740883874, 56.7302107154431], [23.020385217107627, 56.730398717676266], [23.020321095438206, 56.73045593313153], [23.02024393125458, 56.730517524766626], [23.01989302867938, 56.73074796445362], [23.019813353082196, 56.73084282687834], [23.019776187049988, 56.7309359014201], [23.01978001164107, 56.73102150521765]]]}}, {"type": "Feature", "properties": {"fid": 619, "nosaukums": "Kauliņu grāvis", "garums": null, "posmaID": null, "gadsAvotos": null, "regulets19": 1, "kolhozs": null, "udenskratu": 0, "piezimes": null}, "geometry": {"type": "MultiLineString", "coordinates": [[[23.03088018227139, 56.69532495868444], [23.031285107068065, 56.69530424513139], [23.03187961730667, 56.69527383146097], [23.03258835605114, 56.6955043493456], [23.03259269756384, 56.69550557619038], [23.03259696362822, 56.69550687971528], [23.035282274062688, 56.696358823060876], [23.035712828546533, 56.69648302376183], [23.035889504085258, 56.69652673109441], [23.036012887042215, 56.69654856023883], [23.036443557916357, 56.696604722885375], [23.036811746274157, 56.69665287474913], [23.036816061575575, 56.69665347592621], [23.03682034080193, 56.69665414690285], [23.036980588328674, 56.69668067771683], [23.03708801512228, 56.69669834215765], [23.037098759399, 56.696700353255], [23.037109198537994, 56.69670280312872], [23.037206436832015, 56.69672803357678], [23.037210729721657, 56.69672919339856], [23.037214953769283, 56.69673042725897], [23.037772005966623, 56.696899453052254], [23.037775715802496, 56.696900617335785], [23.037779363786047, 56.696901837743404], [23.038557663424353, 56.69717062187117], [23.039051371054956, 56.69731438117943], [23.03936983150866, 56.69738298036119], [23.040344948120925, 56.697587049049744], [23.040346859816186, 56.69758745639383], [23.04034876137245, 56.69758787713643], [23.04143193435637, 56.69783184187168], [23.041437270015717, 56.69783310480408], [23.041442519758835, 56.697834471294584], [23.041701341600923, 56.697904966731265], [23.041706299599806, 56.69790637588874], [23.04171116705886, 56.697907877787664], [23.041955237456804, 56.69798620056385], [23.041959664742073, 56.697987673911896], [23.04196400516401, 56.697989223857846], [23.04215414307466, 56.69805947858844], [23.04216074059144, 56.69806204854128], [23.042167098457572, 56.69806479544148], [23.04257175518691, 56.69824869832595], [23.04257333871579, 56.69824942655301], [23.04257490398828, 56.698250166319546], [23.043797021155783, 56.69883476660528], [23.043797274468634, 56.698834888042136], [23.044701706692802, 56.699269822964375], [23.04470208906308, 56.69927000738137], [23.044702469777853, 56.69927019268411], [23.045121536485123, 56.699474260730575], [23.045279436604126, 56.69955544016358], [23.045446170067756, 56.69962071546706], [23.04582188128258, 56.69974175637085], [23.04582541492019, 56.699742934335966], [23.04582888342447, 56.69974416930246], [23.046156096485422, 56.699864514331736], [23.046160853193246, 56.69986634403628], [23.046165466731615, 56.69986828135606], [23.04641601252493, 56.69997813792076], [23.046424519899503, 56.699982188518], [23.046432403960562, 56.6999866054007], [23.04650079345673, 56.700028160615176], [23.04650783908179, 56.70003279748395], [23.046514196310635, 56.70003772646845], [23.046624707508883, 56.70013102265954], [23.046629541421662, 56.70013542068273], [23.046633827249472, 56.70013998701279], [23.046804905894202, 56.70019591668327], [23.04736004728518, 56.70029643222574], [23.047912849923474, 56.70036188010665], [23.048008668894727, 56.70037379695286], [23.048292686178524, 56.700409118272944], [23.049804662534576, 56.70047899110182], [23.05119250844819, 56.70053116779899], [23.052322152919942, 56.70057223457129], [23.05244332275712, 56.70057663937639], [23.05643545520509, 56.70072168150021], [23.057377439196575, 56.70077833441134], [23.057555845027498, 56.700831707273224], [23.057634781320946, 56.70085532145701], [23.05771371608084, 56.70087893557871], [23.061777941567033, 56.70209467904679], [23.06280616997712, 56.702219135296886], [23.064138051738222, 56.70222914602698], [23.06626791341672, 56.702660285665445], [23.06668521504861, 56.70268148511873], [23.06856599152767, 56.70274495394078], [23.0688712327972, 56.70275582171265], [23.06981035617637, 56.70278925198236], [23.07091506343246, 56.702998870101915], [23.071102882519163, 56.70304014132693], [23.071563263761657, 56.70325213072082], [23.071988755579028, 56.70342974033847], [23.072165687457076, 56.70350359518567], [23.073100275343524, 56.70390754388154], [23.074497688021463, 56.70454873708507], [23.075325747089, 56.704293629699706], [23.076142128264614, 56.704043188392944], [23.076247939732248, 56.70398397337865], [23.077705521020828, 56.70245253616621], [23.078156414707955, 56.70196557719818], [23.07832821120895, 56.701739995160864], [23.078538115607206, 56.701587872503914], [23.078898287780962, 56.70154662891721], [23.079636370343824, 56.7014185319697], [23.0799217168254, 56.701309042587106], [23.080049358548685, 56.701295200368854], [23.080221812026377, 56.70127649854704], [23.080404706940172, 56.70114063906669], [23.08122411590683, 56.70040392280363], [23.08138631406247, 56.70027880733154], [23.081548356355007, 56.70015381089212], [23.08207935366671, 56.700042117422925], [23.085927486316024, 56.69923258840683], [23.086716275170343, 56.69907459470909], [23.0893197894791, 56.69855306592216], [23.08982399157929, 56.698452057971416], [23.0918065073927, 56.6980718052672]]]}}, {"type": "Feature", "properties": {"fid": 620, "nosaukums": "Bikstupe", "garums": null, "posmaID": null, "gadsAvotos": null, "regulets19": 0, "kolhozs": null, "udenskratu": 0, "piezimes": null}, "geometry": {"type": "MultiLineString", "coordinates": [[[23.092404364150074, 56.69528227905356], [23.092283538252577, 56.695309373461484], [23.092166718851555, 56.69536192812411], [23.09203129373936, 56.69541943314176], [23.091839553924768, 56.695512130822095], [23.091583298826944, 56.69559672919059], [23.091513058466877, 56.6956343637931], [23.091511563765398, 56.695697433103945], [23.091598266743375, 56.695898470811144], [23.09164361671579, 56.6960036239752], [23.09177702818192, 56.696312958336215], [23.091819675913477, 56.696442281259934], [23.091826267563466, 56.69664371228946], [23.09178607595973, 56.69688760115963], [23.091759902042707, 56.69726185754262], [23.091733084628967, 56.697425286375356], [23.091677974741895, 56.69755903390413], [23.09167232932908, 56.69757273434746], [23.091669980337908, 56.69767026236971], [23.091690839800588, 56.69775443091682], [23.0918065073927, 56.6980718052672], [23.091884014355706, 56.698284470597386], [23.091973671240194, 56.69859978552111], [23.091995804815454, 56.698868674790766], [23.091978305422135, 56.699120276783496], [23.091945511842262, 56.699209385567464], [23.09191709372979, 56.6992866012753], [23.09186640016894, 56.699372635398504], [23.091839555805706, 56.69941819354737], [23.091803191871385, 56.69950288740298], [23.09175060773762, 56.699667394266626], [23.091566908172833, 56.70026513649835], [23.091564388402734, 56.70027333343525], [23.09146714397739, 56.7005105116555], [23.091386266424596, 56.70078053112366], [23.091351526314938, 56.701035153573706], [23.09134477912225, 56.70131515345443], [23.09128279581241, 56.70175082605125], [23.091160693854683, 56.70220067946763], [23.091033468575453, 56.70249220967688], [23.09086108622859, 56.702869201106715], [23.090800166798054, 56.70302294092927], [23.090652478984897, 56.70352956709009], [23.09049266664901, 56.70402176550537], [23.09024538378351, 56.7044690609236], [23.090167920038944, 56.70464602550171], [23.090101292032507, 56.704956477098705], [23.090028545279427, 56.705125862676624], [23.089909575857533, 56.705313791266555], [23.089665476379285, 56.705729596996306], [23.089124821580466, 56.70668131377746], [23.08880609199282, 56.707226985681956], [23.088561961399744, 56.70770885730926], [23.08802805298557, 56.70891122391263], [23.087834316172938, 56.7092312996294], [23.08752752982693, 56.70975921089545], [23.08751112874178, 56.70978743466312], [23.087494731072372, 56.70981565126611], [23.087467257299195, 56.70986292524549], [23.087448510759575, 56.70989518108105], [23.08698866523417, 56.710686442705615], [23.085820235521155, 56.71257396212348], [23.085735341983597, 56.71271965950785], [23.08561464176184, 56.71292680677487], [23.08530727265115, 56.713454306645474], [23.085024966712897, 56.71386319768835], [23.083967626782535, 56.714998923443936], [23.083396420863604, 56.715539072348164], [23.083199807870997, 56.71562308355096], [23.082806233153995, 56.71572335861618], [23.08258818515284, 56.715849071026106], [23.08248477307774, 56.71602109690113], [23.08246292575137, 56.7162391939435], [23.08358616281755, 56.719694112412384], [23.083580318256573, 56.71982202725862], [23.083553883873286, 56.71994436685342], [23.083500767860556, 56.7200385644192], [23.083434532431788, 56.72012167312987], [23.083122805065177, 56.720504054253716], [23.08050424041778, 56.72285722869661], [23.07884820549748, 56.72434524442793], [23.078256095445326, 56.72487724537415], [23.078020866880117, 56.725336514137865], [23.07749771732556, 56.726614354985614], [23.0767950222807, 56.728046717123], [23.076306989770853, 56.72871015426521], [23.076280949265477, 56.72874555457828], [23.07625490877695, 56.72878095219077], [23.076241577404343, 56.72879907454725], [23.074617463807837, 56.72953171632723], [23.074187004920386, 56.72972588631931], [23.07020509694621, 56.73152189170674], [23.069875173180836, 56.73167068730432], [23.069531383559966, 56.73173583218881], [23.06903762832088, 56.731777284869445], [23.06862579446917, 56.73182686939726], [23.06837528339829, 56.73189889821743], [23.068115748491845, 56.73197352024367], [23.0672428222147, 56.73240333088805], [23.066347328900118, 56.73244136020359], [23.06031522657394, 56.73269736369522], [23.05780451859711, 56.73272406563258], [23.056559871736642, 56.73273728371629], [23.0552422307582, 56.7327512631819], [23.05410912360715, 56.73276327341651], [23.05399294087532, 56.73273794713107], [23.052334930784742, 56.73237650261693], [23.051465021668307, 56.7321868515238], [23.04947325279187, 56.73175259152823], [23.049448247692695, 56.73174982953131], [23.049293654871466, 56.73173275636122], [23.049217071578614, 56.73173025679918], [23.04914716312877, 56.731739299112355], [23.04803077029295, 56.73207548361965], [23.047925303697472, 56.73211297852566], [23.047829850301493, 56.73216778544226], [23.047720751892488, 56.732265185369016], [23.047425003732084, 56.733027309608474], [23.047296416912555, 56.733264963467995]]]}}, {"type": "Feature", "properties": {"fid": 621, "nosaukums": "Bramberģes strauts", "garums": null, "posmaID": null, "gadsAvotos": null, "regulets19": 1, "kolhozs": null, "udenskratu": 0, "piezimes": null}, "geometry": {"type": "MultiLineString", "coordinates": [[[23.633143666367147, 56.607624598436566], [23.633504795248115, 56.60857452006645], [23.633756536901185, 56.609236676338895], [23.634120756424757, 56.610172927069385], [23.63425574812352, 56.61051991978735], [23.634589287615302, 56.611377244846565], [23.634621311653454, 56.611537013708734], [23.634578057443886, 56.611671130165114], [23.634342661182085, 56.611913940772425], [23.634080821902437, 56.612089076636224], [23.633110807073383, 56.612600047647874], [23.631292919851738, 56.61338942456558], [23.631108932311175, 56.61350808152877], [23.63088036391563, 56.61371108369101], [23.63025971947825, 56.614624757316], [23.630100697992564, 56.61482969588061], [23.629895024255614, 56.61509475379305], [23.62967555740111, 56.615223714801196], [23.629355698546373, 56.61531997343419], [23.628378671966956, 56.615320683864404], [23.62738361691709, 56.615285248821245], [23.627115427948116, 56.61524741297368], [23.626813671972933, 56.615209475891355], [23.626620832360246, 56.6151903811835], [23.626517470338197, 56.61519406985242], [23.62614229016195, 56.61520746075139], [23.62441274686339, 56.615544037625], [23.62421381623635, 56.61560694763482], [23.624151756223657, 56.61562657290307], [23.624061478809196, 56.615692212227586], [23.624024950863863, 56.61571877213938], [23.623887313128346, 56.61605627869247], [23.623751530322895, 56.61638216793017], [23.62365842988674, 56.61646058013221], [23.623414079029214, 56.616557051837276], [23.6225644892131, 56.6167488998105], [23.6216859874566, 56.616935041725924], [23.621148162821328, 56.617002842099865], [23.620240732205655, 56.617101915871984], [23.619714462896475, 56.617164441092086], [23.619479002768546, 56.617210012049476], [23.619352646475868, 56.61725591631967], [23.619267693373754, 56.61735749685478], [23.619233143944093, 56.617454601140054], [23.619256739552778, 56.61761206255266], [23.619363562841354, 56.617839214111356], [23.619619856111306, 56.61820372971394], [23.61981905236042, 56.618426534533526], [23.62001603092606, 56.618634798641665], [23.620075166000614, 56.618687264957664], [23.62011434548197, 56.61874659349483], [23.62013717599953, 56.61884973078947], [23.62013390981382, 56.618927033653286], [23.620121521754353, 56.61922028687781], [23.620089099269798, 56.61967631516577], [23.619929147334652, 56.620038902823694], [23.619685534838805, 56.62059112741505], [23.61962457639048, 56.62072930729437], [23.619598296122664, 56.62078887790894], [23.61957023306904, 56.620852488615526], [23.619535522648093, 56.62093116871559], [23.619608169615553, 56.621052086083864], [23.619954812279857, 56.62162903854813], [23.620223936156183, 56.6220273217667], [23.62011127403829, 56.622329871945766], [23.620022226284007, 56.6226027198586], [23.62004038252196, 56.6227088453232], [23.619774149470466, 56.62361177200399], [23.619768655724585, 56.623630402643485], [23.619307480426325, 56.62497361516526], [23.61925537997603, 56.62512535913089], [23.61924627790861, 56.62515186675402], [23.619244904434392, 56.625155868566964], [23.61923060485353, 56.62517752234559], [23.61919131067562, 56.625237028767295], [23.61918148626296, 56.62525190873711], [23.619175156617487, 56.62554157749352], [23.6191836856147, 56.625636740815295], [23.61924093451273, 56.62627543184695], [23.619251362993953, 56.626391765725074], [23.61958147326296, 56.62692946413519], [23.619610404072077, 56.62697658794962], [23.619771015428316, 56.627238192777746], [23.61994232061302, 56.6275172115875], [23.619940474701604, 56.62753221659581], [23.61991351379403, 56.62775135454329], [23.61983329834103, 56.628403328673116], [23.61972291111051, 56.629300501705664], [23.620495454898105, 56.630999952831644], [23.620547451952667, 56.63205237588387], [23.620510680597125, 56.6321783457381], [23.6203158711713, 56.63278085244296], [23.62020591409891, 56.63312091909789], [23.62020481291322, 56.63312489659194], [23.62020407011587, 56.6331288985381], [23.62018664602124, 56.63325362371422], [23.620186213448836, 56.63326001008792], [23.620186697034814, 56.633266395663355], [23.62020186867504, 56.633369145464485], [23.620202434234677, 56.63337223951646], [23.620203216744123, 56.63337531985581], [23.620272599154916, 56.63361512123488], [23.620273351283256, 56.63361749443251], [23.620274232336048, 56.6336198536489], [23.62043956707906, 56.634031749570674], [23.621181550020378, 56.63556254845339], [23.62120762060933, 56.6356177586794], [23.62121047494901, 56.63562380377758], [23.621227003979637, 56.6356588075882], [23.62124353304974, 56.63569381049808], [23.621246200625855, 56.635699459726965], [23.621276591272373, 56.63576381720918], [23.621306976391764, 56.63594607831683], [23.621317591715204, 56.63616850195696], [23.62052536965905, 56.63844427731539], [23.620409216053858, 56.638799530548155], [23.6200426509544, 56.639841738156576], [23.620008773788925, 56.63993805468797], [23.619924841218392, 56.640209199685614], [23.619762690396037, 56.640733027566114], [23.61971473575222, 56.64176165242688]]]}}, {"type": "Feature", "properties": {"fid": 622, "nosaukums": null, "garums": null, "posmaID": null, "gadsAvotos": null, "regulets19": null, "kolhozs": null, "udenskratu": null, "piezimes": null}, "geometry": {"type": "MultiLineString", "coordinates": [[[23.548977903418336, 56.68451911371279], [23.55514509888853, 56.68396936790519], [23.56146019786399, 56.68342769083612], [23.57300520718908, 56.68236699800359], [23.573529507154333, 56.68239124966721], [23.575147553854922, 56.68225012563874], [23.578477328149173, 56.68192658131091], [23.5810376607521, 56.68170546246741], [23.584269377005285, 56.68140587473368], [23.58677643559032, 56.681177128369214], [23.589136848514997, 56.68095517988313], [23.59194969821881, 56.68071248708452], [23.593159902588333, 56.68062081754114], [23.59529633584329, 56.680416066977834], [23.59616475821868, 56.68035433948554], [23.597155294789594, 56.680277509732456], [23.597775229088, 56.68020464002834], [23.599109255209463, 56.680025630961616], [23.599446992356146, 56.68002413541478], [23.59977935266891, 56.68008716750391], [23.6003869193371, 56.680295664690156], [23.600817155253424, 56.680418389739884], [23.601163839256095, 56.68045822770549], [23.601581260893266, 56.680462145493365], [23.60266467432355, 56.68047335109566], [23.604267347971692, 56.680617871580736], [23.605054645630876, 56.68068749800835], [23.605495578328668, 56.68068631318981], [23.60673949819117, 56.68059988229532], [23.60771610866722, 56.680507434356926], [23.608227932261265, 56.68045482645848], [23.608909305146373, 56.6803356219765], [23.609952664939723, 56.680137510785634], [23.610542562962507, 56.68003992567835], [23.610609124314628, 56.6800289145005], [23.610675682354437, 56.68001790417524], [23.61071853493102, 56.68001081493578], [23.61125009125029, 56.67986272906487], [23.611542198202798, 56.67973713075329], [23.61210833185082, 56.6794187479722], [23.612362617288777, 56.679321430289406], [23.612607150778857, 56.67926022722673], [23.612921824658304, 56.679219895954226], [23.613290503012955, 56.679173277423224]]]}}]}