{
"type": "FeatureCollection",
"name": "reguleti_pec_1940_svete",
"crs": { "type": "name", "properties": { "name": "urn:ogc:def:crs:OGC:1.3:CRS84" } },
"features": [
{ "type": "Feature", "properties": { "fid": 17, "nosaukums": "Auce", "posmaID": 26, "gadsAvotos": 1973, "kolhozs": "Nākotne,  Jelgava", "regulets1940": null, "garums": 4149, "udenskratuve": null, "piezimes": null }, "geometry": { "type": "MultiLineString", "coordinates": [ [ [ 23.4903408, 56.6447868 ], [ 23.489965741298263, 56.64474947191934 ], [ 23.489751623767031, 56.64462973608839 ], [ 23.48951758850869, 56.644303479793088 ], [ 23.489466988949754, 56.643846605467402 ], [ 23.489458931067283, 56.643602599713475 ], [ 23.489404868166233, 56.643402195255675 ], [ 23.489009952029082, 56.64321915935642 ], [ 23.488649353481115, 56.643017496014409 ], [ 23.488219707707565, 56.642884360622354 ], [ 23.487880466745622, 56.642782874214539 ], [ 23.487507337725454, 56.642668735954828 ], [ 23.487408722421865, 56.642405590036645 ], [ 23.487413643003524, 56.642042778952785 ], [ 23.487409416332397, 56.641517281635707 ], [ 23.487322496812457, 56.6412291608925 ], [ 23.487201520644682, 56.640940899793975 ], [ 23.486898310826092, 56.640695677609131 ], [ 23.486495226944768, 56.640281138439605 ], [ 23.486309291348498, 56.639761146967153 ], [ 23.48602501913647, 56.638959241959803 ], [ 23.485885014474441, 56.638401905036787 ], [ 23.485887481717981, 56.638220499423326 ], [ 23.485946197431662, 56.638076860393419 ], [ 23.48616341202019, 56.637965154247297 ], [ 23.486267193092473, 56.637846723939475 ], [ 23.486281095128042, 56.637659109777331 ], [ 23.486171999914077, 56.637333362187704 ], [ 23.486060695410686, 56.637170254040868 ], [ 23.485758374049542, 56.636862475323213 ], [ 23.485715180969351, 56.636699648194785 ], [ 23.485842853734333, 56.636493736855506 ], [ 23.48601593011842, 56.636288012857833 ], [ 23.485994588456155, 56.636187833228 ], [ 23.485704137172185, 56.635842569003657 ], [ 23.485604275227242, 56.635673251948603 ], [ 23.485628254037071, 56.635579515231122 ], [ 23.485719828227449, 56.635523592107504 ], [ 23.485913306023125, 56.635486856959815 ], [ 23.486288399490327, 56.635450871132825 ], [ 23.486573194032914, 56.635376977452218 ], [ 23.486699413763876, 56.635277406461036 ], [ 23.486712378401286, 56.635158601237599 ], [ 23.486667739177651, 56.635102115682436 ], [ 23.486452921832839, 56.635038672439023 ], [ 23.486192446722036, 56.634993807536404 ], [ 23.48604565083248, 56.634936900052196 ], [ 23.485889290934448, 56.63474858275633 ], [ 23.485676178916343, 56.634560030781763 ], [ 23.485303563409911, 56.634414609075478 ], [ 23.484976523787019, 56.634256863373999 ], [ 23.484932655213903, 56.634144078871628 ], [ 23.484707348230945, 56.634018031961773 ], [ 23.484458062194914, 56.63398572116327 ], [ 23.484140161175997, 56.633990659867791 ], [ 23.483833696043725, 56.633989389458655 ], [ 23.483595761503317, 56.633957124000446 ], [ 23.483132355921192, 56.633811319070801 ], [ 23.482611431179418, 56.633721574852061 ], [ 23.482010541555525, 56.633669030058059 ], [ 23.481374572583402, 56.633691404895387 ], [ 23.480806447999747, 56.633732826649691 ], [ 23.480580383800238, 56.63366307058201 ], [ 23.480535927398613, 56.6335940721033 ], [ 23.480492244747467, 56.633468775318406 ], [ 23.480618989653156, 56.633331678285273 ], [ 23.480666023653775, 56.633213015759949 ], [ 23.480679264266058, 56.633075445060285 ], [ 23.48056756621553, 56.632943608787386 ], [ 23.480341077283327, 56.632905129116367 ], [ 23.479966519770617, 56.632903564879463 ], [ 23.479307431322688, 56.632957111167954 ], [ 23.478898391553116, 56.632986678100316 ], [ 23.478693224554121, 56.633048376293672 ], [ 23.4785432553604, 56.633222908450556 ], [ 23.478299978614292, 56.63357846542872 ], [ 23.478148883033768, 56.633834316807615 ], [ 23.478011640607843, 56.633908810072299 ], [ 23.47785195572428, 56.633964441875364 ], [ 23.477591411887321, 56.633925814362229 ], [ 23.477151163489658, 56.633748805665668 ], [ 23.476992429900768, 56.63373562738564 ], [ 23.476741507477136, 56.633822153020446 ], [ 23.476478886905799, 56.633933651854392 ], [ 23.47577307243418, 56.634080818834299 ], [ 23.475512009265994, 56.634079719133148 ], [ 23.475342618769403, 56.634016448043262 ], [ 23.474981485920143, 56.633864787989964 ], [ 23.474834537577323, 56.633820378033349 ], [ 23.474539946410722, 56.633781600475423 ], [ 23.474245094886435, 56.633761588298348 ], [ 23.474121196771964, 56.633692251943472 ], [ 23.474008823598847, 56.633610452709782 ], [ 23.473943941431465, 56.633378716636948 ], [ 23.473911544164018, 56.633259720905542 ], [ 23.473832701290373, 56.633215597572686 ], [ 23.473708283264791, 56.633183792960587 ], [ 23.473492453350691, 56.633195391700987 ], [ 23.473025521562342, 56.633306018926156 ], [ 23.472271422613847, 56.633659400655418 ], [ 23.471975874365473, 56.633689425963425 ], [ 23.471794529375416, 56.633669889405553 ], [ 23.471682423551552, 56.633569322010644 ], [ 23.471638945126351, 56.633431511459605 ], [ 23.471642966354089, 56.633143765041915 ], [ 23.471714039840187, 56.632931371941034 ], [ 23.471669775314638, 56.632849859604676 ], [ 23.471545710052101, 56.632793031405221 ], [ 23.470299381571181, 56.632631340786645 ], [ 23.469746208142748, 56.632416290772788 ], [ 23.469442302059058, 56.632233579636313 ], [ 23.469410095492336, 56.632102072027848 ], [ 23.469482759386207, 56.631777083774345 ], [ 23.469440344322933, 56.631564208157236 ], [ 23.469305902624946, 56.631438520428745 ], [ 23.468911560257652, 56.631230399412729 ], [ 23.468628696745004, 56.631166634897781 ], [ 23.468266298563606, 56.63110878573405 ], [ 23.46815350579638, 56.631058257997026 ], [ 23.46797437585251, 56.630882332000645 ], [ 23.467257608312845, 56.63019739148519 ], [ 23.467000187502986, 56.629939804400699 ], [ 23.466548068213267, 56.629806497160082 ], [ 23.466106683100037, 56.629717024445526 ], [ 23.46590266175604, 56.629697381970466 ], [ 23.465744744608426, 56.629627891185656 ], [ 23.465655983970631, 56.629483628291268 ], [ 23.46553538698474, 56.629182835269539 ], [ 23.465514457172322, 56.629057630705219 ], [ 23.465539630833582, 56.628882578228207 ], [ 23.465473924304185, 56.628713391230676 ], [ 23.465328510775453, 56.628562629032963 ], [ 23.465252253018711, 56.628337094962447 ], [ 23.4650913114675, 56.627679551147686 ], [ 23.464637087275626, 56.626895631157282 ], [ 23.464448948207004, 56.626557011955889 ], [ 23.464280761901239, 56.626412406200373 ], [ 23.463987037324284, 56.626317305542841 ], [ 23.463886854237348, 56.626179247821383 ], [ 23.463867084322739, 56.625972723299725 ], [ 23.463745803011061, 56.625721971274956 ], [ 23.46344393206299, 56.625401627604347 ], [ 23.463149951049406, 56.625325291044213 ], [ 23.462866697226286, 56.625292790257319 ], [ 23.46268664147588, 56.625185665503494 ], [ 23.462552333708235, 56.625053715080426 ], [ 23.46239506451845, 56.624940432549543 ], [ 23.462112436998108, 56.62486414255924 ], [ 23.461578467920162, 56.624905623944478 ], [ 23.460544569740275, 56.624988727393685 ], [ 23.460057506744036, 56.62492405796052 ], [ 23.459659440193924, 56.624984887841364 ], [ 23.459361982682015, 56.62515250111506 ], [ 23.458949432573601, 56.625432216754064 ], [ 23.45873364254901, 56.625443789993838 ], [ 23.458168037537405, 56.625316214175264 ], [ 23.457604858594365, 56.625019741317843 ], [ 23.45748380132008, 56.624756472535424 ], [ 23.45738517180358, 56.624512068627922 ], [ 23.4573353, 56.624199299999987 ] ] ] } },
{ "type": "Feature", "properties": { "fid": 18, "nosaukums": "Auce", "posmaID": 25, "gadsAvotos": 1971, "kolhozs": "Zaļenieku", "regulets1940": null, "garums": 2068, "udenskratuve": null, "piezimes": null }, "geometry": { "type": "MultiLineString", "coordinates": [ [ [ 23.435146676389873, 56.58394249322334 ], [ 23.434564639609079, 56.583441430569025 ], [ 23.434106806991686, 56.582976419746352 ], [ 23.433941827066533, 56.582637856164979 ], [ 23.43346106122662, 56.582191505874938 ], [ 23.433237076526204, 56.582009067401081 ], [ 23.433147614294985, 56.581927334382108 ], [ 23.432989862539408, 56.581864057393489 ], [ 23.43272888015991, 56.581881634778256 ], [ 23.432546491878423, 56.58194961656838 ], [ 23.432271736365756, 56.582129780843154 ], [ 23.432135342237135, 56.582154181391907 ], [ 23.431965693531577, 56.582128383562171 ], [ 23.431932345411948, 56.582084440691808 ], [ 23.431934033901246, 56.581971844080627 ], [ 23.431878672931848, 56.581884010085687 ], [ 23.431834177935105, 56.58182750467973 ], [ 23.431687388230284, 56.581789299289298 ], [ 23.431256946948494, 56.581768564413522 ], [ 23.431019573626241, 56.58172368820091 ], [ 23.430862014249872, 56.581647897787022 ], [ 23.430840472511257, 56.581572729655889 ], [ 23.430753272433648, 56.58134086612079 ], [ 23.430733423086814, 56.581153101365231 ], [ 23.430884062339359, 56.580934837826447 ], [ 23.431181860438972, 56.580729758780684 ], [ 23.431755341171829, 56.580281962733046 ], [ 23.431894355333451, 56.580082412245183 ], [ 23.432145304066896, 56.579977209661649 ], [ 23.43179910160741, 56.57963155967758 ], [ 23.430914942347354, 56.579633773157674 ], [ 23.429566176283682, 56.579627594579428 ], [ 23.428965654093133, 56.579612327335184 ], [ 23.428875829519797, 56.579555612708241 ], [ 23.428911623555184, 56.579436916874236 ], [ 23.429130459174328, 56.579206456903854 ], [ 23.429388852663063, 56.578607085834726 ], [ 23.429474783580456, 56.578169574013202 ], [ 23.42992206997263, 56.577821300153474 ], [ 23.430062213840767, 56.577546687199721 ], [ 23.430132849522973, 56.577371848437352 ], [ 23.430418725887105, 56.577204251345414 ], [ 23.430454700884962, 56.577073044266939 ], [ 23.43034494072548, 56.576834821130596 ], [ 23.429839270875902, 56.576544737110744 ], [ 23.429627611705691, 56.576299790320526 ], [ 23.429664530148447, 56.576106029747628 ], [ 23.429803351571216, 56.575918992196129 ], [ 23.430081931164942, 56.575482362884408 ], [ 23.430427842893874, 56.575089831938627 ], [ 23.430953755375636, 56.57478570499925 ], [ 23.431001058852374, 56.574654549555724 ], [ 23.430888671549042, 56.574591477281615 ], [ 23.430674196843832, 56.574534193416703 ], [ 23.430289169084105, 56.574513662838079 ], [ 23.42970128415222, 56.574417131358445 ], [ 23.428951520739407, 56.573781854679602 ], [ 23.428695213426042, 56.573492910481136 ], [ 23.428697382525527, 56.573349036913918 ], [ 23.428880678953703, 56.573218506876138 ], [ 23.429462579268051, 56.572958433928491 ], [ 23.429577972534993, 56.572821335527017 ], [ 23.429568429491965, 56.57270243144135 ], [ 23.429367089254939, 56.572526345197453 ], [ 23.429084919112015, 56.572449980482887 ], [ 23.428915504451034, 56.572411667796004 ], [ 23.428792078137981, 56.572329775465676 ], [ 23.428782443384751, 56.572217126689289 ], [ 23.428851849255423, 56.572123608357742 ], [ 23.429056012320991, 56.572112034214911 ], [ 23.42932816675139, 56.572100771752318 ], [ 23.429953868619414, 56.571940990407214 ], [ 23.430057454771173, 56.571835116463291 ], [ 23.43005886594187, 56.571741285828956 ], [ 23.429968776029785, 56.571703338080532 ], [ 23.429730714167317, 56.571708502468987 ], [ 23.429152698282603, 56.571712106407873 ], [ 23.428947554197691, 56.5716466969807 ] ] ] } },
{ "type": "Feature", "properties": { "fid": 37, "nosaukums": "Bramberģes strauts", "posmaID": 59, "gadsAvotos": 1965, "kolhozs": "Kirova", "regulets1940": false, "garums": 771, "udenskratuve": false, "piezimes": null }, "geometry": { "type": "MultiLineString", "coordinates": [ [ [ 23.588076753934548, 56.581139828189364 ], [ 23.587820274782704, 56.58100809415923 ], [ 23.587718805775328, 56.58095771194921 ], [ 23.587605457448955, 56.580957336186891 ], [ 23.587310342941532, 56.580993891803288 ], [ 23.58703830671702, 56.580992988906488 ], [ 23.586720931141731, 56.580991934774914 ], [ 23.586562516437468, 56.580966385353292 ], [ 23.586358830946917, 56.580934429445463 ], [ 23.586211341585596, 56.580946450348925 ], [ 23.586154325769002, 56.580977539357526 ], [ 23.586063100267808, 56.581027281716331 ], [ 23.585994954435645, 56.581039566390949 ], [ 23.585847738099478, 56.581026564812298 ], [ 23.585791747808049, 56.580963820967185 ], [ 23.585657303445938, 56.580819491147103 ], [ 23.585590047433922, 56.580750453938116 ], [ 23.585499643067838, 56.580725129735534 ], [ 23.585397493307752, 56.580737300759672 ], [ 23.585351674977002, 56.580780938207532 ], [ 23.585373659883835, 56.580843568901606 ], [ 23.585395439478884, 56.580924966127824 ], [ 23.58527000316106, 56.580993361087252 ], [ 23.585133231530115, 56.581061718112544 ], [ 23.58454237818172, 56.581191116503334 ], [ 23.584429029202433, 56.581190737845382 ], [ 23.584146274781062, 56.581133491150105 ], [ 23.583796542927242, 56.580982183597463 ], [ 23.583718367639388, 56.58087557438828 ], [ 23.583584550337562, 56.580674942738355 ], [ 23.583439055850416, 56.580505550535051 ], [ 23.583123267717426, 56.580360610475509 ], [ 23.583022357517986, 56.580260180352681 ], [ 23.582978189647338, 56.580153684662676 ], [ 23.582913212376607, 56.579878214138155 ], [ 23.582893711465218, 56.579590384594809 ], [ 23.582840070089667, 56.579314952018876 ], [ 23.582853539605303, 56.579121069164785 ], [ 23.582689588948536, 56.578570013776293 ], [ 23.582636157196692, 56.578275814533278 ], [ 23.582605049561693, 56.578012968892743 ], [ 23.58274298586435, 56.577838270880967 ], [ 23.583004491574201, 56.577764078979108 ], [ 23.583605874240753, 56.577703536351372 ], [ 23.5838166, 56.5777024 ] ] ] } },
{ "type": "Feature", "properties": { "fid": 38, "nosaukums": "Bramberģes strauts", "posmaID": 59, "gadsAvotos": 1965, "kolhozs": "Kirova", "regulets1940": false, "garums": 1067, "udenskratuve": false, "piezimes": null }, "geometry": { "type": "MultiLineString", "coordinates": [ [ [ 23.583144744024359, 56.569095911137751 ], [ 23.582919138471851, 56.569043279056892 ], [ 23.58262431899221, 56.569061057187902 ], [ 23.582317547519111, 56.56913509625727 ], [ 23.582113653292364, 56.569128155521561 ], [ 23.581876248369912, 56.569077311511563 ], [ 23.581786771646627, 56.568970662828569 ], [ 23.58179927629126, 56.568864357069344 ], [ 23.581868850813887, 56.568720708684118 ], [ 23.581847085683922, 56.568639310701442 ], [ 23.581712285638385, 56.56853250954763 ], [ 23.581588403084041, 56.568463279502488 ], [ 23.581305609641063, 56.568418537421138 ], [ 23.580830258041296, 56.56836689003827 ], [ 23.580638045355254, 56.568328707475423 ], [ 23.580570959005993, 56.568247156416994 ], [ 23.580526950328615, 56.568128148638181 ], [ 23.580372748980416, 56.567727260078783 ], [ 23.580273195727404, 56.567507972668949 ], [ 23.580263388944484, 56.567370312946188 ], [ 23.580400050554992, 56.567308216586994 ], [ 23.580514396431489, 56.56721476602425 ], [ 23.580459127678225, 56.567089464459244 ], [ 23.580347552393256, 56.566932694085267 ], [ 23.580011307186059, 56.566600003841366 ], [ 23.579729153745667, 56.566498958483251 ], [ 23.579367341452745, 56.566428921840938 ], [ 23.579232070153619, 56.566365906637252 ], [ 23.57914364906831, 56.566165423194136 ], [ 23.579213436973188, 56.566003009672599 ], [ 23.579305329458258, 56.565890716951706 ], [ 23.579283710292597, 56.5657968074485 ], [ 23.579194456907434, 56.565671390297908 ], [ 23.579048414116087, 56.565558292367598 ], [ 23.578845165272682, 56.565495046594293 ], [ 23.578687724512463, 56.565388165388924 ], [ 23.578563857745404, 56.565318932319066 ], [ 23.578327038147844, 56.565218037364183 ], [ 23.578271709913277, 56.565098990324223 ], [ 23.57828491901839, 56.564930129638014 ], [ 23.578434505122686, 56.564724196803049 ], [ 23.578538630882345, 56.564530621231988 ], [ 23.578676258432889, 56.564380949399343 ], [ 23.578746323077642, 56.564193513996173 ], [ 23.578713724067683, 56.56406828837013 ], [ 23.578807420428134, 56.563793352349634 ], [ 23.578820418159633, 56.563643258140083 ], [ 23.578799148974152, 56.56351807089947 ], [ 23.578800956086564, 56.56335542725904 ], [ 23.578824796699106, 56.563249160087686 ], [ 23.578849193139931, 56.563092848709793 ], [ 23.578895136441421, 56.563036702461986 ], [ 23.578907230243825, 56.562967930052068 ], [ 23.578873936830469, 56.562905259696819 ], [ 23.578761615741541, 56.562817298600478 ], [ 23.578603977697355, 56.562729183835529 ], [ 23.578458713106041, 56.562547274399925 ], [ 23.578346463615564, 56.562453057401179 ], [ 23.578267924098501, 56.56238397767877 ], [ 23.57821232174976, 56.562289952665751 ], [ 23.578292322260786, 56.562227666390882 ], [ 23.578417152360171, 56.562209322392754 ], [ 23.578497082813591, 56.562153291510235 ], [ 23.578509246597054, 56.562078263604093 ], [ 23.578454339669122, 56.561921683435557 ], [ 23.578269230369877, 56.561640867882083 ] ] ] } },
{ "type": "Feature", "properties": { "fid": 39, "nosaukums": "Ailes strauts", "posmaID": 20, "gadsAvotos": 1965, "kolhozs": "Silaiņi", "regulets1940": true, "garums": 1484, "udenskratuve": null, "piezimes": null }, "geometry": { "type": "MultiLineString", "coordinates": [ [ [ 23.403743139276475, 56.432219710572475 ], [ 23.402762885959344, 56.431855072132478 ], [ 23.402133780938033, 56.431651852294522 ], [ 23.401753062452364, 56.43144982686961 ], [ 23.401621119489864, 56.431223976189564 ], [ 23.401646057179178, 56.431073953383418 ], [ 23.401807061995378, 56.430887050755764 ], [ 23.402333066774844, 56.430464179796878 ], [ 23.402292814683232, 56.430151187895362 ], [ 23.402092350393598, 56.429975055311793 ], [ 23.401283631021013, 56.429708405877442 ], [ 23.400769234298529, 56.429393124975704 ], [ 23.400841889004429, 56.429080677656351 ], [ 23.400937907696555, 56.428718295367418 ], [ 23.40071861757357, 56.428304342996903 ], [ 23.400157315998655, 56.428101440253947 ], [ 23.399935476578083, 56.4278501291776 ], [ 23.399916839319712, 56.427599800477338 ], [ 23.399740750726075, 56.427311174460506 ], [ 23.399496932733921, 56.42702222044079 ], [ 23.399249765340119, 56.426945952535192 ], [ 23.398167833281686, 56.426828102664892 ], [ 23.397899278740905, 56.426676656733669 ], [ 23.397384555170628, 56.426386383743434 ], [ 23.39597926134401, 56.425303524895824 ], [ 23.395466952557079, 56.424863112290019 ], [ 23.395206563209825, 56.42419871066955 ], [ 23.394855683144968, 56.42354637907863 ], [ 23.394323221806431, 56.422955719925397 ], [ 23.393878488575112, 56.422528142229638 ], [ 23.393635541655591, 56.422189132739888 ], [ 23.393639721653443, 56.421926402303058 ], [ 23.39382711663135, 56.421568149305436 ] ] ] } },
{ "type": "Feature", "properties": { "fid": 40, "nosaukums": "Skujaine", "posmaID": 15, "gadsAvotos": 1977, "kolhozs": "Tērvetes", "regulets1940": null, "garums": 4836, "udenskratuve": null, "piezimes": null }, "geometry": { "type": "MultiLineString", "coordinates": [ [ [ 23.411794542436041, 56.497618902670041 ], [ 23.411803102962825, 56.497898224560494 ], [ 23.411732533212973, 56.498073055280123 ], [ 23.411628420662844, 56.498222703536975 ], [ 23.411569449970376, 56.498378821429796 ], [ 23.41155610597486, 56.498510131876337 ], [ 23.411521207511385, 56.498572525443493 ], [ 23.41142975911692, 56.498634651085013 ], [ 23.411395344779706, 56.498665767469291 ], [ 23.411360542803624, 56.498721905559869 ], [ 23.411336953829991, 56.498784352663492 ], [ 23.411279822338102, 56.498821617253121 ], [ 23.411166722156114, 56.498821081208334 ], [ 23.410963432722514, 56.498801349782816 ], [ 23.410906494781528, 56.498826103342978 ], [ 23.41080305581837, 56.498931962881223 ], [ 23.410835240275723, 56.499044721511723 ], [ 23.41078709019969, 56.499232169782111 ], [ 23.410752383799654, 56.49928205226643 ], [ 23.410695444999469, 56.49930680572615 ], [ 23.41038977947743, 56.499324123006417 ], [ 23.410354975408215, 56.499380260804941 ], [ 23.410217796923988, 56.49947344792956 ], [ 23.410137654455664, 56.499535626297856 ], [ 23.410124984797772, 56.499623148568148 ], [ 23.410067753742585, 56.499666668016843 ], [ 23.409954359678327, 56.499684897142799 ], [ 23.409785385702577, 56.499640303235005 ], [ 23.409695195151226, 56.499621107036326 ], [ 23.409468309623396, 56.49966381993034 ], [ 23.409308410120296, 56.499763153933877 ], [ 23.409137685785794, 56.499831156806877 ], [ 23.409080161462235, 56.499893442072064 ], [ 23.40906836474278, 56.499924665397444 ], [ 23.409067975632833, 56.499949687098244 ], [ 23.409010353727194, 56.500018227754389 ], [ 23.408953509988098, 56.500036724983083 ], [ 23.408862832363589, 56.500048805304935 ], [ 23.408839725028635, 56.500079974786701 ], [ 23.408850451533361, 56.50011756115719 ], [ 23.408895303903805, 56.500142798133368 ], [ 23.408962582571167, 56.500180653567341 ], [ 23.408973406519344, 56.500211984502101 ], [ 23.408950201876774, 56.500249409428342 ], [ 23.408893260454491, 56.500274162052698 ], [ 23.408722922422029, 56.500317142645557 ], [ 23.408711125275364, 56.500348365934009 ], [ 23.408743596690979, 56.500442358797315 ], [ 23.408776749559191, 56.500492563681021 ], [ 23.408821796961792, 56.500505289834436 ], [ 23.408867233645399, 56.500492994273962 ], [ 23.408901554406167, 56.500468134031472 ], [ 23.408980727932338, 56.500468510724247 ], [ 23.409082327914561, 56.500481505818762 ], [ 23.409137518701037, 56.500569350753487 ], [ 23.409187005830951, 56.500660296479936 ], [ 23.409175111694186, 56.500697775235849 ], [ 23.409163703857132, 56.500703976867776 ], [ 23.40901647181644, 56.500715788318693 ], [ 23.408880452954865, 56.500733908838562 ], [ 23.408811810878376, 56.500783629299001 ], [ 23.408844574861067, 56.500858855858674 ], [ 23.408900738726633, 56.500884146653476 ], [ 23.409103940926201, 56.500910136893133 ], [ 23.40918214275273, 56.500973067701928 ], [ 23.409225926540106, 56.501067114224405 ], [ 23.409291651247454, 56.501205056265263 ], [ 23.409233736059932, 56.501292363280228 ], [ 23.409154366277022, 56.501304497592983 ], [ 23.408973588829216, 56.501291125904075 ], [ 23.408691696223329, 56.501233481501266 ], [ 23.408522132635177, 56.501226418415641 ], [ 23.408442665380772, 56.501244807696864 ], [ 23.408384748184051, 56.501332114311282 ], [ 23.408382995065377, 56.501444711924513 ], [ 23.40830284542314, 56.501506889074399 ], [ 23.40822337747607, 56.50152527821308 ], [ 23.407974929367324, 56.501499070930883 ], [ 23.407827303934003, 56.501535902652982 ], [ 23.407792884009812, 56.501567018013027 ], [ 23.407757879033174, 56.501635665895378 ], [ 23.407835690162027, 56.50172361923066 ], [ 23.407914281444608, 56.501761529140509 ], [ 23.407958745256231, 56.501811788139008 ], [ 23.407968594175962, 56.501905673372221 ], [ 23.407820674683379, 56.501961271346289 ], [ 23.407627413388198, 56.50202290883734 ], [ 23.40753477985017, 56.502160096602196 ], [ 23.40729422385326, 56.502352881632483 ], [ 23.407169314185925, 56.502383565065273 ], [ 23.40703358134618, 56.502382917282205 ], [ 23.406898532017625, 56.502338481408778 ], [ 23.406719899270765, 56.502187487186518 ], [ 23.406563303686962, 56.502074133291394 ], [ 23.406338256974198, 56.501997987431039 ], [ 23.406168885959623, 56.50197841028811 ], [ 23.406043878841427, 56.502015348011639 ], [ 23.40566758404184, 56.502207480871405 ], [ 23.405531068922592, 56.502256874799969 ], [ 23.40522508363761, 56.502292945565443 ], [ 23.404885850452235, 56.502285065103017 ], [ 23.404728475954293, 56.502221752252552 ], [ 23.404480712040574, 56.502151750055212 ], [ 23.404391400742401, 56.502076251246777 ], [ 23.404301893659071, 56.502013263209399 ], [ 23.404200585505869, 56.50198149795046 ], [ 23.40413262174237, 56.501987427874788 ], [ 23.4040409568229, 56.502062058834817 ], [ 23.404050501785647, 56.502174710606283 ], [ 23.404072240815076, 56.502231117878608 ], [ 23.403968577265296, 56.502349482442177 ], [ 23.403855466732182, 56.50234893971939 ], [ 23.403573868706598, 56.502272517462977 ], [ 23.403291584159469, 56.502239882484147 ], [ 23.402454765574532, 56.502223348510128 ], [ 23.402081108427456, 56.502246574248289 ], [ 23.401842592281973, 56.502307984950498 ], [ 23.401750725116269, 56.502395125034639 ], [ 23.401771771436938, 56.502495320600929 ], [ 23.401725542110249, 56.502557656866294 ], [ 23.401464696798634, 56.502600191647282 ], [ 23.40128371883597, 56.502599319591475 ], [ 23.401260998018774, 56.502605465979613 ], [ 23.401259913717848, 56.502674275529259 ], [ 23.40131587805838, 56.502712080567775 ], [ 23.401415116223269, 56.502875211860179 ], [ 23.401323640953319, 56.502937329961824 ], [ 23.401221741367145, 56.502943094758656 ], [ 23.400995615501422, 56.502935748788047 ], [ 23.400566677290463, 56.502877376881344 ], [ 23.400339367246453, 56.502945094666813 ], [ 23.400055401407045, 56.503018794339596 ], [ 23.399738192447213, 56.503048541526312 ], [ 23.399194658867923, 56.503083449474424 ], [ 23.398626323580086, 56.503255864557481 ], [ 23.398262875577093, 56.503347943042336 ], [ 23.398081695961331, 56.503359577133409 ], [ 23.397810521194124, 56.503339495320567 ], [ 23.397483087664956, 56.503300372412291 ], [ 23.397257555849198, 56.503255487183907 ], [ 23.39714414499937, 56.503273704570233 ], [ 23.39703003913932, 56.503335709709248 ], [ 23.396905217311716, 56.503360127384468 ], [ 23.396644857836964, 56.503371374977924 ], [ 23.396373385626784, 56.503370056252095 ], [ 23.39630492122944, 56.503407258920952 ], [ 23.396258184830589, 56.503500870156302 ], [ 23.396223256636315, 56.50356325931142 ], [ 23.396154394074912, 56.503625483522377 ], [ 23.396029968488168, 56.503624878687049 ], [ 23.395837475470465, 56.503636454509234 ], [ 23.395723863834142, 56.503667181406627 ], [ 23.395665913722592, 56.503754481986249 ], [ 23.395609057927985, 56.503772973071712 ], [ 23.39543978417419, 56.503747125896091 ], [ 23.395259497902746, 56.503702457212881 ], [ 23.395067502247329, 56.503682754812651 ], [ 23.394909142203513, 56.503681983614733 ], [ 23.394784118602608, 56.50371890996248 ], [ 23.394669708577741, 56.503799679132932 ], [ 23.394386622814785, 56.503817067158515 ], [ 23.394229159843988, 56.503759996452239 ], [ 23.39402655137145, 56.503696449458275 ], [ 23.393826139186586, 56.503495283243922 ], [ 23.393658465136788, 56.503369347177824 ], [ 23.39342202562058, 56.503299378172564 ], [ 23.393162464850274, 56.503260575235913 ], [ 23.392800403228676, 56.503265062062731 ], [ 23.392629833725294, 56.5033205313065 ], [ 23.392324027939164, 56.503344059439812 ], [ 23.391928431909506, 56.503323356125193 ], [ 23.391273477922883, 56.50325133386923 ], [ 23.391025732289293, 56.503181304889125 ], [ 23.390777285468374, 56.503155063223375 ], [ 23.390584492292028, 56.50318539711175 ], [ 23.390515721551374, 56.503241362781836 ], [ 23.390274871784623, 56.503446625420125 ], [ 23.39009338809187, 56.503477014054951 ], [ 23.389912406331995, 56.503476125425578 ], [ 23.389641034200405, 56.503468536587853 ], [ 23.389425515281687, 56.503505012923327 ], [ 23.38941319864918, 56.503567511321265 ], [ 23.38941199232552, 56.503642576108845 ], [ 23.389353424546623, 56.50376740610573 ], [ 23.389159319735629, 56.503879057951977 ], [ 23.388819069780848, 56.503933687578467 ], [ 23.387562485913698, 56.503990058336555 ], [ 23.387290101839035, 56.504045018320234 ], [ 23.3870737701073, 56.504131533727865 ], [ 23.386811787265504, 56.504242847023662 ], [ 23.386460421153764, 56.504284903551714 ], [ 23.38614137199232, 56.504427213072439 ], [ 23.385869387200096, 56.504457148349431 ], [ 23.385700926251797, 56.504381244763465 ], [ 23.385532668313967, 56.504292830162143 ], [ 23.385477324475946, 56.504217485690496 ], [ 23.385353200790114, 56.504198103977131 ], [ 23.385217462013284, 56.50419743234545 ], [ 23.385159790667533, 56.504265961782139 ], [ 23.385112823292062, 56.504372079535514 ], [ 23.385077673519898, 56.504446976292563 ], [ 23.384861131922698, 56.504545998611526 ], [ 23.384725898426247, 56.504514049476832 ], [ 23.3846363170167, 56.504457302747923 ], [ 23.384603395314606, 56.504394580732466 ], [ 23.38466096654696, 56.504332306950758 ], [ 23.384729950475556, 56.504263833768967 ], [ 23.384685514604616, 56.504213566538681 ], [ 23.384618354426351, 56.504169442627202 ], [ 23.384426159349189, 56.504162234575602 ], [ 23.3843236458112, 56.504205517853336 ], [ 23.384265972843846, 56.50427404687148 ], [ 23.384140734228257, 56.504323473262168 ], [ 23.384050545669183, 56.504304258464515 ], [ 23.383938038318597, 56.504266165243799 ], [ 23.383927741061026, 56.504203555232159 ], [ 23.383928958245232, 56.504128490528338 ], [ 23.383907450950847, 56.504059569028428 ], [ 23.383806763233899, 56.503990254822881 ], [ 23.383570338139293, 56.50392026710665 ], [ 23.382994773391044, 56.503836083293173 ], [ 23.382531105546093, 56.503827523754481 ], [ 23.381817568357324, 56.503880278369898 ], [ 23.381204915595013, 56.503989834489964 ], [ 23.380863328196188, 56.504125762352921 ], [ 23.380656661474493, 56.504312409134883 ], [ 23.380710364470502, 56.504487841938847 ], [ 23.380764373821332, 56.50464450855241 ], [ 23.38071718977961, 56.504763135384849 ], [ 23.380602950747996, 56.504831380739276 ], [ 23.380455082035578, 56.504880690601475 ], [ 23.380307723095328, 56.504898723351666 ], [ 23.379335831361612, 56.504837568697106 ], [ 23.378330621779803, 56.504738704332993 ], [ 23.377700649650578, 56.504522849897072 ], [ 23.376351569625964, 56.504009357256969 ], [ 23.375888826137828, 56.503944474479539 ], [ 23.375562952521406, 56.50381146310152 ], [ 23.375135895959104, 56.503640406582264 ], [ 23.374741747805267, 56.503532073207353 ], [ 23.374099062217862, 56.503403718970482 ], [ 23.37380599927203, 56.503339683145853 ], [ 23.373660086886193, 56.503270132690595 ], [ 23.37359335373467, 56.503200981321733 ], [ 23.373595931965927, 56.503044596801729 ], [ 23.373746586156066, 56.502826399800526 ], [ 23.373773332360823, 56.502576298578845 ], [ 23.373695392285818, 56.502500834860875 ], [ 23.37360541963411, 56.502469101733283 ], [ 23.373480792069291, 56.502480985086152 ], [ 23.373299093392262, 56.502523859934783 ], [ 23.373092604794639, 56.502697983356924 ], [ 23.372999638643524, 56.502847655827267 ], [ 23.372874183676235, 56.502909581609984 ], [ 23.372670273057022, 56.50292731981078 ], [ 23.372433771911979, 56.502863566329729 ], [ 23.372185443642568, 56.502831032136172 ], [ 23.371878491992778, 56.502923319095984 ], [ 23.371673132617822, 56.503028630962255 ], [ 23.371377592841625, 56.503114718504236 ], [ 23.371230547082636, 56.503113974364304 ], [ 23.371016255384916, 56.503075354195651 ], [ 23.37087190279588, 56.502911969808949 ], [ 23.370862663207138, 56.502786804971556 ], [ 23.370797489821832, 56.502623821439244 ], [ 23.370607066864171, 56.50251025060561 ], [ 23.370347120487686, 56.502496421572431 ], [ 23.369916056732666, 56.502569306879195 ], [ 23.36959654522872, 56.502736595349383 ], [ 23.369492046481561, 56.502898718518054 ], [ 23.369623836489151, 56.503137111614045 ], [ 23.36978053339169, 56.503238001055117 ], [ 23.369846948412487, 56.503325920584629 ], [ 23.369834288401325, 56.503407183098417 ], [ 23.369742760387542, 56.503469277819818 ], [ 23.369254920071015, 56.503554384612386 ], [ 23.368836088821727, 56.503571025181209 ], [ 23.368757532986947, 56.50353309064289 ], [ 23.368623772047446, 56.503413548769707 ], [ 23.368457325876957, 56.503218769759833 ], [ 23.368311007793885, 56.503174234541937 ], [ 23.368027706988315, 56.503204073238564 ], [ 23.367799712938226, 56.503309263588001 ], [ 23.367186300189907, 56.503462538129163 ], [ 23.366913369607587, 56.503548730246187 ], [ 23.366877663586013, 56.503654898645117 ], [ 23.366875787310232, 56.503767495343574 ], [ 23.366795565020361, 56.50382964552194 ], [ 23.366704656633374, 56.503854205756369 ], [ 23.366569128144139, 56.503841003009725 ], [ 23.366287281716481, 56.503783262518503 ], [ 23.366039579048461, 56.503713183815414 ], [ 23.365779521759766, 56.503705600583956 ], [ 23.365507630890946, 56.503729235891655 ], [ 23.365393472248037, 56.503791211846426 ], [ 23.365369282155026, 56.503884926836967 ], [ 23.365491305145959, 56.504029435895646 ], [ 23.365421555702859, 56.504141685908984 ], [ 23.365217217027659, 56.504184433329861 ], [ 23.365047648809867, 56.504177310898392 ], [ 23.364833462061821, 56.504132424702945 ], [ 23.364641271154504, 56.504125186052761 ], [ 23.364367911458245, 56.504236394020054 ], [ 23.364185984821514, 56.504291766222806 ], [ 23.364004790645851, 56.504303350581203 ], [ 23.363824539043172, 56.50425863636432 ], [ 23.363677279538322, 56.504270394010383 ], [ 23.363619778856105, 56.504326402622539 ], [ 23.3633810832123, 56.504393994654386 ], [ 23.363063100685835, 56.504467435667998 ], [ 23.362904948119869, 56.504454112935868 ], [ 23.362837812901954, 56.504409977309059 ], [ 23.362749313742935, 56.504290661207271 ], [ 23.362524657220575, 56.504195670082964 ], [ 23.362287955374565, 56.504144408054167 ], [ 23.3621068663683, 56.504149734278982 ], [ 23.361891632688629, 56.504167396678177 ], [ 23.361698286187512, 56.50422896249701 ], [ 23.361365835860774, 56.504490001997766 ], [ 23.361059896683209, 56.504519708467676 ], [ 23.360664622001991, 56.504480139524276 ], [ 23.360530146283203, 56.504404376552579 ], [ 23.360521361587008, 56.504254189597617 ], [ 23.360489111663419, 56.504153929098813 ], [ 23.360411721339148, 56.504047180299303 ], [ 23.360424612321182, 56.50395340807242 ], [ 23.360561928754201, 56.503860276325348 ], [ 23.360845240193111, 56.503830454681079 ], [ 23.361002758192168, 56.503881312218233 ], [ 23.361115556814539, 56.5039006600608 ], [ 23.361308271649634, 56.503876627335401 ], [ 23.361354358497959, 56.503826817013177 ], [ 23.361367457364707, 56.503720533948858 ], [ 23.36130158709145, 56.503601333107561 ], [ 23.3612623, 56.5035456 ] ] ] } },
{ "type": "Feature", "properties": { "fid": 41, "nosaukums": "Skujaine", "posmaID": 102, "gadsAvotos": null, "kolhozs": null, "regulets1940": null, "garums": 2290, "udenskratuve": true, "piezimes": null }, "geometry": { "type": "MultiLineString", "coordinates": [ [ [ 23.3458893, 56.493779 ], [ 23.345515831824805, 56.493387713608655 ], [ 23.345450567608971, 56.493237227540341 ], [ 23.345419443871648, 56.493074409500913 ], [ 23.345307008673462, 56.493036281397082 ], [ 23.345147832329506, 56.493085489724237 ], [ 23.345021394409279, 56.493203685649156 ], [ 23.344781441976142, 56.493346306419149 ], [ 23.344460711429576, 56.493582339315687 ], [ 23.344313055858546, 56.493619095529887 ], [ 23.34415506309999, 56.49359949367134 ], [ 23.344054799564574, 56.493511381306867 ], [ 23.344022925889426, 56.493392350420024 ], [ 23.344040171661632, 56.493048365629505 ], [ 23.344032210103848, 56.492854389908068 ], [ 23.34394304094161, 56.492778847875222 ], [ 23.343797115883213, 56.492715517807099 ], [ 23.343685763486121, 56.492614834690364 ], [ 23.343698799639768, 56.492514808759623 ], [ 23.343666603854903, 56.492414543832055 ], [ 23.343587988214722, 56.492382848778597 ], [ 23.343474584512137, 56.492401017215499 ], [ 23.343371948364403, 56.492450522099674 ], [ 23.343293116749209, 56.492431337569471 ], [ 23.343260057471667, 56.492381115374926 ], [ 23.343237981974017, 56.492349719025079 ], [ 23.343181442241367, 56.492349420064954 ], [ 23.34313545375846, 56.492392968359368 ], [ 23.343112081114263, 56.492436636240214 ], [ 23.343021292981636, 56.492454923862127 ], [ 23.342919413050783, 56.492460640891252 ], [ 23.34285221405808, 56.492422749837488 ], [ 23.342842095720361, 56.492353881117793 ], [ 23.342888084490905, 56.492310332932391 ], [ 23.342923089637235, 56.492247958848964 ], [ 23.342901014494871, 56.492216562439381 ], [ 23.34281109200834, 56.492184807075127 ], [ 23.342708780094661, 56.492215545349985 ], [ 23.342628759297124, 56.492265169293496 ], [ 23.342526771619021, 56.492277141355657 ], [ 23.342459789763065, 56.492226739382552 ], [ 23.34251719491175, 56.492176995840083 ], [ 23.342608523546957, 56.492127431814787 ], [ 23.342734532689096, 56.49203425975174 ], [ 23.342770294936397, 56.491928098227987 ], [ 23.342715270174033, 56.491840224094751 ], [ 23.342637413771261, 56.491764740960051 ], [ 23.342490629155208, 56.491751452196127 ], [ 23.34222979280263, 56.491793862688397 ], [ 23.341989730589713, 56.4919427334478 ], [ 23.34185208715401, 56.492054610897711 ], [ 23.341727267423185, 56.492078973177797 ], [ 23.341580265212112, 56.492078194042485 ], [ 23.34140042326386, 56.492014681342035 ], [ 23.341390199275228, 56.491952067858612 ], [ 23.341448364030089, 56.491858537340839 ], [ 23.341687777809497, 56.491747199749035 ], [ 23.341734633779701, 56.491653609161069 ], [ 23.341667437393511, 56.491615717467489 ], [ 23.341441282907585, 56.491614518623145 ], [ 23.34112531722074, 56.491575307433152 ], [ 23.340887746822929, 56.491580302952421 ], [ 23.340649308320987, 56.491635340833867 ], [ 23.340502199327307, 56.491640815778723 ], [ 23.340401515228859, 56.491577721877121 ], [ 23.340380528054101, 56.491483771503347 ], [ 23.340483491055735, 56.491415503030055 ], [ 23.340677131828031, 56.491335203973229 ], [ 23.340713224625123, 56.491210276984063 ], [ 23.34065788014464, 56.491141168000723 ], [ 23.340533930844245, 56.491115486270203 ], [ 23.340059555805187, 56.491081687142803 ], [ 23.339684993666058, 56.491161023578606 ], [ 23.339594206955184, 56.491179308702655 ], [ 23.339289119491102, 56.491165174376242 ], [ 23.339130922054849, 56.491158076851086 ], [ 23.338939781004228, 56.491094500435345 ], [ 23.338907055006679, 56.491025511036128 ], [ 23.33890814290455, 56.490962957530947 ], [ 23.338819205969724, 56.490874901129928 ], [ 23.338797570240324, 56.490818482591713 ], [ 23.338889009218995, 56.490762665943464 ], [ 23.339059817595089, 56.490694759730857 ], [ 23.339083411321187, 56.490638581906488 ], [ 23.339039813106343, 56.490544510965897 ], [ 23.338540558766997, 56.489991331386896 ], [ 23.338206024493072, 56.489720544376219 ], [ 23.338014565416238, 56.489675732595259 ], [ 23.337597400288214, 56.48960469330266 ], [ 23.337508687578211, 56.489504125257952 ], [ 23.33748868981262, 56.489353876230226 ], [ 23.337413138467081, 56.489147027466416 ], [ 23.337349440042971, 56.488908962222162 ], [ 23.337150714758064, 56.488632640814537 ], [ 23.336202086229065, 56.487914398224632 ], [ 23.336214594262131, 56.487845649797983 ], [ 23.336283525894032, 56.487783458829433 ], [ 23.336307886307228, 56.487683494057492 ], [ 23.336195366991742, 56.487651613082626 ], [ 23.335991849400898, 56.487650525224019 ], [ 23.335788331824261, 56.487649437031948 ], [ 23.335586344775518, 56.487560773609779 ], [ 23.335566464897745, 56.487404268895915 ], [ 23.335602570646667, 56.487279343343573 ], [ 23.335649982539344, 56.48715447825483 ], [ 23.335530641468861, 56.486866066836328 ], [ 23.335306702818826, 56.486739749880257 ], [ 23.335104393523135, 56.486669851726205 ], [ 23.334788913350629, 56.486605603098653 ], [ 23.334688689902858, 56.486517483169777 ], [ 23.334542804298344, 56.486454142259078 ], [ 23.33438506545172, 56.486422017334121 ], [ 23.334216130262199, 56.486383576253907 ], [ 23.334059487669702, 56.486288897423769 ], [ 23.333958499656113, 56.486244564351431 ], [ 23.333744012439599, 56.486224646149772 ], [ 23.333427331894026, 56.486229202909279 ], [ 23.333280791330854, 56.486203392611294 ], [ 23.333157411723501, 56.486146426807942 ], [ 23.333113504085702, 56.486071119810759 ], [ 23.333069816080087, 56.485983302101133 ], [ 23.333014712532847, 56.485901679008506 ], [ 23.332857745628758, 56.485825764711912 ], [ 23.332733818959582, 56.485800075229143 ], [ 23.332689144018417, 56.485768555516707 ], [ 23.332656543682749, 56.485693309101251 ], [ 23.332854013373893, 56.485394084948183 ], [ 23.33282119349148, 56.485331349268556 ], [ 23.332731625068782, 56.48528082058499 ], [ 23.332269734348102, 56.485184499120443 ], [ 23.331603352586182, 56.485143379051678 ], [ 23.331186249269681, 56.485072318320825 ], [ 23.330826446847706, 56.484957773351717 ], [ 23.330634579994829, 56.48493797162353 ], [ 23.330215497261641, 56.484979503868168 ], [ 23.329910352951135, 56.484971601963153 ], [ 23.329730233330963, 56.48492683845523 ], [ 23.329469209198006, 56.484981732964421 ], [ 23.329457020915594, 56.485031714682925 ], [ 23.329512225877775, 56.485107083999686 ], [ 23.329510460892326, 56.485207169511838 ], [ 23.329417477037524, 56.485350554123983 ], [ 23.32926950803752, 56.485406058577716 ], [ 23.329100472200548, 56.485373865900044 ], [ 23.328741225456231, 56.485228038185085 ], [ 23.328539488693931, 56.485126852651334 ], [ 23.328348285223264, 56.485069515332981 ], [ 23.328168166996821, 56.485024749563664 ], [ 23.328054335807664, 56.485067925349583 ], [ 23.328041813978256, 56.485136672952031 ], [ 23.328108432612716, 56.485205848709853 ], [ 23.328209411018232, 56.485250186523409 ], [ 23.328401388647858, 56.485263736654836 ], [ 23.328457365247161, 56.485295319032808 ], [ 23.328478982538289, 56.485351739378046 ], [ 23.328398515772168, 56.485426375570164 ], [ 23.328295657964393, 56.485488378735454 ], [ 23.328080735860702, 56.485493472138707 ], [ 23.327411033637556, 56.485639989837161 ], [ 23.327195889180935, 56.485657592389266 ], [ 23.327097108517297, 56.485661931014192 ] ] ] } },
{ "type": "Feature", "properties": { "fid": 42, "nosaukums": "Skujaine", "posmaID": null, "gadsAvotos": null, "kolhozs": null, "regulets1940": null, "garums": 4063, "udenskratuve": true, "piezimes": null }, "geometry": { "type": "MultiLineString", "coordinates": [ [ [ 23.2382488, 56.4569593 ], [ 23.237875584411984, 56.45704121282062 ], [ 23.237795251361501, 56.457103279802688 ], [ 23.237772155846226, 56.457128162070788 ], [ 23.237715544451351, 56.457134070493815 ], [ 23.237568680535457, 56.457133168629632 ], [ 23.237420813996938, 56.457182308568449 ], [ 23.237419560703504, 56.45724486103876 ], [ 23.237418934054908, 56.457276137273666 ], [ 23.237349771705876, 56.457344528602789 ], [ 23.237180187050168, 56.457349742719636 ], [ 23.236944072703043, 56.457291987533104 ], [ 23.236866873126626, 56.457197672750304 ], [ 23.23686837816539, 56.457122609794929 ], [ 23.236914695749284, 56.457066590347218 ], [ 23.236882183729133, 56.456997574310925 ], [ 23.236804608609987, 56.456922025226561 ], [ 23.2366254850281, 56.456839595690887 ], [ 23.236523434396027, 56.456857736189562 ], [ 23.2364319278709, 56.456913477564072 ], [ 23.236318579788708, 56.456931548408704 ], [ 23.235787738880777, 56.456922025789645 ], [ 23.235461126558761, 56.456869966661991 ], [ 23.235304851728348, 56.45677516388222 ], [ 23.23519552570216, 56.456593065879737 ], [ 23.235130383113056, 56.45646128815082 ], [ 23.235245489909417, 56.456355644961754 ], [ 23.235303985613008, 56.456255908989135 ], [ 23.235260180259626, 56.456186822942193 ], [ 23.23502483036356, 56.456091532652721 ], [ 23.234719939630107, 56.456083397523365 ], [ 23.234403500492544, 56.456087702465638 ], [ 23.234302709200261, 56.456043288706148 ], [ 23.234157611647859, 56.455954809406997 ], [ 23.234182848339277, 56.455823588668764 ], [ 23.234287414040438, 56.455680345207448 ], [ 23.234277753155602, 56.455598957356031 ], [ 23.234244995466682, 56.455542451117502 ], [ 23.234247386478248, 56.455423601478437 ], [ 23.234204464932905, 56.455310728347449 ], [ 23.23412715027386, 56.455222667104699 ], [ 23.233992094035408, 56.455196809744542 ], [ 23.233856156644123, 56.45521473894506 ], [ 23.23378598435022, 56.455333170254086 ], [ 23.233807318568271, 56.455395862135703 ], [ 23.233930575100807, 56.455446670962651 ], [ 23.233997474200802, 56.45549087591418 ], [ 23.234018557092664, 56.455566078246562 ], [ 23.233950021245526, 56.455603191473948 ], [ 23.233858639908131, 56.455652675717388 ], [ 23.23376801386701, 56.455664628432956 ], [ 23.233712033702378, 56.455639258819659 ], [ 23.233691581048401, 56.455532780221233 ], [ 23.233693721920623, 56.455426441084143 ], [ 23.233626697343389, 56.455388491213107 ], [ 23.233581762463466, 56.455375701765654 ], [ 23.233513730387912, 56.455387793780119 ], [ 23.233410296416746, 56.455474739404487 ], [ 23.233387073055827, 56.455505876101086 ], [ 23.233307995947033, 56.455505387755508 ], [ 23.233196036775858, 56.455454648090559 ], [ 23.233196792865847, 56.4554171166345 ], [ 23.233324080455425, 56.455267758291704 ], [ 23.233403535011316, 56.455249480896228 ], [ 23.233495419823658, 56.455174976010099 ], [ 23.233484753023337, 56.45514363004277 ], [ 23.233440070426884, 56.455118330057665 ], [ 23.233349319542334, 56.455136537715006 ], [ 23.233190662805011, 56.455160581901339 ], [ 23.233100667878727, 56.45514125791874 ], [ 23.23305648968735, 56.455090936824853 ], [ 23.233000510840125, 56.45506556689196 ], [ 23.232910516235815, 56.455046242772106 ], [ 23.232820143498699, 56.45504568431479 ], [ 23.232774074553369, 56.455089191758482 ], [ 23.232795280890496, 56.455158139053921 ], [ 23.232828666469963, 56.45518336945981 ], [ 23.232827783949155, 56.455227156156404 ], [ 23.232781462626246, 56.455283174085565 ], [ 23.232712799996879, 56.455326541871891 ], [ 23.232656064415941, 56.45533870323667 ], [ 23.232566573815863, 56.455294357899135 ], [ 23.232555907748583, 56.455263011854584 ], [ 23.232444202571099, 56.455199761030428 ], [ 23.23245625602063, 56.455162299424416 ], [ 23.232514000407054, 56.455100096214117 ], [ 23.232605256040447, 56.455056868199414 ], [ 23.232606138811537, 56.455013081503886 ], [ 23.232533593884636, 56.454968840887354 ], [ 23.232432303186247, 56.45494944658401 ], [ 23.232399548791644, 56.454892939861622 ], [ 23.232332400291384, 56.454861244536687 ], [ 23.232230352957156, 56.454879381520989 ], [ 23.232172986988818, 56.454922818876142 ], [ 23.232036166314771, 56.454984532776052 ], [ 23.231820142831769, 56.4550520124738 ], [ 23.231707176922576, 56.455051313399679 ], [ 23.23145978862658, 56.454993477909817 ], [ 23.231056018420208, 56.454847089061722 ], [ 23.231045732816398, 56.454796977168371 ], [ 23.231069210373668, 56.454753330429774 ], [ 23.231126071932856, 56.4547349145477 ], [ 23.231341336933792, 56.454704967497072 ], [ 23.231454933293787, 56.454674390696894 ], [ 23.231489959354072, 56.454618303329084 ], [ 23.23149160113941, 56.454536985195432 ], [ 23.231402619000928, 56.4544676180575 ], [ 23.230874088920469, 56.454345480185701 ], [ 23.230323601971985, 56.454191923798355 ], [ 23.230232978325766, 56.454203873942568 ], [ 23.230209500155546, 56.454247520525207 ], [ 23.230141595556134, 56.454253355456991 ], [ 23.229973036088946, 56.45420851785159 ], [ 23.229781757806062, 56.454169795085051 ], [ 23.229702683539504, 56.454169304450559 ], [ 23.229701544290013, 56.454225601599887 ], [ 23.229734547264385, 56.45426959855007 ], [ 23.229778340396006, 56.45433868653452 ], [ 23.229776948107222, 56.454407494160705 ], [ 23.229673255133292, 56.45450694714615 ], [ 23.229558644989417, 56.454587564220127 ], [ 23.2294906130664, 56.45459965403176 ], [ 23.229423087624845, 56.454586722853982 ], [ 23.229367745152157, 56.454530075099463 ], [ 23.229357715136565, 56.45446745259396 ], [ 23.229302246283233, 56.45441706004798 ], [ 23.22921212844593, 56.454403988492345 ], [ 23.229177859259011, 56.454422543784013 ], [ 23.229165169462657, 56.454491281256672 ], [ 23.229140929826823, 56.454572459057246 ], [ 23.228992048859062, 56.454671630874046 ], [ 23.228901170225608, 56.454696090515313 ], [ 23.22875393579389, 56.454713943960471 ], [ 23.228732103299265, 56.454676272175135 ], [ 23.228778429821425, 56.454620255765796 ], [ 23.228880858239702, 56.454583355909286 ], [ 23.228938860987768, 56.45450864389516 ], [ 23.228928578260224, 56.454458531831563 ], [ 23.228883899506908, 56.454433230214278 ], [ 23.228804571246016, 56.454445249480933 ], [ 23.228747328782767, 56.454482430010025 ], [ 23.228678409523592, 56.454538306035928 ], [ 23.22860961682639, 56.45458792678572 ], [ 23.228462255890864, 56.454612035122757 ], [ 23.228360334216081, 56.454623913686817 ], [ 23.228236200040822, 56.454616886004217 ], [ 23.228225410900002, 56.454591794830748 ], [ 23.228215129090756, 56.454541682711252 ], [ 23.228238990204247, 56.45447927080555 ], [ 23.228195453375676, 56.454397671814078 ], [ 23.228105335971467, 56.454384599456141 ], [ 23.228025500131658, 56.454421639169489 ], [ 23.227968510685137, 56.454446308865485 ], [ 23.227821403686658, 56.454457905970912 ], [ 23.227628349418993, 56.454506753190152 ], [ 23.227492411560117, 56.454524675422803 ], [ 23.227425013898852, 56.454505487925061 ], [ 23.227403182839236, 56.454467815908679 ], [ 23.227347716580727, 56.454417422496469 ], [ 23.227235260632057, 56.454391698418 ], [ 23.227145397586483, 56.454366114894214 ], [ 23.227090947920281, 56.454265679488351 ], [ 23.226957170264857, 56.454177262144356 ], [ 23.226833291926145, 56.454157722593649 ], [ 23.226686058631167, 56.454175573590874 ], [ 23.226673618586023, 56.454231800330781 ], [ 23.226727177592188, 56.454376022557007 ], [ 23.226770075912562, 56.45448889822606 ], [ 23.226712450176059, 56.454544843513347 ], [ 23.226610273962073, 56.454569231107676 ], [ 23.226395006081315, 56.454599169947059 ], [ 23.226350074584197, 56.454586377889662 ], [ 23.226317329540667, 56.454529869584995 ], [ 23.226397548643817, 56.454474065275015 ], [ 23.22643359892729, 56.454367937481919 ], [ 23.226436014220525, 56.454249088038004 ], [ 23.226267967772603, 56.454179224478146 ], [ 23.226155258932859, 56.454166009891779 ], [ 23.226075676025498, 56.454190537881445 ], [ 23.226097124085218, 56.4542469758293 ], [ 23.226186731816313, 56.454285070576802 ], [ 23.22623089997818, 56.454335394094294 ], [ 23.22620716282648, 56.454391550373195 ], [ 23.225933378439411, 56.454521220070795 ], [ 23.225741466576014, 56.454513767252216 ], [ 23.225629265949685, 56.45447553125625 ], [ 23.225573929298307, 56.454418881825468 ], [ 23.225552863718143, 56.454343678093011 ], [ 23.22567865066959, 56.454269390429239 ], [ 23.225838071656426, 56.454207824444289 ], [ 23.225850512926861, 56.454151597791281 ], [ 23.225761541999262, 56.454082226636494 ], [ 23.225458706019399, 56.453973985080438 ], [ 23.225244713768681, 56.453941369607819 ], [ 23.225085929653044, 56.453971658672728 ], [ 23.225027665485243, 56.454058879338639 ], [ 23.225036669475919, 56.454171544034082 ], [ 23.225124238591608, 56.454309723256209 ], [ 23.225145685304749, 56.45436616136368 ], [ 23.225110268131118, 56.454441012613991 ], [ 23.224915936796133, 56.454552407922215 ], [ 23.224791293953167, 56.454570397722591 ], [ 23.224701432145306, 56.45454481243376 ], [ 23.224646096778685, 56.454488162593542 ], [ 23.224670600759197, 56.45439447523345 ], [ 23.224752987730895, 56.454232333057938 ], [ 23.22470933126036, 56.454156988093565 ], [ 23.224587875203749, 56.454018596906572 ], [ 23.224397623057051, 56.453929824009165 ], [ 23.224205969466375, 56.453909858362806 ], [ 23.224114707111745, 56.453953080192392 ], [ 23.224090457067227, 56.454034256985018 ], [ 23.224179297336963, 56.454109884560047 ], [ 23.224369040029149, 56.454223678714285 ], [ 23.224446967286511, 56.454280469825399 ], [ 23.224434396450757, 56.454342951561671 ], [ 23.224365216214064, 56.454411335639122 ], [ 23.22427446273727, 56.45442953665723 ], [ 23.224229914609946, 56.454397978142914 ], [ 23.224197810320526, 56.454310193133558 ], [ 23.224176365045032, 56.454253754865789 ], [ 23.224086376893879, 56.454234424364238 ], [ 23.223759803882523, 56.454182334537357 ], [ 23.223489202833793, 56.454155618082709 ], [ 23.223376112183715, 56.454161166664861 ], [ 23.223307185652907, 56.454217039691528 ], [ 23.223351477547695, 56.454261108993961 ], [ 23.223463930455015, 56.45428683658286 ], [ 23.223531325714074, 56.454306026225218 ], [ 23.2235414736964, 56.454362393946887 ], [ 23.223517860165021, 56.454412294470828 ], [ 23.223401578261896, 56.454574223807256 ], [ 23.223344840868101, 56.454586380912957 ], [ 23.223277062286325, 56.454585956855986 ], [ 23.223176670990789, 56.454522768412893 ], [ 23.223064600610563, 56.454478274877196 ], [ 23.222985525828484, 56.454477779962573 ], [ 23.222826609985216, 56.454514321352427 ], [ 23.222564237466312, 56.454637799074455 ], [ 23.222360645905937, 56.454649035968316 ], [ 23.222112379762535, 56.454634968486218 ], [ 23.22208965904322, 56.454641082140775 ], [ 23.222054619134557, 56.454697166817553 ], [ 23.222053340708666, 56.454759719087399 ], [ 23.222006748439284, 56.454828243411569 ], [ 23.221915864988656, 56.454852697925105 ], [ 23.221780434812615, 56.45484559298481 ], [ 23.221713423188962, 56.454807636714222 ], [ 23.221750126306063, 56.454670234191241 ], [ 23.221763213217475, 56.454582731835821 ], [ 23.221685928874951, 56.454494662918904 ], [ 23.221596069352994, 56.454469075388168 ], [ 23.221483361316167, 56.45445585656288 ], [ 23.221268346066399, 56.454473276050912 ], [ 23.221176567096048, 56.454541516607556 ], [ 23.221115349184618, 56.454772605592709 ], [ 23.221113813216412, 56.454847668298783 ], [ 23.221010736539295, 56.454915837848588 ], [ 23.22082948001551, 56.454939724445218 ], [ 23.220706114659802, 56.454895157884835 ], [ 23.220628832141191, 56.454807088319249 ], [ 23.220631009445416, 56.454700749496908 ], [ 23.220768999951481, 56.454582751186109 ], [ 23.220883244520966, 56.454520907955029 ], [ 23.220906861570292, 56.454471007942871 ], [ 23.220840363640313, 56.454408030300691 ], [ 23.220795562300893, 56.454388981012833 ], [ 23.220738824362201, 56.454401136926307 ], [ 23.220647813055415, 56.454431845739059 ], [ 23.220555008374625, 56.454550127634299 ], [ 23.220519582011203, 56.454624977547176 ], [ 23.220451162878682, 56.454655828071047 ], [ 23.220315605562718, 56.454654976759805 ], [ 23.220249620848818, 56.454566977906786 ], [ 23.220217525609034, 56.454479191895558 ], [ 23.220127923435676, 56.45444109285588 ], [ 23.220060273333118, 56.454434411819015 ], [ 23.219980045060545, 56.45449021200865 ], [ 23.219933193019546, 56.454571245996213 ], [ 23.219898662789245, 56.454602309160734 ], [ 23.219830499612456, 56.454620648893638 ], [ 23.219729472853807, 56.454588733797792 ], [ 23.219573118451528, 56.454500166539617 ], [ 23.219541024828434, 56.454412380357027 ], [ 23.21948569735336, 56.454355728237267 ], [ 23.219417790970375, 56.454361557297958 ], [ 23.219314584301532, 56.454435980663305 ], [ 23.219279155610419, 56.454510830217096 ], [ 23.219233456802204, 56.454535566929046 ], [ 23.219154253654899, 56.454541324796757 ], [ 23.218783526354255, 56.454438895885744 ], [ 23.218558883030131, 56.454374921699056 ], [ 23.218367615684514, 56.454336181376654 ], [ 23.218155297841935, 56.454222235812146 ], [ 23.217908578365559, 56.454133097274415 ], [ 23.217673284860599, 56.454037774216367 ], [ 23.217516423179688, 56.45397422526424 ], [ 23.217066375112868, 56.453883803240103 ], [ 23.216761635010105, 56.453869368843115 ], [ 23.216557788452221, 56.453893106668076 ], [ 23.216398482655411, 56.453948405480737 ], [ 23.216217485506739, 56.453959774913457 ], [ 23.215823148552165, 56.453907236297475 ], [ 23.215439851038539, 56.453867278259743 ], [ 23.215304425640028, 56.453860166266587 ], [ 23.215224320602683, 56.453909708154065 ], [ 23.215132016300284, 56.45400296509164 ], [ 23.215040872471057, 56.454039925003066 ], [ 23.214917129816417, 56.454014118362203 ], [ 23.214906736673161, 56.453970260402684 ], [ 23.214942173437798, 56.453895412112864 ], [ 23.214943592513407, 56.453826604722913 ], [ 23.214864906296381, 56.453807338987836 ], [ 23.21474064835834, 56.453806553041183 ], [ 23.214547064515131, 56.453880400752062 ], [ 23.214410219205995, 56.453942095165985 ], [ 23.21431946215667, 56.453960288897626 ], [ 23.214229479768974, 56.453940951266027 ], [ 23.21390537736859, 56.453769986452343 ], [ 23.213805391418145, 56.453688024824771 ], [ 23.213693076095577, 56.453656033291928 ], [ 23.213601931712589, 56.453692992147367 ], [ 23.213567397135002, 56.453724053542949 ], [ 23.21348767787185, 56.453754828659577 ], [ 23.21343145559608, 56.453741960369925 ], [ 23.213387046555209, 56.45370414277356 ], [ 23.213365359128627, 56.453660213109067 ], [ 23.213343025408754, 56.453647559516099 ], [ 23.213298228737592, 56.453628507533253 ], [ 23.213230452023538, 56.453628077996058 ], [ 23.213105160257381, 56.453677332132884 ], [ 23.213069849406452, 56.453745924676838 ], [ 23.21302363021961, 56.453795679955178 ], [ 23.212932872866521, 56.453813872672661 ], [ 23.212843020889409, 56.453788278824284 ], [ 23.212776278798206, 56.453737807324842 ], [ 23.212710442493453, 56.45364354929076 ], [ 23.212610200676838, 56.453574097135359 ], [ 23.212542682870549, 56.453561156794869 ], [ 23.212440112081676, 56.453604298353561 ], [ 23.212382466696646, 56.453660236941118 ], [ 23.212337152758607, 56.453666205467243 ], [ 23.212213154265438, 56.453652906565104 ], [ 23.212010989439616, 56.453595319146984 ], [ 23.211864528602398, 56.45357562127522 ], [ 23.211773771228707, 56.453593813145858 ], [ 23.211716383955313, 56.453637240996095 ], [ 23.211659644278072, 56.453649392756439 ], [ 23.21156966399268, 56.453630053201749 ], [ 23.211469553877293, 56.453554344918594 ], [ 23.211379444323153, 56.453541260438975 ], [ 23.211243113590438, 56.453577930505489 ], [ 23.210756084464645, 56.453637395411434 ], [ 23.210643382742695, 56.453624166760278 ], [ 23.21051951472603, 56.453604610957342 ], [ 23.210462904462258, 56.453610506958995 ], [ 23.210394089801415, 56.453660117559309 ], [ 23.210348645797559, 56.453672340569319 ], [ 23.210032484154098, 56.45366407302005 ], [ 23.209852005911937, 56.453650412330781 ], [ 23.20971606292586, 56.453668315085174 ], [ 23.209669709589285, 56.453724324312894 ], [ 23.20954168515571, 56.45390493423411 ], [ 23.209495850881389, 56.453935922557079 ], [ 23.209304075355444, 56.453922189135554 ], [ 23.20920188979624, 56.453946562377112 ], [ 23.209087888019408, 56.453995884398253 ], [ 23.208986482043361, 56.453982726211599 ], [ 23.208965059525557, 56.453926285377712 ], [ 23.209067765069836, 56.453876891497622 ], [ 23.20908023098346, 56.453820666592456 ], [ 23.20899051159094, 56.453788814754454 ], [ 23.208842361490085, 56.453850431028023 ], [ 23.208818599025648, 56.45390658391424 ], [ 23.208693690774336, 56.453937067954072 ], [ 23.208637599913807, 56.453917942289706 ], [ 23.208559306904714, 56.453879906943421 ], [ 23.208503866520694, 56.453829505180543 ], [ 23.208413497196116, 56.453828928964825 ], [ 23.208322607496637, 56.453853373512686 ], [ 23.208196918334721, 56.453921388295583 ], [ 23.208083566012373, 56.453939433356261 ], [ 23.20785920413174, 56.453862929448086 ], [ 23.207803894881788, 56.453806272168521 ], [ 23.207815841927186, 56.453775068221425 ], [ 23.207838954917722, 56.453750191563444 ], [ 23.207986845942109, 56.453701086903791 ], [ 23.207987626835681, 56.453663555661855 ], [ 23.207931927208048, 56.45362566405889 ], [ 23.207774172311801, 56.453605889291779 ], [ 23.207560458000405, 56.453560732968917 ], [ 23.207448148352892, 56.453528735801221 ], [ 23.207221184697666, 56.453577334870076 ], [ 23.207084849871702, 56.453614000358087 ], [ 23.20684737115424, 56.453624995354502 ], [ 23.206780376633255, 56.453587031064089 ], [ 23.206635483036482, 56.453492264567693 ], [ 23.206570053527617, 56.453379237701967 ], [ 23.206583696358052, 56.453266716205711 ], [ 23.206584478622126, 56.453229184973857 ], [ 23.206517354669579, 56.45319747574711 ], [ 23.206461005203458, 56.453190859513661 ], [ 23.206359993538577, 56.453158933572936 ], [ 23.206350001730875, 56.453096309304271 ], [ 23.206362210564397, 56.45305259508595 ], [ 23.206340662036425, 56.453002409008405 ], [ 23.206250946876708, 56.452970555198149 ], [ 23.206195249992607, 56.452932662819471 ], [ 23.206207719824302, 56.452876438205344 ], [ 23.2064478019986, 56.452740340307564 ], [ 23.206483775769783, 56.452640473638482 ], [ 23.206361478053743, 56.452545851229253 ], [ 23.206226972169148, 56.452494942910405 ], [ 23.205990413501468, 56.452462149850341 ], [ 23.20562391916236, 56.452159515196122 ], [ 23.205581869389977, 56.452009101134479 ], [ 23.205617322603452, 56.451934255529835 ], [ 23.20569704435648, 56.45190348546565 ], [ 23.205765731413202, 56.451860132668898 ], [ 23.205766775451199, 56.451810091024853 ], [ 23.205699915705907, 56.451765870946765 ], [ 23.205689925329139, 56.451703246615047 ], [ 23.205691361009009, 56.451634439353882 ], [ 23.205737456595799, 56.451590942013681 ], [ 23.205896115445842, 56.451566932907234 ], [ 23.205975836203216, 56.451536162659373 ], [ 23.206034140024645, 56.451448951013866 ], [ 23.206002993407555, 56.45131737493967 ], [ 23.206175294184554, 56.451180844001335 ], [ 23.206348897774081, 56.450981760745158 ], [ 23.2065609, 56.450827299999979 ] ] ] } },
{ "type": "Feature", "properties": { "fid": 43, "nosaukums": "Skujaine", "posmaID": 101, "gadsAvotos": null, "kolhozs": null, "regulets1940": null, "garums": 4171, "udenskratuve": null, "piezimes": null }, "geometry": { "type": "MultiLineString", "coordinates": [ [ [ 23.200864, 56.449700499999985 ], [ 23.20066059646657, 56.44965338893951 ], [ 23.200571156658338, 56.449609020643329 ], [ 23.200514944912729, 56.44959614652516 ], [ 23.200469633997773, 56.449602110731654 ], [ 23.200434304262043, 56.449670699671884 ], [ 23.200420907395003, 56.449770710110215 ], [ 23.200260807261724, 56.449863519428021 ], [ 23.19984013269449, 56.449992185416725 ], [ 23.199794032342755, 56.450035680564525 ], [ 23.199680030215973, 56.450084993975501 ], [ 23.199465293112841, 56.450089865357882 ], [ 23.199250819091372, 56.450082225973901 ], [ 23.19918423311767, 56.450025492009644 ], [ 23.19912867916446, 56.449981341277486 ], [ 23.19902820860473, 56.449924388607052 ], [ 23.1987912772946, 56.449910347469078 ], [ 23.198555136242668, 56.449858774700218 ], [ 23.198353012380231, 56.449801165121286 ], [ 23.198195014925695, 56.449793888620775 ], [ 23.198182929542117, 56.449831346838877 ], [ 23.198227055479215, 56.449881680233489 ], [ 23.198271181532512, 56.449932013612354 ], [ 23.198202357740843, 56.449981617457006 ], [ 23.198089144271155, 56.449993398227178 ], [ 23.198010738128236, 56.449961611453006 ], [ 23.197956371638416, 56.449861163439024 ], [ 23.197878493041333, 56.449804355799195 ], [ 23.197765939047528, 56.449784860298585 ], [ 23.197643144872099, 56.4497152501268 ], [ 23.197565530723267, 56.449645931900847 ], [ 23.197487916856346, 56.449576613626405 ], [ 23.197400590829517, 56.449432159932257 ], [ 23.19729986054244, 56.449387716259842 ], [ 23.197243650242878, 56.449374840663936 ], [ 23.197154215090986, 56.449330469917022 ], [ 23.197098532590875, 56.449292573475937 ], [ 23.197042058649565, 56.449292208178882 ], [ 23.196962071563387, 56.449335483082443 ], [ 23.196892983257527, 56.449397596593172 ], [ 23.196858043150616, 56.449447418916762 ], [ 23.196823762763465, 56.44946596525849 ], [ 23.196767420540233, 56.449459344641504 ], [ 23.196723165043544, 56.449415265925701 ], [ 23.196669066696582, 56.44930230696248 ], [ 23.196636106271868, 56.449258301310735 ], [ 23.196557570854065, 56.449232768816934 ], [ 23.19647837545347, 56.449238512243681 ], [ 23.196420713354922, 56.449294443409606 ], [ 23.196419525104631, 56.449350740153974 ], [ 23.196373949783325, 56.449369213252197 ], [ 23.19613649465408, 56.449380187832816 ], [ 23.195911258988524, 56.449347448773395 ], [ 23.195675521823279, 56.449277104964118 ], [ 23.195586353066663, 56.449220222707289 ], [ 23.195428887343983, 56.449187921923354 ], [ 23.195269835297967, 56.449230683246512 ], [ 23.195234628781691, 56.449293015492991 ], [ 23.195278617978403, 56.449349605119117 ], [ 23.195323136138967, 56.449381173961264 ], [ 23.195322475096681, 56.449412449921546 ], [ 23.195243014699727, 56.449430702942365 ], [ 23.195152523870938, 56.449436372294983 ], [ 23.194948026585159, 56.44949135063893 ], [ 23.194867904426982, 56.449540879374993 ], [ 23.194800135292656, 56.449540439796472 ], [ 23.194732895384526, 56.449514979416875 ], [ 23.194665126298549, 56.449514539764785 ], [ 23.194472319805875, 56.449550825026677 ], [ 23.194370136625391, 56.449575186082747 ], [ 23.194291602088938, 56.449549652159078 ], [ 23.194280969133882, 56.449518302894532 ], [ 23.194202964346324, 56.449467748153694 ], [ 23.193965772878869, 56.449466208197826 ], [ 23.193818277797401, 56.449496530613047 ], [ 23.193672239764897, 56.449458045768502 ], [ 23.193605398234073, 56.449413819212005 ], [ 23.193526334532585, 56.449413305563468 ], [ 23.193446740766603, 56.449437812621163 ], [ 23.193401561481583, 56.449437519056055 ], [ 23.193323292957611, 56.44939947414376 ], [ 23.193221507119258, 56.44940506868717 ], [ 23.193129955513573, 56.449460778074695 ], [ 23.193015813952801, 56.44951634053848 ], [ 23.192981664235283, 56.449528630625046 ], [ 23.192914425573246, 56.44950316926392 ], [ 23.192903926372143, 56.449465564696176 ], [ 23.192893957621958, 56.449402939374139 ], [ 23.192815822299149, 56.449358638954983 ], [ 23.192703404894917, 56.449332883685663 ], [ 23.19258926310048, 56.449388445757691 ], [ 23.192521096269274, 56.44940677049928 ], [ 23.192385956631078, 56.449387123181658 ], [ 23.192330676914303, 56.449330459052852 ], [ 23.192320178336278, 56.449292854436479 ], [ 23.192378509895292, 56.449205649254097 ], [ 23.192391662290646, 56.449118150110714 ], [ 23.192324424748541, 56.449092688431527 ], [ 23.192244698175557, 56.449123449907141 ], [ 23.192209752252996, 56.449173270907757 ], [ 23.192096406648954, 56.449191301402863 ], [ 23.19197203170496, 56.449196747897176 ], [ 23.191813241349397, 56.449226994405983 ], [ 23.19171026055151, 56.449288884391819 ], [ 23.191642359105767, 56.449294698277285 ], [ 23.191529677031728, 56.449281452320491 ], [ 23.191451809239652, 56.449224640674458 ], [ 23.191430681051298, 56.449155686482186 ], [ 23.191465096611751, 56.449130886449282 ], [ 23.191725406488793, 56.449107557523327 ], [ 23.191894960044046, 56.449102405404041 ], [ 23.191974155825321, 56.449096664902555 ], [ 23.191997409023827, 56.449065536010011 ], [ 23.191919142672528, 56.449027490216309 ], [ 23.19188552412918, 56.449014759253771 ], [ 23.191761813691826, 56.448988929603608 ], [ 23.191569804079727, 56.448987679238606 ], [ 23.191513463499561, 56.448981056241038 ], [ 23.191424567371588, 56.448911660638537 ], [ 23.191346833347062, 56.448848593739299 ], [ 23.191324908378139, 56.448817170645256 ], [ 23.191404900743169, 56.448773899385877 ], [ 23.191529407209568, 56.448762198268845 ], [ 23.191621225083001, 56.448693979683298 ], [ 23.191565947504326, 56.448637315213773 ], [ 23.19134085309436, 56.448598312694436 ], [ 23.191137418014428, 56.448603243272217 ], [ 23.190968797028372, 56.448564608059975 ], [ 23.190890931532618, 56.448507796062167 ], [ 23.190824227847454, 56.448457312829269 ], [ 23.190621458342672, 56.448430966633481 ], [ 23.190531102225751, 56.448430377437127 ], [ 23.190485126178174, 56.448467613927761 ], [ 23.190495356728182, 56.448517729069515 ], [ 23.190528309406798, 56.448561736334682 ], [ 23.190515817907158, 56.448617959349491 ], [ 23.190357028830455, 56.448648204001906 ], [ 23.190290325611663, 56.448597720484571 ], [ 23.19019040416185, 56.448515739956498 ], [ 23.18987508878994, 56.448469890089257 ], [ 23.189830310011583, 56.448450829673881 ], [ 23.189798423124504, 56.448356780748547 ], [ 23.189777697741679, 56.448269060721302 ], [ 23.189756839335718, 56.448187595874323 ], [ 23.189803215079255, 56.448131594098349 ], [ 23.189782223579275, 56.448056384438829 ], [ 23.189737179093552, 56.448049834359885 ], [ 23.189657852034969, 56.448061828625121 ], [ 23.189589819332848, 56.448073896579018 ], [ 23.189533879914659, 56.44804850713318 ], [ 23.18949003392045, 56.447985660303935 ], [ 23.189502260403021, 56.447941947759553 ], [ 23.189513554769697, 56.447942021505895 ], [ 23.189582119836281, 56.447904932854065 ], [ 23.189583318130779, 56.447848636191196 ], [ 23.189550234007413, 56.447810883859802 ], [ 23.189462143160672, 56.447703955748068 ], [ 23.189351730639345, 56.447584369685501 ], [ 23.189050782522063, 56.447394722254344 ], [ 23.188640361616883, 56.447041701112347 ], [ 23.188495271494151, 56.446959423915267 ], [ 23.188225947478045, 56.446876334128632 ], [ 23.188101846346214, 56.446869266400114 ], [ 23.187898420137223, 56.446874191696324 ], [ 23.187694059735051, 56.446922902938823 ], [ 23.187579117120837, 56.447015991521148 ], [ 23.187521445385009, 56.447071918544871 ], [ 23.187396809758042, 56.447089870839541 ], [ 23.187295296303581, 56.447082950176657 ], [ 23.187080574754233, 56.447087800181329 ], [ 23.1864353405429, 56.447152389410959 ], [ 23.186277757546151, 56.447126332235541 ], [ 23.186154591901897, 56.447075476296526 ], [ 23.186054148476174, 56.447018513177326 ], [ 23.185840630940408, 56.446967064416889 ], [ 23.185051786849826, 56.446880559034 ], [ 23.184532395063787, 56.446870891828809 ], [ 23.183999966804926, 56.446942465507405 ], [ 23.183783100210992, 56.447047392639448 ], [ 23.183634935939015, 56.447108978852377 ], [ 23.183181695749326, 56.447174813762764 ], [ 23.18291009990541, 56.447198050456855 ], [ 23.182549225035299, 56.447170650160636 ], [ 23.182415038795472, 56.447107205797089 ], [ 23.182383305659073, 56.447006899828871 ], [ 23.182271574032175, 56.446949859270916 ], [ 23.182203809720448, 56.44694941282912 ], [ 23.182100953942168, 56.447005039663651 ], [ 23.18186055273156, 56.44715360079465 ], [ 23.181656720966288, 56.447177281374799 ], [ 23.181601191537837, 56.447133122850175 ], [ 23.181557628620084, 56.447057762904713 ], [ 23.181605225051083, 56.446945467653507 ], [ 23.181643543823029, 56.446739270317522 ], [ 23.181588821750044, 56.446657580744379 ], [ 23.181476688933206, 56.446619304994911 ], [ 23.181318439117721, 56.446624517404516 ], [ 23.181295044218064, 56.446661899460672 ], [ 23.181293699223925, 56.446724451191585 ], [ 23.181292488724591, 56.446780747748825 ], [ 23.181167716653938, 56.446804948956853 ], [ 23.181066205139341, 56.446798023204906 ], [ 23.181033264928164, 56.44675401345183 ], [ 23.180842612835587, 56.446690194801342 ], [ 23.180775521933139, 56.446658471719317 ], [ 23.180641475070075, 56.446588770274793 ], [ 23.180449882003433, 56.446568737228617 ], [ 23.180269987069419, 56.44653001295849 ], [ 23.180023002580704, 56.446459564941527 ], [ 23.179899712771064, 56.446414957992666 ], [ 23.179833296830946, 56.446351958547609 ], [ 23.179834913679308, 56.446276896493295 ], [ 23.179768093842252, 56.446232662526732 ], [ 23.179564400525127, 56.446250084514041 ], [ 23.179225585441522, 56.446247844563963 ], [ 23.178932080626932, 56.446239647356037 ], [ 23.178831110649263, 56.446207699101841 ], [ 23.1788094673405, 56.446163763479205 ], [ 23.178788093897612, 56.446107317513103 ], [ 23.178529416291486, 56.446055557323973 ], [ 23.178111951661744, 56.446034025601548 ], [ 23.177750416011442, 56.446037887234034 ], [ 23.177252003472148, 56.446103401245097 ], [ 23.177082461486666, 56.446108533398856 ], [ 23.176440609774204, 56.446016691512909 ], [ 23.176218253179282, 56.445852558321796 ], [ 23.175827441346758, 56.445643513852382 ], [ 23.175737362990645, 56.445630403576054 ], [ 23.175646743010471, 56.445642313895817 ], [ 23.175488496529855, 56.445647518883106 ], [ 23.175410389228563, 56.44560320756392 ], [ 23.175377727520338, 56.445546685993762 ], [ 23.175334178725748, 56.445471323886515 ], [ 23.175267501028042, 56.445420832345953 ], [ 23.175078762527484, 56.445269432567343 ], [ 23.174967724634975, 56.445181109642057 ], [ 23.17494744170267, 56.4450746217058 ], [ 23.17493095388226, 56.444792989145995 ], [ 23.174934342240238, 56.444636610017788 ], [ 23.175048766358696, 56.444568553841322 ], [ 23.175119371871077, 56.444437645698443 ], [ 23.175087931142297, 56.444324827553686 ], [ 23.175078535005071, 56.444237180176799 ], [ 23.174865996838072, 56.44414192644409 ], [ 23.174587870118334, 56.443946139118523 ], [ 23.174589768331131, 56.44385856680276 ], [ 23.174591937704136, 56.443758484154593 ], [ 23.174525128375819, 56.443714247378594 ], [ 23.174434376979555, 56.443732411994581 ], [ 23.174240088766929, 56.443837472709994 ], [ 23.174170430958689, 56.443924594206763 ], [ 23.173828108516787, 56.444084973860981 ], [ 23.173726469911905, 56.444084297292711 ], [ 23.173579930108044, 56.444070809553224 ], [ 23.173479785012912, 56.444001325983024 ], [ 23.173469578027667, 56.443951209472679 ], [ 23.173505358148393, 56.443863862782671 ], [ 23.173484536905082, 56.443782395254239 ], [ 23.173428886125492, 56.443744488255888 ], [ 23.173361263455153, 56.443737781839815 ], [ 23.173179216100074, 56.443799129952723 ], [ 23.173066149347061, 56.443804632780278 ], [ 23.172976348006532, 56.443779010185793 ], [ 23.172965734183993, 56.443747659123424 ], [ 23.172898655045593, 56.443715931803538 ], [ 23.172774295433868, 56.443721359111514 ], [ 23.172626806017949, 56.443751656389658 ], [ 23.172490473523006, 56.443788283945487 ], [ 23.172298762980049, 56.44377449352497 ], [ 23.172185832161375, 56.4437737403886 ], [ 23.172038342080686, 56.443804036965247 ], [ 23.171822276931078, 56.443871412239936 ], [ 23.17160716355507, 56.443895001010659 ], [ 23.171370280363572, 56.443880907661381 ], [ 23.171211768390567, 56.443898617538103 ], [ 23.171165642885217, 56.443942102019847 ], [ 23.171106590223822, 56.444060572984931 ], [ 23.171037469535204, 56.444122672059379 ], [ 23.170844395829917, 56.444171430984625 ], [ 23.170629007690703, 56.444207528370399 ], [ 23.170358379616545, 56.444186951540317 ], [ 23.170155374677456, 56.444173082320596 ], [ 23.169998633382935, 56.444109473586799 ], [ 23.169966662714124, 56.444021674816717 ], [ 23.170002314587659, 56.443940584319556 ], [ 23.170037420971742, 56.443884514443674 ], [ 23.169959732683193, 56.443821434236646 ], [ 23.16984830180489, 56.443751872233335 ], [ 23.169815786297736, 56.443689094053845 ], [ 23.16985089272055, 56.443633024228582 ], [ 23.169908312365241, 56.443589615762924 ], [ 23.169921105253938, 56.443520884545876 ], [ 23.169877024122183, 56.443470541172161 ], [ 23.169844781529957, 56.443395252681057 ], [ 23.169846690609955, 56.44330768046229 ], [ 23.169870776426606, 56.443239024777959 ], [ 23.169838534038369, 56.443163736283054 ], [ 23.169782615057958, 56.443138337976841 ], [ 23.16966968619753, 56.44313758255678 ], [ 23.169465322868394, 56.44318626380641 ], [ 23.169296475189018, 56.443160109573 ], [ 23.169128446620729, 56.443096424164942 ], [ 23.169017701862689, 56.442995585630392 ], [ 23.168807233821518, 56.442806494205762 ], [ 23.168572543589143, 56.442692313020096 ], [ 23.168280708105751, 56.442609028824656 ], [ 23.168079215501727, 56.442526349509052 ], [ 23.167809967725752, 56.442443215591922 ], [ 23.167720993402064, 56.442380058272462 ], [ 23.167711204538655, 56.442311175830852 ], [ 23.167644132324263, 56.44227944568437 ], [ 23.167576239842074, 56.442285246437777 ], [ 23.167405619619107, 56.442340406670311 ], [ 23.167268603317492, 56.442408304276448 ], [ 23.167097571670954, 56.44248222954711 ], [ 23.166972394337073, 56.442525181982084 ], [ 23.166791026899141, 56.442555244950803 ], [ 23.166722449440464, 56.442592321007041 ], [ 23.166551279010648, 56.442672500671293 ], [ 23.166381066362252, 56.442708894020988 ], [ 23.166277925219852, 56.442777018053604 ], [ 23.166221324419652, 56.442782893917041 ], [ 23.166130982255673, 56.442782286999687 ], [ 23.166096693017977, 56.442800824848042 ], [ 23.166083893484966, 56.442869555659087 ], [ 23.166093542560382, 56.442944693367515 ], [ 23.166012711958405, 56.44302547922215 ], [ 23.165921547189289, 56.443062403066712 ], [ 23.165897865405221, 56.443112292508424 ], [ 23.165918807060127, 56.443187506116423 ], [ 23.165859739292451, 56.443305974554534 ], [ 23.165800945209138, 56.443411932657177 ], [ 23.165799848987145, 56.443461973873006 ], [ 23.16575385489077, 56.443499201177985 ], [ 23.165696293620876, 56.443548862860389 ], [ 23.165614364409088, 56.443679689653912 ], [ 23.165557625097474, 56.443691820360961 ], [ 23.165410267231064, 56.443715853896016 ], [ 23.165408622107808, 56.443790915708441 ], [ 23.165326417164469, 56.443934252603974 ], [ 23.165063384023128, 56.444082629249323 ], [ 23.164938199136309, 56.444125579599316 ], [ 23.164791799584425, 56.444105826343467 ], [ 23.16471343352206, 56.444074018628029 ], [ 23.164577778503141, 56.444079361717058 ], [ 23.164542526674655, 56.444141685171751 ], [ 23.164529174901624, 56.444235436394685 ], [ 23.16464004853184, 56.444330023740115 ], [ 23.164808486544967, 56.444374949757282 ], [ 23.164807526174833, 56.444418735803268 ], [ 23.164784390872473, 56.444443604417422 ], [ 23.164727787368722, 56.444449479590162 ], [ 23.164558662939271, 56.444435829208373 ], [ 23.164322053676198, 56.444409212108887 ], [ 23.164231295826131, 56.44442736924335 ], [ 23.164106520805781, 56.444451553300865 ], [ 23.1638923609251, 56.444431342637905 ], [ 23.163667732327465, 56.444373524626492 ], [ 23.163545018178205, 56.444303880905281 ], [ 23.163579996995974, 56.444254068036066 ], [ 23.16372777019939, 56.444211271241983 ], [ 23.163830507728015, 56.444161914813655 ], [ 23.163820313408927, 56.444111797548942 ], [ 23.163708206082038, 56.444073505808177 ], [ 23.163652427270883, 56.444041849604098 ], [ 23.163608079070404, 56.444004014327078 ], [ 23.163496109684033, 56.443959467247737 ], [ 23.163360317484155, 56.443971064154688 ], [ 23.163281128237404, 56.443976786423782 ], [ 23.163169021853587, 56.443938494197958 ], [ 23.163135829879934, 56.443906990039373 ], [ 23.163091207400299, 56.443881664873366 ], [ 23.162979101488236, 56.443843372476842 ], [ 23.162945909754349, 56.443811868267687 ], [ 23.162935579189444, 56.443768006078344 ], [ 23.16292566115208, 56.443705378446545 ], [ 23.162869608510377, 56.4436862321866 ], [ 23.162746072848762, 56.443654118561028 ], [ 23.162702138612453, 56.443597517521212 ], [ 23.162647324159376, 56.443522074839265 ], [ 23.162613857875446, 56.443503080835093 ], [ 23.162523789218561, 56.443489960993745 ], [ 23.162444600852453, 56.443495682732163 ], [ 23.162376430254778, 56.443513990924373 ], [ 23.162082124691278, 56.443543284821054 ], [ 23.162037090400997, 56.443536724715777 ], [ 23.161981313768276, 56.443505067764463 ], [ 23.162005000925411, 56.44345517908922 ], [ 23.16211889393507, 56.443412155462426 ], [ 23.162243391562711, 56.443400483685302 ], [ 23.162367889115213, 56.443388811783038 ], [ 23.162419876795685, 56.443335985978472 ], [ 23.162397703706525, 56.443317068122653 ], [ 23.162341651902267, 56.443297921625565 ], [ 23.162274444854177, 56.443272443737193 ], [ 23.1622532351399, 56.44320973982979 ], [ 23.162220595013082, 56.443153214840578 ], [ 23.162144297465051, 56.44302757831138 ], [ 23.16199831656013, 56.442989056334483 ], [ 23.161907974004308, 56.442988446342092 ], [ 23.161816805373537, 56.443025367160338 ], [ 23.16171461911944, 56.443049701348876 ], [ 23.161511072604338, 56.443060838599052 ], [ 23.161421556359389, 56.443022697379178 ], [ 23.161400072689936, 56.442972503618989 ], [ 23.161366745265148, 56.442947254134744 ], [ 23.161310281238435, 56.442946872610101 ], [ 23.161231093827652, 56.44295259357763 ], [ 23.161175180934578, 56.442927191410838 ], [ 23.161119819291084, 56.442876768638698 ], [ 23.161085940939738, 56.442876539659778 ], [ 23.161006202393686, 56.442907281064095 ], [ 23.160926325893428, 56.442944277561381 ], [ 23.160824690665734, 56.442943590437935 ], [ 23.160757485263588, 56.442918111731622 ], [ 23.160702675636312, 56.442842668197045 ], [ 23.160670451725146, 56.442767377371155 ], [ 23.160547610346811, 56.442703985844844 ], [ 23.160479440268205, 56.442722292998994 ], [ 23.16041099430565, 56.442753110403608 ], [ 23.160432200736437, 56.442815814620594 ], [ 23.160510698510954, 56.442841369882942 ], [ 23.160554490734455, 56.442904226837143 ], [ 23.160417873981221, 56.442953351399773 ], [ 23.160248895730366, 56.442933440022941 ], [ 23.160215569105798, 56.442908190231833 ], [ 23.160216810584281, 56.442851893939128 ], [ 23.160218465881954, 56.442776832214726 ], [ 23.160196294213108, 56.442757913968173 ], [ 23.160140106391825, 56.442745021624646 ], [ 23.160094245617383, 56.442775991679092 ], [ 23.160048108829695, 56.442819472003087 ], [ 23.159974291921852, 56.44283774066686 ], [ 23.159861709234878, 56.442821338468235 ], [ 23.159682083192578, 56.442787797472157 ] ] ] } },
{ "type": "Feature", "properties": { "fid": 45, "nosaukums": "Ālave", "posmaID": 44, "gadsAvotos": 1952, "kolhozs": "Kroņauce", "regulets1940": true, "garums": 1085, "udenskratuve": null, "piezimes": null }, "geometry": { "type": "MultiLineString", "coordinates": [ [ [ 23.342855182720385, 56.536752891427511 ], [ 23.3425532849283, 56.536664486400866 ], [ 23.342418515163828, 56.536601214656088 ], [ 23.342351672500275, 56.536538302185697 ], [ 23.342228224609677, 56.536475090134829 ], [ 23.342103692627568, 56.536474431046365 ], [ 23.341911234120129, 56.536473412209709 ], [ 23.34167327423248, 56.536484663851198 ], [ 23.341559412081725, 56.536521596025878 ], [ 23.341410609285909, 56.53661464590958 ], [ 23.341340076661641, 56.536764413349204 ], [ 23.341247335413691, 56.536889039515998 ], [ 23.341178756521529, 56.536926211331966 ], [ 23.341076974149399, 56.536919415917339 ], [ 23.340998051517957, 56.536900229855902 ], [ 23.341010676320174, 56.536825226199127 ], [ 23.341079906916235, 56.536750522634108 ], [ 23.341046812415804, 56.536700300125887 ], [ 23.341035708516753, 56.536687729492407 ], [ 23.340899637417166, 56.536699519788947 ], [ 23.340820389344028, 56.53669909953534 ], [ 23.340674301226841, 56.536635765865846 ], [ 23.340563155285452, 56.536516314461686 ], [ 23.340518305741643, 56.536491052975201 ], [ 23.340393665017448, 56.53649664747978 ], [ 23.340336298365351, 56.536540134217283 ], [ 23.340289817699205, 56.536608702240429 ], [ 23.340232994556004, 56.536620912398924 ], [ 23.339973152623706, 56.536588253452535 ], [ 23.339520416809279, 56.536579592645481 ], [ 23.339248818994456, 56.536571893248038 ], [ 23.339157923293381, 56.536590177665829 ], [ 23.339134627417184, 56.536627589108839 ], [ 23.33909902983623, 56.53672123809109 ], [ 23.33914376976265, 56.536752755391632 ], [ 23.33919950414662, 56.53680309877749 ], [ 23.339198196976447, 56.536878162430483 ], [ 23.339106646838705, 56.536933978633925 ], [ 23.339027071425853, 56.536952323148356 ], [ 23.338948149772499, 56.536933135787699 ], [ 23.338858669896869, 56.536870101031298 ], [ 23.338802390887846, 56.536851034013594 ], [ 23.338745784918984, 56.536850732881994 ], [ 23.338643349065414, 56.536881467298656 ], [ 23.33814063375802, 56.537141538540105 ], [ 23.338095348642209, 56.53714129739501 ], [ 23.338005542314054, 56.537097027936937 ], [ 23.337916281911159, 56.537021481901178 ], [ 23.337817010551287, 56.536870811856815 ], [ 23.337772926587252, 56.536801762265739 ], [ 23.337648612017187, 56.536788588106198 ], [ 23.337546830668355, 56.536781789803022 ], [ 23.337456479742517, 56.536768796461111 ], [ 23.337321062710654, 56.53674305102313 ], [ 23.337207851130017, 56.536742447385748 ], [ 23.337060457515879, 56.536754173106644 ], [ 23.336946371493497, 56.53680361164492 ], [ 23.336933410755222, 56.536897380774867 ], [ 23.337011566263619, 56.536960356523231 ], [ 23.337101917490248, 56.536973350188873 ], [ 23.337295361553114, 56.536918078760628 ], [ 23.33738593123805, 56.536918561615984 ], [ 23.337498269655953, 56.536969207509706 ], [ 23.337531359684387, 56.537019430950117 ], [ 23.337541042851843, 56.537113320820659 ], [ 23.337495102498131, 56.537150611269041 ], [ 23.337336386100343, 56.537162276969326 ], [ 23.337167440990452, 56.537111329078805 ], [ 23.337076543003977, 56.537129611967558 ], [ 23.336893981584488, 56.537209964652959 ], [ 23.336824523272263, 56.537297176461614 ], [ 23.336800896674958, 56.537353353359258 ], [ 23.336788263371275, 56.53742835656216 ], [ 23.336685496338497, 56.537477855257173 ], [ 23.336548764866212, 56.537527172582443 ], [ 23.336321133576952, 56.537594772087594 ], [ 23.336184729504751, 56.537625323109616 ], [ 23.336104385131236, 56.537687452842377 ], [ 23.336058223765864, 56.537737253350485 ], [ 23.335978207344539, 56.537780617101163 ], [ 23.335830371366221, 56.53781736254836 ], [ 23.335637358681097, 56.537847610477357 ], [ 23.335467755526651, 56.537834192073603 ], [ 23.335377950644904, 56.537789920725345 ], [ 23.33541290107302, 56.53773380464127 ], [ 23.335469727419564, 56.537721596696059 ], [ 23.3355485393976, 56.537747041561495 ], [ 23.335639658635497, 56.537716249199114 ], [ 23.335651637195365, 56.537678777916604 ], [ 23.335607337198013, 56.537622238171735 ], [ 23.335529073133291, 56.537565516848431 ], [ 23.335450151992813, 56.537546327269801 ], [ 23.335359799978217, 56.537533332402816 ], [ 23.335246586084775, 56.537532726973701 ], [ 23.335122050807072, 56.537532060882583 ], [ 23.335009275420109, 56.537506434043209 ], [ 23.334952339616137, 56.537524897077105 ], [ 23.334939592964197, 56.537606155379599 ], [ 23.334939044783045, 56.537637431870799 ], [ 23.334904751598259, 56.537656016032223 ], [ 23.334836932701556, 56.537649397239875 ], [ 23.334781202886159, 56.5375990519154 ], [ 23.334782080182354, 56.5375490095307 ], [ 23.33473756229515, 56.537504980074345 ], [ 23.334692605805998, 56.537485971794311 ], [ 23.334635779565609, 56.53749817938494 ], [ 23.334578733898397, 56.537522897545259 ], [ 23.334543782435112, 56.537579013394243 ], [ 23.334530925185803, 56.537666526949728 ], [ 23.334519055229855, 56.537697742824108 ], [ 23.334473440343395, 56.537716266250769 ], [ 23.334405731140684, 56.537703391925596 ], [ 23.334383636905301, 56.537671994186653 ], [ 23.334339119338331, 56.53762796458922 ], [ 23.334191940941139, 56.53762717630191 ], [ 23.334043994064338, 56.537670174919867 ], [ 23.333927345518131, 56.537703957257264 ], [ 23.333837103476849, 56.537684705987232 ], [ 23.333725536714482, 56.537590269719971 ], [ 23.333647385386232, 56.537527291921585 ], [ 23.333556924180719, 56.537520551042263 ], [ 23.333454592225728, 56.537545025868717 ], [ 23.333352589831946, 56.537550734721663 ], [ 23.33325091715092, 56.537537677602309 ], [ 23.333116489693914, 56.537455629921389 ], [ 23.333072633510927, 56.537374068096028 ], [ 23.333176064505167, 56.537287040619788 ], [ 23.333257072277053, 56.537187381005999 ], [ 23.333306645321702, 56.53709141764201 ] ] ] } },
{ "type": "Feature", "properties": { "fid": 46, "nosaukums": "Ālave", "posmaID": 44, "gadsAvotos": 1963, "kolhozs": "Kroņauce", "regulets1940": false, "garums": 772, "udenskratuve": true, "piezimes": null }, "geometry": { "type": "MultiLineString", "coordinates": [ [ [ 23.326160641708817, 56.534581777922767 ], [ 23.325841699352523, 56.534594979028611 ], [ 23.325683545930456, 56.534575353422603 ], [ 23.32565058486729, 56.534518871561531 ], [ 23.325628610879363, 56.534481216982478 ], [ 23.325527393818806, 56.534443132406793 ], [ 23.325391882072203, 56.534423629291226 ], [ 23.325346266704795, 56.534442149376822 ], [ 23.325266245074172, 56.534485506241808 ], [ 23.325130288353243, 56.534491023997191 ], [ 23.325074353557209, 56.53445318491471 ], [ 23.324928411754613, 56.53438357751083 ], [ 23.324646959590986, 56.534294466009953 ], [ 23.324488919394579, 56.534268583598937 ], [ 23.324433208273987, 56.534218233652261 ], [ 23.324457073872154, 56.534149548539851 ], [ 23.324639980665506, 56.534050448243967 ], [ 23.324731322400297, 56.534007153282516 ], [ 23.324754853424977, 56.533957233975798 ], [ 23.324699365021576, 56.533894373568181 ], [ 23.324518685910448, 56.533868368182887 ], [ 23.324236458837245, 56.533823042777222 ], [ 23.324169428460078, 56.533772631162307 ], [ 23.324067991933642, 56.533747055978537 ], [ 23.32385268460169, 56.533758396660886 ], [ 23.323593322577977, 56.533700682386204 ], [ 23.323389670166485, 56.533693318010194 ], [ 23.323243176643615, 56.533654985070584 ], [ 23.323051848962347, 56.533591384194409 ], [ 23.322646555235512, 56.533464058177593 ], [ 23.322546460504647, 56.533363418314266 ], [ 23.322412406046222, 56.533262593232607 ], [ 23.322301439212069, 56.533136870310258 ], [ 23.322269154655565, 56.533042855834402 ], [ 23.32241843685031, 56.532924807745552 ], [ 23.322544296601102, 56.532850423082451 ], [ 23.322534204908131, 56.53278155322068 ], [ 23.322467401970822, 56.532718630114623 ], [ 23.322480173594517, 56.532637373087795 ], [ 23.322548986251604, 56.532587701013902 ], [ 23.322731220684521, 56.532526135221815 ], [ 23.322880387799326, 56.532414341847982 ], [ 23.322802488342703, 56.532338846670989 ], [ 23.322599289992375, 56.532306459864088 ], [ 23.322474995522501, 56.532293270567003 ], [ 23.322327168013697, 56.532330000005743 ], [ 23.322043725888406, 56.532353477804271 ], [ 23.32164853868365, 56.532295018450824 ], [ 23.321558986696957, 56.532238226575984 ], [ 23.321234069327069, 56.532048775616509 ], [ 23.320929108414074, 56.532009574372601 ], [ 23.320861861762385, 56.531971671549378 ], [ 23.320862533358675, 56.531934139833716 ], [ 23.32091957948062, 56.531909427947724 ], [ 23.321010808358235, 56.531872390989562 ], [ 23.321068413782356, 56.531816402603141 ], [ 23.321046110185652, 56.531797513071332 ], [ 23.320910050595394, 56.531809281520594 ], [ 23.320864883932927, 56.53180277882705 ], [ 23.320842916251255, 56.531765123400632 ], [ 23.320890769116492, 56.531621499232351 ], [ 23.320846162350129, 56.53158372010072 ], [ 23.320688807814541, 56.531520301161997 ], [ 23.320666840469102, 56.531482645703555 ], [ 23.320633665595881, 56.531438673080721 ], [ 23.320476200023041, 56.5313815091598 ], [ 23.320195116719045, 56.531273621755204 ], [ 23.320026333024146, 56.531216395351017 ], [ 23.320015798037801, 56.531172546421317 ], [ 23.31999506435276, 56.531066082701379 ], [ 23.31997354625684, 56.531003405976882 ], [ 23.319940820924145, 56.530934412025452 ], [ 23.319851050507129, 56.53089012949301 ], [ 23.319806333530387, 56.530858605274013 ] ] ] } },
{ "type": "Feature", "properties": { "fid": 47, "nosaukums": "Ālave", "posmaID": 44, "gadsAvotos": 1963, "kolhozs": "Kroņauce", "regulets1940": null, "garums": 1814, "udenskratuve": null, "piezimes": null }, "geometry": { "type": "MultiLineString", "coordinates": [ [ [ 23.292665783047987, 56.517098553651309 ], [ 23.292495773543862, 56.516883680316113 ], [ 23.292226658696368, 56.516750773248454 ], [ 23.292024736334259, 56.516655784013935 ], [ 23.291970610181089, 56.516524101124915 ], [ 23.292052963878511, 56.516355660302686 ], [ 23.292043864556259, 56.516236745825296 ], [ 23.292000470723604, 56.516136403727792 ], [ 23.291944246072379, 56.516117315567783 ], [ 23.291786187416282, 56.516097647008145 ], [ 23.291742327775633, 56.516022325874843 ], [ 23.291721331337982, 56.515934623193353 ], [ 23.291803334889106, 56.515784948311662 ], [ 23.291793536561869, 56.515703565391277 ], [ 23.291739879180831, 56.51554686133062 ], [ 23.291695670259131, 56.515490305968299 ], [ 23.291627898651843, 56.515483663695008 ], [ 23.291492238809038, 56.515476634301521 ], [ 23.29135646229507, 56.515475860023628 ], [ 23.291334883411871, 56.51541943359048 ], [ 23.291392273889265, 56.515375969387776 ], [ 23.291495856494304, 56.515282721120975 ], [ 23.291451064711243, 56.515257441990961 ], [ 23.291304207798792, 56.515244092609059 ], [ 23.29098716433122, 56.515254795781949 ], [ 23.290634307306146, 56.515365388570444 ], [ 23.290586711628642, 56.515490235434449 ], [ 23.290481957555699, 56.515646035556053 ], [ 23.290401936088166, 56.515689370102002 ], [ 23.290209351171608, 56.515700781997815 ], [ 23.29004009733718, 56.51567479132617 ], [ 23.289826052609818, 56.515623520711742 ], [ 23.289691094602322, 56.51557895778339 ], [ 23.28953374151406, 56.515521754798094 ], [ 23.289306861852854, 56.515551736989075 ], [ 23.289182399860845, 56.515551025050499 ], [ 23.289080801521646, 56.515537931941687 ], [ 23.289036479473168, 56.515487630903642 ], [ 23.289038353143535, 56.515387546735546 ], [ 23.289028677944106, 56.515299908346464 ], [ 23.2889840049029, 56.515268373070612 ], [ 23.2889157656831, 56.515286750362321 ], [ 23.288823959981173, 56.515355040181525 ], [ 23.288811825325656, 56.515398762242988 ], [ 23.28874370294119, 56.51541088417882 ], [ 23.288573513971777, 56.515434933594541 ], [ 23.288472150551684, 56.515409329469392 ], [ 23.288325645792746, 56.515377210789424 ], [ 23.288234893942402, 56.515389202833497 ], [ 23.288019563296093, 56.51540673696833 ], [ 23.287862213454449, 56.515349531872801 ], [ 23.28785195448442, 56.515293169693742 ], [ 23.287819418197788, 56.515217912035752 ], [ 23.287786295493085, 56.515173930664098 ], [ 23.287707210542926, 56.515167221400496 ], [ 23.287638618892181, 56.515204363766749 ], [ 23.287420824262284, 56.515353257298479 ], [ 23.2873076776342, 56.515352608370868 ], [ 23.287263123361644, 56.515314817221778 ], [ 23.287173545439934, 56.515264255908285 ], [ 23.287037534946233, 56.515275987429298 ], [ 23.286922861681681, 56.515356656504117 ], [ 23.286763516577942, 56.515405789401584 ], [ 23.286616190773817, 56.515417455511525 ], [ 23.28649149424729, 56.515429251393165 ], [ 23.2862529454023, 56.515477928801637 ], [ 23.286196959778266, 56.515446327535436 ], [ 23.286141326991238, 56.515395960474279 ], [ 23.28609700900893, 56.515345658396818 ], [ 23.286008138190301, 56.515257564707319 ], [ 23.285850321502569, 56.51522537809808 ], [ 23.285703231432485, 56.515224532614283 ], [ 23.285635932028839, 56.515192866051713 ], [ 23.285580300356465, 56.515142498740111 ], [ 23.285581712422861, 56.51506743566636 ], [ 23.285582771468196, 56.51501113836045 ], [ 23.285571927604657, 56.514986052280236 ], [ 23.28553821931499, 56.514973346596122 ], [ 23.28548105814896, 56.515004297570115 ], [ 23.285377461582037, 56.515097540791459 ], [ 23.285319476089978, 56.5151722784803 ], [ 23.285273629058807, 56.515203294435011 ], [ 23.285171562062814, 56.515215219157135 ], [ 23.285093066267457, 56.515177231953366 ], [ 23.284823400519745, 56.515075585188789 ], [ 23.28440794367588, 56.514904283022943 ], [ 23.284397572083503, 56.51485417582272 ], [ 23.284592982384201, 56.514692646803333 ], [ 23.285108726983118, 56.514345282926726 ], [ 23.285156221446975, 56.514226693436555 ], [ 23.285112023869296, 56.514170135748579 ], [ 23.284988744173571, 56.514106867056483 ], [ 23.28425838477121, 56.513833656865032 ], [ 23.283921317511368, 56.513706596063592 ], [ 23.283662625518783, 56.513623777760429 ], [ 23.283426090803399, 56.513566110441516 ], [ 23.283199808396795, 56.513564805234985 ], [ 23.282894563393477, 56.513550532044469 ], [ 23.282736165790229, 56.513549617765754 ], [ 23.28251059254147, 56.513510779781775 ], [ 23.282375768863659, 56.513459953680204 ], [ 23.28234383596892, 56.513353418330247 ], [ 23.282424570747761, 56.513272557446406 ], [ 23.282561166251195, 56.513229554686923 ], [ 23.282664173860571, 56.513167590061016 ], [ 23.28274431690885, 56.513118005235413 ], [ 23.282857574879454, 56.513112403047145 ], [ 23.282970242351084, 56.513138077028529 ], [ 23.28319628609168, 56.513151893156525 ], [ 23.283276664500345, 56.513089797475665 ], [ 23.283278081009559, 56.513014734414675 ], [ 23.283087751009209, 56.512907285459711 ], [ 23.282861944985051, 56.512880958628124 ], [ 23.282772260537786, 56.512836649405983 ], [ 23.282705558483226, 56.512773704987836 ], [ 23.282615992621469, 56.512723140398649 ], [ 23.282571918722031, 56.512660326552933 ], [ 23.282402092809335, 56.512665601784427 ], [ 23.282323014058147, 56.512658889106859 ], [ 23.282188075427772, 56.512614318057132 ], [ 23.282063741494497, 56.512607343758468 ], [ 23.281939052825415, 56.5126191350966 ], [ 23.281926556360379, 56.512681622247804 ], [ 23.281833561681424, 56.5128124594494 ], [ 23.281810933896779, 56.512812328658406 ], [ 23.281731973243748, 56.512799360351011 ], [ 23.281676350242762, 56.512748991294202 ], [ 23.281574762029955, 56.512735892067717 ], [ 23.28145007279079, 56.512747682913457 ], [ 23.281291086744691, 56.512778043065055 ], [ 23.281223440219822, 56.512765139878375 ], [ 23.281167462779624, 56.512733536353053 ], [ 23.281157096033699, 56.512683428877239 ], [ 23.28107920149926, 56.51261416288294 ], [ 23.281000478342115, 56.512588683606943 ], [ 23.280820049394947, 56.512556359691551 ], [ 23.280707385115353, 56.512530683766101 ], [ 23.280583999608723, 56.51247366597142 ], [ 23.280573396731153, 56.51243606895099 ], [ 23.280461562499099, 56.512366606039436 ], [ 23.280359620175687, 56.512372271577952 ], [ 23.280290907912228, 56.512415665150947 ], [ 23.280245178675358, 56.512440424010428 ], [ 23.280188491239493, 56.512446351554914 ], [ 23.280132159459271, 56.512433513319323 ], [ 23.280110361837199, 56.512389595459297 ], [ 23.280055215867812, 56.512314204674603 ], [ 23.280045324984499, 56.512239076100776 ], [ 23.279990297940291, 56.51215743003479 ], [ 23.279945873279235, 56.512113381019148 ], [ 23.279866796124104, 56.512106666781762 ], [ 23.279776286707541, 56.512106142164612 ], [ 23.279752829023209, 56.512149797758383 ], [ 23.279729371284578, 56.512193453347265 ], [ 23.27972877816952, 56.51222472960265 ], [ 23.279705794864665, 56.512243364182297 ], [ 23.279626598842793, 56.512242905042569 ], [ 23.279524775389532, 56.51224231464591 ], [ 23.279378290479485, 56.512210185450535 ], [ 23.279356612540379, 56.512160012208611 ], [ 23.27931195123054, 56.512128473469467 ], [ 23.279086983604245, 56.512058353038881 ], [ 23.278884406567723, 56.512000874029326 ], [ 23.278772220373952, 56.511950175353924 ], [ 23.278740180044494, 56.511849894331114 ], [ 23.278685512746115, 56.511749481940292 ], [ 23.278573565181055, 56.511686272585798 ], [ 23.278348126150288, 56.51164117182249 ], [ 23.278325142525691, 56.511659806147676 ], [ 23.278312997008975, 56.511703527181744 ], [ 23.278300613751515, 56.511759758713417 ], [ 23.278266197593943, 56.511784582560729 ], [ 23.27820939196506, 56.511796764454076 ], [ 23.278062672104952, 56.511777144211301 ], [ 23.277803292468427, 56.511731845244604 ], [ 23.27751092470314, 56.511636306391758 ], [ 23.277365276916083, 56.511560388090111 ], [ 23.277367419076931, 56.511447793616384 ], [ 23.2774486363177, 56.511341914962891 ], [ 23.277443068951349, 56.511155714189691 ] ] ] } },
{ "type": "Feature", "properties": { "fid": 48, "nosaukums": "Jugliņa", "posmaID": 47, "gadsAvotos": 1971, "kolhozs": "Kroņauce", "regulets1940": false, "garums": 3875, "udenskratuve": null, "piezimes": null }, "geometry": { "type": "MultiLineString", "coordinates": [ [ [ 23.320861861762385, 56.531971671549378 ], [ 23.320502547523269, 56.5321229771193 ], [ 23.320366150555817, 56.532153510825026 ], [ 23.320264160775437, 56.53215920897204 ], [ 23.32005928459677, 56.532220647292 ], [ 23.319741546243741, 56.532262699905239 ], [ 23.319503718692488, 56.532267653874456 ], [ 23.319447344117357, 56.532254833402966 ], [ 23.31942526541528, 56.53222343301529 ], [ 23.31944969961814, 56.532123472441647 ], [ 23.319451045609661, 56.532048409033898 ], [ 23.319417759487223, 56.532010691376762 ], [ 23.319293803689987, 56.531978733050686 ], [ 23.31892081503123, 56.53194541016741 ], [ 23.318593330344243, 56.531899823851859 ], [ 23.318536395046451, 56.531918279383611 ], [ 23.318512969457057, 56.531961942229806 ], [ 23.31850075119279, 56.532011922423848 ], [ 23.318432495972971, 56.532030315837268 ], [ 23.318307866825702, 56.532035888225892 ], [ 23.31809301712094, 56.532022197823203 ], [ 23.317719916667279, 56.53199512661989 ], [ 23.317595849892708, 56.53196942188567 ], [ 23.317302325640618, 56.531924018622455 ], [ 23.316962172553279, 56.531953429209551 ], [ 23.316848074977756, 56.532002849309166 ], [ 23.316744058085959, 56.532121139617779 ], [ 23.31675391388049, 56.532202520491865 ], [ 23.316718265360393, 56.532296163005398 ], [ 23.316660878054755, 56.532339638793793 ], [ 23.316433918806677, 56.532369670243298 ], [ 23.316254266949002, 56.532287355351201 ], [ 23.316129749368937, 56.532286670273095 ], [ 23.31606081616188, 56.532342594055613 ], [ 23.316003315299529, 56.532392324817344 ], [ 23.315878571869728, 56.532404150045046 ], [ 23.315641419756695, 56.532371564946587 ], [ 23.315416264839151, 56.532301510076564 ], [ 23.315145831711085, 56.532231205307859 ], [ 23.314987580867207, 56.532217821399854 ], [ 23.314715454936096, 56.532241344866371 ], [ 23.314568185051005, 56.532246788671209 ], [ 23.314500831378556, 56.532215137699609 ], [ 23.314489850576123, 56.532196309433111 ], [ 23.3145135068944, 56.532140136803434 ], [ 23.314548369883745, 56.532090281876052 ], [ 23.314526634268312, 56.532040114794526 ], [ 23.314413663237918, 56.532026979874807 ], [ 23.314311672942882, 56.532032673135973 ], [ 23.31396030999155, 56.532055757770372 ], [ 23.313812701440568, 56.532079966512029 ], [ 23.313788591727107, 56.532161160112601 ], [ 23.31377648028041, 56.532204884548882 ], [ 23.31371965531007, 56.532217082589959 ], [ 23.313561291905334, 56.532209952143546 ], [ 23.313358102250863, 56.53217755024842 ], [ 23.313199625886099, 56.532176674617588 ], [ 23.312995304421982, 56.532206824886906 ], [ 23.312700311301782, 56.532242729345171 ], [ 23.312553041141246, 56.53224817076152 ], [ 23.312474709353861, 56.532197690259835 ], [ 23.312408264138085, 56.532115995960048 ], [ 23.312387891297409, 56.531990765213408 ], [ 23.312492261312009, 56.531853712754788 ], [ 23.312527579908522, 56.531778837296891 ], [ 23.312506073759881, 56.531716159315778 ], [ 23.312450155663548, 56.531678314575878 ], [ 23.312325526842095, 56.531683880966661 ], [ 23.3121213207233, 56.531707774531355 ], [ 23.311905114297776, 56.531769136737381 ], [ 23.311766443139231, 56.531924766479506 ], [ 23.311720370418747, 56.531968302659003 ], [ 23.311607287135409, 56.531961420465123 ], [ 23.311472699355981, 56.531891860014206 ], [ 23.311473380234663, 56.531854328371502 ], [ 23.311508587365996, 56.531785708481955 ], [ 23.311577412780643, 56.531736042507156 ], [ 23.311567227812176, 56.531673427066188 ], [ 23.311499423771199, 56.531666795570089 ], [ 23.311454031953847, 56.531672800008799 ], [ 23.311351247693075, 56.531722277759421 ], [ 23.311225483374848, 56.531790395783219 ], [ 23.311111833019925, 56.531814789507266 ], [ 23.311010297044863, 56.531795458966364 ], [ 23.310954607458605, 56.531745103010856 ], [ 23.310966835565594, 56.531695123580604 ], [ 23.311196633130347, 56.531508720269265 ], [ 23.311243500498762, 56.531421397363395 ], [ 23.311278821146928, 56.531346522260144 ], [ 23.311268523259727, 56.531290162066334 ], [ 23.31124667891957, 56.531246249690554 ], [ 23.31122562925308, 56.531158550391645 ], [ 23.311193033231842, 56.531083298902907 ], [ 23.311251219458697, 56.530996038720552 ], [ 23.311376754104284, 56.530940431204712 ], [ 23.311377548544641, 56.530896644282357 ], [ 23.311321519278103, 56.530865054309999 ], [ 23.311264809046911, 56.530870995959717 ], [ 23.311150593831016, 56.530926666101763 ], [ 23.31109308871288, 56.530976394592656 ], [ 23.31104712992817, 56.531013675256013 ], [ 23.310922389528496, 56.531025495519209 ], [ 23.310832402308037, 56.530993717046343 ], [ 23.310640995345057, 56.530936352395521 ], [ 23.310595490648485, 56.530948611796781 ], [ 23.310549531410334, 56.53098589227519 ], [ 23.310413357918588, 56.5310039045075 ], [ 23.310300164084396, 56.531003276404036 ], [ 23.31009664260008, 56.53098963501229 ], [ 23.310005405265194, 56.531026663943472 ], [ 23.3099705373067, 56.531076517592894 ], [ 23.309890391580392, 56.531126119828492 ], [ 23.309799949983351, 56.531119361699922 ], [ 23.309743807946838, 56.53109402629218 ], [ 23.309710418554722, 56.531062561327488 ], [ 23.309654959316731, 56.530999694245892 ], [ 23.30956451806405, 56.530992935946657 ], [ 23.30949637419122, 56.531005069177318 ], [ 23.309428002648815, 56.531029712914382 ], [ 23.309325900489657, 56.531041657361712 ], [ 23.309246778587653, 56.531034961734953 ], [ 23.309201956429252, 56.531009688994232 ], [ 23.309101106791065, 56.530952825268699 ], [ 23.309022440633484, 56.530921108413246 ], [ 23.308921022019526, 56.53089552089962 ], [ 23.308864197470196, 56.530907716724286 ], [ 23.30884110313017, 56.530932611914956 ], [ 23.308806575478485, 56.530963699421399 ], [ 23.308772617375201, 56.530963510562259 ], [ 23.308671084880686, 56.530944178116123 ], [ 23.308603282660119, 56.530937545043685 ], [ 23.30847899764623, 56.53092434176979 ], [ 23.308303604643417, 56.530920237800515 ], [ 23.308155768915217, 56.530956950371049 ], [ 23.30813256005489, 56.530988100698963 ], [ 23.308086712390921, 56.531019124990166 ], [ 23.30797317640809, 56.531037260577754 ], [ 23.307928126978119, 56.53102449791978 ], [ 23.307883876051381, 56.530967948355837 ], [ 23.307874495855209, 56.530861545729529 ], [ 23.307910050736663, 56.530774161051575 ], [ 23.307980361654373, 56.530643178553419 ], [ 23.308049303625026, 56.530587259258994 ], [ 23.308151747018648, 56.530556550045333 ], [ 23.308198506176613, 56.530475483559435 ], [ 23.308199646308427, 56.530412930850204 ], [ 23.308155965781545, 56.530325105023294 ], [ 23.308066552720923, 56.530262048198978 ], [ 23.308000234412273, 56.530174096277662 ], [ 23.308012465884609, 56.530124117133731 ], [ 23.308126341185091, 56.530087215687324 ], [ 23.308251193350102, 56.530069142951888 ], [ 23.308522851756994, 56.530070654689474 ], [ 23.308580700696719, 56.530002161569861 ], [ 23.308593273186208, 56.529933416549554 ], [ 23.308560455519974, 56.529870674914875 ], [ 23.308459040021575, 56.529845087027539 ], [ 23.308322641672593, 56.529875607523564 ], [ 23.308242838360687, 56.529906442892489 ], [ 23.308140396799008, 56.529937152188893 ], [ 23.308039095446507, 56.529905308688065 ], [ 23.307983526612233, 56.529848696131097 ], [ 23.307950938129764, 56.529773443794674 ], [ 23.307974374482541, 56.529729782950469 ], [ 23.308020220672176, 56.529698758690692 ], [ 23.308145413663759, 56.529661920242837 ], [ 23.308202236573141, 56.529649724740395 ], [ 23.308225672559704, 56.529606063847027 ], [ 23.308238017549279, 56.529549829403273 ], [ 23.308204402740223, 56.529530874576331 ], [ 23.308147694027511, 56.529536814808665 ], [ 23.30794383905009, 56.529541935724545 ], [ 23.307717574312051, 56.52953441966622 ], [ 23.307424195008537, 56.52948273786015 ], [ 23.307187867745146, 56.529406349782732 ], [ 23.307142477964472, 56.529412352653871 ], [ 23.307084627342235, 56.529480845106399 ], [ 23.307060733336076, 56.529549526863804 ], [ 23.307048272404135, 56.529612016456589 ], [ 23.306990192886847, 56.529693019402096 ], [ 23.306830584752504, 56.529754688375469 ], [ 23.30672882798369, 56.529747864888769 ], [ 23.306651080430591, 56.529666104379451 ], [ 23.306482210141528, 56.529615114904686 ], [ 23.30640389186501, 56.529564630588631 ], [ 23.306348325970202, 56.529508017304622 ], [ 23.306326602655957, 56.529457848798515 ], [ 23.306316541253256, 56.529388977657575 ], [ 23.306261318727167, 56.529313598525363 ], [ 23.306227362118332, 56.529313408974396 ], [ 23.306159791934917, 56.529294264036459 ], [ 23.306091078264359, 56.52933767175481 ], [ 23.306034140787148, 56.529356121561278 ], [ 23.305920837587355, 56.529361744750425 ], [ 23.305830858516771, 56.529329962667681 ], [ 23.305797016300591, 56.529323517730177 ], [ 23.305751626403186, 56.529329520093142 ], [ 23.305603908875138, 56.529359974378032 ], [ 23.305479172263187, 56.529371789190328 ], [ 23.305422806770054, 56.529358962373827 ], [ 23.305412060227628, 56.529327622773053 ], [ 23.305435499217584, 56.529283962410943 ], [ 23.30543618599825, 56.529246430800164 ], [ 23.305414578504458, 56.529190006867324 ], [ 23.305404289888209, 56.529133646190942 ], [ 23.305381995675567, 56.529114753863198 ], [ 23.305280469868034, 56.529095418657754 ], [ 23.305122121155115, 56.529088277490558 ], [ 23.304918611862607, 56.529074627645088 ], [ 23.304793188569711, 56.529123973378546 ], [ 23.304554003671267, 56.529203961998213 ], [ 23.304417489893719, 56.52924073347674 ], [ 23.30424793656405, 56.529227272577259 ], [ 23.304192259714469, 56.529176913602278 ], [ 23.30413704171972, 56.529101533534735 ], [ 23.304058039490915, 56.529088579347956 ], [ 23.303989667903902, 56.529113220100619 ], [ 23.30389762615734, 56.529194031421873 ], [ 23.303851433050156, 56.529243819955759 ], [ 23.303613163536674, 56.529273764626595 ], [ 23.303523071841209, 56.529248236143857 ], [ 23.303501811538432, 56.529173046087479 ], [ 23.303537030537065, 56.529104428455987 ], [ 23.303493132728359, 56.52902911153442 ], [ 23.303391608124141, 56.529009774788612 ], [ 23.303255438396075, 56.529027779193001 ], [ 23.303220333789071, 56.529090141478775 ], [ 23.30320717771313, 56.529190162269536 ], [ 23.30318224337066, 56.529315140656948 ], [ 23.303136623392319, 56.529333652594651 ], [ 23.30302377929662, 56.529314252080567 ], [ 23.302957359461242, 56.529232552753093 ], [ 23.30287916156049, 56.529175810961 ], [ 23.302766892580713, 56.52912513388889 ], [ 23.30266479349773, 56.529137072875052 ], [ 23.302596076131909, 56.529180478653004 ], [ 23.302606130729366, 56.529249350080676 ], [ 23.302639282785055, 56.5292933274741 ], [ 23.302605211290398, 56.529299392198268 ], [ 23.302503571475818, 56.529286309991839 ], [ 23.302209281325776, 56.529284658011335 ], [ 23.301665516176055, 56.529306627424241 ], [ 23.301632595419516, 56.529250139247047 ], [ 23.301577152214012, 56.52918726858227 ], [ 23.301498265805719, 56.529168057506773 ], [ 23.301295563453365, 56.529110614887927 ], [ 23.301172899329796, 56.529009830641243 ], [ 23.301060517946517, 56.528965407296205 ], [ 23.300936011662351, 56.528964707023356 ], [ 23.300879187472603, 56.528976899201709 ], [ 23.300855397789569, 56.529039324482021 ], [ 23.300854821702618, 56.529070600794974 ], [ 23.30082063490384, 56.529082920292453 ], [ 23.300752491708877, 56.529095048734156 ], [ 23.300706409849472, 56.529138580827642 ], [ 23.300682158792895, 56.529226027121091 ], [ 23.300599814954342, 56.529394473338677 ], [ 23.300553847822705, 56.529431750110327 ], [ 23.300451747232799, 56.529443687274096 ], [ 23.30035022309092, 56.529424348046177 ], [ 23.300283578205295, 56.529355157828142 ], [ 23.300250198194206, 56.529323690336412 ], [ 23.300159647329771, 56.529323180466989 ], [ 23.30004622804967, 56.529335053559919 ], [ 23.299956138629007, 56.529309522497336 ], [ 23.299900813495906, 56.52924039583079 ], [ 23.299834054365551, 56.529177460633647 ], [ 23.299721674064259, 56.529133036081809 ], [ 23.299597282690822, 56.529126079205554 ], [ 23.299325285149049, 56.529143313757196 ], [ 23.299233810852936, 56.529192845297473 ], [ 23.299244436769087, 56.529230440680671 ], [ 23.299209556370403, 56.529280291294327 ], [ 23.299186803191628, 56.529286418903808 ], [ 23.299119583151356, 56.529248504366677 ], [ 23.299018175739135, 56.52922290879291 ], [ 23.298905103028805, 56.529216015064748 ], [ 23.298804158073018, 56.529165398277506 ], [ 23.298635878550844, 56.529083121870343 ], [ 23.2985233843375, 56.529044951498037 ], [ 23.298432949787873, 56.529038185112789 ], [ 23.298354412184285, 56.529000206267881 ], [ 23.298309830975214, 56.528962419096182 ], [ 23.298174353004867, 56.528942886372604 ], [ 23.298116949630067, 56.528986353581267 ], [ 23.298115908613404, 56.529042650912039 ], [ 23.298171461523872, 56.529099267848679 ], [ 23.298182433336112, 56.529118097543751 ], [ 23.298170420583602, 56.529155565179067 ], [ 23.298136348508717, 56.529161628676775 ], [ 23.297887450521159, 56.529153966886014 ], [ 23.2977520878181, 56.529128178443074 ], [ 23.297594203483314, 56.52909600665437 ], [ 23.297583579239362, 56.529058411133413 ], [ 23.297584389533853, 56.529014624325725 ], [ 23.297641446319698, 56.528989923139967 ], [ 23.297755212485662, 56.528959286464691 ], [ 23.297789747326959, 56.528928202036539 ], [ 23.297791020265851, 56.528859394191279 ], [ 23.297769424363093, 56.528802968954615 ], [ 23.297783173230908, 56.528671672474253 ], [ 23.297761345993791, 56.528627757752609 ], [ 23.297694475753236, 56.528571076670346 ], [ 23.297695054433191, 56.52853980037596 ], [ 23.29774183337231, 56.528458737847529 ], [ 23.297810902102608, 56.528396568981556 ], [ 23.297923972166323, 56.528403463699625 ], [ 23.298093403835921, 56.528423188473347 ], [ 23.298195386751338, 56.5284175084998 ], [ 23.298332712944223, 56.528336957039116 ], [ 23.298368402982067, 56.528243319844208 ], [ 23.298359512575431, 56.528111895480492 ], [ 23.298247137155297, 56.528067469599755 ], [ 23.298156820641612, 56.528054447758301 ], [ 23.298043173191147, 56.528078829553365 ], [ 23.297952278264479, 56.528097083862313 ], [ 23.297861846076909, 56.528090317066287 ], [ 23.297840366206767, 56.528027636576176 ], [ 23.297909549684, 56.527959212389035 ], [ 23.297921562305625, 56.527921744771447 ], [ 23.297854693060341, 56.527865063771429 ], [ 23.297787129709238, 56.527845914293842 ], [ 23.297708248020772, 56.527826700820192 ], [ 23.297629829386064, 56.527782466258351 ], [ 23.297630871073899, 56.527726168921966 ], [ 23.297575205212819, 56.527675806997763 ], [ 23.297484889864393, 56.527662784670056 ], [ 23.297406703386873, 56.527606039448735 ], [ 23.297339140723718, 56.527586889728497 ], [ 23.297270999121402, 56.527599016268113 ], [ 23.297123281617232, 56.527629460481343 ], [ 23.297055487382327, 56.527622821125298 ], [ 23.296999590744679, 56.527584969462673 ], [ 23.296886870887004, 56.527559308132773 ], [ 23.296831206258609, 56.527508945877031 ], [ 23.296820119700808, 56.527496371319387 ], [ 23.296763991714769, 56.527471030068625 ], [ 23.2966620111387, 56.527476708874232 ], [ 23.296615694761755, 56.527532749972501 ], [ 23.29660333324383, 56.527588983238523 ], [ 23.29658034883338, 56.527607620890699 ], [ 23.29654604605717, 56.527626194473356 ], [ 23.296432978568049, 56.527619298507148 ], [ 23.296376850660785, 56.52759395708226 ], [ 23.296286999779753, 56.52755591285306 ], [ 23.296265406840657, 56.527499487350617 ], [ 23.296210207029109, 56.527424103786231 ], [ 23.296143109244362, 56.527379932385386 ], [ 23.296064461361691, 56.527348207355452 ], [ 23.295906121764617, 56.527341054466419 ], [ 23.295827010008274, 56.527334350317496 ], [ 23.295680453018075, 56.527302240241262 ], [ 23.295601921760099, 56.527264259662132 ], [ 23.295500870308306, 56.527219895457215 ], [ 23.295456177925793, 56.527188362520604 ], [ 23.295400864063939, 56.52711923385538 ], [ 23.295322681825393, 56.527062487328514 ], [ 23.295187096048988, 56.527049206620418 ], [ 23.295141707228098, 56.527055205113165 ], [ 23.295038449698779, 56.527129690414817 ], [ 23.294993060758507, 56.527135688852923 ], [ 23.294868560637124, 56.527134982516586 ], [ 23.294734020722675, 56.527065404005505 ], [ 23.294632622116879, 56.527039804866227 ], [ 23.294518975472133, 56.527064183444466 ], [ 23.294461570783877, 56.527107648974521 ], [ 23.294256564230793, 56.527175300028269 ], [ 23.294087140162272, 56.52715557003863 ], [ 23.294031479846254, 56.527105206536355 ], [ 23.294077217876175, 56.527080442683193 ], [ 23.29412330480012, 56.527036913046132 ], [ 23.294136018749864, 56.526961914263396 ], [ 23.294045938958547, 56.526936378930827 ], [ 23.293932757647067, 56.526935735950985 ], [ 23.293863685260423, 56.52699790266702 ], [ 23.293862754375457, 56.527047944709274 ], [ 23.293794030785996, 56.527091345619169 ], [ 23.293646778092743, 56.527096764680493 ], [ 23.293568482122115, 56.527046272311445 ], [ 23.293569646212671, 56.526983719762491 ], [ 23.293571043115165, 56.526908656702908 ], [ 23.293526585536593, 56.52686461256566 ], [ 23.293492514789637, 56.526870674795731 ], [ 23.293424256830942, 56.526889054482595 ], [ 23.293344331348461, 56.526926135539675 ], [ 23.29327630613269, 56.526932004635412 ], [ 23.293220297822945, 56.526900406535319 ], [ 23.293187857594233, 56.526818895117692 ], [ 23.293200107440139, 56.526768917451101 ], [ 23.293280847917352, 56.526688049701669 ], [ 23.293349571357346, 56.526644649072409 ], [ 23.293373721157085, 56.5265634594668 ], [ 23.293274537468321, 56.526419009375438 ], [ 23.293151437445601, 56.526343238263685 ], [ 23.292982134176526, 56.526317251520688 ], [ 23.292960313831987, 56.526273335956496 ], [ 23.292950160978158, 56.526210719016326 ], [ 23.292950976529418, 56.526166932232037 ], [ 23.292895552195915, 56.526104057710455 ], [ 23.292760786477679, 56.526046987579633 ], [ 23.292380876375553, 56.525782076385561 ], [ 23.29215790316535, 56.525599384931425 ], [ 23.292056393569737, 56.525580038952668 ], [ 23.29188592766209, 56.525616603265817 ], [ 23.291839489852787, 56.525678897842788 ], [ 23.291725728809542, 56.525709529131547 ], [ 23.29165817240504, 56.52569037633269 ], [ 23.291489106574414, 56.525651877055545 ], [ 23.29124011625748, 56.525650457262024 ], [ 23.291036513744466, 56.5256430399889 ], [ 23.290935355121853, 56.525604927337184 ], [ 23.290879934946975, 56.525542051921398 ], [ 23.290812612983583, 56.525510388158672 ], [ 23.290733505965836, 56.525503680777192 ], [ 23.290596992262532, 56.525540437096161 ], [ 23.290574239953042, 56.525546563134661 ], [ 23.290506333702517, 56.525546175468286 ], [ 23.290382306624814, 56.525520443641895 ], [ 23.290281850652413, 56.525444798947198 ], [ 23.290078600373761, 56.525418614351722 ], [ 23.289976975340544, 56.525405521929535 ], [ 23.289695789330018, 56.525310076280952 ], [ 23.289582730031608, 56.525303174100259 ], [ 23.289458118986275, 56.525308717610073 ], [ 23.289345528126404, 56.525276794209532 ], [ 23.289335264391731, 56.525220432230668 ], [ 23.289427444428377, 56.525133376445901 ], [ 23.289429434835149, 56.525027037174446 ], [ 23.289397706845175, 56.524907993258957 ], [ 23.289251633149732, 56.52485085462051 ], [ 23.289172879160702, 56.524825380495308 ], [ 23.289037186428516, 56.524818348349463 ], [ 23.288957964015708, 56.524817895092376 ], [ 23.288800105122455, 56.524785712173241 ], [ 23.288744338094951, 56.524741601560912 ], [ 23.288757179052396, 56.52466034807486 ], [ 23.28874691635075, 56.524603986044433 ], [ 23.288601548106662, 56.524509315139426 ], [ 23.288478229137127, 56.524446049915902 ], [ 23.288399242009788, 56.524433085803381 ], [ 23.288297033871117, 56.524451268265828 ], [ 23.28820579117232, 56.524488281217891 ], [ 23.288024478359048, 56.524499754419907 ], [ 23.287956574018391, 56.524499365364981 ], [ 23.287831496015063, 56.524529928249656 ], [ 23.28779683972401, 56.524567265171569 ], [ 23.287717383131657, 56.524579321624017 ], [ 23.287650300267483, 56.524535145655307 ], [ 23.287685191407494, 56.524485298275366 ], [ 23.287686130344632, 56.524435256279148 ], [ 23.287687304011811, 56.524372703783321 ], [ 23.287642504101374, 56.524347423296767 ], [ 23.287540061054916, 56.524378115635585 ], [ 23.287449287422561, 56.524390107033831 ], [ 23.287404839889803, 56.524346060714144 ], [ 23.287428061621004, 56.524314914256976 ], [ 23.28746260063841, 56.524283832686123 ], [ 23.28748617448105, 56.524233920469172 ], [ 23.287441374868148, 56.524208639910334 ], [ 23.287363327945897, 56.524145633145388 ], [ 23.287251212053135, 56.524088686856921 ], [ 23.28716220079993, 56.52400684930786 ], [ 23.287197679314865, 56.523925725814159 ], [ 23.287198618874672, 56.523875683818723 ], [ 23.287131655308638, 56.523825252320208 ], [ 23.287052904875029, 56.523799776856272 ], [ 23.287007636158577, 56.523799517138613 ], [ 23.286712801897526, 56.523829104816244 ], [ 23.286554713934525, 56.523809429552493 ], [ 23.286285335910101, 56.52368902019176 ], [ 23.286054306206051, 56.523295017953814 ] ] ] } },
{ "type": "Feature", "properties": { "fid": 52, "nosaukums": "Svēpaine", "posmaID": 64, "gadsAvotos": 1965, "kolhozs": "Brīvais ceļš", "regulets1940": true, "garums": 4848, "udenskratuve": null, "piezimes": null }, "geometry": { "type": "MultiLineString", "coordinates": [ [ [ 23.356925220272771, 56.460607275487419 ], [ 23.35659345878825, 56.460393563802789 ], [ 23.356388581974745, 56.460331696921941 ], [ 23.355936877833102, 56.460253348255534 ], [ 23.355745472462811, 56.460206751435599 ], [ 23.355677995827239, 56.460137995667594 ], [ 23.35578961217141, 56.460032166158982 ], [ 23.355927781225123, 56.459979678659032 ], [ 23.355983331678352, 56.459941963713639 ], [ 23.355956392454434, 56.459911421479262 ], [ 23.35577820099201, 56.459895295739756 ], [ 23.355738307095653, 56.459819082498633 ], [ 23.355674176546575, 56.459552727884947 ], [ 23.355702530579411, 56.459499670670411 ], [ 23.355936784438093, 56.459447681762775 ], [ 23.356225172886905, 56.459441576872308 ], [ 23.356390792475167, 56.459389231198017 ], [ 23.356419916495181, 56.459290574074593 ], [ 23.356244041687322, 56.459137649783422 ], [ 23.35613782934352, 56.458924281541634 ], [ 23.356099607264682, 56.458749268963352 ], [ 23.356019434926765, 56.458619642520155 ], [ 23.355965558320083, 56.458558558052282 ], [ 23.355898084185981, 56.458489802391405 ], [ 23.355843693441553, 56.45845911769883 ], [ 23.355638056227697, 56.458442849328939 ], [ 23.35544575935868, 56.458449451752067 ], [ 23.355377514027779, 56.458426295548747 ], [ 23.355364946255502, 56.458357824669456 ], [ 23.355407540924396, 56.458274438955698 ], [ 23.355618838728081, 56.45795630959099 ], [ 23.355716851360079, 56.45784280889464 ], [ 23.355731606627536, 56.457782080464817 ], [ 23.35566323365363, 56.457766524376133 ], [ 23.355539441799387, 56.457781083083759 ], [ 23.355085065347421, 56.457862330461367 ], [ 23.354934078396543, 56.457861546042864 ], [ 23.354647119250931, 56.457784048446065 ], [ 23.354552325684999, 56.457707549393184 ], [ 23.354553485630376, 56.457639149788136 ], [ 23.3546648399942, 56.457548521151139 ], [ 23.354884842009817, 56.457526862664658 ], [ 23.355050326294137, 56.45748211870449 ], [ 23.355146794232628, 56.457459817937256 ], [ 23.355161421496117, 56.457406689530536 ], [ 23.35513435594709, 56.457383747068292 ], [ 23.355010693930605, 56.457390705294692 ], [ 23.354846240582699, 56.457374649548441 ], [ 23.354723738170378, 56.457313207876858 ], [ 23.354725155483067, 56.457229608351327 ], [ 23.354767750270955, 56.457146222842233 ], [ 23.35481021604248, 56.457070437274233 ], [ 23.354783408610782, 56.457032294820728 ], [ 23.354715166220139, 56.457009138254776 ], [ 23.354646279608442, 56.457023981436798 ], [ 23.354536086695106, 56.457046210456831 ], [ 23.354357522498614, 56.457052882573301 ], [ 23.354303392904878, 56.457006997293128 ], [ 23.35429018285669, 56.456976526077973 ], [ 23.354222069813243, 56.456945769285085 ], [ 23.354153827921159, 56.456922612411397 ], [ 23.354072118325515, 56.456884184174662 ], [ 23.354032230960573, 56.456807970363428 ], [ 23.354033649764926, 56.456724370842409 ], [ 23.354076374465226, 56.45663338560928 ], [ 23.354077535218721, 56.456564985998739 ], [ 23.35405124478411, 56.456496443559239 ], [ 23.353942343047152, 56.456442672489011 ], [ 23.353833183577493, 56.456404101236721 ], [ 23.353710427830819, 56.456357858479798 ], [ 23.353547399350841, 56.456258201500653 ], [ 23.353521368242546, 56.456174459035353 ], [ 23.353481740892807, 56.456083045129752 ], [ 23.353427097329607, 56.456067559291881 ], [ 23.353276246677083, 56.456059172917016 ], [ 23.353166443225682, 56.456058600861006 ], [ 23.352974287195419, 56.456057599529309 ], [ 23.352796244283894, 56.456033869588545 ], [ 23.352659636338505, 56.45599515419628 ], [ 23.352646944972658, 56.455934282983549 ], [ 23.352662738383792, 56.455812755265164 ], [ 23.352705077591217, 56.455744570362853 ], [ 23.352706757736371, 56.455645770937622 ], [ 23.352611456333513, 56.455599670221154 ], [ 23.352542700739285, 56.455606912287571 ], [ 23.352445460232527, 56.455674810777978 ], [ 23.352333976797691, 56.455773037407255 ], [ 23.352155030156357, 56.455802506235131 ], [ 23.351990326127794, 56.455801646629752 ], [ 23.351840771009261, 56.455717258967709 ], [ 23.351678267960803, 56.455587199723205 ], [ 23.35154205118215, 56.455525683241554 ], [ 23.351474201931794, 56.455479725036447 ], [ 23.351421114023307, 56.455373038866931 ], [ 23.351381622046759, 56.455274024338372 ], [ 23.351397289706163, 56.455160096731191 ], [ 23.351398066708562, 56.455114497004125 ], [ 23.351330347875351, 56.455060938764859 ], [ 23.351179501691572, 56.455052549851118 ], [ 23.350973884922286, 56.455036273793759 ], [ 23.350836115911189, 56.455065955986704 ], [ 23.350766583194684, 56.455118796793656 ], [ 23.350655097078, 56.455217021917846 ], [ 23.350599937274708, 56.455231934652026 ], [ 23.350489876903364, 56.455246560140473 ], [ 23.35036648043269, 56.455238313851396 ], [ 23.350148046148842, 56.455168764933113 ], [ 23.350121763741868, 56.455100221664637 ], [ 23.350177572258207, 56.455047309378756 ], [ 23.350288151056304, 56.455002284353704 ], [ 23.35034447803622, 56.454918972178632 ], [ 23.350373743913075, 56.454812716477555 ], [ 23.350375040942286, 56.454736716943351 ], [ 23.350306805356826, 56.454713557961306 ], [ 23.350169815462479, 56.454697639697926 ], [ 23.350058199285407, 56.45480346424506 ], [ 23.349919392059146, 56.454893945044248 ], [ 23.349781363106434, 56.45493882597161 ], [ 23.34967208233827, 56.454907851023243 ], [ 23.34964554126821, 56.454854507557997 ], [ 23.349715724223298, 56.45476366761708 ], [ 23.349786815579915, 56.454619627965528 ], [ 23.349706413693589, 56.454505197334974 ], [ 23.349610599371502, 56.454489494132368 ], [ 23.34929427811981, 56.454525839679057 ], [ 23.349088275148397, 56.454532360361711 ], [ 23.348992071083675, 56.454539456537447 ], [ 23.348814557843816, 56.454485321096378 ], [ 23.348746973795066, 56.454424161502033 ], [ 23.348720304323876, 56.454378417790039 ], [ 23.348748664129136, 56.454325362133027 ], [ 23.348749574304584, 56.454272162472122 ], [ 23.348681990736381, 56.454211002841419 ], [ 23.348641986891906, 56.454142387248709 ], [ 23.348629952788105, 56.45404351586506 ], [ 23.348713601251472, 56.453967948396766 ], [ 23.348851887930465, 56.453907868739975 ], [ 23.348949650219446, 56.453809573239674 ], [ 23.348964674623968, 56.453733645690996 ], [ 23.348924280803448, 56.453687830041844 ], [ 23.348870292529284, 56.453634342441582 ], [ 23.348597752412108, 56.453518903134139 ], [ 23.348556578903178, 56.453518687079104 ], [ 23.348446782882153, 56.453518110865566 ], [ 23.348308627097179, 56.45357059012489 ], [ 23.348266933063641, 56.45360077378065 ], [ 23.348198310406001, 56.453600413498137 ], [ 23.348129948040398, 56.45358485327472 ], [ 23.348103279892094, 56.453539109427048 ], [ 23.348063538104803, 56.453455293741364 ], [ 23.347981581756226, 56.453432061409231 ], [ 23.347886421818096, 56.453378357123754 ], [ 23.347887723742556, 56.453302357609381 ], [ 23.347875171070768, 56.453233885950667 ], [ 23.347821315117905, 56.453172797943608 ], [ 23.347849805462513, 56.45311214253082 ], [ 23.347836992517113, 56.453058870769915 ], [ 23.347823919200192, 56.453020798910806 ], [ 23.347755297594048, 56.453020438385778 ], [ 23.347631518223199, 56.45303498924806 ], [ 23.347522114408754, 56.453011612365763 ], [ 23.347426695603069, 56.452973107630775 ], [ 23.347373361908605, 56.452881619624279 ], [ 23.347471125351003, 56.452783325274808 ], [ 23.347541179371483, 56.452700086487759 ], [ 23.347528888034599, 56.452616414885703 ], [ 23.347433339930301, 56.452585510107433 ], [ 23.347187738610401, 56.45250061180414 ], [ 23.346860576140944, 56.452369680093547 ], [ 23.346601775218279, 56.452254308622074 ], [ 23.346452376444308, 56.452162314529801 ], [ 23.346275660950891, 56.4520625757673 ], [ 23.346207302136033, 56.452047014489487 ], [ 23.346152536805192, 56.452039125410458 ], [ 23.346001573216839, 56.452038330181793 ], [ 23.345906419552492, 56.451984624381069 ], [ 23.345921449276172, 56.451908697190831 ], [ 23.345949680539555, 56.45186324210723 ], [ 23.345937262384091, 56.451787170295468 ], [ 23.345979217392632, 56.45174178751197 ], [ 23.346090183125867, 56.451673966339548 ], [ 23.346159846514208, 56.451613528172075 ], [ 23.34613344316698, 56.451552583993411 ], [ 23.346065476966569, 56.451514222785512 ], [ 23.346012148565123, 56.451422734185037 ], [ 23.346013715247896, 56.45133153477277 ], [ 23.34605566965925, 56.451286151958719 ], [ 23.346096971272896, 56.451278768886397 ], [ 23.346289363923123, 56.451264580904187 ], [ 23.346345041600081, 56.45121927025955 ], [ 23.346345955027271, 56.451166070597274 ], [ 23.346319812675286, 56.451089926550154 ], [ 23.34623903707238, 56.450998293506196 ], [ 23.346143885660055, 56.45094458788374 ], [ 23.346075920529881, 56.450906226680296 ], [ 23.345968090548734, 56.450791649016033 ], [ 23.345956847772761, 56.450647177627573 ], [ 23.345916721970742, 56.450586161089284 ], [ 23.3458622199663, 56.450563071981634 ], [ 23.34577974878767, 56.450570238009718 ], [ 23.345628529775649, 56.450584642243925 ], [ 23.345546450445806, 56.450569008262626 ], [ 23.345464109858952, 56.450568574129569 ], [ 23.345408693441488, 56.450598684481527 ], [ 23.345326222102582, 56.450605850207886 ], [ 23.345189641252656, 56.450567126624946 ], [ 23.345052799192661, 56.450543602793346 ], [ 23.34490197234199, 56.450535206290581 ], [ 23.344764738171335, 56.450534481992975 ], [ 23.344614958076622, 56.450465285540538 ], [ 23.344233321292727, 56.450311257247364 ], [ 23.344193722264983, 56.450219840357249 ], [ 23.344074271629147, 56.449983589354765 ], [ 23.344130997453099, 56.449877480096227 ], [ 23.344201053366984, 56.449794243159687 ], [ 23.344312932769363, 56.449673223896042 ], [ 23.344313979869867, 56.449612424291388 ], [ 23.344246542561294, 56.449543662285336 ], [ 23.344123689664737, 56.449505010027409 ], [ 23.344014429101556, 56.449474030118708 ], [ 23.343933007646335, 56.449420395323216 ], [ 23.343866226241715, 56.449313633359033 ], [ 23.343785984255437, 56.449191598913579 ], [ 23.343774095226138, 56.449085127063036 ], [ 23.34367829700944, 56.449069419305637 ], [ 23.343554528968248, 56.449083966138332 ], [ 23.343458337680072, 56.449091058061633 ], [ 23.343334831646565, 56.449090404775077 ], [ 23.343060898352107, 56.449058552789744 ], [ 23.342925374655962, 56.448959027128858 ], [ 23.342857941009381, 56.448890264369744 ], [ 23.34287284437033, 56.448821937471521 ], [ 23.343108492113064, 56.448686373121319 ], [ 23.343151889299495, 56.448557391819996 ], [ 23.34300251333185, 56.448465393574402 ], [ 23.342825168107264, 56.448403649652043 ], [ 23.342537123845734, 56.448394523718314 ], [ 23.342290510203597, 56.448370415352514 ], [ 23.342236670050202, 56.448309324911882 ], [ 23.34221093174186, 56.448210380140786 ], [ 23.342144551208115, 56.448080817398029 ], [ 23.342035953017884, 56.448011836008028 ], [ 23.341941077695829, 56.447942927271278 ], [ 23.341846334088014, 56.447866418513023 ], [ 23.341736948692294, 56.447843036555888 ], [ 23.341613709584529, 56.447827181668643 ], [ 23.341448514599623, 56.447856707951992 ], [ 23.341351537214049, 56.447909397940485 ], [ 23.341240574094986, 56.447977214924087 ], [ 23.34111694021199, 56.447984159387161 ], [ 23.34096612440057, 56.447975758124599 ], [ 23.340678873482016, 56.447921028202174 ], [ 23.340624378474317, 56.44789793680134 ], [ 23.340570541662053, 56.447836845641227 ], [ 23.340502719333383, 56.447790881446309 ], [ 23.34039307166692, 56.447782698201145 ], [ 23.340146726794607, 56.447743385692704 ], [ 23.339955403715646, 56.447696764628795 ], [ 23.339736504589091, 56.447657597238262 ], [ 23.339613662376248, 56.447618940530148 ], [ 23.339408486389718, 56.447579845566111 ], [ 23.339368110564966, 56.447534026804618 ], [ 23.339355838776772, 56.447450354370027 ], [ 23.339316913762236, 56.447320936187417 ], [ 23.339263475511917, 56.447237044623918 ], [ 23.339209509919996, 56.447183552820221 ], [ 23.338948920196771, 56.447174564676374 ], [ 23.338811170407975, 56.44720423360674 ], [ 23.338646504011599, 56.447203356384939 ], [ 23.338496220005663, 56.447164552349392 ], [ 23.338483158015478, 56.447126479497314 ], [ 23.33858040138902, 56.447058591857726 ], [ 23.338595971757794, 56.446952265743548 ], [ 23.33858436193098, 56.446830593502796 ], [ 23.338476433954391, 56.446723609281548 ], [ 23.338478282481592, 56.446617210046767 ], [ 23.338493456844507, 56.446533683774724 ], [ 23.338466673124898, 56.446495537789559 ], [ 23.338357689940818, 56.446449353026964 ], [ 23.338179701185734, 56.446425602214482 ], [ 23.338140120676847, 56.446334183379875 ], [ 23.338196197044507, 56.446266076524111 ], [ 23.338197517958815, 56.446190077069552 ], [ 23.338170998967627, 56.446136731128625 ], [ 23.338172848307217, 56.446030331890292 ], [ 23.338134589241953, 56.445862913591036 ], [ 23.338012547200442, 56.445778655629702 ], [ 23.337876387586881, 56.445717124191319 ], [ 23.337767936040315, 56.445640539129585 ], [ 23.337700385372841, 56.445579373513318 ], [ 23.337687589089906, 56.445526100679871 ], [ 23.33775751880744, 56.445450467281553 ], [ 23.337827976889386, 56.445344434058434 ], [ 23.337816898616826, 56.445192361936712 ], [ 23.337804234461036, 56.445131489165668 ], [ 23.337805159609623, 56.445078289541996 ], [ 23.337834584840657, 56.444964436747441 ], [ 23.33771281069216, 56.444864978594509 ], [ 23.337549079944615, 56.444810900315957 ], [ 23.33724840107093, 56.444740889371715 ], [ 23.336934002025469, 56.4446708044036 ], [ 23.336674092004678, 56.444623811795474 ], [ 23.336386740135914, 56.444576671930257 ], [ 23.336222747567724, 56.444537791796421 ], [ 23.336155201331302, 56.444476625338844 ], [ 23.336142937539165, 56.444392952564414 ], [ 23.336185028464499, 56.444339973100909 ], [ 23.336130938787772, 56.444294079898469 ], [ 23.335966947698129, 56.444255199428362 ], [ 23.335761793599779, 56.444216098467081 ], [ 23.335665745797183, 56.444215584438844 ], [ 23.335473119701625, 56.444244955934373 ], [ 23.335444351143863, 56.444320808449149 ], [ 23.335415582470382, 56.444396660956052 ], [ 23.335372827182454, 56.44448763987193 ], [ 23.335303557824162, 56.444525272216019 ], [ 23.335207243891549, 56.444539957717325 ], [ 23.335097606754871, 56.444531769815065 ], [ 23.334975708425258, 56.444439908932978 ], [ 23.33488072202746, 56.444378594754362 ], [ 23.334689555114718, 56.444324365661501 ], [ 23.334635600059748, 56.444270871869207 ], [ 23.334582176366926, 56.444186978283753 ], [ 23.334527823216725, 56.444156284271543 ], [ 23.334445363848726, 56.444163442804594 ], [ 23.334319615486358, 56.444291979601623 ], [ 23.334304300044245, 56.444383105315715 ], [ 23.334179480667689, 56.444458442372444 ], [ 23.333904259088879, 56.44450256966703 ], [ 23.333672062364556, 56.444440518163837 ], [ 23.33359159724699, 56.444333677016679 ], [ 23.333497943543239, 56.4441963623769 ], [ 23.333376183194925, 56.444096899989908 ], [ 23.333267479190457, 56.444035510889911 ], [ 23.333034753913505, 56.444003857961114 ], [ 23.332939505476197, 56.44395774218323 ], [ 23.332816415814847, 56.443934278650389 ], [ 23.332598211712963, 56.443857099016924 ], [ 23.332475655474148, 56.443803235388046 ], [ 23.332298215833994, 56.443749076411592 ], [ 23.332147418817581, 56.443740664473232 ], [ 23.332037251426762, 56.443762873630384 ], [ 23.331872333454381, 56.443777187335215 ], [ 23.331694494670312, 56.443745827313919 ], [ 23.331612702638704, 56.443714984274088 ], [ 23.331533045275613, 56.443562542166163 ], [ 23.331451654040226, 56.443508899205078 ], [ 23.331274617612905, 56.443431938954255 ], [ 23.331111436184603, 56.443347452454994 ], [ 23.331140079129884, 56.443279200889627 ], [ 23.331195496083669, 56.44324909687375 ], [ 23.331387720077885, 56.443242531823749 ], [ 23.331538381542327, 56.443258544619525 ], [ 23.331607385508434, 56.443236114250325 ], [ 23.33164961482348, 56.44317553638782 ], [ 23.331637094561767, 56.443107063053723 ], [ 23.331556104350138, 56.443030620341432 ], [ 23.331571292399655, 56.442947094900212 ], [ 23.331599667432453, 56.44289404310048 ], [ 23.331614988717494, 56.442802917712221 ], [ 23.331561040130858, 56.442749422585727 ], [ 23.331522012902422, 56.442627601875159 ], [ 23.331536533848311, 56.442582076131046 ], [ 23.331689193343742, 56.442484089642221 ], [ 23.331842252074019, 56.442363303140972 ], [ 23.3319393616969, 56.442303020591829 ], [ 23.331941228177929, 56.442196621421701 ], [ 23.331873959625288, 56.442120252755842 ], [ 23.331752476839451, 56.442005588886936 ], [ 23.331727036644597, 56.441891442035207 ], [ 23.331769130909905, 56.441838464055863 ], [ 23.331851985736346, 56.441808507463939 ], [ 23.331893946408766, 56.441763129382117 ], [ 23.331881959467818, 56.441664256291787 ], [ 23.33184266562526, 56.441557635543894 ], [ 23.331706797797811, 56.441480897472729 ], [ 23.331666304297819, 56.441442676139872 ], [ 23.33162621101431, 56.441381654969902 ], [ 23.331681891546907, 56.441336350837439 ], [ 23.331723718538527, 56.441298572750497 ], [ 23.331670038651293, 56.44122987777989 ], [ 23.331533905546024, 56.441168339402196 ], [ 23.331438532585612, 56.441129822414027 ], [ 23.331329840149682, 56.441068431615271 ], [ 23.33115174750732, 56.441052270716128 ], [ 23.331110454141388, 56.44105964884757 ], [ 23.330945814569166, 56.441058761472959 ], [ 23.330891335283926, 56.44103566581115 ], [ 23.330809416170933, 56.441012422184485 ], [ 23.330686738035187, 56.44096615673287 ], [ 23.330605487096317, 56.440904913270117 ], [ 23.330606822889486, 56.440828913866497 ], [ 23.330608158676153, 56.440752914461939 ], [ 23.330554748743566, 56.440669019128393 ], [ 23.330542498421625, 56.440585345781642 ], [ 23.33046111491657, 56.440531702163746 ], [ 23.330365343760281, 56.440515984174965 ], [ 23.330092418916838, 56.440430904117399 ], [ 23.32990101121651, 56.440391867558702 ], [ 23.329653654951628, 56.440413333837078 ], [ 23.329530311195374, 56.440405066943029 ], [ 23.32943520979946, 56.440351348541611 ], [ 23.329423631095832, 56.44022967538973 ], [ 23.329507420811272, 56.440146520775237 ], [ 23.329590942604174, 56.440078565981736 ], [ 23.329578962139987, 56.43997969265768 ], [ 23.329484530724354, 56.439887974593198 ], [ 23.329430187808335, 56.439857278351958 ], [ 23.328896331545952, 56.439785986931426 ], [ 23.328444392120936, 56.43973793845489 ], [ 23.328212233360393, 56.439675876781109 ], [ 23.328117403783388, 56.439606957496153 ], [ 23.328105025069863, 56.439530883846253 ], [ 23.328133134211193, 56.439493032691665 ], [ 23.328243023393782, 56.439486026837187 ], [ 23.328406986020919, 56.43952491747396 ], [ 23.328502485883575, 56.439555836845905 ], [ 23.328626362530976, 56.439533704999768 ], [ 23.3286556768109, 56.43942745427433 ], [ 23.328603478762183, 56.439275158644882 ], [ 23.328526388328612, 56.43897831569965 ], [ 23.328405327619468, 56.438840848725995 ], [ 23.328310231705505, 56.438787129462163 ], [ 23.328050104404412, 56.438755318751333 ], [ 23.327817952269019, 56.438693256346056 ], [ 23.327791855360925, 56.438617108354457 ], [ 23.327959702573434, 56.438435601348516 ], [ 23.328098903691966, 56.438322345028013 ], [ 23.328127682241888, 56.438246494166727 ], [ 23.328007429783312, 56.438063427158454 ], [ 23.327776354961546, 56.437940565160424 ], [ 23.327409167377731, 56.43775615984287 ], [ 23.327164646130452, 56.437618022484664 ], [ 23.32700176723241, 56.437518330706645 ], [ 23.326838620559414, 56.437433838592796 ], [ 23.32661992836297, 56.437387048241931 ], [ 23.32640069910406, 56.437370657259251 ], [ 23.326097813729266, 56.437429818355994 ], [ 23.325835276325048, 56.43753480189627 ], [ 23.325641196509761, 56.437647757533512 ], [ 23.32536399532346, 56.437805865079362 ], [ 23.32506164357369, 56.437834623888008 ], [ 23.324802064425331, 56.437772406645351 ], [ 23.324652640302709, 56.437687986303033 ], [ 23.324641212376257, 56.437558712756413 ], [ 23.324629515015147, 56.43744463907678 ], [ 23.324631671078237, 56.437323040111217 ], [ 23.324592267172225, 56.437224016988708 ], [ 23.3244288575384, 56.437154721590083 ], [ 23.324127454245765, 56.437130278590494 ], [ 23.323472791485528, 56.437098305695464 ] ] ] } },
{ "type": "Feature", "properties": { "fid": 53, "nosaukums": "Svētaine", "posmaID": 17, "gadsAvotos": 1964, "kolhozs": "Suvorova", "regulets1940": false, "garums": 542, "udenskratuve": null, "piezimes": null }, "geometry": { "type": "MultiLineString", "coordinates": [ [ [ 23.234246884778631, 56.455448539458338 ], [ 23.23452516461812, 56.455440754784604 ], [ 23.234730884700109, 56.455449623805684 ], [ 23.234869049923752, 56.45540487120828 ], [ 23.235077213500947, 56.455292143438577 ], [ 23.235132112725822, 56.455292481696063 ], [ 23.235296199683734, 56.455323895379856 ], [ 23.235528147890353, 56.455393730276789 ], [ 23.235664785903637, 56.455424974436532 ], [ 23.235775042510994, 56.455402851113739 ], [ 23.23585830701748, 56.455357759437796 ], [ 23.23603795010807, 56.455298059439954 ], [ 23.23621637266093, 56.455299157307394 ], [ 23.236284386788235, 56.45532997855976 ], [ 23.236283014430516, 56.455398376453005 ], [ 23.236267612217915, 56.455481889441778 ], [ 23.236335321762656, 56.455527910197794 ], [ 23.236431396030177, 56.455528501160479 ], [ 23.236488277387988, 56.455430041860296 ], [ 23.236599752908191, 56.455347119673249 ], [ 23.236737915579742, 56.455302364988214 ], [ 23.237136849128689, 56.455259212876044 ], [ 23.23735538006288, 56.455313760492096 ], [ 23.237408909014203, 56.455382495653616 ], [ 23.237435749689276, 56.455413063341673 ], [ 23.237545548549281, 56.455413737747413 ], [ 23.237822176201398, 56.45530902657606 ], [ 23.237865937518283, 56.455180083290543 ], [ 23.237771538144173, 56.45509589598327 ], [ 23.237649080921884, 56.455041939116725 ], [ 23.237403558487358, 56.45496442409631 ], [ 23.237200581740819, 56.45481876368266 ], [ 23.237192187578877, 56.45455268745728 ], [ 23.237211090125712, 56.454294379653227 ], [ 23.237146427806639, 56.454096363990658 ], [ 23.237192017516698, 56.453876223689058 ], [ 23.237085421723947, 56.453715953827931 ], [ 23.236935673797809, 56.453654227800328 ], [ 23.236799955298601, 56.453577386430865 ], [ 23.236708762388787, 56.453333603158001 ], [ 23.236736362981375, 56.453326172156039 ], [ 23.23686343748362, 56.453295384648314 ] ] ] } },
{ "type": "Feature", "properties": { "fid": 54, "nosaukums": "Svētaine", "posmaID": 17, "gadsAvotos": 1964, "kolhozs": "Suvorova", "regulets1940": false, "garums": 7210, "udenskratuve": false, "piezimes": null }, "geometry": { "type": "MultiLineString", "coordinates": [ [ [ 23.238764408299151, 56.448891438599986 ], [ 23.238276078425439, 56.44891771810375 ], [ 23.23796015629658, 56.448930980480313 ], [ 23.237562507567702, 56.448913337255362 ], [ 23.237328311399754, 56.448957502819425 ], [ 23.23714870032245, 56.449017204831833 ], [ 23.237053099351417, 56.448993815142771 ], [ 23.236972896437951, 56.448886912207271 ], [ 23.236946974575414, 56.448810745749718 ], [ 23.23700300674923, 56.448754084840679 ], [ 23.237059724064373, 56.448663224915535 ], [ 23.237156237840018, 56.44864101594419 ], [ 23.237266169412703, 56.448634090769069 ], [ 23.237334933714067, 56.448626912569097 ], [ 23.237431751670893, 56.448589503830398 ], [ 23.237432817180778, 56.448536305396082 ], [ 23.237379297702816, 56.448467570195163 ], [ 23.237422595801, 56.448361426236453 ], [ 23.237479768136865, 56.44824776677919 ], [ 23.237522304723207, 56.44817962166519 ], [ 23.237495773427998, 56.448133854419986 ], [ 23.237428532186989, 56.44806503494322 ], [ 23.237360682281274, 56.448026614537483 ], [ 23.237362661224719, 56.447927817437417 ], [ 23.237296334017959, 56.447813399226007 ], [ 23.237325757275968, 56.447714770750117 ], [ 23.237381406708668, 56.447677109097604 ], [ 23.237587237743938, 56.447678373507244 ], [ 23.237696101354945, 56.447724646386668 ], [ 23.237832865831795, 56.447748288351114 ], [ 23.23803884936337, 56.447741952234807 ], [ 23.23813566437542, 56.447704542933792 ], [ 23.238109588893646, 56.44763597647912 ], [ 23.238028321198644, 56.447582272653001 ], [ 23.238017945208558, 56.447414993287673 ], [ 23.238087619637351, 56.447362215989855 ], [ 23.238129849995968, 56.447309270210468 ], [ 23.238048430880326, 56.447263166175638 ], [ 23.237967164063022, 56.447209462308635 ], [ 23.237941545533722, 56.447118096477865 ], [ 23.237888483454057, 56.447026562146469 ], [ 23.237916839786084, 56.446981131966147 ], [ 23.238027526869825, 56.446936207205439 ], [ 23.238028439393659, 56.446890608528939 ], [ 23.237905703870528, 56.446851851473603 ], [ 23.237796842489242, 56.446805578777571 ], [ 23.23760717264544, 56.446682802546576 ], [ 23.237540390290569, 56.446591183783696 ], [ 23.237445099557661, 56.446552594845372 ], [ 23.23739127839033, 56.446499059192931 ], [ 23.237337000706262, 56.446468322853399 ], [ 23.237226923157646, 56.446482847889165 ], [ 23.237225705197638, 56.446543646117107 ], [ 23.237197348372796, 56.4465890761414 ], [ 23.237169600507837, 56.446604107045644 ], [ 23.236976887798235, 56.446633325420436 ], [ 23.236772128795202, 56.446578861570835 ], [ 23.236745904183508, 56.446517894603716 ], [ 23.236705653331168, 56.446472042807869 ], [ 23.236595880277214, 56.446471367728215 ], [ 23.236528034041342, 56.446432946867475 ], [ 23.236474061940189, 56.446387010597661 ], [ 23.236448142734162, 56.446310844012622 ], [ 23.236490069407608, 56.446273098340072 ], [ 23.236531995997723, 56.44623535265292 ], [ 23.236505619615805, 56.446181985411009 ], [ 23.236438078784843, 56.446128364945665 ], [ 23.236273725567827, 56.446112152384245 ], [ 23.236163648652823, 56.446126676479601 ], [ 23.236108457698204, 56.446141538267561 ], [ 23.235957826073296, 56.446125409731927 ], [ 23.235903702588402, 56.446087072991652 ], [ 23.235809024883018, 56.44601808369535 ], [ 23.23576953834753, 56.445934232713483 ], [ 23.235770606072549, 56.445881034276837 ], [ 23.235854002176801, 56.445828342701468 ], [ 23.235964535822362, 56.445791019546576 ], [ 23.236088638155309, 56.445761380516998 ], [ 23.23613071703333, 56.44571603518434 ], [ 23.236174015411638, 56.44560989161517 ], [ 23.236175997252904, 56.445511094503651 ], [ 23.236149316955565, 56.445472926738361 ], [ 23.236039851747552, 56.445457051619066 ], [ 23.235998382987379, 56.445471997812952 ], [ 23.235983746795821, 56.445517512021389 ], [ 23.235928251659896, 56.445547573287811 ], [ 23.235873671493504, 56.445532035865362 ], [ 23.23580582765516, 56.445493614610577 ], [ 23.235737983953708, 56.44545519331885 ], [ 23.235628213855776, 56.445454517391319 ], [ 23.235531859869816, 56.445469125428701 ], [ 23.235406842449031, 56.445544362563382 ], [ 23.235351499434369, 56.445566823794067 ], [ 23.235241881660112, 56.445558547747751 ], [ 23.235092168707393, 56.445496819510602 ], [ 23.2350525316104, 56.445420568075427 ], [ 23.235094611338948, 56.445375223093862 ], [ 23.235150564834871, 56.4453223628716 ], [ 23.235138370169825, 56.445246280558045 ], [ 23.235111843757196, 56.445200512795068 ], [ 23.235016253613082, 56.445177121552369 ], [ 23.23496197973023, 56.445146384178095 ], [ 23.234894595606566, 56.445085163098661 ], [ 23.234936522455037, 56.44504741794394 ], [ 23.235060470481798, 56.445025379710749 ], [ 23.235197376257794, 56.445041424781863 ], [ 23.235266744955155, 56.445003848599768 ], [ 23.235281839672357, 56.44493553514296 ], [ 23.235241439611183, 56.444897282646998 ], [ 23.235118713356215, 56.444858522848662 ], [ 23.234969614088516, 56.444766395357497 ], [ 23.23488789882483, 56.444735488809243 ], [ 23.234806336411566, 56.444696982430926 ], [ 23.234794295343253, 56.444613300301796 ], [ 23.234987304822099, 56.444568885729012 ], [ 23.234988373584716, 56.444515687290298 ], [ 23.234920379752154, 56.444484865329635 ], [ 23.234838512421156, 56.4444615585261 ], [ 23.234687887987118, 56.444445428464519 ], [ 23.234564858224626, 56.444421867674286 ], [ 23.234495642681527, 56.444451843692455 ], [ 23.234453104911097, 56.444519987806686 ], [ 23.234452188187991, 56.444565586462765 ], [ 23.234396540444326, 56.444603246825366 ], [ 23.234341503830098, 56.444610508059633 ], [ 23.234232041865919, 56.444594631352636 ], [ 23.234164659887824, 56.444533409877359 ], [ 23.234138135136366, 56.44448764190556 ], [ 23.234221988918804, 56.44441215208581 ], [ 23.234568371779051, 56.44424707281545 ], [ 23.234612436565616, 56.444102930889443 ], [ 23.234586369843406, 56.444034363678945 ], [ 23.234531792393213, 56.444018825670042 ], [ 23.234462883124188, 56.444033602120335 ], [ 23.234352658743976, 56.444055724405565 ], [ 23.234270181401357, 56.444062816334615 ], [ 23.234201883290389, 56.444047193534445 ], [ 23.234175817345456, 56.443978626239236 ], [ 23.23424549075051, 56.443925851066304 ], [ 23.234273849079671, 56.443880421701124 ], [ 23.234247171820549, 56.443842253525268 ], [ 23.234082523706554, 56.443841237638793 ], [ 23.23390476649822, 56.443809737744971 ], [ 23.233919557387051, 56.443756623998127 ], [ 23.233920780496856, 56.443695825789533 ], [ 23.233908130110418, 56.443642542671867 ], [ 23.23390904745294, 56.443596944014772 ], [ 23.233938017470884, 56.44352111561912 ], [ 23.233992746838098, 56.443529054111323 ], [ 23.234047170503729, 56.443552192132493 ], [ 23.23415662939675, 56.443568068996825 ], [ 23.234266241200675, 56.443576345987985 ], [ 23.234404210969281, 56.443539193483893 ], [ 23.234391559956066, 56.44348591041247 ], [ 23.234351926321391, 56.443409658738418 ], [ 23.234342637069705, 56.443189180558512 ], [ 23.234278466466208, 56.442968363807324 ], [ 23.234254540544217, 56.442793399629423 ], [ 23.234162472159511, 56.442595212846221 ], [ 23.234097845035443, 56.442397195320481 ], [ 23.234087334678264, 56.442237515316322 ], [ 23.234035969994565, 56.442062381748229 ], [ 23.234010058536271, 56.441986214622439 ], [ 23.234054122742432, 56.441842072840863 ], [ 23.234178824953315, 56.441782036555942 ], [ 23.23424849430852, 56.441729261351746 ], [ 23.234264659157152, 56.441607749529418 ], [ 23.234281587917295, 56.441448238804796 ], [ 23.234351409305045, 56.441387863758315 ], [ 23.234504007374447, 56.441305197062491 ], [ 23.234656299326716, 56.441237729737033 ], [ 23.23480874343662, 56.441162662441748 ], [ 23.234810881181591, 56.441056265509445 ], [ 23.234757682250184, 56.440972329574976 ], [ 23.234649452369904, 56.440895655007118 ], [ 23.234582839909425, 56.4407964348338 ], [ 23.234584978255846, 56.440690037900801 ], [ 23.234668975448219, 56.440606947926703 ], [ 23.234684374860038, 56.440523434929723 ], [ 23.234658615845941, 56.440439668138332 ], [ 23.234535751767051, 56.440408507557905 ], [ 23.234261515772765, 56.440399215215997 ], [ 23.233862887746607, 56.440434758825994 ], [ 23.233340783856296, 56.440469538509575 ], [ 23.233079042890409, 56.440521126530214 ], [ 23.232969134021413, 56.440528048067925 ], [ 23.232723255182258, 56.440473323225774 ], [ 23.232587285691796, 56.440411676794994 ], [ 23.232451469804197, 56.440342430438221 ], [ 23.232411690105174, 56.440273777903307 ], [ 23.232235176562625, 56.440181477428489 ], [ 23.232154086220195, 56.440120169980688 ], [ 23.232088247774907, 56.439982949590188 ], [ 23.23214526998893, 56.439876892223715 ], [ 23.232119516988739, 56.439793124913102 ], [ 23.232065866032155, 56.439731987162197 ], [ 23.232041645700832, 56.439572222055816 ], [ 23.231974582573571, 56.439495799820236 ], [ 23.231865902666129, 56.439441922167227 ], [ 23.231700813745505, 56.439463702505556 ], [ 23.231563009500391, 56.439493252284969 ], [ 23.231440457745375, 56.439446889096821 ], [ 23.231359676989314, 56.439370381576566 ], [ 23.231415626758039, 56.439317522977042 ], [ 23.231459697597622, 56.439173382073129 ], [ 23.231394169994857, 56.439020961749939 ], [ 23.231341288160447, 56.438921824797113 ], [ 23.231314463894268, 56.438891255755472 ], [ 23.231205019632089, 56.438875376412717 ], [ 23.231134737663396, 56.438958549043569 ], [ 23.231160334535598, 56.439049916339215 ], [ 23.23109051242427, 56.439110289611115 ], [ 23.231021457294645, 56.439132663959754 ], [ 23.230815826239098, 56.439123789011539 ], [ 23.230747998885825, 56.439085364997872 ], [ 23.230667220285067, 56.439008857028391 ], [ 23.230641164077895, 56.438940288962208 ], [ 23.23062913387248, 56.43885660638162 ], [ 23.230560693059221, 56.438848581370621 ], [ 23.230464660999775, 56.438847985978242 ], [ 23.230355063650997, 56.438839705663099 ], [ 23.230246234317821, 56.438793426373309 ], [ 23.230221254197637, 56.438671659789009 ], [ 23.230207842596933, 56.438656375148724 ], [ 23.230098553100682, 56.438632895057125 ], [ 23.229810458595939, 56.438631107588826 ], [ 23.229715349290696, 56.438584912968082 ], [ 23.229634112681495, 56.438531203653511 ], [ 23.229594186210019, 56.438470149989612 ], [ 23.229596030862041, 56.438378952690655 ], [ 23.229637955504089, 56.438341209279244 ], [ 23.229679418952355, 56.438326265178802 ], [ 23.229747397567685, 56.438357089999222 ], [ 23.229788092580421, 56.438380144738858 ], [ 23.229856686054827, 56.43838057039833 ], [ 23.229899993377874, 56.438274428917801 ], [ 23.229873170722552, 56.438243859565873 ], [ 23.229736599034212, 56.438212609126943 ], [ 23.229586616391174, 56.438166073830736 ], [ 23.229573973839937, 56.43811279024564 ], [ 23.229644872466849, 56.437999219390356 ], [ 23.229690485418121, 56.437779081340544 ], [ 23.229650405927913, 56.437725627465191 ], [ 23.229472680938766, 56.437694121281275 ], [ 23.229376498054005, 56.43770112483039 ], [ 23.229294187362463, 56.43770061371999 ], [ 23.22918505497222, 56.437669533054169 ], [ 23.229131873124061, 56.437585594709716 ], [ 23.229093332779136, 56.437456142903372 ], [ 23.229136179733949, 56.437372801002589 ], [ 23.229177796118051, 56.437350257289616 ], [ 23.229383570953662, 56.43735153515113 ], [ 23.229453085027632, 56.437306362373107 ], [ 23.229440289192851, 56.437260678544433 ], [ 23.229372466534883, 56.437222253780426 ], [ 23.229072202656077, 56.43714438168746 ], [ 23.228854864764383, 56.43703662122234 ], [ 23.228746350161888, 56.436975141072438 ], [ 23.228609168312346, 56.436974288502022 ], [ 23.228266983608769, 56.436934157540897 ], [ 23.228187292478491, 56.436804449535863 ], [ 23.228175268299001, 56.436720766705363 ], [ 23.228121319962582, 56.436674826797457 ], [ 23.227984755343012, 56.436643574442286 ], [ 23.227902446963572, 56.436643062415108 ], [ 23.227874702729913, 56.436658091275298 ], [ 23.227873778404792, 56.436703689919227 ], [ 23.227928188613678, 56.436726830611775 ], [ 23.227954854608321, 56.436765000158303 ], [ 23.227939750126243, 56.43683331278644 ], [ 23.227828772561868, 56.436893428219605 ], [ 23.227677102410137, 56.436930488135843 ], [ 23.227525894340612, 56.43694474854663 ], [ 23.2274445101678, 56.436898637575865 ], [ 23.227445589154303, 56.436845439164976 ], [ 23.227515721093436, 56.436769868379663 ], [ 23.22750308188699, 56.436716584580921 ], [ 23.227434953872958, 56.43669335830932 ], [ 23.2272840550017, 56.436692418882153 ], [ 23.227132847735181, 56.436706678816812 ], [ 23.226760608190698, 56.436795568983676 ], [ 23.226538803551652, 56.43690819786022 ], [ 23.226029842089989, 56.43697343150032 ], [ 23.225783069408404, 56.436964291590108 ], [ 23.225661150837826, 56.436887523638738 ], [ 23.2255110238947, 56.436848583205304 ], [ 23.225456151378125, 56.436848240765464 ], [ 23.2253178881354, 56.436900582943913 ], [ 23.225303242577372, 56.436946095929329 ], [ 23.225357033327001, 56.436999636820985 ], [ 23.225342542337955, 56.437037550041303 ], [ 23.225273178478705, 56.437075120738008 ], [ 23.225039968917752, 56.437073664750486 ], [ 23.224890151187665, 56.437019524030106 ], [ 23.224740643246435, 56.43695018359351 ], [ 23.224687626890681, 56.4368586435967 ], [ 23.224661582895362, 56.436790074285327 ], [ 23.224566793875937, 56.436728676199188 ], [ 23.224431779425451, 56.436621422262142 ], [ 23.224187640851628, 56.436483083133076 ], [ 23.223930715141847, 56.436299059140971 ], [ 23.223766874388755, 56.436260030823568 ], [ 23.223521346271312, 56.436190088293024 ], [ 23.223317747437864, 56.436082403998761 ], [ 23.223210329386003, 56.43596772066509 ], [ 23.223211879187136, 56.435891722999635 ], [ 23.223158402991778, 56.435822981648201 ], [ 23.223021225472262, 56.435822122912896 ], [ 23.222924736103195, 56.435844321006449 ], [ 23.222814994031573, 56.435843633823545 ], [ 23.222760743275284, 56.435812891132272 ], [ 23.222761518620718, 56.435774892302753 ], [ 23.222872035727015, 56.435737580701634 ], [ 23.222941554527534, 56.435692411572312 ], [ 23.222928301928324, 56.435669526382732 ], [ 23.222887303882874, 56.435661668935936 ], [ 23.22277802753316, 56.435638182423055 ], [ 23.222724242323959, 56.435584640417233 ], [ 23.222726413369617, 56.435478243690937 ], [ 23.222611131869996, 56.435412915361091 ], [ 23.222542233635444, 56.435427685243916 ], [ 23.222445900121748, 56.435442283202683 ], [ 23.222350497428781, 56.435411282492787 ], [ 23.222296247661806, 56.435380539599066 ], [ 23.222297644093395, 56.435312141708472 ], [ 23.222395683862359, 56.435213946438743 ], [ 23.222410952747698, 56.435138034727302 ], [ 23.222330664692848, 56.435038722054699 ], [ 23.222276260308615, 56.435015578917977 ], [ 23.222111495615277, 56.435022147022636 ], [ 23.22204213227333, 56.435059715927004 ], [ 23.221904181359747, 56.435096854791659 ], [ 23.221698108512449, 56.435110764092876 ], [ 23.221602086076494, 56.435110161869197 ], [ 23.22151993644702, 56.43510204585381 ], [ 23.221383227596501, 56.435078386021814 ], [ 23.221384780990466, 56.435002388378294 ], [ 23.221372461612159, 56.434933904436591 ], [ 23.221290623127423, 56.434910588741502 ], [ 23.221002712786905, 56.434901181142095 ], [ 23.220865227772691, 56.434915519560427 ], [ 23.220850111347541, 56.434983831312678 ], [ 23.220890486488059, 56.435022088484139 ], [ 23.220985420753806, 56.435075889603141 ], [ 23.221012078637244, 56.435114060628933 ], [ 23.220996962393283, 56.435182372397406 ], [ 23.220954721868349, 56.43523531242154 ], [ 23.220899851734782, 56.435234967973663 ], [ 23.220763142799282, 56.435211307458857 ], [ 23.22070998292546, 56.43512736553366 ], [ 23.220628299926116, 56.435096449639502 ], [ 23.220531655511476, 56.435126245639154 ], [ 23.220476318977518, 56.435148700292444 ], [ 23.220407109334708, 56.435178668514617 ], [ 23.220325270922096, 56.435155352184054 ], [ 23.220284896210856, 56.435117094830709 ], [ 23.220189651681558, 56.435078492702992 ], [ 23.219956921497495, 56.43505422791192 ], [ 23.219807430271509, 56.434984881557007 ], [ 23.219808831150729, 56.434916483702452 ], [ 23.219700337229064, 56.434854995679771 ], [ 23.219563007606197, 56.43486173289326 ], [ 23.219466207241833, 56.434899127824856 ], [ 23.219342594830376, 56.434905951066199 ], [ 23.219261069184022, 56.434867434514643 ], [ 23.219220695847255, 56.434829176817132 ], [ 23.219111891544809, 56.434782887803905 ], [ 23.218919848447538, 56.434781679284995 ], [ 23.218838167650429, 56.434750762217007 ], [ 23.218798106568876, 56.434697304862539 ], [ 23.218867784108834, 56.434644538255576 ], [ 23.218951334572782, 56.434584258178496 ], [ 23.218966298417175, 56.434523546422803 ], [ 23.218926237391507, 56.434470089107919 ], [ 23.218749627606378, 56.434385369295072 ], [ 23.218655009985117, 56.434316366952807 ], [ 23.218491495033589, 56.434262132176869 ], [ 23.218492430503304, 56.434216533616201 ], [ 23.218534361494619, 56.434178793948391 ], [ 23.218616664367296, 56.434179312173512 ], [ 23.21875367996876, 56.43418777552143 ], [ 23.218821954024552, 56.434203406779879 ], [ 23.218891630622029, 56.43415064015273 ], [ 23.218907061868659, 56.434067129116606 ], [ 23.218881341817706, 56.43398335907348 ], [ 23.218883211801437, 56.433892161939177 ], [ 23.218996531750633, 56.433718058067335 ], [ 23.219190906025066, 56.433605270021602 ], [ 23.219454486514362, 56.433462513999466 ], [ 23.219605372312486, 56.433463462910773 ], [ 23.219812370837122, 56.433403958477179 ], [ 23.220006429888745, 56.433306368664823 ], [ 23.220132215097202, 56.433193148045596 ], [ 23.220188949082225, 56.433102295650478 ], [ 23.220093709669708, 56.433063693450862 ], [ 23.219847430740373, 56.433031742513869 ], [ 23.219451669681899, 56.432930444306912 ], [ 23.219425482025567, 56.432869473650676 ], [ 23.219442312978881, 56.432717564653295 ], [ 23.219432800655966, 56.432512284755923 ], [ 23.219174211203281, 56.432411848341552 ], [ 23.218546681346155, 56.432240682025849 ], [ 23.218203770183489, 56.432238522248916 ], [ 23.217903100520161, 56.432183422530684 ], [ 23.217766560453224, 56.43215215897748 ], [ 23.217741000215568, 56.432060788921341 ], [ 23.217715284045418, 56.431977018620458 ], [ 23.217662135347744, 56.43189307537736 ], [ 23.217538844563936, 56.431884697328769 ], [ 23.217401369177171, 56.431899031943402 ], [ 23.217278234573651, 56.431883053875048 ], [ 23.217197185935156, 56.431821736690296 ], [ 23.217062521934821, 56.431699275236639 ], [ 23.216956228417679, 56.431531388170761 ], [ 23.216876743216357, 56.431394073169322 ], [ 23.216879555110413, 56.431257277475261 ], [ 23.216992563868974, 56.431098374885508 ], [ 23.21715778088484, 56.431069014243164 ], [ 23.217211551931292, 56.431122558660618 ], [ 23.217210146590507, 56.431190956514961 ], [ 23.21720811664294, 56.431289753414291 ], [ 23.217302255770566, 56.431381556149518 ], [ 23.217465600588739, 56.431443392240077 ], [ 23.217575798079846, 56.431421284832417 ], [ 23.217646407653685, 56.431322920299081 ], [ 23.217648124342951, 56.431239322914536 ], [ 23.217705017340133, 56.431140871872429 ], [ 23.217678989741731, 56.431072301078743 ], [ 23.217571134470532, 56.430980412146397 ], [ 23.217558823186184, 56.430911927804594 ], [ 23.217574099902158, 56.430836016657864 ], [ 23.217685075832836, 56.43077591033213 ], [ 23.217740875748515, 56.430730657605352 ], [ 23.217798391849541, 56.430601807456583 ], [ 23.217800264186149, 56.430510610295791 ], [ 23.217802448565031, 56.43040421360643 ], [ 23.21766638310519, 56.430350150661305 ], [ 23.217474986782754, 56.430318540914662 ], [ 23.217408437382574, 56.430219311532781 ], [ 23.217355604007171, 56.430120168617009 ], [ 23.217287337862356, 56.430104536563661 ], [ 23.217190859703582, 56.430126730250635 ], [ 23.217174801768842, 56.430240640170936 ], [ 23.217077230007163, 56.430316032105722 ], [ 23.216925888161597, 56.430337879441375 ], [ 23.216844530923034, 56.430291761546023 ], [ 23.216804789725696, 56.430223104006558 ], [ 23.216902986602456, 56.430117313236494 ], [ 23.216932292337745, 56.430026289187772 ], [ 23.21683737634174, 56.429972484975693 ], [ 23.216743398022931, 56.429873082117524 ], [ 23.216635548384112, 56.429781192370065 ], [ 23.216582873885567, 56.429674449363283 ], [ 23.216404884770153, 56.429658124085037 ], [ 23.2162267394732, 56.429649398313572 ], [ 23.216048750631948, 56.429633072525213 ], [ 23.215830084709275, 56.429593687196309 ], [ 23.215611888617033, 56.429531502201087 ], [ 23.215545658376083, 56.429417072303501 ], [ 23.215656163991635, 56.429379767058357 ], [ 23.215738300009427, 56.429387886924737 ], [ 23.215778507698126, 56.429433745523852 ], [ 23.215833525823967, 56.42942649245169 ], [ 23.215944813142475, 56.429351188142071 ], [ 23.215933912815487, 56.429214305775986 ], [ 23.21585271557846, 56.429160587470435 ], [ 23.215701064762985, 56.42919763285019 ], [ 23.215699500373859, 56.429273630462369 ], [ 23.215643230839124, 56.42934168156404 ], [ 23.215560625539581, 56.42935636091751 ], [ 23.21550607689943, 56.429340814586766 ], [ 23.21546649557995, 56.429264556856921 ], [ 23.215455596993692, 56.429127674451784 ], [ 23.215430357248625, 56.429021104374428 ], [ 23.215377687162594, 56.428914360855401 ], [ 23.21511850659946, 56.428844315074016 ], [ 23.214886130973895, 56.428804841343748 ], [ 23.214806658843884, 56.428667524992981 ], [ 23.214728127054187, 56.428484610027787 ], [ 23.214812923334115, 56.428363534573442 ], [ 23.214829144091876, 56.428242025181092 ], [ 23.214748890212991, 56.428142707589558 ], [ 23.214725689212532, 56.427937340466137 ], [ 23.214769183122886, 56.427823604411877 ], [ 23.214893556280114, 56.427778786848549 ], [ 23.215071379400868, 56.427802714034939 ], [ 23.21512529948475, 56.427848659601594 ], [ 23.215317463972909, 56.427842274133582 ], [ 23.215401317998101, 56.427766796829921 ], [ 23.215457585612597, 56.42769874581542 ], [ 23.215452762439625, 56.427599905545307 ], [ 23.215316553809707, 56.427553439799382 ], [ 23.215138418611922, 56.427544712490764 ], [ 23.214959813768385, 56.427558784212515 ], [ 23.214713574776756, 56.42752682317051 ], [ 23.214714984403955, 56.427458425316345 ], [ 23.214757694707842, 56.427382688064689 ], [ 23.214814119499977, 56.427307037577485 ], [ 23.214858708572422, 56.427140103142278 ], [ 23.214819913804423, 56.42702584637739 ], [ 23.214479086575938, 56.426924879529423 ], [ 23.214341784676954, 56.426931611051131 ], [ 23.214202758766273, 56.427021939794848 ], [ 23.214201191517752, 56.427097937406621 ], [ 23.214199310809448, 56.427189134539468 ], [ 23.21412964055553, 56.427241898608536 ], [ 23.21400636562106, 56.427233517088467 ], [ 23.21381624243854, 56.427141103650705 ], [ 23.213708721201019, 56.427034011839758 ], [ 23.213612876143209, 56.427025803730892 ], [ 23.21350221852709, 56.427070706944001 ], [ 23.213500963608872, 56.427131505022793 ], [ 23.213527137913299, 56.427192476947781 ], [ 23.213457937348839, 56.427222441357991 ], [ 23.213170244116402, 56.427205415984879 ], [ 23.213089368941702, 56.427136496358486 ], [ 23.212953321842907, 56.427082428268768 ], [ 23.212816804128057, 56.427051159306565 ], [ 23.212681071777897, 56.426981891402242 ], [ 23.212682485024178, 56.426913493575313 ], [ 23.212615168794951, 56.426852260413604 ], [ 23.212560153790903, 56.426859512070592 ], [ 23.212476924440914, 56.42690458842236 ], [ 23.21239463740163, 56.426904066169129 ], [ 23.212147619166672, 56.426910098839706 ], [ 23.211873800593214, 56.426885557784097 ], [ 23.211462522959565, 56.42687534421691 ], [ 23.211367150667403, 56.426844335106637 ], [ 23.211135263174967, 56.426782055116391 ], [ 23.210985190962255, 56.426743097202433 ], [ 23.210902274776934, 56.426772972983166 ], [ 23.210832600740684, 56.426825735193958 ], [ 23.210639338654364, 56.426885312014669 ], [ 23.210528992881144, 56.42691501305913 ], [ 23.210514018700685, 56.426975723842155 ], [ 23.210621688210203, 56.427075218641868 ], [ 23.210689631319696, 56.427106053856129 ], [ 23.210742915463353, 56.427182400333166 ], [ 23.210741813553422, 56.427235598615944 ], [ 23.210753324380804, 56.427342082409396 ], [ 23.21066946211986, 56.427417556554055 ], [ 23.210518600584685, 56.427416596845262 ], [ 23.210437414822451, 56.427362875013138 ], [ 23.210369628953057, 56.427324439907501 ], [ 23.210109838311624, 56.427284782718623 ], [ 23.209986564159376, 56.427276397207329 ], [ 23.209809377159786, 56.427222063736572 ], [ 23.209619579550374, 56.427114444391727 ], [ 23.2095383957009, 56.4270607219742 ], [ 23.209442393829846, 56.42706011039914 ], [ 23.209372874939238, 56.427105272028321 ], [ 23.209261896708437, 56.427165370949169 ], [ 23.209124119859215, 56.427194895948176 ], [ 23.208973732566669, 56.4271711351088 ], [ 23.208796547512659, 56.427116800196373 ], [ 23.208646634234654, 56.427070239708122 ], [ 23.208552526578497, 56.426978430432357 ], [ 23.208446599346072, 56.426795336591475 ], [ 23.208338304748885, 56.426726238921859 ], [ 23.208162070234536, 56.426626304602749 ], [ 23.20805504021477, 56.426496408680933 ], [ 23.207837980558722, 56.426381011817448 ], [ 23.207659062523067, 56.426410272542121 ], [ 23.207548557782211, 56.426447570685767 ], [ 23.207273322658942, 56.426491417241024 ], [ 23.207150209849626, 56.426475429170836 ], [ 23.207028362359619, 56.426398642988069 ], [ 23.207015596977346, 56.426352956854757 ], [ 23.206962005132823, 56.426291808289228 ], [ 23.206881617687248, 56.42620008539734 ], [ 23.206841898670788, 56.426131424685245 ], [ 23.206968015315052, 56.426003017824669 ], [ 23.20723032364446, 56.425921085569271 ], [ 23.207383076074223, 56.425830852257022 ], [ 23.207384182614305, 56.425777654005202 ], [ 23.207344305039722, 56.425716593198274 ], [ 23.2072500457407, 56.425632382683396 ], [ 23.207167761552078, 56.425631856971961 ], [ 23.20702935606927, 56.425691778663278 ], [ 23.206946439102019, 56.425721651803464 ], [ 23.206809298478003, 56.425720775251001 ], [ 23.206686346570027, 56.425697186976933 ], [ 23.20664662842184, 56.425628526199247 ], [ 23.206647735981505, 56.425575327955151 ], [ 23.206691567641855, 56.425446395251022 ], [ 23.206692516918629, 56.425400796754268 ], [ 23.206569724351503, 56.425369608617096 ], [ 23.206486807730091, 56.425399481452658 ], [ 23.206334054926746, 56.425489713666742 ], [ 23.206210154206346, 56.4255117234148 ], [ 23.206170595424695, 56.425435462737134 ], [ 23.206131353448512, 56.425344002549338 ], [ 23.2060096699655, 56.425259615619773 ], [ 23.205653742438241, 56.425226934597504 ], [ 23.205349025974908, 56.425369398045873 ], [ 23.205210301591283, 56.425444517199175 ], [ 23.205058655372309, 56.425481549607717 ], [ 23.204963133257088, 56.425458135339568 ], [ 23.204951322016424, 56.425366850517022 ], [ 23.204883703813163, 56.425320812681726 ], [ 23.204803006232609, 56.425244287941553 ], [ 23.204708277905429, 56.425182874747449 ], [ 23.204475776884728, 56.425150981339669 ], [ 23.204324924547979, 56.425150014126508 ], [ 23.204214420237108, 56.425187309309649 ], [ 23.203937285328788, 56.425322345428292 ], [ 23.203937285328788, 56.425322345428292 ], [ 23.20373110029302, 56.425343824792932 ], [ 23.203539423156641, 56.425327393120185 ], [ 23.203506819537818, 56.42541079224312 ], [ 23.203341616745945, 56.425440134777432 ], [ 23.20312251141327, 56.425423526365527 ], [ 23.202795602664562, 56.425315015857208 ], [ 23.202346225491745, 56.425160112701263 ], [ 23.202100967553715, 56.425082528243394 ], [ 23.20180244731916, 56.424928593042317 ], [ 23.201584619447122, 56.424851183995877 ], [ 23.20147793532724, 56.424706082960569 ], [ 23.201480164795537, 56.424599686589424 ], [ 23.201536930189079, 56.424508842687501 ], [ 23.2015653127837, 56.424463420726042 ], [ 23.201525286668989, 56.424409957807939 ], [ 23.201388947266508, 56.424371076572918 ], [ 23.201279875945566, 56.42433997147743 ], [ 23.201103033731467, 56.42427042614213 ], [ 23.201062689810577, 56.424232162556791 ], [ 23.201077677919304, 56.424171452927546 ], [ 23.201228366968767, 56.424180023818195 ], [ 23.201378737557771, 56.424203794008392 ], [ 23.201749479606981, 56.424183377289225 ], [ 23.201763670663365, 56.424160666283164 ], [ 23.201696376856187, 56.424099427235213 ], [ 23.201533407657823, 56.42402237099509 ], [ 23.20127715310716, 56.423815501066727 ], [ 23.200980717529934, 56.423562767255078 ], [ 23.200639798803412, 56.423469362274425 ], [ 23.200380044720763, 56.423429684794911 ], [ 23.200146920056884, 56.423428182268594 ], [ 23.2000655979021, 56.423382053422316 ], [ 23.199970562763074, 56.423335836107562 ], [ 23.199792770144136, 56.423311887351261 ], [ 23.199641765652643, 56.42331851420483 ], [ 23.199491559290433, 56.423287142180584 ], [ 23.19920581860492, 56.423178887659432 ], [ 23.199180149030134, 56.423095113532888 ], [ 23.199127851976819, 56.422973163692674 ], [ 23.198991999371234, 56.422911480621153 ], [ 23.198869860208337, 56.422849885939613 ], [ 23.198720135694067, 56.422795713771798 ], [ 23.198664964169222, 56.422810559020157 ], [ 23.198595919797135, 56.422832915414716 ], [ 23.198567694719628, 56.422870736964647 ], [ 23.198539469585807, 56.422908558507764 ], [ 23.198428806335208, 56.422953448291736 ], [ 23.198236823806663, 56.422952207936873 ], [ 23.198127919039873, 56.4229135003458 ], [ 23.198102092099806, 56.422837325736737 ], [ 23.198158223273509, 56.422776882317912 ], [ 23.198241620291647, 56.422724215826015 ], [ 23.198242899342478, 56.422663417928305 ], [ 23.198133835489426, 56.422632310080196 ], [ 23.197941534710456, 56.422646268746966 ], [ 23.197831191451588, 56.42267595852681 ], [ 23.197720848021493, 56.422705648207888 ], [ 23.197556772720166, 56.422681784921139 ], [ 23.197530146961263, 56.422643608873948 ], [ 23.197435916955833, 56.422559390946581 ], [ 23.197368152764863, 56.422520948771307 ], [ 23.197299588370196, 56.42252050523765 ], [ 23.197066149213239, 56.422534196410361 ], [ 23.1970124185613, 56.422480643306834 ], [ 23.197054998202624, 56.42241251190886 ], [ 23.197097097367898, 56.422367179701602 ], [ 23.197029493981344, 56.422321137606644 ], [ 23.19681088991603, 56.422281718894894 ], [ 23.196661330769967, 56.422219944517586 ], [ 23.196568225211458, 56.422082527789435 ], [ 23.196542241723325, 56.422013952590994 ], [ 23.196405435274727, 56.42199786510897 ], [ 23.196294772182622, 56.422042752996632 ], [ 23.196238639153471, 56.422103195574252 ], [ 23.196249787475558, 56.422224880147439 ], [ 23.196221079685287, 56.422285500363927 ], [ 23.196068635870148, 56.422360520484446 ], [ 23.195903440688372, 56.422389853151763 ], [ 23.19576599167527, 56.422404163895237 ], [ 23.195602239730015, 56.422365098564242 ], [ 23.195549473872848, 56.422265946435722 ], [ 23.195469122366234, 56.422174216194847 ], [ 23.195346830825876, 56.422120217793982 ], [ 23.195305371714742, 56.422135150474332 ], [ 23.195276983432422, 56.422180571004439 ], [ 23.195262628793198, 56.422210880999124 ], [ 23.195221330031259, 56.422218213918583 ], [ 23.194919970346081, 56.422201057411392 ], [ 23.194659588592554, 56.422191766916697 ], [ 23.194358871992094, 56.422144210123896 ], [ 23.194154787928667, 56.422066877123555 ], [ 23.194061048952339, 56.421959857459676 ], [ 23.193979255137666, 56.421936523834844 ], [ 23.193841646304168, 56.421958432180418 ], [ 23.193744371461364, 56.422018606336415 ], [ 23.193607083801709, 56.422025314961211 ], [ 23.193457209224988, 56.421978736195925 ], [ 23.193104702339252, 56.421786424968765 ], [ 23.192914657196471, 56.421693979652034 ], [ 23.192633781792281, 56.421366290817716 ] ] ] } },
{ "type": "Feature", "properties": { "fid": 55, "nosaukums": "Kīve", "posmaID": null, "gadsAvotos": 1963, "kolhozs": "Vildze", "regulets1940": false, "garums": 11212, "udenskratuve": null, "piezimes": null }, "geometry": { "type": "MultiLineString", "coordinates": [ [ [ 23.541320915214058, 56.391158978764082 ], [ 23.541271506645558, 56.390993118977072 ], [ 23.541172215554489, 56.390924405086714 ], [ 23.541064401877271, 56.39092400619834 ], [ 23.541002331635301, 56.390962221481274 ], [ 23.540870695361662, 56.391021537552113 ], [ 23.540778232000712, 56.391025466901759 ], [ 23.540701530519474, 56.390999552906671 ], [ 23.540655838767105, 56.390956667058106 ], [ 23.540633352884459, 56.390905323814607 ], [ 23.540564661288876, 56.390853809417031 ], [ 23.540434362265689, 56.390802066720987 ], [ 23.540412185450581, 56.390725094597137 ], [ 23.540421378304536, 56.390601250406526 ], [ 23.54020714246964, 56.39048512145537 ], [ 23.540030485463141, 56.390446021455432 ], [ 23.53990747740648, 56.390428478550973 ], [ 23.539884117254495, 56.390449750213435 ], [ 23.539852438088023, 56.390522250978286 ], [ 23.53981290335139, 56.390607537580273 ], [ 23.539704729911584, 56.390637037822167 ], [ 23.539581515233937, 56.390636580485761 ], [ 23.539428321795157, 56.390567665078891 ], [ 23.539305829326715, 56.39050740684997 ], [ 23.539159770334024, 56.39048550591621 ], [ 23.539067101716402, 56.390506519883047 ], [ 23.538959340860384, 56.390501847694196 ], [ 23.538852044617514, 56.390458732159189 ], [ 23.538814262962692, 56.390398788375066 ], [ 23.53880723322596, 56.390343230596756 ], [ 23.538900779041732, 56.390249601787787 ], [ 23.539155474165629, 56.390203560099138 ], [ 23.539341325381958, 56.390118817228981 ], [ 23.53947383725658, 56.389986887727169 ], [ 23.539530113771651, 56.389790600099566 ], [ 23.53949962006692, 56.389764856894402 ], [ 23.53943031339638, 56.389764599545686 ], [ 23.539322090488874, 56.389798370934642 ], [ 23.539190713545207, 56.389836327869929 ], [ 23.53904450239235, 56.389827241221781 ], [ 23.538821283797351, 56.389817868082439 ], [ 23.538675072805503, 56.389808780999026 ], [ 23.538552687265614, 56.389739979079089 ], [ 23.538523020757626, 56.389645892068806 ], [ 23.538623594870497, 56.389607821257499 ], [ 23.53868607837769, 56.389535435372558 ], [ 23.538749490989879, 56.389386162937789 ], [ 23.538796469345268, 56.389322262662034 ], [ 23.5389596280002, 56.389203262650014 ], [ 23.539115446152433, 56.389054333488382 ], [ 23.539124230085246, 56.388964661156507 ], [ 23.53907115152084, 56.38889611725908 ], [ 23.538971508608761, 56.388857301915422 ], [ 23.538848506161738, 56.388839757965414 ], [ 23.538516917464197, 56.388876969596481 ], [ 23.538355360705665, 56.38886355336075 ], [ 23.538256080398561, 56.388794837130035 ], [ 23.538218301314227, 56.388734893152488 ], [ 23.538234632732607, 56.388658063973651 ], [ 23.538265744895224, 56.388632549810602 ], [ 23.538319803505356, 56.388619936057189 ], [ 23.538381665925627, 56.388598807994526 ], [ 23.538412829607729, 56.388569022320539 ], [ 23.538397996955521, 56.388521978791843 ], [ 23.538344403573156, 56.388496149317753 ], [ 23.538244762445572, 56.388457333390633 ], [ 23.538207190465442, 56.38838030351269 ], [ 23.538200937308684, 56.388260673579474 ], [ 23.538239697914747, 56.388239459566542 ], [ 23.538355669443927, 56.388201446296954 ], [ 23.538417531164807, 56.38818031821382 ], [ 23.538448849459229, 56.388137718106549 ], [ 23.538449727698119, 56.388065103050081 ], [ 23.538419391089164, 56.388026545153771 ], [ 23.538428073081455, 56.387945415806598 ], [ 23.538405901944213, 56.387868443297869 ], [ 23.538344867481232, 56.387821227792806 ], [ 23.538299750617504, 56.387731354849983 ], [ 23.53833184377358, 56.387624682656764 ], [ 23.53827840673075, 56.387586038730007 ], [ 23.538224659684989, 56.38757302362508 ], [ 23.538116648731027, 56.387589708086232 ], [ 23.538031118111817, 56.387657736190839 ], [ 23.537954011536559, 56.387665992288404 ], [ 23.537900161046327, 56.387661519990843 ], [ 23.537777628567156, 56.387605531717576 ], [ 23.537685690634714, 56.387566744038601 ], [ 23.537602177744112, 56.387468184367577 ], [ 23.537626675873003, 56.387352940697902 ], [ 23.537704713258144, 56.387267798270237 ], [ 23.537698203123625, 56.387169525663609 ], [ 23.537637532901517, 56.387092409489455 ], [ 23.537546528026809, 56.386976735171508 ], [ 23.537485910182557, 56.386895347447592 ], [ 23.537363536107712, 56.386826544340778 ], [ 23.537294441945484, 56.386809199910715 ], [ 23.537248137504953, 56.386817570481696 ], [ 23.537178162797154, 56.386872841045808 ], [ 23.537131443804192, 56.386915383364745 ], [ 23.537023434240215, 56.38693206687789 ], [ 23.536900490731629, 56.386910249528349 ], [ 23.536662459867326, 56.386853828810636 ], [ 23.536639981748987, 56.386802484821999 ], [ 23.536679156587869, 56.386747099500703 ], [ 23.53671827946059, 56.386695985640209 ], [ 23.536719264647981, 56.38661482763667 ], [ 23.536658441706834, 56.386550525403166 ], [ 23.536452043859178, 56.386425875765589 ], [ 23.536437214443975, 56.386378831991443 ], [ 23.536523160005395, 56.386276633179918 ], [ 23.536570760640089, 56.386161476025883 ], [ 23.536540583047373, 56.386110103241315 ], [ 23.536434702698308, 56.385951655806224 ], [ 23.536243449180116, 56.385848420748516 ], [ 23.536143920925952, 56.385801060183631 ], [ 23.535990026036302, 56.385791941156121 ], [ 23.535928218795313, 56.385808796566806 ], [ 23.535873799772833, 56.385851309606316 ], [ 23.535865216744185, 56.385923895846204 ], [ 23.535956214022999, 56.386039571404943 ], [ 23.535947786918356, 56.386099343227151 ], [ 23.535947734981182, 56.386103614700943 ], [ 23.535785359593177, 56.38615853871233 ], [ 23.535661899595944, 56.386179434873839 ], [ 23.535392451127379, 56.386174154084088 ], [ 23.535007814829566, 56.386142810875697 ], [ 23.534793203943053, 56.386060844344016 ], [ 23.534702314295959, 56.385936624991828 ], [ 23.534666418487657, 56.385722906882044 ], [ 23.534753616973884, 56.385518193929805 ], [ 23.534777393482543, 56.385462751428335 ], [ 23.534810171355922, 56.385300550963386 ], [ 23.534857359463025, 56.385219566245226 ], [ 23.534935398628964, 56.385134425533735 ], [ 23.535051728229146, 56.385066515006955 ], [ 23.535182572613738, 56.385071277146821 ], [ 23.535274345962801, 56.385122881105005 ], [ 23.535312636937853, 56.385140111260135 ], [ 23.53540508657764, 56.385136185958601 ], [ 23.535428601933269, 56.385102100697722 ], [ 23.535444989362954, 56.385021000373598 ], [ 23.535484060117767, 56.384974158362247 ], [ 23.535568653636822, 56.384983018520764 ], [ 23.535629939991153, 56.385008878028763 ], [ 23.535637275980108, 56.385038807179804 ], [ 23.535690810717846, 56.385068909301403 ], [ 23.535767600793402, 56.385086283445894 ], [ 23.535883253520172, 56.385073901303556 ], [ 23.535999321607264, 56.385027347256788 ], [ 23.536008111882765, 56.384937675097831 ], [ 23.535962692300089, 56.384873430125758 ], [ 23.536025744232276, 56.384754059299155 ], [ 23.536149510888723, 56.384707533913442 ], [ 23.536343145406885, 56.384614281275603 ], [ 23.536436475622857, 56.384537740125815 ], [ 23.536444434698694, 56.384516411530292 ], [ 23.536329665993918, 56.384456179122864 ], [ 23.536276027813372, 56.384434620224923 ], [ 23.536292413148779, 56.384353519776603 ], [ 23.536392975502455, 56.384315450722127 ], [ 23.536508729434129, 56.384294525040097 ], [ 23.536562263820397, 56.384324626788541 ], [ 23.536616109444747, 56.384329099661393 ], [ 23.536708971778705, 56.38429100158028 ], [ 23.536763646849966, 56.384227130780467 ], [ 23.536771864883477, 56.38418444478441 ], [ 23.536702723919539, 56.384171371501225 ], [ 23.536633375576603, 56.38417538408175 ], [ 23.536509714977651, 56.384213367007305 ], [ 23.536448325544576, 56.3841960508827 ], [ 23.536418045895172, 56.384153221005711 ], [ 23.536449363090004, 56.384110621373829 ], [ 23.536457633325224, 56.384063663922838 ], [ 23.536358732091333, 56.383965045817405 ], [ 23.53627481529335, 56.383900657018337 ], [ 23.53629921129437, 56.383793956498394 ], [ 23.536439151710166, 56.383683416252147 ], [ 23.536640842789197, 56.383560291573019 ], [ 23.536919423537906, 56.383445997040241 ], [ 23.537120024001446, 56.383412572574905 ], [ 23.537312303315034, 56.383430376776573 ], [ 23.537442365916245, 56.383499208671708 ], [ 23.537510160230145, 56.38362333993107 ], [ 23.537563487463732, 56.383670527156077 ], [ 23.537624876561722, 56.383687842729586 ], [ 23.537709778147807, 56.383671072566628 ], [ 23.537941797633405, 56.383586503855703 ], [ 23.538103797135545, 56.383561477313009 ], [ 23.538265331371143, 56.383574893850792 ], [ 23.53838836825205, 56.383588166888707 ], [ 23.538457560394381, 56.383596967755523 ], [ 23.538604005719939, 56.383584697679566 ], [ 23.538643174384458, 56.383529311698943 ], [ 23.538643742318946, 56.383482325449584 ], [ 23.538698361367423, 56.383422725258534 ], [ 23.538806566715841, 56.383388954350124 ], [ 23.538929757983293, 56.383389412418417 ], [ 23.538991869530161, 56.383346926631489 ], [ 23.539046797350007, 56.383261697418888 ], [ 23.539093973932765, 56.383180711043153 ], [ 23.539171329052401, 56.383151096826694 ], [ 23.539240572148742, 56.383155625778464 ], [ 23.539271060421882, 56.383181369065873 ], [ 23.539393580931375, 56.383237355883978 ], [ 23.539501218269276, 56.383250570623254 ], [ 23.539578676266554, 56.383212413196865 ], [ 23.539618255298542, 56.383122855077694 ], [ 23.53961969786911, 56.383003253690738 ], [ 23.539859614407785, 56.382901624038219 ], [ 23.54009947820381, 56.382804265396373 ], [ 23.540192127534212, 56.382783250600362 ], [ 23.540284468090938, 56.382787864607131 ], [ 23.540391847307738, 56.382822435966268 ], [ 23.540591618903974, 56.382857349532145 ], [ 23.540699615384728, 56.382840662879033 ], [ 23.54075392194736, 56.382806690643413 ], [ 23.540777842206502, 56.38273843251325 ], [ 23.540763214431717, 56.38267430330572 ], [ 23.540810335257387, 56.382597587741337 ], [ 23.540880399602134, 56.382533772109809 ], [ 23.540950463712246, 56.382469956437625 ], [ 23.540974383405896, 56.3824016982649 ], [ 23.540928958449509, 56.38233745507663 ], [ 23.540837235493012, 56.382281583798751 ], [ 23.54073057691096, 56.382187212113053 ], [ 23.540731964551437, 56.382071882168724 ], [ 23.540747568501111, 56.382054853276124 ], [ 23.540817375028588, 56.382012395070767 ], [ 23.540879430853412, 56.381974179801496 ], [ 23.54098793835912, 56.381914778093993 ], [ 23.541073399440734, 56.381851019337176 ], [ 23.54116681609359, 56.381765931607028 ], [ 23.541199666247667, 56.381595186346907 ], [ 23.541239804477694, 56.381458641396087 ], [ 23.541158195433713, 56.381202039258099 ], [ 23.5411200084489, 56.381176267938386 ], [ 23.540920245154528, 56.381141355227847 ], [ 23.540905412247863, 56.381094311942128 ], [ 23.540914035930331, 56.381017453799018 ], [ 23.540930820864791, 56.380902180831569 ], [ 23.540947862532239, 56.38076555045712 ], [ 23.541002474078621, 56.380705949212818 ], [ 23.541079411880116, 56.3807105056284 ], [ 23.54130232116712, 56.380741232034829 ], [ 23.541564648828352, 56.380695213696406 ], [ 23.541673510625106, 56.380605911002164 ], [ 23.541643740821865, 56.38052036756055 ], [ 23.541522816069307, 56.380331967035865 ], [ 23.541523790805357, 56.380250808893685 ], [ 23.541593439280433, 56.380221164675973 ], [ 23.541709177959536, 56.380200234101174 ], [ 23.541793454743303, 56.380234718893647 ], [ 23.541862231495287, 56.380277689707881 ], [ 23.541946559843076, 56.380307902915014 ], [ 23.542023753188037, 56.380291101336745 ], [ 23.542062759767184, 56.380248528677484 ], [ 23.542132920156472, 56.380176169340395 ], [ 23.542225766881295, 56.380138067077304 ], [ 23.542288074322705, 56.380078493675576 ], [ 23.542319944942147, 56.379988906216994 ], [ 23.542321737359597, 56.379839404350321 ], [ 23.54232296643594, 56.379736888782489 ], [ 23.542385221863537, 56.379681586808843 ], [ 23.54247791355051, 56.379656298797968 ], [ 23.542663040691643, 56.379627079979024 ], [ 23.542794379010928, 56.379589119239952 ], [ 23.542895382654027, 56.37951260151025 ], [ 23.542973443321753, 56.379423184131547 ], [ 23.542998022217962, 56.37929939625068 ], [ 23.542944489768345, 56.379269297259164 ], [ 23.542783125543984, 56.37924307238594 ], [ 23.542606364308877, 56.379216790512302 ], [ 23.54242185350795, 56.379194751462407 ], [ 23.542160254390875, 56.379180970891731 ], [ 23.54205298627064, 56.37913785809301 ], [ 23.54200740961538, 56.379086429716139 ], [ 23.542062068333145, 56.379022556500047 ], [ 23.542131457989189, 56.379014269381905 ], [ 23.542193507612392, 56.378976053426399 ], [ 23.542186270071081, 56.378937581662377 ], [ 23.542218088741215, 56.378852265694832 ], [ 23.542264843375591, 56.378805449896262 ], [ 23.542358147477962, 56.378728904175667 ], [ 23.54233602487411, 56.37864766076774 ], [ 23.542259756886285, 56.378587575860813 ], [ 23.542190777825109, 56.378561691190612 ], [ 23.542168348315275, 56.378506076648179 ], [ 23.542199910547801, 56.378442118093062 ], [ 23.542192673098402, 56.378403646326255 ], [ 23.542124155493113, 56.378339318272779 ], [ 23.541963461999785, 56.378257563058852 ], [ 23.541879907028644, 56.378163277618064 ], [ 23.541904181107107, 56.378065118830875 ], [ 23.541912545793018, 56.378009617991161 ], [ 23.541944056788619, 56.377949930979092 ], [ 23.54196812557403, 56.377868858107938 ], [ 23.54198480340084, 56.377762127898016 ], [ 23.542000968699266, 56.377698112516519 ], [ 23.542055113055202, 56.377676954118812 ], [ 23.542124244117542, 56.377690024415436 ], [ 23.542154934898591, 56.377698681079366 ], [ 23.542239872394067, 56.377677636290457 ], [ 23.54235631985345, 56.377596904321329 ], [ 23.542341691350224, 56.377532775245541 ], [ 23.542265323144552, 56.377481233301978 ], [ 23.542119722072009, 56.377425164017971 ], [ 23.541668294178784, 56.377192825984672 ], [ 23.541615381151736, 56.377111468614501 ], [ 23.541624412736898, 56.377000438500666 ], [ 23.54167131965475, 56.376940808458656 ], [ 23.541779503984738, 56.376907034886536 ], [ 23.541856895550239, 56.376873147456955 ], [ 23.54187311193472, 56.37680486059886 ], [ 23.54192037697684, 56.376715330072749 ], [ 23.54201316423794, 56.376681499417977 ], [ 23.54206761454612, 56.376634712104973 ], [ 23.542068024416956, 56.376600540232651 ], [ 23.541999510241872, 56.376536212097172 ], [ 23.54191483141172, 56.376535899309289 ], [ 23.541861098654781, 56.376522885780417 ], [ 23.541800026709726, 56.376479943395736 ], [ 23.54177744517844, 56.376437143218816 ], [ 23.541847496549025, 56.376373326956113 ], [ 23.54203281318415, 56.37632702310065 ], [ 23.542125292039717, 56.376318821263652 ], [ 23.542172146111703, 56.376263462507318 ], [ 23.542157159855552, 56.376229233787889 ], [ 23.542103478675582, 56.376211948879607 ], [ 23.542049797544298, 56.376194663948105 ], [ 23.541973483644085, 56.376138850334357 ], [ 23.54192811564851, 56.376070335972031 ], [ 23.541928576883755, 56.376031892612879 ], [ 23.541960086205584, 56.375972205574904 ], [ 23.542022387227693, 56.37591263225606 ], [ 23.542084585594058, 56.375861601874163 ], [ 23.542223302154465, 56.375849299031152 ], [ 23.542338924821468, 56.375836910800942 ], [ 23.542593263722601, 56.375812219205407 ], [ 23.542701392876747, 56.37578271630121 ], [ 23.542871412066599, 56.37572781143303 ], [ 23.542941153498322, 56.375689623451166 ], [ 23.542964963059386, 56.375629907777373 ], [ 23.542942534120762, 56.375574293349558 ], [ 23.542920258656135, 56.375505864461338 ], [ 23.542866731571113, 56.375475765426565 ], [ 23.542697532079345, 56.375462326529302 ], [ 23.5425823200545, 56.37544054321549 ], [ 23.542337166325705, 56.375341390139518 ], [ 23.542276659013911, 56.37525146164726 ], [ 23.542285790620795, 56.375131888477569 ], [ 23.542340238375509, 56.375085101028965 ], [ 23.542463863589894, 56.375047112175785 ], [ 23.5425403295691, 56.375090111039079 ], [ 23.542570199562576, 56.375167111366338 ], [ 23.542669810491955, 56.37520592385237 ], [ 23.542792821972569, 56.375219192496985 ], [ 23.542985574019287, 56.375194273008226 ], [ 23.543117203429301, 56.375130682960787 ], [ 23.543241492317147, 56.375037164016639 ], [ 23.543196327759922, 56.374951564161002 ], [ 23.54314341455412, 56.374870207413117 ], [ 23.543097534800694, 56.374844408322787 ], [ 23.542976058281887, 56.374702995405521 ], [ 23.54289240626332, 56.374617253573248 ], [ 23.542832256790806, 56.374497424939428 ], [ 23.542833228528671, 56.374416266705531 ], [ 23.542888032552856, 56.374339578605671 ], [ 23.543050807490069, 56.374246201715081 ], [ 23.543235601352233, 56.374242610890128 ], [ 23.54345847466141, 56.374273333394207 ], [ 23.54354284210612, 56.374299274039132 ], [ 23.543797118958057, 56.374278851436834 ], [ 23.543990834875697, 56.374172772124169 ], [ 23.544184549717013, 56.374066692505281 ], [ 23.544239605453846, 56.373968646362798 ], [ 23.54421054883808, 56.373823302623137 ], [ 23.544103905420073, 56.373728933734455 ], [ 23.544058689454317, 56.373647605661468 ], [ 23.544090499472148, 56.373562289126454 ], [ 23.54418337912448, 56.373519913840099 ], [ 23.544338195078428, 56.37344786437766 ], [ 23.544438771624836, 56.373405517184523 ], [ 23.544531242893846, 56.373397313536977 ], [ 23.544685089935662, 56.37340642190609 ], [ 23.544731682057591, 56.373372419584022 ], [ 23.544755130868172, 56.37334260395258 ], [ 23.544817779662907, 56.373253128774046 ], [ 23.544941651013307, 56.373193779985343 ], [ 23.545073524717065, 56.373108830383124 ], [ 23.545105739109989, 56.372989341669111 ], [ 23.545067812094597, 56.372942214097954 ], [ 23.54498314119849, 56.372941903418088 ], [ 23.544829295954624, 56.372932795421015 ], [ 23.544730299884343, 56.372842726802837 ], [ 23.544777451432584, 56.37276173808808 ], [ 23.544878483889455, 56.37268094713437 ], [ 23.544902492157821, 56.372604145097526 ], [ 23.544857021239249, 56.372544174743012 ], [ 23.54474196954828, 56.37250957897222 ], [ 23.544557387993464, 56.372496086103482 ], [ 23.54430312341669, 56.37251651029073 ], [ 23.544203262886697, 56.372499056549465 ], [ 23.544026786892118, 56.372451419280239 ], [ 23.544027449977456, 56.372395889934751 ], [ 23.544113241582323, 56.372302228524468 ], [ 23.54413745512224, 56.372208340679911 ], [ 23.544093413834993, 56.372028768368907 ], [ 23.54410987910012, 56.37193912371248 ], [ 23.544241699320427, 56.371858446462241 ], [ 23.544457321018534, 56.371850695471359 ], [ 23.544564724272888, 56.37188099174584 ], [ 23.544663819339551, 56.371962517527905 ], [ 23.544847991043525, 56.37201018214644 ], [ 23.544986489138196, 56.372014962136127 ], [ 23.545310024487172, 56.371994790590158 ], [ 23.54542629552931, 56.37192687009297 ], [ 23.54549668838602, 56.371833151273378 ], [ 23.545497705204088, 56.371747721484859 ], [ 23.545468187849263, 56.371640821388468 ], [ 23.545368583344533, 56.371602011138521 ], [ 23.545122276649515, 56.371601107793332 ], [ 23.544906656489861, 56.371608859943365 ], [ 23.54478416509021, 56.37155287851418 ], [ 23.544608100251452, 56.371471070157519 ], [ 23.544371632061548, 56.371290791047386 ], [ 23.544380399343787, 56.371201118058849 ], [ 23.544411900810331, 56.371141430338483 ], [ 23.544443656964837, 56.371060385162863 ], [ 23.544405477863233, 56.371034614825469 ], [ 23.544213053641361, 56.371033907638825 ], [ 23.544166820841141, 56.371038009358756 ], [ 23.544075018192139, 56.370990683388321 ], [ 23.544098823012419, 56.370930967443734 ], [ 23.54418369338407, 56.370914192763294 ], [ 23.544345380190546, 56.370910515368251 ], [ 23.544376524718437, 56.370880728079491 ], [ 23.544384833219201, 56.370829498489506 ], [ 23.544292928851714, 56.370790715658067 ], [ 23.544239764128246, 56.370730716776045 ], [ 23.544271520301692, 56.370649671639171 ], [ 23.544356746735925, 56.370602996411662 ], [ 23.544380448944214, 56.370551823387387 ], [ 23.544357664124988, 56.370526109598849 ], [ 23.544250366796561, 56.370487270165697 ], [ 23.544227989945767, 56.370427384436319 ], [ 23.544352464614711, 56.370316778319221 ], [ 23.544353025241104, 56.370269791931555 ], [ 23.544269124908539, 56.370205408426514 ], [ 23.544061464260981, 56.370191829961733 ], [ 23.543823322729725, 56.370152508946326 ], [ 23.543762462849848, 56.370092481538528 ], [ 23.543679584718888, 56.369942667842295 ], [ 23.54369671353092, 56.369797493844288 ], [ 23.543720211974392, 56.369763406899288 ], [ 23.543851464250817, 56.369729716412841 ], [ 23.543958810056413, 56.369764284701915 ], [ 23.544051119609133, 56.369768895863196 ], [ 23.544174318012981, 56.369765077161276 ], [ 23.544259542585774, 56.36971840199088 ], [ 23.544314387926114, 56.369637441696455 ], [ 23.544331361281731, 56.369505082070411 ], [ 23.544294152254388, 56.369398153378071 ], [ 23.544134766336118, 56.369209613652316 ], [ 23.544050715699168, 56.369158044464115 ], [ 23.543904837580524, 56.369127606190425 ], [ 23.543812019352991, 56.369165709824941 ], [ 23.543834088690311, 56.36925122458058 ], [ 23.543871857485858, 56.369311167019362 ], [ 23.543832864157363, 56.369353740344536 ], [ 23.543748048136305, 56.369366243304434 ], [ 23.543655892720928, 56.369348817448788 ], [ 23.543518017158789, 56.369292778107265 ], [ 23.543257149573449, 56.369223470568876 ], [ 23.54309679852825, 56.369116087822121 ], [ 23.543005666303159, 56.369013231686345 ], [ 23.542953017264665, 56.368910517343465 ], [ 23.543022950576969, 56.368855243293147 ], [ 23.54308503385451, 56.368812755310252 ], [ 23.543147321385497, 56.368753181335236 ], [ 23.543179180397516, 56.368663593472874 ], [ 23.543211192530183, 56.368561191129892 ], [ 23.543280767249769, 56.368535817361803 ], [ 23.543458143369836, 56.368506568863538 ], [ 23.543566097992972, 56.368489879607175 ], [ 23.543659016898935, 56.368443233168996 ], [ 23.543713351326936, 56.368404988029894 ], [ 23.54375300719607, 56.368306885354158 ], [ 23.543753721604713, 56.368247084482554 ], [ 23.543709125220825, 56.368114498330733 ], [ 23.543648881236649, 56.368003212961405 ], [ 23.543541387497591, 56.367981458875427 ], [ 23.543418041590019, 56.367998091431332 ], [ 23.543325378859603, 56.368023380239862 ], [ 23.543194438541857, 56.368031441243581 ], [ 23.542987403474761, 56.367966603107241 ], [ 23.542926548376101, 56.36790657527574 ], [ 23.542996633219573, 56.367838486756384 ], [ 23.543143732007437, 56.367766410316918 ], [ 23.543313561583542, 56.36772431918456 ], [ 23.543337161232415, 56.367681689317216 ], [ 23.543338284869996, 56.36758771651462 ], [ 23.543415860390205, 56.36753674206345 ], [ 23.543485330989174, 56.367519911155455 ], [ 23.543586097016778, 56.367460478624359 ], [ 23.543618107033417, 56.367358076152932 ], [ 23.543580646831412, 56.367272504673231 ], [ 23.543473665770716, 56.36720803561505 ], [ 23.543419639199556, 56.367220651710788 ], [ 23.543256690865043, 56.367331115206902 ], [ 23.54318665851115, 56.367394932390013 ], [ 23.543040072312394, 56.367424293977415 ], [ 23.542809389651417, 56.367406356846629 ], [ 23.542563979831073, 56.367332833118745 ], [ 23.542457000322734, 56.36726836318649 ], [ 23.542304151141842, 56.3671780937619 ], [ 23.542266540480711, 56.367105336360112 ], [ 23.542336420279867, 56.367054334167882 ], [ 23.542459917116989, 56.367024888208483 ], [ 23.54270629649622, 56.367017253812463 ], [ 23.542861037675817, 56.36694947757109 ], [ 23.542877145708555, 56.366889733444722 ], [ 23.542831582471262, 56.366838305290898 ], [ 23.542739893828657, 56.366782435336383 ], [ 23.542740405224457, 56.366739720423602 ], [ 23.542779243679359, 56.366709961895644 ], [ 23.542841528239727, 56.366650388049116 ], [ 23.542819513728023, 56.366560601595431 ], [ 23.542873692933888, 56.36653517128412 ], [ 23.542981693344988, 56.366514211031038 ], [ 23.543043772849124, 56.366471723046566 ], [ 23.543191019536028, 56.36638683205107 ], [ 23.543237961970359, 56.36632292979688 ], [ 23.543238983628772, 56.366237499958714 ], [ 23.543193241869677, 56.366201022154698 ], [ 23.543147117000931, 56.366196580523145 ], [ 23.54310868813478, 56.366192167235099 ], [ 23.54296266874767, 56.366174542333681 ], [ 23.542870572510971, 56.366152844406706 ], [ 23.542840248721429, 56.366114287476186 ], [ 23.542817876608737, 56.36605440145776 ], [ 23.542795095510016, 56.366028687369472 ], [ 23.542618702288678, 56.365976776606232 ], [ 23.542534507312471, 56.365938020853527 ], [ 23.542474014315427, 56.365848092344287 ], [ 23.542459441178895, 56.365779691675634 ], [ 23.542452922175755, 56.365681418962936 ], [ 23.542507305028529, 56.36563890283891 ], [ 23.542615354253396, 56.365613671406109 ], [ 23.542808262422575, 56.365571666106874 ], [ 23.542900970655907, 56.365542106173415 ], [ 23.542947605845789, 56.365503832973083 ], [ 23.542971306740039, 56.365452660173858 ], [ 23.542881103721214, 56.365272917037089 ], [ 23.542713279035844, 56.365148419410289 ], [ 23.542605589253828, 56.365143750486425 ], [ 23.54247465866343, 56.365151810749659 ], [ 23.542312893702448, 56.365164028732579 ], [ 23.542097411762118, 56.365163233079876 ], [ 23.541859406068504, 56.365115365331178 ], [ 23.541806150544435, 56.365063908353619 ], [ 23.541761154618584, 56.364965493385782 ], [ 23.541869919692605, 56.364880461709582 ], [ 23.54193994960989, 56.364816645240289 ], [ 23.541948208791354, 56.364769687258679 ], [ 23.541871712848209, 56.364730959485527 ], [ 23.541771771288616, 56.364722046783527 ], [ 23.541633710130434, 56.364683091305082 ], [ 23.541549929150527, 56.36461016294529 ], [ 23.541488979083905, 56.364558677372251 ], [ 23.541373851900165, 56.364532621460164 ], [ 23.54113579973134, 56.364489023817399 ], [ 23.541105479007186, 56.364450466457257 ], [ 23.541098655785635, 56.364377822610074 ], [ 23.541122512395674, 56.364313835681877 ], [ 23.541200494648439, 56.364228690647174 ], [ 23.541155552568377, 56.364126003958269 ], [ 23.54111763917658, 56.364078875133707 ], [ 23.54115704060138, 56.364002130684348 ], [ 23.541150114733465, 56.36393802981928 ], [ 23.541058897394414, 56.363843715179989 ], [ 23.54099056167933, 56.363766571917537 ], [ 23.540906681253254, 56.363702186102266 ], [ 23.540814797541891, 56.363663400682043 ], [ 23.540676484364536, 56.363645801600235 ], [ 23.540575723917332, 56.363705231812389 ], [ 23.540513492038841, 56.3637605330591 ], [ 23.540366249573559, 56.363845420917606 ], [ 23.540258615173492, 56.363836478468862 ], [ 23.540166783222041, 56.363793421077922 ], [ 23.540113788952798, 56.363720605910039 ], [ 23.540053356579122, 56.363626404710757 ], [ 23.53981634078044, 56.363497374702646 ], [ 23.539616876997201, 56.36344537397953 ], [ 23.539454912369461, 56.36347467421394 ], [ 23.539216044561559, 56.363499416757044 ], [ 23.538823680023501, 56.363489414494367 ], [ 23.538762941730543, 56.363420841615927 ], [ 23.53874837614466, 56.363352440496762 ], [ 23.538733604286755, 56.363301125340357 ], [ 23.538587649587924, 56.363279223808398 ], [ 23.538471908928127, 56.363304423100097 ], [ 23.538402392193998, 56.363325522710589 ], [ 23.538210420084972, 56.3632906343435 ], [ 23.538157585177423, 56.36320500386779 ], [ 23.538266456488067, 56.363111432351424 ], [ 23.53850563210958, 56.363061062685517 ], [ 23.538529698638875, 56.362979990282973 ], [ 23.538500465469802, 56.362851730962532 ], [ 23.538402026520632, 56.362718942297825 ], [ 23.538195286576649, 56.362632738707326 ], [ 23.538088069324584, 56.362589622447544 ], [ 23.538042775926197, 56.362516835060156 ], [ 23.538074331706042, 56.362452877379205 ], [ 23.538059819367913, 56.362380204679553 ], [ 23.538006624424849, 56.362324474570414 ], [ 23.537899563266514, 56.36226854367262 ], [ 23.537737964160133, 56.362267941235494 ], [ 23.537606732201176, 56.362301625324477 ], [ 23.537475810329369, 56.362309680326788 ], [ 23.53735320440812, 56.36226650601359 ], [ 23.537238863155579, 56.362176373900404 ], [ 23.537186135459073, 56.362082200018989 ], [ 23.537164757866343, 56.361941154626123 ], [ 23.537212118852562, 56.361843082684423 ], [ 23.537205717465387, 56.361736266673908 ], [ 23.537129542946978, 56.36167190702507 ], [ 23.537006732379005, 56.361645818334601 ], [ 23.536822257885941, 56.361628042527606 ], [ 23.536653018258669, 56.361623138440116 ], [ 23.53652932716583, 56.361669664627108 ], [ 23.536344438024805, 56.361686060037776 ], [ 23.536266968722988, 56.361728487134926 ], [ 23.536166362103391, 56.361775099306406 ], [ 23.536043344352166, 56.361766095625704 ], [ 23.53589765654807, 56.361722833480187 ], [ 23.53555366286815, 56.361533591119048 ], [ 23.535546331359967, 56.361503661856787 ], [ 23.535524648519818, 56.36138824512269 ], [ 23.535557869397273, 56.361187600371288 ], [ 23.535605337413568, 56.361080986054951 ], [ 23.535659513613595, 56.361055558868692 ], [ 23.535766879542003, 56.361085862754635 ], [ 23.535851472150547, 56.361090451175784 ], [ 23.535913343151886, 56.361065052687344 ], [ 23.535952388670289, 56.361018210305225 ], [ 23.535907256869439, 56.360932607655293 ], [ 23.535784968575992, 56.36086380284442 ], [ 23.535670323700934, 56.360799298224649 ], [ 23.535532906163169, 56.360709078067501 ], [ 23.535464535255901, 56.360636203239231 ], [ 23.535411346519755, 56.360580472011158 ], [ 23.535465729900608, 56.360537958941762 ], [ 23.535542886074946, 56.360521161282357 ], [ 23.53568232771746, 56.360444793266815 ], [ 23.535698911405746, 56.360346606601048 ], [ 23.535637768327202, 56.360312204106556 ], [ 23.53545340480229, 56.360285883287688 ], [ 23.535400372410226, 56.360217337578291 ], [ 23.535385658190478, 56.360161750515033 ], [ 23.535424963148966, 56.360093550834264 ], [ 23.535479605510606, 56.360029680296449 ], [ 23.535427040921476, 56.359922691171356 ], [ 23.53537359347839, 56.359888317380637 ], [ 23.535343178297794, 56.359858301581646 ], [ 23.535359139178954, 56.359811372853201 ], [ 23.535482721786771, 56.359773390795652 ], [ 23.535598401768336, 56.359752465757488 ], [ 23.535676490779995, 56.359658781155737 ], [ 23.535539752414842, 56.359513031600009 ], [ 23.535518070691946, 56.359397614829454 ], [ 23.535395580214498, 56.359345895595034 ], [ 23.535264719982766, 56.359349676790288 ], [ 23.535210493978962, 56.359379375306503 ], [ 23.535148989066908, 56.359374873012015 ], [ 23.535064920177145, 56.359327569198626 ], [ 23.53498105946607, 56.359263179360958 ], [ 23.534967074133167, 56.359147791354772 ], [ 23.535015321056452, 56.358977104847689 ], [ 23.534993901165613, 56.358840330517999 ], [ 23.534825974360469, 56.358728636651854 ], [ 23.534704111232323, 56.358625658828203 ], [ 23.534682484548298, 56.358505970407805 ], [ 23.534691219452423, 56.358420569444476 ], [ 23.534730575860074, 56.358348098471453 ], [ 23.534808820137389, 56.358241599916539 ], [ 23.534786413154098, 56.358185983893868 ], [ 23.534679524362069, 56.35811723572769 ], [ 23.534526001532399, 56.358086757566582 ], [ 23.53423439735851, 56.358021587000614 ], [ 23.533988074401812, 56.358029204666593 ], [ 23.533696784392813, 56.357938403885242 ], [ 23.533605391154151, 56.357861169693379 ], [ 23.533474692316478, 56.357852134532436 ], [ 23.533343993541358, 56.357843099233811 ], [ 23.533190420696503, 56.357816890912808 ], [ 23.533091438896268, 56.357731084385669 ], [ 23.533015592526716, 56.357641093241689 ], [ 23.532939224338367, 56.357593816968148 ], [ 23.532808996665366, 56.357546337681157 ], [ 23.532694314509481, 56.357486101791487 ], [ 23.532702478930773, 56.357447687370048 ], [ 23.532772353734124, 56.357396690480613 ], [ 23.5329955902188, 56.357388988269513 ], [ 23.533049345262249, 56.35739773413831 ], [ 23.533111368719201, 56.357359522550261 ], [ 23.533119480496683, 56.357325379591877 ], [ 23.533043269424368, 56.357265288904657 ], [ 23.532982185872427, 56.357226613603494 ], [ 23.532890534665196, 56.357170736341224 ], [ 23.532713882360447, 56.357144440454903 ], [ 23.532652799335356, 56.357105764991552 ], [ 23.532615060124723, 56.357045819066904 ], [ 23.532553611540191, 56.357037043997991 ], [ 23.532360787609296, 56.357074761961009 ], [ 23.532191621054331, 56.357065580322605 ], [ 23.532169009353556, 56.357027049790538 ], [ 23.532254533806707, 56.356954753802597 ], [ 23.532254690685267, 56.356941939327278 ], [ 23.53219413144398, 56.356860548719915 ], [ 23.532109705577508, 56.356843143341273 ], [ 23.531948024896952, 56.356851076378653 ], [ 23.531854910660545, 56.356914800117046 ], [ 23.531823035055112, 56.357004385211255 ], [ 23.531775456925185, 56.357119541123204 ], [ 23.531735939141544, 56.35720482563903 ], [ 23.531673862206347, 56.357247308029201 ], [ 23.53155808294515, 56.35727677240515 ], [ 23.531473708832863, 56.357255095102374 ], [ 23.531428120003895, 56.357207934214152 ], [ 23.531359396414476, 56.357164957542139 ], [ 23.531251835383056, 56.357151735808422 ], [ 23.531074712480553, 56.357163881007175 ], [ 23.531027708632738, 56.357232050225925 ], [ 23.530972643371022, 56.357330090750473 ], [ 23.530902661403605, 56.357389629603517 ], [ 23.530763641104798, 56.357431820359253 ], [ 23.530470841047645, 56.357464885233917 ], [ 23.530332870175901, 56.357421645698849 ], [ 23.53031842693758, 56.357344700571723 ], [ 23.530357265456438, 56.357314945890188 ], [ 23.530343609813873, 56.357173928408187 ], [ 23.530329061628002, 56.357105526260334 ], [ 23.530199311580127, 56.357019600821822 ], [ 23.530068668982718, 56.357006290584472 ], [ 23.530029778012917, 56.357040316667579 ], [ 23.52999821329707, 56.357104272341637 ], [ 23.529882222952466, 56.35715082111259 ], [ 23.529743202403449, 56.35719301072519 ], [ 23.529627737350388, 56.357196844356125 ], [ 23.529435435834504, 56.357191842862242 ], [ 23.529366819753612, 56.357140322109537 ], [ 23.529252144257232, 56.357080083042781 ], [ 23.529075863442845, 56.357023881547988 ], [ 23.529006984868428, 56.356993718044976 ], [ 23.528992333828178, 56.356933858722002 ], [ 23.529046455866375, 56.356912705895937 ], [ 23.529123502225694, 56.356904455194027 ], [ 23.529162341223682, 56.356874700885555 ], [ 23.529170772247721, 56.356814929248863 ], [ 23.529087611388388, 56.35669500605416 ], [ 23.529049667577389, 56.356652145010436 ], [ 23.529012197743203, 56.356570840544613 ], [ 23.528905587202843, 56.356480729956878 ], [ 23.528822006494927, 56.356394978500987 ], [ 23.528715660328455, 56.356283510298404 ], [ 23.528554982733624, 56.356210280602845 ], [ 23.528425239714725, 56.356124353306946 ], [ 23.528210969531578, 56.356029560824936 ], [ 23.527812891193395, 56.355865720918949 ], [ 23.527467194187192, 56.355821686752222 ], [ 23.52720597206153, 56.355790788903953 ], [ 23.527030334704342, 56.355683326629801 ], [ 23.526862868206319, 56.355537450067224 ], [ 23.526917729848627, 56.355456497311515 ], [ 23.526948928159683, 56.355422442838346 ], [ 23.527103544379493, 56.355363229084197 ], [ 23.527210940363513, 56.355389268879371 ], [ 23.527264004238081, 56.355453546619358 ], [ 23.527348319135211, 56.355479498272651 ], [ 23.527463726389144, 56.35547993824521 ], [ 23.52751010057295, 56.355463028244593 ], [ 23.527657075093352, 56.355399512984015 ], [ 23.527665455330709, 56.355344012928946 ], [ 23.527612074079698, 56.355305364299255 ], [ 23.527413303689872, 56.355202086093179 ], [ 23.527277352588907, 56.354996526538301 ], [ 23.527340170465397, 56.354894245474014 ], [ 23.527394766007134, 56.35483464994671 ], [ 23.527471755701505, 56.354830671752389 ], [ 23.527579361688741, 56.354839625267232 ], [ 23.527656773795705, 56.354801475034776 ], [ 23.527680330037164, 56.354763119565511 ], [ 23.527650400196706, 56.354694658456857 ], [ 23.527628058497289, 56.354634769639162 ], [ 23.52762142097383, 56.354549310510102 ], [ 23.527645874748341, 56.354438339704458 ], [ 23.527715697964432, 56.354391617133288 ], [ 23.527870467154639, 56.354319587931101 ], [ 23.528063281561071, 56.354281876919757 ], [ 23.52829477435462, 56.354227226028385 ], [ 23.528511353730128, 56.354134072756302 ], [ 23.528573797986606, 56.354061691485185 ], [ 23.528597879806625, 56.353980620918946 ], [ 23.528544341402441, 56.353954787158614 ], [ 23.528459712780638, 56.353954465265936 ], [ 23.52834388832456, 56.353988198159811 ], [ 23.528281707410301, 56.354039221858677 ], [ 23.528173734305238, 56.354060169394899 ], [ 23.528104756273297, 56.354038548368912 ], [ 23.528089738486862, 56.354008589353874 ], [ 23.528144226095588, 56.35395753646646 ], [ 23.528213678652122, 56.353940714048207 ], [ 23.528237339271573, 56.353893815483062 ], [ 23.52822226869986, 56.353868127974756 ], [ 23.528168519733807, 56.353859380018122 ], [ 23.528091954083607, 56.353829186718215 ], [ 23.528061549429996, 56.353799169121224 ], [ 23.528010122082613, 56.353602475472115 ], [ 23.52790309997355, 56.353546535929148 ], [ 23.527818525045685, 56.353541942108777 ], [ 23.527741696355257, 56.353533106049646 ], [ 23.527641945835246, 56.353511367522444 ], [ 23.527635150055286, 56.353438722852999 ], [ 23.52764442749778, 56.353310607426522 ], [ 23.527599059305903, 56.353246359150042 ], [ 23.527423379670658, 56.353143168897944 ], [ 23.527278368603596, 56.353048638737846 ], [ 23.527125612087232, 56.352958350551461 ], [ 23.527111124087249, 56.352885676500357 ], [ 23.527134891112347, 56.352830235155857 ], [ 23.527197018728643, 56.352783483513079 ], [ 23.527304724563891, 56.352783894276264 ], [ 23.527481617052654, 56.35278884039009 ], [ 23.527520611566803, 56.352746272095928 ], [ 23.527475666796864, 56.352647851835215 ], [ 23.527437781613081, 56.35260071878804 ], [ 23.527438785241273, 56.35251956044258 ], [ 23.527532054509201, 56.352443025494303 ], [ 23.527517829992288, 56.35234899402338 ], [ 23.527457710636408, 56.352233429134245 ], [ 23.527359231603203, 56.352109174569684 ], [ 23.527152785359359, 56.352005866588257 ], [ 23.526976002285704, 56.351992377026832 ], [ 23.526861927717029, 56.351885149319259 ], [ 23.526848498353136, 56.351727045385203 ], [ 23.526810456177692, 56.35169272661846 ], [ 23.526718721446127, 56.351645387765302 ], [ 23.526626193270804, 56.351662121224471 ], [ 23.526540934696833, 56.351713055933807 ], [ 23.526471644249888, 56.351717062950989 ], [ 23.526395031291766, 56.351691140093919 ], [ 23.526318577275443, 56.351652402714166 ], [ 23.526157447041069, 56.35161761332332 ], [ 23.525927450750508, 56.351552658503458 ], [ 23.525789241333214, 56.351530771373298 ], [ 23.525673368873541, 56.351568773285173 ], [ 23.525603548343479, 56.351615494731838 ], [ 23.525441729351741, 56.351636233799518 ], [ 23.525242453217686, 56.351575667006642 ], [ 23.525058404489403, 56.351527973319882 ], [ 23.524660333379693, 56.351368394764918 ], [ 23.524223481755104, 56.351234296246169 ], [ 23.52393237320555, 56.351134929568033 ], [ 23.523640520756359, 56.351095363075039 ], [ 23.523348509085128, 56.351068610366816 ], [ 23.523110401560444, 56.351037792668926 ], [ 23.522964662679524, 56.351003058326 ], [ 23.522741781652233, 56.350985113601709 ], [ 23.522633067184255, 56.351065857191756 ], [ 23.522439356277836, 56.351176175120862 ], [ 23.522308736394628, 56.351162856731946 ], [ 23.522239713519021, 56.35114550393655 ], [ 23.522194036540483, 56.351106882617394 ], [ 23.52217202591271, 56.351021363861832 ], [ 23.522096218525203, 56.350931366006812 ], [ 23.521866233303104, 56.350866403663296 ], [ 23.521735668137669, 56.350848813182388 ], [ 23.521566585244948, 56.350835345597865 ], [ 23.521412995202677, 56.350813394208863 ], [ 23.52129023030896, 56.350787289982236 ], [ 23.521214104375332, 56.35072292052466 ], [ 23.521253050228911, 56.350684625685666 ], [ 23.521338046025704, 56.350655052060198 ], [ 23.521423095182129, 56.350621206886593 ], [ 23.52142384405434, 56.350561406033464 ], [ 23.521347825341309, 56.35048849367692 ], [ 23.521203053439585, 56.350376870454078 ], [ 23.521126660849337, 56.350333858387877 ], [ 23.520904212991287, 56.35028173844988 ], [ 23.520650941155559, 56.350233770610565 ], [ 23.520596877552851, 56.350250648313072 ], [ 23.520549863607947, 56.350318813617385 ], [ 23.520548041608787, 56.350464044246834 ], [ 23.520493388093779, 56.350527908282082 ], [ 23.520385152654921, 56.350570206500464 ], [ 23.520300478011826, 56.350574150539131 ], [ 23.520208378662726, 56.350556707299774 ], [ 23.520086151824142, 56.350487886994543 ], [ 23.519910451514875, 56.35038895759461 ], [ 23.519811250387857, 56.350324497889716 ], [ 23.519850841228529, 56.350234945625672 ], [ 23.519890002591588, 56.350179565258138 ], [ 23.519937071195383, 56.350107128715401 ], [ 23.519907051518615, 56.350047208693837 ], [ 23.519839105088888, 56.34994442478456 ], [ 23.519825168741097, 56.349829034982143 ], [ 23.519872505344832, 56.34973524101374 ], [ 23.519911129579761, 56.349722575525782 ], [ 23.520018665736444, 56.349735807072463 ], [ 23.520064446163378, 56.349765886216744 ], [ 23.52032599655864, 56.349766898637569 ], [ 23.52036504953583, 56.349720061092647 ], [ 23.520396945814213, 56.349630478875362 ], [ 23.520429485139836, 56.34948963877271 ], [ 23.520430396333246, 56.349417023448176 ], [ 23.520384669638439, 56.349382672947883 ], [ 23.520277509661508, 56.34933954129189 ], [ 23.520032849361691, 56.349218986641468 ], [ 23.520049790064355, 56.349095173014732 ], [ 23.520027463508061, 56.349035282799214 ], [ 23.520012614939343, 56.348992508326546 ], [ 23.51998248871265, 56.348941131293273 ], [ 23.520005888065498, 56.348915591722481 ], [ 23.520113636521973, 56.348911737225428 ], [ 23.520252369374415, 56.348890915771719 ], [ 23.52026097335165, 56.348818330214925 ], [ 23.520230793306268, 56.348771224730292 ], [ 23.520162848254238, 56.348668440979651 ], [ 23.520140897177587, 56.348578650349815 ], [ 23.519996028719785, 56.348475568681522 ], [ 23.519804309100934, 56.348427837417439 ], [ 23.519496828366684, 56.348409559040874 ], [ 23.51939655880048, 56.348430528789784 ], [ 23.519249490012474, 56.348502577329619 ], [ 23.519095480709961, 56.348514794995779 ], [ 23.518979987109091, 56.348522890247374 ], [ 23.518903278112866, 56.348505505745258 ], [ 23.518865300048709, 56.348466913050814 ], [ 23.518858306705226, 56.348411353829214 ], [ 23.518820275002263, 56.34837703261006 ], [ 23.518674765355343, 56.348325207274975 ], [ 23.518636357318794, 56.348320786424921 ], [ 23.518451363810627, 56.348349969752036 ], [ 23.518312093612337, 56.348413504084377 ], [ 23.518219085022359, 56.348468674685144 ], [ 23.518103429806917, 56.34848958358679 ], [ 23.517934250901586, 56.348484654040341 ], [ 23.517857596346392, 56.348462997403161 ], [ 23.517789173194338, 56.34839865575745 ], [ 23.517743665682602, 56.348347218328321 ], [ 23.517729466723246, 56.348253185716565 ], [ 23.517683689944096, 56.348223105708847 ], [ 23.517606820405131, 56.348218534872032 ], [ 23.517560342833114, 56.34824398417269 ], [ 23.517528980300824, 56.348290850784082 ], [ 23.517405363210703, 56.348333086536073 ], [ 23.51734382427475, 56.348332846922979 ], [ 23.517275132471994, 56.348289862436765 ], [ 23.517198802432496, 56.348242576461693 ], [ 23.517122526548498, 56.348191018951113 ], [ 23.517046682670529, 56.348105289485659 ], [ 23.51703947613176, 56.348066816116983 ], [ 23.517101230511859, 56.348049969926223 ], [ 23.517178207570058, 56.348045998098776 ], [ 23.517294023784682, 56.348012275591358 ], [ 23.517340447308918, 56.347991097878172 ], [ 23.51733324049523, 56.347952624525405 ], [ 23.517333294437876, 56.347948353036621 ], [ 23.517287572282779, 56.347914001393505 ], [ 23.517157073292399, 56.347892134613808 ], [ 23.517079880658628, 56.347913192383366 ], [ 23.516949273820178, 56.347899868362369 ], [ 23.516911190351532, 56.347869818047052 ], [ 23.516835023593693, 56.347809717381203 ], [ 23.516689680849847, 56.347745075253691 ], [ 23.516444069340416, 56.347701400319394 ], [ 23.516321642183076, 56.347649662251612 ], [ 23.516114763197624, 56.347584779301755 ], [ 23.515953551262605, 56.347558519646626 ], [ 23.515815037382108, 56.347562250345327 ], [ 23.515730206587712, 56.347579005738893 ], [ 23.515575387832342, 56.347655291357214 ], [ 23.515567154209496, 56.347697976172505 ], [ 23.515481943962325, 56.347744631809711 ], [ 23.515328153202766, 56.347739758848796 ], [ 23.515083139427851, 56.347649094856202 ], [ 23.514753946367847, 56.347523927255011 ], [ 23.514716353109357, 56.347455432879862 ], [ 23.514664026515266, 56.347335620404536 ], [ 23.514397188668212, 56.347146620482839 ], [ 23.514136579501407, 56.347072980297995 ], [ 23.513629335128979, 56.347036817320046 ], [ 23.5133455431654, 56.346971627895776 ], [ 23.513169767659104, 56.346881231917727 ], [ 23.513040635074461, 56.346752573637666 ], [ 23.512995135910426, 56.346701134466088 ], [ 23.513003263335822, 56.346666992793303 ], [ 23.513088365360442, 56.346628881827087 ], [ 23.513196488848177, 56.346595132922126 ], [ 23.513212797678769, 56.346522578060345 ], [ 23.51322250244213, 56.346364563241821 ], [ 23.513155614214408, 56.34618061739058 ], [ 23.513111149375657, 56.346048019996637 ], [ 23.513005857325535, 56.345859651486748 ], [ 23.512906679586472, 56.345795186249859 ], [ 23.512822341435847, 56.345773496275463 ], [ 23.512737567767331, 56.345785978142942 ], [ 23.512667306391862, 56.345866864235781 ], [ 23.512620447154212, 56.345922212103751 ], [ 23.512488595658603, 56.346007127597545 ], [ 23.512396238448854, 56.346011036001613 ], [ 23.512342776665403, 56.345980923762554 ], [ 23.512289641979255, 56.345925182578497 ], [ 23.512174590921035, 56.345899099607692 ], [ 23.512089762240265, 56.345915852517891 ], [ 23.512035646466291, 56.345936997989028 ], [ 23.511889609866653, 56.345927879568869 ], [ 23.511836257704978, 56.345889224138332 ], [ 23.511752411017049, 56.345829090056199 ], [ 23.511660981892348, 56.34576038263873 ], [ 23.511653617486747, 56.345734723412853 ], [ 23.511654272359458, 56.345683465571895 ], [ 23.511739373528524, 56.345645355524347 ], [ 23.511839367186056, 56.34564574938944 ], [ 23.511893700837888, 56.345607518054635 ], [ 23.511971709701008, 56.345522391198074 ], [ 23.512026479289734, 56.345449987906733 ], [ 23.512020641568743, 56.345304727058867 ], [ 23.512022386550413, 56.345168039465015 ], [ 23.512031550567624, 56.345052739587629 ], [ 23.511994346329789, 56.34495434395987 ], [ 23.5119180840206, 56.344902783243 ], [ 23.51176457796582, 56.344876548441853 ], [ 23.511672387124293, 56.344867641849781 ], [ 23.511580087167644, 56.344867278163761 ], [ 23.511448892148099, 56.344900934721778 ], [ 23.511401704744692, 56.344981911059335 ], [ 23.511323695724045, 56.345067037564291 ], [ 23.511207173134299, 56.345156283844865 ], [ 23.510998840943429, 56.345206722512856 ], [ 23.510921868984667, 56.345210690513426 ], [ 23.51082209513747, 56.345193209963853 ], [ 23.510761162702035, 56.345145980739055 ], [ 23.510585401699274, 56.345055581094776 ], [ 23.510433099525322, 56.344935371941865 ], [ 23.510418755648118, 56.344854152934481 ], [ 23.510427705590121, 56.344755939124724 ], [ 23.510482422291556, 56.344687807996593 ], [ 23.510636911017439, 56.344637157620937 ], [ 23.510767887162537, 56.344620587868413 ], [ 23.510868752656144, 56.344552638720195 ], [ 23.510977309376234, 56.344484719836053 ], [ 23.511047735678567, 56.344391020223128 ], [ 23.511079594627994, 56.344305711844434 ], [ 23.511088214938823, 56.344233126899532 ], [ 23.511067435011334, 56.344053633403121 ], [ 23.51103028885343, 56.343950965988554 ], [ 23.510976994955357, 56.343908038694551 ], [ 23.510892662064713, 56.343886347409729 ], [ 23.510731250651272, 56.343877166930291 ], [ 23.510493526394288, 56.343820696132866 ], [ 23.51044034268978, 56.343769225633892 ], [ 23.510440944436546, 56.343722239273191 ], [ 23.510472038365847, 56.343696731866387 ], [ 23.510572245665067, 56.343680040795206 ], [ 23.510649159895074, 56.343680344492945 ], [ 23.51073442160509, 56.343629420654302 ], [ 23.510758151866145, 56.343578253886754 ], [ 23.510743425101531, 56.343526935312667 ], [ 23.510636073702273, 56.343500881279382 ], [ 23.510551577829396, 56.34349200422583 ], [ 23.510513503773268, 56.343461951939993 ], [ 23.510506468749817, 56.343410663712923 ], [ 23.510460867551028, 56.343367766571475 ], [ 23.510399391379835, 56.343363252036923 ], [ 23.510291384034566, 56.343388455556259 ], [ 23.510175794644759, 56.343405085609895 ], [ 23.510083552983485, 56.343400449328179 ], [ 23.51005344448059, 56.343349069866655 ], [ 23.510100249512696, 56.343297994434565 ], [ 23.51018518270546, 56.343272699895216 ], [ 23.510354392200622, 56.343273368492547 ], [ 23.510415594691434, 56.343299240487411 ], [ 23.510515910361846, 56.343274006483604 ], [ 23.510539750075985, 56.343214296779536 ], [ 23.510517605895519, 56.343141590363096 ], [ 23.510434587842155, 56.343017383059198 ], [ 23.510335148225856, 56.342974273194841 ], [ 23.510112374789777, 56.34295203434359 ], [ 23.509858234086234, 56.342976659794104 ], [ 23.509681772936215, 56.34294178819556 ], [ 23.509605572549699, 56.342885954564132 ], [ 23.509560137388601, 56.342830242628246 ], [ 23.509560575794065, 56.342796070728866 ], [ 23.509637816985848, 56.342770746126369 ], [ 23.509676273180567, 56.342770898269549 ], [ 23.509754062034013, 56.342702858718567 ], [ 23.50973159095231, 56.342655781084765 ], [ 23.509693573156763, 56.342621457057938 ], [ 23.509701647857135, 56.342591587070423 ], [ 23.509748288087938, 56.342553326227289 ], [ 23.509733617847367, 56.342497736040038 ], [ 23.509703620087176, 56.342437813512525 ], [ 23.50969664111577, 56.342382253745399 ], [ 23.509689662164195, 56.342326693977434 ], [ 23.509743883666083, 56.342297006535752 ], [ 23.509851669213727, 56.342288889436176 ], [ 23.509905671492589, 56.342276287875187 ], [ 23.509968514705385, 56.342174015450063 ], [ 23.509962192446846, 56.342067197836769 ], [ 23.509901430319587, 56.342007153711343 ], [ 23.509809520691782, 56.341976888301481 ], [ 23.509732445559436, 56.341989398552961 ], [ 23.509647131399436, 56.342044593207945 ], [ 23.509576706024138, 56.342138292062181 ], [ 23.509522046189542, 56.342202151334327 ], [ 23.509337185086949, 56.342222778151807 ], [ 23.509121668954513, 56.342234739875138 ], [ 23.509060578753711, 56.342200324266365 ], [ 23.509030472563143, 56.342148944550438 ], [ 23.509038767109548, 56.342101988654271 ], [ 23.508992839938237, 56.342084719894835 ], [ 23.508915819195142, 56.34209295814987 ], [ 23.508639159151581, 56.342074774812993 ], [ 23.508593396915717, 56.342044691443789 ], [ 23.50857856382024, 56.342001915580632 ], [ 23.508525934359657, 56.341907729380068 ], [ 23.508412051432281, 56.341791941689912 ], [ 23.508351347112626, 56.341727625319535 ], [ 23.508375024434837, 56.341680730483517 ], [ 23.508413699231625, 56.341663797066673 ], [ 23.50852153818337, 56.341651409632874 ], [ 23.508583560449928, 56.341613210218725 ], [ 23.508637946496481, 56.341570708794166 ], [ 23.508669149663316, 56.341536658854366 ], [ 23.508654151979279, 56.341506697460225 ], [ 23.50858531747701, 56.341476522613036 ], [ 23.508431662705647, 56.341463098160908 ], [ 23.508308991680316, 56.34143270961934 ], [ 23.508278942040402, 56.341377058229689 ], [ 23.508294653589051, 56.341351490330361 ], [ 23.508464623413914, 56.341292360665314 ], [ 23.508603719191587, 56.341241651771462 ], [ 23.50871210581278, 56.341186549289361 ], [ 23.508720510316643, 56.341131050431407 ], [ 23.508728969685617, 56.341071280084272 ], [ 23.508660629983815, 56.341002661884971 ], [ 23.508622285377079, 56.340993966453595 ], [ 23.508592235621887, 56.34093831513578 ], [ 23.508600475531278, 56.340895630748371 ], [ 23.508601244185218, 56.340835829914134 ], [ 23.508571139676672, 56.34078445007826 ], [ 23.508555977635314, 56.340767303133866 ], [ 23.508479179124397, 56.340758455171091 ], [ 23.50827872302138, 56.34079610537529 ], [ 23.508163250516525, 56.340804190595307 ], [ 23.50801728943593, 56.340790796153406 ], [ 23.507964443111252, 56.340713695652887 ], [ 23.507935768974935, 56.34055125697725 ], [ 23.507920992164671, 56.340504209539411 ], [ 23.50795203016656, 56.340482974237872 ], [ 23.508060030822996, 56.340457772733537 ], [ 23.508190938791781, 56.3404454771578 ], [ 23.508221921650971, 56.340428513276322 ], [ 23.508230601414255, 56.340351657004426 ], [ 23.508246587281423, 56.340304731664716 ], [ 23.508300587278935, 56.340292130795028 ], [ 23.508431494604331, 56.340279834963752 ], [ 23.50858651722821, 56.340186472195683 ], [ 23.508626343306524, 56.34007983744344 ], [ 23.508620134911006, 56.339964476755107 ], [ 23.508360959037638, 56.339784037226131 ], [ 23.508139249458129, 56.339680636565269 ], [ 23.508039546277821, 56.339658882299176 ], [ 23.507977746535023, 56.339679995503495 ], [ 23.507946324379802, 56.339731131235176 ], [ 23.507968846535071, 56.339773937719492 ], [ 23.507968241839979, 56.339820924092948 ], [ 23.50795972659639, 56.339884965887101 ], [ 23.507912373125141, 56.33997875542488 ], [ 23.507873699816049, 56.339995688692504 ], [ 23.507827390779255, 56.340008319918724 ], [ 23.5077814116738, 56.339995322198192 ], [ 23.507735927587454, 56.339943881066546 ], [ 23.507567118016382, 56.3399133085031 ], [ 23.507367270897014, 56.339903970875291 ], [ 23.507236804957614, 56.339882093681261 ], [ 23.50703009359114, 56.339808652612795 ], [ 23.506915835790366, 56.339722763943087 ], [ 23.506909136796057, 56.339645846563059 ], [ 23.506910073329408, 56.339573231267956 ], [ 23.506819218825019, 56.339461805371101 ], [ 23.506658874333599, 56.339371461344477 ], [ 23.50658329184489, 56.339268639475179 ], [ 23.506592360498175, 56.339161882892661 ], [ 23.506693218936505, 56.33909393707016 ], [ 23.506786111019892, 56.339047318000326 ], [ 23.50681011918175, 56.338974794513554 ], [ 23.506804247029574, 56.338833804793175 ], [ 23.506635939178679, 56.338764787570121 ], [ 23.506351558746491, 56.338750840034912 ], [ 23.506214068896252, 56.338677673277331 ], [ 23.506045652431727, 56.338617198230303 ], [ 23.505846695780395, 56.338539514352114 ], [ 23.505768984476987, 56.338458621294954 ] ] ] } },
{ "type": "Feature", "properties": { "fid": 56, "nosaukums": "Kāņupe", "posmaID": null, "gadsAvotos": null, "kolhozs": null, "regulets1940": false, "garums": 1456, "udenskratuve": null, "piezimes": null }, "geometry": { "type": "MultiLineString", "coordinates": [ [ [ 23.500971007442541, 56.367550182635853 ], [ 23.500926361042897, 56.367528384333831 ], [ 23.500797180514468, 56.367524116736675 ], [ 23.500706642399965, 56.367592099201396 ], [ 23.500710096647769, 56.367621611564388 ], [ 23.500682883582421, 56.367643263794605 ], [ 23.500649835712011, 56.367653888019589 ], [ 23.500605865363553, 56.367647225291648 ], [ 23.500583279356722, 56.367608689112323 ], [ 23.500622486575875, 56.367553315070722 ], [ 23.500653997473659, 56.367497910020177 ], [ 23.500623268496, 56.367493514567457 ], [ 23.500561754703835, 56.367488995103692 ], [ 23.500499738140149, 56.367522918789518 ], [ 23.500476649503803, 56.367522825770351 ], [ 23.500446535109255, 56.367471444165012 ], [ 23.500439341754131, 56.367432969975781 ], [ 23.500431924923177, 56.367411581643829 ], [ 23.500378554502806, 56.367372921383151 ], [ 23.500379169164773, 56.367325935273861 ], [ 23.500476293131726, 56.367255843734512 ], [ 23.500545781994941, 56.367239036919827 ], [ 23.500576845894908, 56.367217803603396 ], [ 23.500554204310433, 56.367183538881342 ], [ 23.500523699044319, 56.367162057545336 ], [ 23.500523978352962, 56.367140700221775 ], [ 23.500624530765059, 56.367102660050662 ], [ 23.500717219337297, 56.367077403200341 ], [ 23.500784867488843, 56.367054181305015 ], [ 23.500839466056032, 56.366998869162934 ], [ 23.500839856838414, 56.366968968907699 ], [ 23.500771429435304, 56.366904618053724 ], [ 23.5007487320241, 56.366874624830508 ], [ 23.500672217963213, 56.366840143186622 ], [ 23.500587672849665, 56.366831259285796 ], [ 23.500564808056986, 56.36681408042385 ], [ 23.500573118536764, 56.366767125310069 ], [ 23.500693003874492, 56.366721820933599 ], [ 23.500912917353318, 56.36667878811464 ], [ 23.500974876365976, 56.366649135679765 ], [ 23.501067898404248, 56.366598249770668 ], [ 23.501115078862863, 56.366521549203412 ], [ 23.501092437204079, 56.366487284575641 ], [ 23.50105429198949, 56.36646150093393 ], [ 23.501008171802415, 56.366457043634568 ], [ 23.500938907821418, 56.366456764851584 ], [ 23.500784987868069, 56.366456145195315 ], [ 23.500746787057288, 56.366434632924637 ], [ 23.50075509722814, 56.366387677795231 ], [ 23.500809918191994, 56.366315279796765 ], [ 23.500941754307565, 56.366238920108998 ], [ 23.501019662521216, 56.36616661494616 ], [ 23.50102825131215, 56.366098302466888 ], [ 23.501067344726614, 56.366051471198816 ], [ 23.501090878843456, 56.366017392379582 ], [ 23.501152836642561, 56.365987739850439 ], [ 23.501353376272355, 56.365954373039806 ], [ 23.501415779840954, 56.365890548649411 ], [ 23.501416616229022, 56.365826476656579 ], [ 23.501317462224844, 56.365757730831383 ], [ 23.501187636772489, 56.365680318148932 ], [ 23.501097574244159, 56.36550481645385 ], [ 23.501114472245021, 56.365389548799094 ], [ 23.501108171277743, 56.365282731173288 ], [ 23.501055416914046, 56.365197085064118 ], [ 23.501002383766384, 56.365132796263893 ], [ 23.501010749133517, 56.365081569639919 ], [ 23.501081517085378, 56.364966518781529 ], [ 23.501060717670125, 56.364791295741277 ], [ 23.501061554619032, 56.364727223740466 ], [ 23.501092560389136, 56.364710261748804 ], [ 23.501177156713716, 56.364714873833414 ], [ 23.501230858911462, 56.364727904960702 ], [ 23.50130011976049, 56.364728183575075 ], [ 23.501377522349959, 56.36469432136554 ], [ 23.501448121215205, 56.364592084688617 ], [ 23.501618595329962, 56.364503064568119 ], [ 23.501788845792287, 56.364431130080227 ], [ 23.5019434259757, 56.364380490865493 ], [ 23.502043691269261, 56.364363806848978 ], [ 23.502175518167725, 56.364287445808799 ], [ 23.502268811144038, 56.364215201626983 ], [ 23.502316097532425, 56.364129957627711 ], [ 23.502262952409549, 56.364074212290461 ], [ 23.502140269497907, 56.36403954616592 ], [ 23.502056287069905, 56.363987948593682 ], [ 23.502056843905997, 56.363945233914507 ], [ 23.502095933842334, 56.363898402299611 ], [ 23.502104241785368, 56.363851447056547 ], [ 23.502074239427618, 56.363791522881201 ], [ 23.502044794007674, 56.363688884017314 ], [ 23.502045406534503, 56.363641897868 ], [ 23.502061576951345, 56.363582159129429 ], [ 23.502100499474381, 56.363548141914357 ], [ 23.502208290925854, 56.363544303067911 ], [ 23.502253851133766, 56.363591474600156 ], [ 23.502384061202747, 56.363638985905091 ], [ 23.502445902854443, 56.363617875646497 ], [ 23.50257030908227, 56.363520125945151 ], [ 23.502564059947208, 56.363409036885734 ], [ 23.502503164452037, 56.363357532238446 ], [ 23.502419238668242, 56.363301663439529 ], [ 23.502442769872044, 56.363267584343355 ], [ 23.502497138067429, 56.363229357298287 ], [ 23.502666936282068, 56.363191593327009 ], [ 23.502783200424226, 56.363127984283409 ], [ 23.502799591860093, 56.363051159565096 ], [ 23.50246700671379, 56.362588482554301 ], [ 23.50233724530818, 56.362506799581823 ], [ 23.502261072479484, 56.362446690092327 ], [ 23.50223898878496, 56.362369710962447 ], [ 23.502293522861649, 56.362318669591652 ], [ 23.502394227725553, 56.362267813522116 ], [ 23.502518184642742, 56.362204235599286 ], [ 23.502588442096876, 56.362127627035314 ], [ 23.50260477786513, 56.362055073799851 ], [ 23.502575109844912, 56.361969520911543 ], [ 23.502505853984207, 56.361969243018187 ], [ 23.502366618884672, 56.362024216218742 ], [ 23.502273554089449, 56.362079374632188 ], [ 23.502211547851545, 56.362113299222266 ], [ 23.502072979939797, 56.362117014458995 ], [ 23.502012254211426, 56.362052695156947 ], [ 23.502021285727078, 56.361950210804387 ], [ 23.501945727109288, 56.361843114955931 ], [ 23.501947676303672, 56.36169361352794 ], [ 23.501941206481568, 56.361599610286049 ], [ 23.501996352387678, 56.361501582873323 ], [ 23.502042967832018, 56.361467596571579 ], [ 23.502066386877488, 56.361442060474651 ], [ 23.502067055002776, 56.361390802838343 ], [ 23.50202099649616, 56.361382074453061 ], [ 23.501974659574088, 56.361394703398986 ], [ 23.501858844985389, 56.361424139952874 ], [ 23.501727974527444, 56.361427885727707 ], [ 23.501636080503395, 56.361393342810651 ], [ 23.501607139626554, 56.361252260582809 ], [ 23.501561638724912, 56.361200817331962 ], [ 23.50149271871339, 56.361174910058047 ], [ 23.501485636936142, 56.361127892951529 ], [ 23.50158628399338, 56.361081308994372 ], [ 23.5017023763351, 56.361030515343415 ], [ 23.501818802591746, 56.360954092763691 ], [ 23.501826998808369, 56.360915680456095 ], [ 23.501804471214403, 56.360872872992246 ], [ 23.501735384488896, 56.360859780262338 ], [ 23.501634961095206, 56.360889278464477 ], [ 23.50158868037451, 56.360897635798217 ], [ 23.501542511102944, 56.360897450175194 ], [ 23.501466008263581, 56.360862969007918 ], [ 23.501313281799611, 56.360772649183666 ], [ 23.501236779417244, 56.36073816787502 ], [ 23.501206669294852, 56.360686786405658 ], [ 23.501214754526334, 56.3606569170772 ], [ 23.501322928213174, 56.360623178696422 ], [ 23.501461825231949, 56.360593835468421 ], [ 23.501546468223172, 56.360594175818051 ], [ 23.501662057648758, 56.360581825428021 ], [ 23.501685587837812, 56.360547746458785 ], [ 23.501693728381884, 56.360513605627624 ], [ 23.501756011022767, 56.360458323933202 ], [ 23.501802625402014, 56.360424337714186 ], [ 23.501810988628744, 56.360373110993443 ], [ 23.501788294251295, 56.36034311793432 ], [ 23.501719041347265, 56.360342839606631 ], [ 23.501603341209972, 56.36036373299185 ], [ 23.501464779590105, 56.360367447561053 ], [ 23.501380360108815, 56.360350021276616 ], [ 23.501358502393007, 56.360255956088935 ], [ 23.501321980173575, 56.360106299881679 ], [ 23.50130012273754, 56.360012234680504 ], [ 23.501254400657736, 56.359977877190701 ], [ 23.501117011791049, 56.359891890500428 ], [ 23.501055900682665, 56.359857471007068 ], [ 23.501033765095226, 56.359784763107434 ], [ 23.501064934210412, 56.359754986691442 ], [ 23.50105010278731, 56.359712210052805 ], [ 23.500981353188447, 56.359673488083132 ], [ 23.50088951985855, 56.359634673141422 ], [ 23.500828353554141, 56.359604525005736 ], [ 23.50080571621649, 56.359570260295037 ], [ 23.500829134917176, 56.359544724423401 ], [ 23.500891082391931, 56.359515071975629 ], [ 23.500983919732725, 56.359477000450873 ], [ 23.501061200364106, 56.359451681332303 ], [ 23.501084897734586, 56.359404788059265 ], [ 23.501077928341545, 56.359349227976487 ], [ 23.501047819516895, 56.359297846459327 ], [ 23.500978959075209, 56.359267667428071 ], [ 23.500810237117555, 56.359224271202656 ], [ 23.500695265615427, 56.359189634634383 ], [ 23.500580908545206, 56.359108011786233 ], [ 23.500573660741562, 56.359073809025652 ], [ 23.500543552810729, 56.359022427385327 ], [ 23.500517223964209, 56.358842136916522 ] ] ] } },
{ "type": "Feature", "properties": { "fid": 57, "nosaukums": "Rukūze", "posmaID": 62, "gadsAvotos": 1966, "kolhozs": "Vildze", "regulets1940": false, "garums": 928, "udenskratuve": null, "piezimes": null }, "geometry": { "type": "MultiLineString", "coordinates": [ [ [ 23.46918731373086, 56.381460230566027 ], [ 23.468359259187434, 56.381161207281501 ], [ 23.467869743604791, 56.380928436539079 ], [ 23.467594728824704, 56.380773475337058 ], [ 23.467627311341417, 56.380645464549545 ], [ 23.467621399677267, 56.380517288499384 ], [ 23.467775971060998, 56.380475235097236 ], [ 23.467883515864756, 56.38049278336964 ], [ 23.467921235807975, 56.380548477175381 ], [ 23.467982290415858, 56.380587184324483 ], [ 23.468128448711482, 56.380596354656959 ], [ 23.468283138856371, 56.380545757755364 ], [ 23.468283674333772, 56.380507314851222 ], [ 23.468222619546616, 56.380468607849657 ], [ 23.46811465803972, 56.380480959907104 ], [ 23.467953043088535, 56.380475994932013 ], [ 23.467892107769678, 56.380428744901032 ], [ 23.467938836238602, 56.380390500197102 ], [ 23.468046738021787, 56.380382419725898 ], [ 23.468161743415862, 56.380417086516694 ], [ 23.4682231550834, 56.380430164945416 ], [ 23.468315599879293, 56.380426289645278 ], [ 23.468354807622685, 56.380375197473526 ], [ 23.468232400934969, 56.380319140678793 ], [ 23.468217300951643, 56.380297717481554 ], [ 23.468194978295653, 56.380242089795608 ], [ 23.468326451749281, 56.380199936652957 ], [ 23.468373001042611, 56.380174506084892 ], [ 23.468388814884324, 56.380144672054328 ], [ 23.468366373091879, 56.380097587265873 ], [ 23.468359923630256, 56.380007854143003 ], [ 23.468407483866422, 56.379909809178336 ], [ 23.468563835863883, 56.379739611751312 ], [ 23.468672865267312, 56.37965037347351 ], [ 23.468797113047859, 56.37957401535909 ], [ 23.468751753630205, 56.37951401739496 ], [ 23.468698993018673, 56.379432629255895 ], [ 23.468738436996908, 56.37936445121219 ], [ 23.468948556119841, 56.379203027007456 ], [ 23.469035081655814, 56.379070975138688 ], [ 23.469028096084344, 56.379019684951324 ], [ 23.468975335559641, 56.378938296923522 ], [ 23.469022061112259, 56.378900051796691 ], [ 23.469145295991943, 56.378896307721412 ], [ 23.469207180680048, 56.378875214177775 ], [ 23.46930803262547, 56.378820113854125 ], [ 23.469386085808289, 56.378743557447031 ], [ 23.469455549823611, 56.378731039590782 ], [ 23.46960182007199, 56.37873166530494 ], [ 23.469678151704006, 56.378778980354724 ], [ 23.46973973925585, 56.37877924372394 ], [ 23.469887433232998, 56.378677354635698 ], [ 23.46983514589877, 56.378561795476713 ], [ 23.469667264550726, 56.378454285366168 ], [ 23.469530058867846, 56.378355449632757 ], [ 23.469539062972064, 56.37826151096823 ], [ 23.469732648736205, 56.378181176815026 ], [ 23.469848123589575, 56.378181670553083 ], [ 23.469910184661082, 56.378147762343637 ], [ 23.469918891233224, 56.378075180829676 ], [ 23.469896923243439, 56.377993924807889 ], [ 23.469774165946337, 56.377963498143608 ], [ 23.469597342898805, 56.377945655184966 ], [ 23.469566905884271, 56.37791989485121 ], [ 23.469443971004736, 56.377902282170062 ], [ 23.469321154990212, 56.377876126494527 ], [ 23.469160976336767, 56.377768648639702 ], [ 23.469177204293612, 56.377708914439516 ], [ 23.469247676006702, 56.377623782275144 ], [ 23.469356697742274, 56.377534543351082 ], [ 23.46938820291837, 56.37748341787767 ], [ 23.46947484171563, 56.377342822781515 ], [ 23.469536961099323, 56.377304643315455 ], [ 23.469660606133779, 56.377270998658737 ], [ 23.469730779316013, 56.377207223395558 ], [ 23.470012952094269, 56.376845335997118 ], [ 23.469968957889421, 56.376687095389322 ], [ 23.469831342538015, 56.376618160035115 ], [ 23.469640672437318, 56.376489193942724 ], [ 23.46950377061253, 56.376369000974449 ], [ 23.46942075518216, 56.376249038432654 ], [ 23.469437516299667, 56.376150861243289 ], [ 23.46943076813421, 56.376082485303726 ], [ 23.469393228447895, 56.376013977608089 ], [ 23.469361194879834, 56.375837721220606 ] ] ] } },
{ "type": "Feature", "properties": { "fid": 58, "nosaukums": "Renģe", "posmaID": 13, "gadsAvotos": 1964, "kolhozs": "Suvorova", "regulets1940": false, "garums": 1178, "udenskratuve": null, "piezimes": null }, "geometry": { "type": "MultiLineString", "coordinates": [ [ [ 23.334439324139723, 56.432787884708141 ], [ 23.334337036423616, 56.432714527550559 ], [ 23.334345641147308, 56.432663313381958 ], [ 23.334454389896699, 56.432616908005343 ], [ 23.334571444345713, 56.43253637352035 ], [ 23.334625706536016, 56.43251957768431 ], [ 23.33467188660158, 56.432524096963348 ], [ 23.33478168803218, 56.432552116080736 ], [ 23.334964236338489, 56.432559837488483 ], [ 23.335043340443995, 56.432444925640894 ], [ 23.335244820347508, 56.432386201325706 ], [ 23.335391218431567, 56.432391257116166 ], [ 23.335529236990332, 56.43243471310813 ], [ 23.335698688108526, 56.432444163657237 ], [ 23.33586828823217, 56.432445071385729 ], [ 23.335922996446325, 56.432402647212051 ], [ 23.335931673417601, 56.432347161630894 ], [ 23.335924857778359, 56.432295864841308 ], [ 23.335894617163135, 56.432261529472513 ], [ 23.335934353691059, 56.432193395014757 ], [ 23.335981203538271, 56.432159472151518 ], [ 23.336104845896962, 56.432143046877265 ], [ 23.336197726440535, 56.432122185250094 ], [ 23.336244650382532, 56.432083990991003 ], [ 23.336199438139914, 56.43202394545915 ], [ 23.336076987171769, 56.431972030105776 ], [ 23.335962468871646, 56.431907341995718 ], [ 23.33592526406478, 56.431830252431709 ], [ 23.335926976447798, 56.431732012641518 ], [ 23.335820316987029, 56.431658823060388 ], [ 23.335706172439686, 56.431572778237609 ], [ 23.335668670555517, 56.431512773775388 ], [ 23.335608191074417, 56.431444102900869 ], [ 23.335470250506351, 56.431396375702953 ], [ 23.335401243097625, 56.431374647694184 ], [ 23.335378787064105, 56.43133608218573 ], [ 23.33540992058284, 56.431319162141534 ], [ 23.335510433858399, 56.431302613600103 ], [ 23.335549425137661, 56.431277192206714 ], [ 23.335550170059104, 56.431234479254066 ], [ 23.335504661922862, 56.431191518647054 ], [ 23.335474571556613, 56.431148640582194 ], [ 23.335529427323131, 56.431097673979146 ], [ 23.335569982654803, 56.430982555374221 ], [ 23.335525666697752, 56.430871254045599 ], [ 23.335542127139878, 56.430811538458357 ], [ 23.335589348058249, 56.43075625925426 ], [ 23.335629381467147, 56.430671039692363 ], [ 23.335614634341216, 56.43063251549151 ], [ 23.335569052357787, 56.430593826201232 ], [ 23.335484926897909, 56.430554930509977 ], [ 23.335323491007479, 56.430528435792155 ], [ 23.33520875472782, 56.430476560871554 ], [ 23.335171105629453, 56.430425098843862 ], [ 23.335241750726123, 56.43035285847656 ], [ 23.335281337364023, 56.430293266796347 ], [ 23.335321296451824, 56.43021231862371 ], [ 23.335377194182488, 56.430101553935543 ], [ 23.335324575084115, 56.430024381606046 ], [ 23.335186490941542, 56.429985196686623 ], [ 23.335032468079017, 56.429975828073282 ], [ 23.334801359357584, 56.429966046090648 ], [ 23.334655194439737, 56.429948175738438 ], [ 23.334540684620332, 56.429883486315397 ], [ 23.334503410032866, 56.429810667606844 ], [ 23.334504976741169, 56.429720970403636 ], [ 23.334444352958077, 56.429660841544703 ], [ 23.334413593448435, 56.429656404876482 ], [ 23.334336135028387, 56.429677347887484 ], [ 23.334110945261493, 56.429770117057402 ], [ 23.333970548683926, 56.429863340933267 ], [ 23.333754111175637, 56.429896352693063 ], [ 23.333592305754696, 56.429891212202961 ], [ 23.333500550018432, 56.429848002480554 ], [ 23.333478918721454, 56.429762452386015 ], [ 23.333426677565747, 56.429663922785075 ], [ 23.3333201781581, 56.429582188466796 ], [ 23.333105386446995, 56.429521230621333 ], [ 23.332644746753342, 56.429411961888505 ], [ 23.332584126400853, 56.42935183212596 ], [ 23.332616082498348, 56.429287928541839 ], [ 23.33272706776172, 56.429113385810012 ], [ 23.332705214192575, 56.429040649458649 ], [ 23.332644369896382, 56.428993333606194 ], [ 23.332482867788364, 56.428971106501137 ], [ 23.332267182623024, 56.428961402740093 ], [ 23.332190547934452, 56.428935360180908 ], [ 23.332106504461372, 56.428892190912002 ], [ 23.332099469939454, 56.428853707779346 ], [ 23.332154326881334, 56.428802742652266 ], [ 23.33224697684199, 56.428794697838661 ], [ 23.332308868208454, 56.428782215767505 ], [ 23.332425541157534, 56.42872303971081 ], [ 23.332425990168495, 56.428697411944896 ], [ 23.332403538707549, 56.42865884589235 ], [ 23.33224233758072, 56.428619533299511 ], [ 23.332204469732719, 56.428580884253016 ], [ 23.332182318011917, 56.428525232983446 ], [ 23.332221907506277, 56.428465642268492 ], [ 23.332322489455326, 56.428444824992525 ], [ 23.332384829261859, 56.42840671511469 ], [ 23.33243983484002, 56.428347207266199 ], [ 23.332457122128982, 56.42824050783166 ], [ 23.33242741167037, 56.428176272547752 ], [ 23.332283575080599, 56.428025989279945 ], [ 23.332154557049403, 56.427909959169853 ], [ 23.332102172087637, 56.427819971585471 ], [ 23.332096260801233, 56.427717419025932 ], [ 23.332206794673645, 56.427568504479225 ], [ 23.332362603223679, 56.427475365496498 ], [ 23.332558522494349, 56.427292736409875 ], [ 23.332668006068268, 56.427203619572339 ], [ 23.332707817812491, 56.427131214797726 ], [ 23.332670624186729, 56.427054124225393 ], [ 23.332594815971991, 56.426981097663678 ], [ 23.332352276535271, 56.42674484957643 ], [ 23.332122460810425, 56.426662450622928 ], [ 23.331923028384601, 56.426605845010513 ], [ 23.331824173704685, 56.426528422188603 ], [ 23.331695386842778, 56.426399577702405 ], [ 23.331596982686332, 56.426296526927374 ], [ 23.331428534176272, 56.42623154399886 ], [ 23.331268468679934, 56.426128160724744 ], [ 23.331129645938478, 56.425977530183033 ] ] ] } },
{ "type": "Feature", "properties": { "fid": 59, "nosaukums": "Skujaine", "posmaID": null, "gadsAvotos": 1977, "kolhozs": "Tērvete", "regulets1940": false, "garums": 3118, "udenskratuve": true, "piezimes": null }, "geometry": { "type": "MultiLineString", "coordinates": [ [ [ 23.303565871791523, 56.473538854348703 ], [ 23.302704759844669, 56.473489251802683 ], [ 23.302180449584359, 56.473460676468719 ], [ 23.301887033402686, 56.473467570612286 ], [ 23.301793641141415, 56.473509762304005 ], [ 23.301636627640864, 56.473654116386768 ], [ 23.301603405370521, 56.473782079847481 ], [ 23.301570967151491, 56.473867330940301 ], [ 23.301508600198051, 56.473901153560874 ], [ 23.301323852346567, 56.473874484172256 ], [ 23.301093271065156, 56.47382192649237 ], [ 23.300877811229793, 56.473786540224623 ], [ 23.300817799158558, 56.473692225446669 ], [ 23.30088126544257, 56.473598605880667 ], [ 23.300852280108916, 56.473495922437792 ], [ 23.300808174303182, 56.473376067140407 ], [ 23.30081005858279, 56.47327355749367 ], [ 23.300719021262022, 56.473187611317506 ], [ 23.300566246131151, 56.473101317344998 ], [ 23.300352204988492, 56.472989047938782 ], [ 23.300278332393162, 56.472809221227557 ], [ 23.300172491630114, 56.472689017795986 ], [ 23.299928685800744, 56.472516776395743 ], [ 23.299900175506959, 56.472388465310523 ], [ 23.299968358016727, 56.472038572075178 ], [ 23.299912124118535, 56.471739237540142 ], [ 23.299961884606446, 56.471551564210444 ], [ 23.300058889221429, 56.471312897023822 ], [ 23.299984549618582, 56.471158697517339 ], [ 23.299970530641691, 56.471081728261041 ], [ 23.300064704815334, 56.470996825552206 ], [ 23.300190217342212, 56.470886469316845 ], [ 23.300176826646069, 56.470775330187955 ], [ 23.300085953862649, 56.470680841058467 ], [ 23.30002547704585, 56.470612153286417 ], [ 23.299982949036451, 56.470406872924109 ], [ 23.299784672603558, 56.470277604591438 ], [ 23.299585925679853, 56.470173963360942 ], [ 23.2995561599529, 56.470113991938064 ], [ 23.299577255392069, 56.469806549968901 ], [ 23.299501976867756, 56.469703604988233 ], [ 23.299380556678344, 56.469591856256436 ], [ 23.2993210268619, 56.469471913297355 ], [ 23.299262284152825, 56.469309257942008 ], [ 23.299142911764829, 56.469086456820484 ], [ 23.2990811800797, 56.4690861083687 ], [ 23.298941339288049, 56.46913657907794 ], [ 23.298894410751668, 56.469170487558074 ], [ 23.29853819274744, 56.469236822606 ], [ 23.298353469639245, 56.469210148839615 ], [ 23.29829252558315, 56.469167087636372 ], [ 23.298310164368633, 56.469047580244506 ], [ 23.298434572780877, 56.468997023050541 ], [ 23.298511579682696, 56.469006001484217 ], [ 23.298619294913294, 56.469023696694755 ], [ 23.298682601242376, 56.46893862064892 ], [ 23.298653152853788, 56.46886156405791 ], [ 23.298592524000888, 56.468801418054355 ], [ 23.298470479264438, 56.468723838321594 ], [ 23.29785364142619, 56.468694721679661 ], [ 23.297590180517609, 56.468753035127712 ], [ 23.297541831686978, 56.468863825334942 ], [ 23.297554425414212, 56.469017677114415 ], [ 23.297459619587656, 56.469136747825765 ], [ 23.297211587974438, 56.469195147774734 ], [ 23.296979462162003, 56.46922800719728 ], [ 23.29664056854444, 56.469191914539628 ], [ 23.296379156265608, 56.469139173309429 ], [ 23.296151455326278, 56.468932842072086 ], [ 23.296062809799515, 56.468718755450119 ], [ 23.295928025327118, 56.468495863775942 ], [ 23.295884573116407, 56.468341836812677 ], [ 23.295824581922787, 56.468247519591415 ], [ 23.295580033316689, 56.468117981993046 ], [ 23.295488545525462, 56.468057659376186 ], [ 23.29538083450462, 56.468039961457485 ], [ 23.295163671913397, 56.468098532483388 ], [ 23.295008555368881, 56.468140368696567 ], [ 23.29488493685686, 56.468148210126138 ], [ 23.294731245021755, 56.468113163790001 ], [ 23.294701488542824, 56.468053191206742 ], [ 23.29482589845853, 56.468002637624195 ], [ 23.294950466350844, 56.467943541448463 ], [ 23.294998030051008, 56.467875464587401 ], [ 23.294937725167394, 56.467798231873047 ], [ 23.294798833705784, 56.467797443121256 ], [ 23.294166898433687, 56.467751135622343 ], [ 23.293659375038985, 56.467654272495238 ], [ 23.292966825622653, 56.46754781047035 ], [ 23.292659291832944, 56.46748625533796 ], [ 23.292396943580112, 56.467484760534553 ], [ 23.292318670069758, 56.467544118022417 ], [ 23.292317240009371, 56.467621000189062 ], [ 23.292484612485236, 56.467750104535483 ], [ 23.292621280104189, 56.467870490360262 ], [ 23.292711174789446, 56.468016239710479 ], [ 23.292693677742101, 56.468127203820821 ], [ 23.292646903734394, 56.468152567471549 ], [ 23.292368800592996, 56.468168069606023 ], [ 23.292137312705467, 56.468166750138799 ], [ 23.291860004271992, 56.468139538824538 ], [ 23.291768681371884, 56.468070671020399 ], [ 23.291631697640742, 56.467967369188386 ], [ 23.291495191898402, 56.467838439822174 ], [ 23.291358050631246, 56.467743680149532 ], [ 23.291298071608093, 56.467649360762884 ], [ 23.291221228330976, 56.467631835403964 ], [ 23.290974629854464, 56.467613340762725 ], [ 23.290818396099819, 56.467714968959754 ], [ 23.290785142815054, 56.467842929569215 ], [ 23.290781002511462, 56.468065033519231 ], [ 23.290779728560029, 56.468133373194512 ], [ 23.290700654880045, 56.468235441942518 ], [ 23.290560646890349, 56.468294445658898 ], [ 23.290406480506533, 56.468285021355108 ], [ 23.290145561361093, 56.468206639656046 ], [ 23.290131563338004, 56.468129669305611 ], [ 23.290240706420903, 56.468070489646493 ], [ 23.290411419663442, 56.468020205136966 ], [ 23.290473627440992, 56.467994930517577 ], [ 23.290474424000749, 56.467952218222486 ], [ 23.290399014453058, 56.467857810223236 ], [ 23.290322967899545, 56.467797572013708 ], [ 23.290199349574653, 56.467805408779213 ], [ 23.29010532079921, 56.467881761555219 ], [ 23.290088135017072, 56.467975640365204 ], [ 23.289932056842101, 56.468068724973264 ], [ 23.289700250708396, 56.468084485879814 ], [ 23.289437898498374, 56.468082984814366 ], [ 23.289114295245053, 56.4680555024227 ], [ 23.288868653119241, 56.467985748857998 ], [ 23.288854498083072, 56.467917320823709 ], [ 23.288948210141935, 56.46785805391464 ], [ 23.289287882305885, 56.467851455241366 ], [ 23.289396068575773, 56.467843531065945 ], [ 23.289536395738292, 56.467767443743668 ], [ 23.289552944715062, 56.467707734840943 ], [ 23.289445875651371, 56.46765586195167 ], [ 23.289229184975987, 56.467688795212396 ], [ 23.288967474114934, 56.467653123331864 ], [ 23.288829860794813, 56.467583988251739 ], [ 23.288493705539949, 56.467402651645919 ], [ 23.28846459848921, 56.46730850776251 ], [ 23.288527125874236, 56.467266149203148 ], [ 23.28879074988463, 56.467199312523441 ], [ 23.289315282502667, 56.467210859262323 ], [ 23.289470241918341, 56.467177572619761 ], [ 23.289548678613553, 56.467109674474841 ], [ 23.289534841701034, 56.467024161588988 ], [ 23.289412980722936, 56.466938030534088 ], [ 23.289276326609833, 56.466817641194034 ], [ 23.289187245862212, 56.466629177076975 ], [ 23.289158297268703, 56.466526490883041 ], [ 23.289083213019818, 56.466414997160982 ], [ 23.288990781829984, 56.466405924528019 ], [ 23.288821032029748, 56.466404952362375 ], [ 23.288757867641596, 56.466481480911725 ], [ 23.288802246992532, 56.466584255589673 ], [ 23.288847744265865, 56.466627233045855 ], [ 23.288707100554689, 56.466720404525937 ], [ 23.288630260356932, 56.46670287756865 ], [ 23.28853846753411, 56.466659634768476 ], [ 23.288462905580413, 56.46657376804967 ], [ 23.288309705442224, 56.466513086415624 ], [ 23.287939341266981, 56.466510962993723 ], [ 23.287724095123735, 56.4664670115409 ], [ 23.287648055580494, 56.466406771697372 ], [ 23.287463513943987, 56.466371539316484 ], [ 23.287307756015046, 56.466447535739313 ], [ 23.28721260458472, 56.466583683520675 ], [ 23.287195892401272, 56.466651934569001 ], [ 23.287056525142624, 56.466676764531677 ], [ 23.286903006637395, 56.466633166076548 ], [ 23.286751250017662, 56.466495600437078 ], [ 23.286477482105493, 56.466280443143049 ], [ 23.28631270026559, 56.46601465147414 ], [ 23.286131687822685, 56.465791483129365 ], [ 23.285857768124806, 56.465584866920395 ], [ 23.285782053998282, 56.465507541029858 ], [ 23.285690588043821, 56.465447211223989 ], [ 23.285613912205147, 56.465421139952824 ], [ 23.285535953231296, 56.465463408261591 ], [ 23.285563447657228, 56.465642977369527 ], [ 23.285608458974064, 56.4657115833663 ], [ 23.285515228283842, 56.465745220416736 ], [ 23.285268323960782, 56.46574379938059 ], [ 23.284945546387629, 56.465673593910424 ], [ 23.284931559778496, 56.465596622971539 ], [ 23.284994248780617, 56.46554572373033 ], [ 23.285180228474495, 56.465504077696828 ], [ 23.285243719346099, 56.465410466063886 ], [ 23.285260915864637, 56.465316587913144 ], [ 23.285230695064474, 56.465282240436139 ], [ 23.285060789904847, 56.465289805595411 ], [ 23.284874329471474, 56.465357078810591 ], [ 23.284735607807502, 56.465347736372856 ], [ 23.284629354999801, 56.465253147083907 ], [ 23.284538694626306, 56.465150104173176 ], [ 23.28429468649373, 56.464994917076687 ], [ 23.284156609145629, 56.464951404188689 ], [ 23.283740127734411, 56.464940458917624 ], [ 23.283432790975422, 56.464870338548423 ], [ 23.283372836100444, 56.464776015351617 ], [ 23.283312881521017, 56.464681692125197 ], [ 23.283069042349382, 56.464517960178291 ], [ 23.28279176714144, 56.464490728679799 ], [ 23.28262138189864, 56.46452391785801 ], [ 23.282573639268275, 56.464600532417542 ], [ 23.282402286721755, 56.464684975985762 ], [ 23.282155067126656, 56.464700633673175 ], [ 23.282032907938852, 56.464631580300939 ], [ 23.281958170703682, 56.464502997403081 ], [ 23.281576750383085, 56.464270119717462 ], [ 23.281455561507396, 56.464149811092568 ], [ 23.281208990492672, 56.46413129711582 ], [ 23.281093690558226, 56.464140060901805 ] ] ] } },
{ "type": "Feature", "properties": { "fid": 64, "nosaukums": "Tērvete", "posmaID": null, "gadsAvotos": null, "kolhozs": null, "regulets1940": false, "garums": 1221, "udenskratuve": true, "piezimes": null }, "geometry": { "type": "MultiLineString", "coordinates": [ [ [ 23.349826916812628, 56.445414232953858 ], [ 23.349823742740128, 56.445600126928809 ], [ 23.349883075689483, 56.445715892339429 ], [ 23.349893945235408, 56.445797446659014 ], [ 23.349781278325228, 56.445932685507096 ], [ 23.349583943990297, 56.445999566141758 ], [ 23.349546581214664, 56.446033327604418 ], [ 23.349570059080943, 56.446094573672454 ], [ 23.349606145972324, 56.446135511456681 ], [ 23.350045570131602, 56.446253267762778 ], [ 23.350105716095854, 56.446321497167666 ], [ 23.350153485331461, 56.446396453195362 ], [ 23.35018922546287, 56.446457763334983 ], [ 23.350238037973465, 56.446471601754965 ], [ 23.350606680906047, 56.446425990767722 ], [ 23.350717725220811, 56.44638582297226 ], [ 23.350780998797823, 56.446270699305323 ], [ 23.350892158240203, 56.446223740508628 ], [ 23.351014536707037, 56.446237963303808 ], [ 23.351111930355405, 56.446279221162712 ], [ 23.351159585804975, 56.44636096765116 ], [ 23.351218808281363, 56.446483523264106 ], [ 23.351266348513914, 56.446572060552889 ], [ 23.351485313562922, 56.446675076449246 ], [ 23.351741872630924, 56.446730748162793 ], [ 23.351863675082239, 56.446778924341203 ], [ 23.35198385982827, 56.446922172210428 ], [ 23.352153321637815, 56.447052094256748 ], [ 23.353449671931617, 56.447255805223982 ], [ 23.353719882338542, 56.447230046581517 ], [ 23.353880316701325, 56.447169758766734 ], [ 23.354286206648403, 56.447097164940352 ], [ 23.354530741630384, 56.447139185425847 ], [ 23.355008127070121, 56.447189207007646 ], [ 23.35521564946475, 56.447244616702051 ], [ 23.355360371063643, 56.447387988702594 ], [ 23.355457657423187, 56.447436034009094 ], [ 23.355580616189837, 56.447416298074316 ], [ 23.355803733988651, 56.447274835852333 ], [ 23.356049075753468, 56.447269317413735 ], [ 23.356244109119718, 56.447338243480615 ], [ 23.356329249890308, 56.447379433668118 ], [ 23.356513170599253, 56.447380387243548 ], [ 23.356673715939401, 56.447313304962009 ], [ 23.356834490132734, 56.447232640771517 ], [ 23.356956759415098, 56.447253648568058 ], [ 23.357125551763261, 56.447424308959469 ], [ 23.357172648305809, 56.447540007405571 ], [ 23.357035937742776, 56.447647962451306 ], [ 23.356925011055594, 56.447681345048238 ], [ 23.356703157099261, 56.447748109942843 ], [ 23.356628325871885, 56.447822427992904 ], [ 23.356725156019376, 56.447897635703654 ], [ 23.356847542083067, 56.447911852761457 ], [ 23.357192699953202, 56.44780497753478 ], [ 23.357314856645441, 56.447832775830832 ], [ 23.35742349130436, 56.447935209881443 ], [ 23.357501186074803, 56.448054462300838 ], [ 23.357758799777965, 56.448150718857249 ], [ 23.357896660683053, 56.448237164046965 ], [ 23.357955683736773, 56.44840893332325 ], [ 23.35810743491157, 56.448589755298372 ], [ 23.358087331295362, 56.448863993685372 ], [ 23.35799200110716, 56.449009245046938 ], [ 23.357772838838219, 56.449153855727815 ], [ 23.357616024726024, 56.449273069093096 ], [ 23.357629623429705, 56.44938459103561 ], [ 23.357752732484276, 56.449428094029507 ], [ 23.358015153254982, 56.449472317457733 ], [ 23.358199890286233, 56.449533285105993 ], [ 23.358245171521304, 56.449602104787594 ], [ 23.358133638281235, 56.449790138460351 ], [ 23.357974075990082, 56.450072228795833 ], [ 23.357909267280089, 56.450243357517508 ], [ 23.357937045425196, 56.450432111512569 ], [ 23.358306240140191, 56.450571191666583 ], [ 23.358599628462102, 56.450615573902326 ], [ 23.358940610858365, 56.450591615673908 ], [ 23.359152077898234, 56.450568132229975 ] ] ] } },
{ "type": "Feature", "properties": { "fid": 65, "nosaukums": "Tērvete", "posmaID": null, "gadsAvotos": null, "kolhozs": "", "regulets1940": null, "garums": 1043, "udenskratuve": null, "piezimes": null }, "geometry": { "type": "MultiLineString", "coordinates": [ [ [ 23.55750532002169, 56.580607519348 ], [ 23.557503712333304, 56.580397573427121 ], [ 23.557602705906021, 56.580350387093588 ], [ 23.557885319883312, 56.580385348034277 ], [ 23.558167459181838, 56.580461053908401 ], [ 23.55843753221373, 56.580516342672496 ], [ 23.558930833040346, 56.58042301602049 ], [ 23.559116274650609, 56.580348970172139 ], [ 23.559265591257521, 56.580206883942374 ], [ 23.559229862153913, 56.580104889175999 ], [ 23.559021867695723, 56.580002283761345 ], [ 23.558653201936885, 56.579960228870249 ], [ 23.558123705238923, 56.579992304932553 ], [ 23.557951835955805, 56.579957738166101 ], [ 23.557779966987368, 56.579923171162456 ], [ 23.557756071134786, 56.579861965299052 ], [ 23.557844343504485, 56.579678916424022 ], [ 23.557930792490616, 56.579652058867268 ], [ 23.55828762492019, 56.579653326617795 ], [ 23.558583251033944, 56.579627211294813 ], [ 23.558719392177732, 56.579559782270117 ], [ 23.558781943006345, 56.579471718430938 ], [ 23.558770508482922, 56.579396974542419 ], [ 23.558722397916522, 56.579301726900582 ], [ 23.558624516095868, 56.579253841108027 ], [ 23.558131863388645, 56.579292839142326 ], [ 23.557861403259608, 56.579271504368762 ], [ 23.557801149251926, 56.579162630771506 ], [ 23.557851555680102, 56.579060941789862 ], [ 23.55811216531675, 56.578871714016373 ], [ 23.55821242114007, 56.578715872282999 ], [ 23.558226784205509, 56.578539351775845 ], [ 23.558166213521343, 56.578457642068336 ], [ 23.558044597637249, 56.578334968151133 ], [ 23.557958944058655, 56.578293916484547 ], [ 23.557811453077022, 56.578279809777797 ], [ 23.557651182370869, 56.578306404723122 ], [ 23.557341992323362, 56.578441128951908 ], [ 23.557120040942518, 56.578481086102045 ], [ 23.556861653077796, 56.578480165764702 ], [ 23.556653117689507, 56.578425092896886 ], [ 23.556543493000383, 56.578329625097687 ], [ 23.556556909895392, 56.578234595946043 ], [ 23.556705353699176, 56.578167212976282 ], [ 23.556963977652668, 56.578147760843343 ], [ 23.557198469407378, 56.578087474979725 ], [ 23.557335876938893, 56.577911392551329 ], [ 23.557325080474243, 56.577782321065975 ], [ 23.55694556367613, 56.57761798057836 ], [ 23.556639714341188, 56.577467483976221 ], [ 23.556238220789254, 56.577078952879681 ], [ 23.556191153584773, 56.576895422131649 ], [ 23.556144166383866, 56.57670510042967 ], [ 23.555955131796988, 56.576561810144661 ], [ 23.555637309970614, 56.57638410341773 ], [ 23.555589927924466, 56.576227736153363 ], [ 23.555666615524338, 56.575983526371019 ], [ 23.555815131675033, 56.575909353496094 ], [ 23.555951025585028, 56.575862300244246 ], [ 23.556505549894855, 56.575789575473742 ], [ 23.556552149623812, 56.575783662632617 ], [ 23.556589825837026, 56.575775701096433 ] ] ] } },
{ "type": "Feature", "properties": { "fid": 66, "nosaukums": "Cērpaine", "posmaID": 8, "gadsAvotos": 1961, "kolhozs": "Brīvais ceļš", "regulets1940": false, "garums": 1297, "udenskratuve": false, "piezimes": null }, "geometry": { "type": "MultiLineString", "coordinates": [ [ [ 23.29394884456892, 56.421151117655981 ], [ 23.293838320692899, 56.42123500435369 ], [ 23.293775974662449, 56.421260369358023 ], [ 23.293547986309992, 56.421277395852918 ], [ 23.293496926116305, 56.421293073921596 ], [ 23.293495893221756, 56.421348794360497 ], [ 23.293557127329706, 56.421383436125062 ], [ 23.293641324409872, 56.421431068502159 ], [ 23.293679278146449, 56.421469864314545 ], [ 23.293655203145189, 56.421516880305852 ], [ 23.293554585021361, 56.421520594127351 ], [ 23.293454602548376, 56.421490018367699 ], [ 23.293401896739553, 56.421412558719588 ], [ 23.293341139553032, 56.421352199754196 ], [ 23.293287162533886, 56.421343319056 ], [ 23.29319427854422, 56.42134707663412 ], [ 23.29301552865352, 56.421393211330781 ], [ 23.293022864837315, 56.421414686330934 ], [ 23.2930612154404, 56.421432051395357 ], [ 23.293123085251299, 56.42143240387594 ], [ 23.293215889970266, 56.42143293253897 ], [ 23.293238614253902, 56.421458781817577 ], [ 23.293237898907531, 56.421497357502922 ], [ 23.293213425915191, 56.42156580434289 ], [ 23.293142868205745, 56.421616842095261 ], [ 23.293081157097209, 56.421607917249759 ], [ 23.293035549586598, 56.421564791006034 ], [ 23.29299002168991, 56.421517378558498 ], [ 23.292874810779296, 56.421473855637963 ], [ 23.292774033627957, 56.421486141200411 ], [ 23.292765504529829, 56.421528958988269 ], [ 23.292795803248943, 56.421563424800759 ], [ 23.292794928385252, 56.421610572855286 ], [ 23.292756259575249, 56.421610352455829 ], [ 23.292686257991573, 56.421631386639689 ], [ 23.292677728761038, 56.421674204420199 ], [ 23.292738724023007, 56.421721705146048 ], [ 23.292775563623792, 56.421820507843734 ], [ 23.292658363318957, 56.421884139386485 ], [ 23.292518677219952, 56.421909062854176 ], [ 23.292471478582645, 56.421951660131555 ], [ 23.292524899316909, 56.421990544489205 ], [ 23.29261635295741, 56.422063938770144 ], [ 23.292600010128581, 56.422110998637812 ], [ 23.292536866203271, 56.42217922487206 ], [ 23.292543327068774, 56.42224784794459 ], [ 23.292588775715149, 56.422299546737335 ], [ 23.292710529522193, 56.422407406799849 ], [ 23.292795045934067, 56.42243789500187 ], [ 23.292917277898656, 56.422520037744796 ], [ 23.292998932253099, 56.422704828511151 ], [ 23.292926463610979, 56.422858734591323 ], [ 23.292627797685164, 56.423114230679829 ], [ 23.292448959232715, 56.423164650710056 ], [ 23.292309825445741, 56.423159570628165 ], [ 23.29200931128155, 56.423097843393577 ], [ 23.291554754525553, 56.423000942917618 ], [ 23.291301364369179, 56.42290090324245 ], [ 23.29115609211452, 56.422810054007499 ], [ 23.290962981281936, 56.422796090768365 ], [ 23.290884764019992, 56.422842796835297 ], [ 23.290822333638264, 56.422872446521474 ], [ 23.290667653346315, 56.422871562379747 ], [ 23.290559776088816, 56.422849512446746 ], [ 23.290537850711114, 56.422780800847413 ], [ 23.290577557908687, 56.422725301550308 ], [ 23.29057899405138, 56.422648150239048 ], [ 23.290541042314999, 56.422609353490756 ], [ 23.290456128344186, 56.422600294677487 ], [ 23.290363161218746, 56.422608336310986 ], [ 23.290215178231833, 56.422663216227278 ], [ 23.290114397092808, 56.422675499617164 ], [ 23.289905739534376, 56.422665732424989 ], [ 23.28986810792922, 56.42260979073918 ], [ 23.289946325951266, 56.422563085313271 ], [ 23.28997821998723, 56.422511828134191 ], [ 23.289948162642684, 56.422464503092932 ], [ 23.289786389098047, 56.422429284132122 ], [ 23.289547756101779, 56.422367905070857 ], [ 23.289470017452938, 56.422388893147989 ], [ 23.289476472827449, 56.422457516363977 ], [ 23.289545119368913, 56.422509349115607 ], [ 23.289598298197614, 56.422561093273437 ], [ 23.289581232348635, 56.422646728377515 ], [ 23.289355988239954, 56.422696878263253 ], [ 23.289147090929408, 56.422699968343856 ], [ 23.289024146905025, 56.422656397551513 ], [ 23.28892624437735, 56.422514377403466 ], [ 23.288826902904116, 56.42244950846225 ], [ 23.288665050471188, 56.422418574224679 ], [ 23.288486130075025, 56.422473274726322 ], [ 23.288446660177783, 56.422515914803093 ], [ 23.28841428390945, 56.422592888675389 ], [ 23.288274112205194, 56.422643524439991 ], [ 23.288142634818755, 56.422642770233857 ], [ 23.287972807936498, 56.422624649269316 ], [ 23.287717427061928, 56.422631756838186 ], [ 23.287630590919051, 56.422725564443773 ], [ 23.287590238461135, 56.42281535223578 ], [ 23.287527565187354, 56.422857858801123 ], [ 23.287403340229087, 56.422882865303009 ], [ 23.287303519476371, 56.422843712235434 ], [ 23.287281199193632, 56.422796430979758 ], [ 23.287257997213366, 56.4227962977088 ], [ 23.287234795233296, 56.422796164433493 ], [ 23.287203378266639, 56.422821703810783 ], [ 23.287133371413759, 56.422842734844394 ], [ 23.287086967398533, 56.422842468242706 ], [ 23.287033711414313, 56.422795009199199 ], [ 23.287080756806017, 56.422760986375494 ], [ 23.287243731641784, 56.422731916146986 ], [ 23.287344994732532, 56.422693918005869 ], [ 23.287330167995002, 56.422659539719525 ], [ 23.287260882938803, 56.422641995198113 ], [ 23.287113216085803, 56.422679726679675 ], [ 23.28694976021232, 56.422734513820679 ], [ 23.286841644901926, 56.422725319202755 ], [ 23.286703797062003, 56.422651653953388 ], [ 23.286587948086567, 56.422642414655954 ], [ 23.286393314967682, 56.422709881735052 ], [ 23.286376402368553, 56.422786944017822 ], [ 23.286327510241431, 56.422919548709885 ], [ 23.28632662733111, 56.422966696687993 ], [ 23.286309553945244, 56.423052331317329 ], [ 23.286214979315627, 56.423146093430745 ], [ 23.285919639353278, 56.423221553706483 ], [ 23.285672791598508, 56.423185839771172 ], [ 23.285039562872271, 56.423130753092281 ], [ 23.284358643949432, 56.423143974409889 ], [ 23.283755387409926, 56.423140493733506 ], [ 23.283261052665377, 56.42310334618896 ], [ 23.282805227781765, 56.423074992546333 ], [ 23.282651676433403, 56.423014091940637 ], [ 23.282546739966129, 56.422950129202498 ] ] ] } },
{ "type": "Feature", "properties": { "fid": 67, "nosaukums": "Tērvete", "posmaID": 2, "gadsAvotos": 1965, "kolhozs": "Brīvais ceļš", "regulets1940": false, "garums": 3735, "udenskratuve": false, "piezimes": null }, "geometry": { "type": "MultiLineString", "coordinates": [ [ [ 23.312685614135262, 56.427249811906265 ], [ 23.312843456916749, 56.427332183925024 ], [ 23.313026667086294, 56.427367155752691 ], [ 23.313334261665243, 56.427300943318414 ], [ 23.313385238762102, 56.42719256156682 ], [ 23.313337932881844, 56.4270972189627 ], [ 23.313375308953603, 56.427063468331518 ], [ 23.313497856313688, 56.427064146348748 ], [ 23.313692219762693, 56.427160302299043 ], [ 23.313751781406062, 56.427255712540848 ], [ 23.313800066851638, 56.427296728488734 ], [ 23.313983766776389, 56.427304535655402 ], [ 23.314095282502361, 56.427237237208708 ], [ 23.314183266072096, 56.427115476701225 ], [ 23.31425936098654, 56.426973275967526 ], [ 23.314507264949903, 56.426818441414987 ], [ 23.314557749442091, 56.426737222419852 ], [ 23.314656519333145, 56.42669701902161 ], [ 23.314815829412975, 56.426697898771963 ], [ 23.314925388481672, 56.426739252597955 ], [ 23.314948310653932, 56.426827668494305 ], [ 23.315033238814468, 56.426875677733001 ], [ 23.315143530933, 56.426876286479157 ], [ 23.315242300571342, 56.426836082614933 ], [ 23.315282115206244, 56.426666515101424 ], [ 23.315458437521254, 56.426402619842889 ], [ 23.315521051953368, 56.426328258860913 ], [ 23.315693224774822, 56.426295250995814 ], [ 23.315877042200267, 56.426296264533967 ], [ 23.316222239633504, 56.426182711854267 ], [ 23.316519757132195, 56.425994189236171 ], [ 23.316594257834115, 56.425940267650326 ], [ 23.316741188670012, 56.425947868249693 ], [ 23.3168626368712, 56.426009660298327 ], [ 23.31698420718498, 56.426064661410152 ], [ 23.317045357596868, 56.426071789466512 ], [ 23.317168875346855, 56.42601813730343 ], [ 23.317194600973465, 56.425950363979076 ], [ 23.317196061135988, 56.425868874154091 ], [ 23.317271290634995, 56.425774207244331 ], [ 23.317492598363078, 56.425734675729174 ], [ 23.317676291559739, 56.425742477415156 ], [ 23.317785729439436, 56.425790619542632 ], [ 23.317894438263931, 56.42587950649262 ], [ 23.317977788016385, 56.42601579438341 ], [ 23.31806235362939, 56.426084174019238 ], [ 23.318209042325634, 56.426105354522115 ], [ 23.318417367813016, 56.426106498952208 ], [ 23.31852717200789, 56.426134267966994 ], [ 23.318951101682, 56.426415046320557 ], [ 23.319108105231809, 56.426544946150514 ], [ 23.31910628509177, 56.426646808460887 ], [ 23.318982403913431, 56.426720835009817 ], [ 23.319041735433704, 56.42682982439014 ], [ 23.319260985113324, 56.426905733685366 ], [ 23.31983586514519, 56.426970009383481 ], [ 23.320129009193966, 56.427025947681699 ], [ 23.320286019271659, 56.427155846024341 ], [ 23.320345718568078, 56.427244462319251 ], [ 23.320392921066542, 56.427346593113867 ], [ 23.320514864039765, 56.427381218312462 ], [ 23.320674540374963, 56.427361718082864 ], [ 23.320761776943456, 56.427280697796974 ], [ 23.320788223331103, 56.427172178793818 ], [ 23.320898879517799, 56.427152409959483 ], [ 23.321070204501634, 56.427166930394961 ], [ 23.321227823214098, 56.427262873438316 ], [ 23.321323321805973, 56.42740601694242 ], [ 23.32135682087311, 56.427589570223795 ], [ 23.321318362752049, 56.427684440675549 ], [ 23.321218750479602, 56.4277721851373 ], [ 23.321254184810279, 56.427847085279275 ], [ 23.321424303698809, 56.427929513455631 ], [ 23.321521134792299, 56.427997957751451 ], [ 23.321519683761572, 56.428079447621414 ], [ 23.321432567893822, 56.428153677606907 ], [ 23.32130953299804, 56.42818017070514 ], [ 23.32113892929419, 56.428124905660191 ], [ 23.321054837652486, 56.428029364831907 ], [ 23.320908866117822, 56.427967442747779 ], [ 23.320773455358363, 56.428000659072332 ], [ 23.320722740276892, 56.428095462250099 ], [ 23.320746524105161, 56.428136341341627 ], [ 23.321503075462104, 56.428323850219144 ], [ 23.321637761345571, 56.428331378035566 ], [ 23.321749266626213, 56.428264072696635 ], [ 23.321751563326693, 56.428135047066441 ], [ 23.321813805774696, 56.428081055375834 ], [ 23.321997511213873, 56.428088850691495 ], [ 23.322303405297617, 56.428117687535163 ], [ 23.322546696207258, 56.428220888188527 ], [ 23.322727988379146, 56.428364498899214 ], [ 23.322825667740357, 56.428385406413831 ], [ 23.323021147439452, 56.428420430388812 ], [ 23.323118103288291, 56.428482082618849 ], [ 23.323092024518825, 56.428570229637089 ], [ 23.323053690353813, 56.428658309795644 ], [ 23.323138029662239, 56.428740267627163 ], [ 23.323381326807311, 56.428843466648864 ], [ 23.323685419959752, 56.428974162463376 ], [ 23.323708604843446, 56.429048995112588 ], [ 23.32364612239051, 56.429116569396392 ], [ 23.323387914396527, 56.429162702199953 ], [ 23.323203720983631, 56.429182072225252 ], [ 23.323166230870441, 56.429222616644459 ], [ 23.323213563969844, 56.429317955534245 ], [ 23.323286493834267, 56.42935231065794 ], [ 23.323568008600606, 56.429374219917619 ], [ 23.324094754425175, 56.429390672977092 ], [ 23.324290842615685, 56.42939174083812 ], [ 23.324461215779863, 56.429460583213263 ], [ 23.324804731798714, 56.429442078278335 ], [ 23.325183209973034, 56.429525634717834 ], [ 23.325341570266385, 56.429580827591927 ], [ 23.325436609163297, 56.429751131232038 ], [ 23.325421708431637, 56.429900462784509 ], [ 23.325407769463084, 56.429995467725277 ], [ 23.325284250313214, 56.430049128051515 ], [ 23.325186204504661, 56.430048594940544 ], [ 23.325113271590713, 56.430014240929829 ], [ 23.325027601892799, 56.430006983518716 ], [ 23.324929074914934, 56.430033613505593 ], [ 23.32490348054527, 56.430094597590021 ], [ 23.324987706686656, 56.430183344987569 ], [ 23.32518175429087, 56.430299855475702 ], [ 23.325509896061039, 56.430457843418452 ], [ 23.325594364823758, 56.430533008753649 ], [ 23.325617193781767, 56.430628213514836 ], [ 23.325628007306793, 56.43070977002003 ], [ 23.325774477719989, 56.430744523267364 ], [ 23.325946301327374, 56.43073187370338 ], [ 23.326119325940223, 56.430651315641036 ], [ 23.326194182552971, 56.430577015843198 ], [ 23.326353989513539, 56.430550717514464 ], [ 23.326475588038488, 56.430605709354701 ], [ 23.326547563033714, 56.430694389180253 ], [ 23.326669282310398, 56.430742590004591 ], [ 23.327233775675289, 56.430704902656821 ], [ 23.328276967670028, 56.430629055906593 ], [ 23.328573024557606, 56.430521994419436 ], [ 23.328647995800672, 56.430440902298166 ], [ 23.328697976451533, 56.430386840857807 ], [ 23.328832910359729, 56.430380779223299 ], [ 23.329186058083835, 56.430511726726081 ], [ 23.32934215710338, 56.430695940287634 ], [ 23.329396384679335, 56.431096930432034 ], [ 23.32940613066885, 56.431239604091438 ], [ 23.329282254420331, 56.431313640879601 ], [ 23.329110668422341, 56.431312713398633 ], [ 23.328964431969585, 56.431264382420963 ], [ 23.328817358456106, 56.431263587075605 ], [ 23.328717873636915, 56.43134454669601 ], [ 23.328776163364608, 56.431514648882967 ], [ 23.328945118798838, 56.431664975065559 ], [ 23.329224382301962, 56.431815897283059 ], [ 23.329431663747805, 56.431878140758762 ], [ 23.329898001354838, 56.431846702316903 ], [ 23.329996887865757, 56.431799695905191 ], [ 23.330070306261515, 56.431806883733437 ], [ 23.330190839651831, 56.43192298941657 ], [ 23.330164774817369, 56.43201113790537 ], [ 23.329893104130189, 56.432125126340239 ], [ 23.329890237421559, 56.432288106250354 ], [ 23.329962940133704, 56.432336039120734 ], [ 23.330110137229418, 56.432330042288477 ], [ 23.330269471371334, 56.432330902255501 ], [ 23.330342652109866, 56.432351671584556 ], [ 23.330390842523546, 56.432399471930481 ], [ 23.330364539090606, 56.432501202114686 ], [ 23.330375005196792, 56.432603130696457 ], [ 23.330435213840307, 56.432664578816301 ], [ 23.330643695031423, 56.432658911975828 ], [ 23.330680941999553, 56.432631946969799 ], [ 23.330681896457346, 56.432577620327827 ], [ 23.330671668153091, 56.43246211010883 ], [ 23.330733905111295, 56.432408113968776 ], [ 23.330856470101828, 56.432408774884621 ], [ 23.331039363656707, 56.432464092678821 ], [ 23.331110875850939, 56.432579933187959 ], [ 23.331108252765969, 56.432729331465183 ], [ 23.331056841534878, 56.432864883822937 ], [ 23.33121474738363, 56.432947232547626 ], [ 23.331386102450441, 56.432961738798461 ], [ 23.331508550076911, 56.432969189905357 ], [ 23.331799137147783, 56.433174499012495 ], [ 23.33198251206214, 56.433202652097123 ], [ 23.332069142803814, 56.433155578071236 ], [ 23.332082352026116, 56.433101317384114 ], [ 23.33208389979853, 56.433013036572184 ], [ 23.332157797117798, 56.43299305984349 ], [ 23.332340814388978, 56.433041584893765 ], [ 23.332400431882661, 56.43313698622498 ], [ 23.332361876518192, 56.433238650897678 ], [ 23.332213069242826, 56.43333632661907 ], [ 23.332187722346283, 56.433383730532633 ], [ 23.332284824678489, 56.433438584784874 ], [ 23.332468082234342, 56.433473527986287 ], [ 23.332652529727284, 56.433440562597596 ], [ 23.332753914775346, 56.433250946526151 ], [ 23.332647053631895, 56.433053419249703 ], [ 23.332660975731777, 56.432958413502718 ], [ 23.332857796153853, 56.43291872287427 ], [ 23.33313981841032, 56.432913447151037 ], [ 23.333324143776856, 56.4328872715868 ], [ 23.33339875315118, 56.432826549114651 ], [ 23.33364447986294, 56.43279391139756 ], [ 23.334245410821694, 56.432776762153381 ], [ 23.334637267076094, 56.432799238076228 ], [ 23.334770429946552, 56.432895032538653 ], [ 23.334863740742527, 56.433167191517029 ], [ 23.335067957074489, 56.433405987322523 ], [ 23.335296926752111, 56.433631332416191 ], [ 23.335246595657971, 56.433705769003971 ], [ 23.33490103050519, 56.433839746942695 ], [ 23.334788583325583, 56.433961390729941 ], [ 23.334848564092788, 56.434036418385787 ], [ 23.335068598035058, 56.434071554828328 ], [ 23.335559472088189, 56.434040226515151 ], [ 23.335816514658298, 56.434061976823756 ], [ 23.336045966121681, 56.434260157189073 ], [ 23.33626292615428, 56.434471853248731 ], [ 23.336174049166402, 56.434647956074485 ], [ 23.335952353589445, 56.434707893278429 ], [ 23.335743861903843, 56.434713569010455 ], [ 23.335598669913555, 56.434604128311868 ], [ 23.335451820239896, 56.434589759129217 ], [ 23.335402672915961, 56.434596287420739 ], [ 23.335364834940322, 56.434657208011046 ], [ 23.335409124919398, 56.434929103943851 ], [ 23.335480418064993, 56.435058523599487 ], [ 23.335822440239479, 56.435128269135326 ], [ 23.336275845258566, 56.435137486236265 ], [ 23.336505139081126, 56.435169273890097 ], [ 23.336516627671511, 56.435213479849637 ], [ 23.336466178554602, 56.435294707749037 ], [ 23.336354915116441, 56.435348444577407 ], [ 23.336303992203469, 56.43545683574758 ], [ 23.336363150139697, 56.435579398509354 ], [ 23.336472166767248, 56.435654687541124 ], [ 23.336679244483914, 56.435730500619783 ], [ 23.336701631181025, 56.435852866674011 ], [ 23.336895152424422, 56.436003313066173 ], [ 23.336882185450389, 56.43604399258389 ], [ 23.336820424117974, 56.436070828442539 ], [ 23.336587882781657, 56.436049211233815 ], [ 23.336477208751287, 56.436068993987938 ], [ 23.336451628721129, 56.436129980428355 ], [ 23.336596237605768, 56.436273374293535 ], [ 23.33698694925927, 56.436363751217357 ], [ 23.337390983747721, 56.436393074840574 ], [ 23.337475134745524, 56.436488604608549 ], [ 23.337472181888479, 56.436658375489436 ], [ 23.337458624714127, 56.436733009239354 ], [ 23.337517788320184, 56.436855571438961 ], [ 23.337652153401304, 56.436883454447361 ], [ 23.337984534524935, 56.4368037302578 ], [ 23.338218261103034, 56.436757436499576 ], [ 23.338327874579104, 56.436798769723381 ], [ 23.338448448878207, 56.436914867388808 ], [ 23.338740046542039, 56.437065833582601 ], [ 23.339118513400475, 56.437156138504406 ], [ 23.339449833990376, 56.437137527925863 ], [ 23.339597636928545, 56.437097565698231 ], [ 23.339598932043145, 56.43702286648454 ], [ 23.339588793341957, 56.436900566179716 ], [ 23.339689564647326, 56.436744898679144 ], [ 23.339776429403695, 56.436684237620412 ], [ 23.339899878247017, 56.436688315675667 ] ] ] } },
{ "type": "Feature", "properties": { "fid": 68, "nosaukums": "Tērvete", "posmaID": 6, "gadsAvotos": 1964, "kolhozs": "Zaļenieku", "regulets1940": null, "garums": 7183, "udenskratuve": null, "piezimes": null }, "geometry": { "type": "MultiLineString", "coordinates": [ [ [ 23.478599239658962, 56.516305333595916 ], [ 23.47855510720375, 56.516270622600999 ], [ 23.478163329464266, 56.516173899552633 ], [ 23.477722325070967, 56.516083759678438 ], [ 23.477319576103628, 56.515891909467562 ], [ 23.477150501846378, 56.515680667464238 ], [ 23.476980774804403, 56.515516961663806 ], [ 23.476760979286428, 56.515420957933408 ], [ 23.476504334170343, 56.515324798568741 ], [ 23.476332364194125, 56.515324073942693 ], [ 23.476049279974443, 56.515363628481026 ], [ 23.47570412094348, 56.515450459667818 ], [ 23.475544715367324, 56.515429413025288 ], [ 23.475324642544876, 56.515353779514676 ], [ 23.475141139703886, 56.515298674029353 ], [ 23.474969076001507, 56.515304738434494 ], [ 23.474820828101986, 56.51536523377618 ], [ 23.474807229766185, 56.515460254700166 ], [ 23.47491374488283, 56.515752731353871 ], [ 23.47494909380428, 56.515861541743952 ], [ 23.47493587116481, 56.515929399007412 ], [ 23.474849039677498, 56.51599015388657 ], [ 23.47467631523995, 56.516043754295751 ], [ 23.474565761050929, 56.516043286861887 ], [ 23.474210471110599, 56.515973870857493 ], [ 23.472586443264927, 56.51526748288736 ], [ 23.472318564202943, 56.515096562692868 ], [ 23.472259034077556, 56.51496048355903 ], [ 23.472261865017551, 56.514756756106415 ], [ 23.472289828694525, 56.514512387489994 ], [ 23.472110676274941, 56.514144895416635 ], [ 23.471747092493185, 56.51379020174015 ], [ 23.471564169326758, 56.513694345487927 ], [ 23.47144133899906, 56.513693823048392 ], [ 23.471354979682474, 56.513720620929924 ], [ 23.471280147005853, 56.513801798339287 ], [ 23.471193314571217, 56.513862550682838 ], [ 23.471070199985096, 56.513882400620297 ], [ 23.470910992794163, 56.513847766215449 ], [ 23.470863090410333, 56.513759275104242 ], [ 23.470852226544775, 56.51365735907423 ], [ 23.470791568431043, 56.513602770199206 ], [ 23.470620742249093, 56.513520546704761 ], [ 23.47038850206777, 56.513438061221187 ], [ 23.470279092105134, 56.513356099012199 ], [ 23.470304415619257, 56.513301876422148 ], [ 23.470415908641552, 56.513234438484417 ], [ 23.470774004727268, 56.513100137849825 ], [ 23.47089872515734, 56.512964842633394 ], [ 23.470863295884907, 56.512862821982765 ], [ 23.470802922870927, 56.512787860361215 ], [ 23.470522029256589, 56.512671211286467 ], [ 23.470081652261751, 56.512540298860827 ], [ 23.469505126227713, 56.512483508166682 ], [ 23.469309742639918, 56.512401177985936 ], [ 23.468944017861503, 56.512202667126985 ], [ 23.468441573989566, 56.512119022804271 ], [ 23.467926469334877, 56.512062487510669 ], [ 23.467571514417134, 56.511972679831857 ], [ 23.467254741983567, 56.511787956354262 ], [ 23.46691350324447, 56.511596335766249 ], [ 23.466633393286916, 56.511425350614374 ], [ 23.466402510184146, 56.511247784914801 ], [ 23.466343007218917, 56.511111702913709 ], [ 23.466505441680479, 56.510915452116095 ], [ 23.466506967746191, 56.510806797505445 ], [ 23.466328079403478, 56.510425715186784 ], [ 23.466160331213775, 56.510126176327901 ], [ 23.466026948980655, 56.510003359342193 ], [ 23.465771036246718, 56.509859641450092 ], [ 23.465505232560155, 56.509546097361856 ], [ 23.465386143169692, 56.509280723330733 ], [ 23.465229637306074, 56.509055936081729 ], [ 23.464900714731964, 56.508864362807579 ], [ 23.464680318383422, 56.508815874131393 ], [ 23.464423174066511, 56.508760435334771 ], [ 23.464313790418355, 56.508678467861223 ], [ 23.464130335840125, 56.508623346147409 ], [ 23.463897660517468, 56.508574803115252 ], [ 23.463800368165252, 56.508506470008079 ], [ 23.463826368589356, 56.508404712317407 ], [ 23.46372907679946, 56.508336379153604 ], [ 23.463459655857942, 56.508280885357607 ], [ 23.463276204443368, 56.508225762385074 ], [ 23.462947202909575, 56.508040974858531 ], [ 23.462545382498597, 56.507794749518446 ], [ 23.462215042368744, 56.507705032824774 ], [ 23.461884415222645, 56.507635687989236 ], [ 23.46140786108958, 56.507463839835658 ], [ 23.461138546076558, 56.507401550105598 ], [ 23.460315624205723, 56.507404769559656 ], [ 23.460032003461421, 56.507485033197575 ], [ 23.459833576236022, 56.507619997244873 ], [ 23.459868681401382, 56.50774239378795 ], [ 23.459890926360845, 56.507905482386072 ], [ 23.459803992731395, 56.50797301772775 ], [ 23.459656232447319, 56.507999540512316 ], [ 23.459203086031771, 56.507909281647585 ], [ 23.45897167872705, 56.507772447597219 ], [ 23.458813862637079, 56.507642725013405 ], [ 23.458778277219892, 56.507554282718139 ], [ 23.458668812471718, 56.507479101197198 ], [ 23.458386930448107, 56.507437124726152 ], [ 23.45810446784045, 56.507435893062102 ], [ 23.457822586768746, 56.507393915312186 ], [ 23.457725308385164, 56.507325577461671 ], [ 23.457665454800907, 56.507216654920249 ], [ 23.457495073681546, 56.507107249776467 ], [ 23.457323529463736, 56.507079335284708 ], [ 23.457189701344102, 56.506990463363323 ], [ 23.457143101003851, 56.506813685150384 ], [ 23.457085870180215, 56.506521407825943 ], [ 23.457050678035877, 56.50640580139941 ], [ 23.456965490052401, 56.506351098433228 ], [ 23.456830500223003, 56.506343717011084 ], [ 23.456584110604283, 56.506396970228188 ], [ 23.456435479764181, 56.506484607358715 ], [ 23.456250783713386, 56.506517755820454 ], [ 23.456177294042128, 56.506503851502337 ], [ 23.456079826441652, 56.506449094176673 ], [ 23.456080701481621, 56.506387976018807 ], [ 23.456144437839878, 56.506225263064529 ], [ 23.45620846525529, 56.50604217735129 ], [ 23.456296178312002, 56.505920317250691 ], [ 23.456284869705335, 56.505852354435262 ], [ 23.456235942231636, 56.505838557637261 ], [ 23.456174539920557, 56.505838288880668 ], [ 23.455965480335657, 56.505857747602043 ], [ 23.455865096804139, 56.506006717310882 ], [ 23.455667635565458, 56.506073765658648 ], [ 23.455397658452288, 56.506058999851597 ], [ 23.455299901022709, 56.506024614632715 ], [ 23.455166373515198, 56.5059153678149 ], [ 23.454970859991779, 56.505846596937054 ], [ 23.454812578300178, 56.505750823801613 ], [ 23.454814040057293, 56.505648960214749 ], [ 23.454889281433253, 56.505540629029298 ], [ 23.455075434946416, 56.50540561898417 ], [ 23.45507679857776, 56.505310546293664 ], [ 23.454906336017075, 56.505207928503559 ], [ 23.454709656995703, 56.505220648091523 ], [ 23.4545634638047, 56.505138510345951 ], [ 23.454527793099636, 56.505056857727425 ], [ 23.454553230963047, 56.504995847402121 ], [ 23.454639679664105, 56.504962270239069 ], [ 23.45477515141906, 56.504935699500095 ], [ 23.454800101554184, 56.504908643655384 ], [ 23.454752247878652, 56.504820146300794 ], [ 23.454606933484875, 56.504676890442987 ], [ 23.454498947807267, 56.504499841643423 ], [ 23.4542681634472, 56.50432225338907 ], [ 23.453877742411116, 56.504143963063321 ], [ 23.45364881850363, 56.503837346431965 ], [ 23.453453220725269, 56.503775364075246 ], [ 23.453268633005258, 56.503801717232349 ], [ 23.452971278001673, 56.503983774368891 ], [ 23.452920887405849, 56.504071839851292 ], [ 23.452846327934928, 56.504132633528208 ], [ 23.452711151172856, 56.504138829454952 ], [ 23.452368292645353, 56.504069405253595 ], [ 23.452345005392612, 56.50398101522925 ], [ 23.452321914025113, 56.503879043389567 ], [ 23.452287424045018, 56.503715899261621 ], [ 23.45213003928281, 56.503559004559193 ], [ 23.452094473201402, 56.503470560329021 ], [ 23.45212040350733, 56.503375595965451 ], [ 23.452096333829033, 56.503341533129444 ], [ 23.451986404691393, 56.503300300245826 ], [ 23.451839049095362, 56.503299650157437 ], [ 23.451752209768468, 56.503360389002921 ], [ 23.45168963550601, 56.503441608895514 ], [ 23.451554264973218, 56.503461385377946 ], [ 23.451468601303205, 56.503440633167834 ], [ 23.451384212440509, 56.503331599140701 ], [ 23.451398551173799, 56.503189044369584 ], [ 23.451399629737821, 56.503114344417547 ], [ 23.451327129074244, 56.503032528191078 ], [ 23.451267006314978, 56.502943975255299 ], [ 23.451268281274796, 56.50285569349213 ], [ 23.451305217806233, 56.502849065294072 ], [ 23.451403551745219, 56.50284270822057 ], [ 23.451599729454724, 56.502863948366311 ], [ 23.451735097833666, 56.502844171828251 ], [ 23.451785097605345, 56.50278327043393 ], [ 23.451738135505654, 56.502633653755645 ], [ 23.451682912317789, 56.502205555717204 ], [ 23.451659137770221, 56.502151120073854 ], [ 23.451561197737636, 56.502130313729822 ], [ 23.451168065444854, 56.502142160261847 ], [ 23.450983582224694, 56.502161719137611 ], [ 23.450873461423281, 56.502134067081016 ], [ 23.450813046675322, 56.502065886633467 ], [ 23.450875816805411, 56.501971085352743 ], [ 23.450903417404408, 56.501760675828692 ], [ 23.450807245525677, 56.501617632588136 ], [ 23.450648991911521, 56.501521854137572 ], [ 23.450171386207785, 56.501431453831572 ], [ 23.449855474457742, 56.501199149681817 ], [ 23.449709208868093, 56.501123797126631 ], [ 23.449463728761742, 56.501115918169596 ], [ 23.449071295572566, 56.501080221754975 ], [ 23.448887998360657, 56.501018286678274 ], [ 23.447719391327325, 56.500313588777708 ], [ 23.447194965524204, 56.500066767915129 ], [ 23.446937411896862, 56.500045247533684 ], [ 23.446801952173363, 56.500071809770475 ], [ 23.446665404516335, 56.50017307178824 ], [ 23.446575003623959, 56.500478279528807 ], [ 23.446450930490805, 56.5005660141954 ], [ 23.446315468571889, 56.500592575895183 ], [ 23.446131485344544, 56.500578173071993 ], [ 23.446021570688707, 56.500536934920412 ], [ 23.445927301636438, 56.500264860784434 ], [ 23.44578580152443, 56.499863540330843 ], [ 23.445555086009794, 56.49968593589378 ], [ 23.445395961692689, 56.499651268880605 ], [ 23.44517485062001, 56.499657072899922 ], [ 23.44474153296607, 56.499899625266643 ], [ 23.444075611889243, 56.500093596034731 ], [ 23.442895574069151, 56.500176597243737 ], [ 23.442403034831464, 56.500269466307337 ], [ 23.442170139552108, 56.500241255369794 ], [ 23.442134001552109, 56.500193553677704 ], [ 23.442025189234897, 56.50007761212683 ], [ 23.441807367081314, 56.499859310531292 ], [ 23.441550915769877, 56.499763079119852 ], [ 23.44104849747594, 56.499692906099213 ], [ 23.440731156872925, 56.499562442273039 ], [ 23.440586115364109, 56.499405588246987 ], [ 23.440600992853881, 56.499229080226748 ], [ 23.440714096098393, 56.499053014464003 ], [ 23.440729072787288, 56.498869715519724 ], [ 23.4406688813297, 56.49878794835525 ], [ 23.440094009459962, 56.498635949010257 ], [ 23.439800736536757, 56.498539547968754 ], [ 23.439631547260074, 56.4983554184927 ], [ 23.439635752943207, 56.498070200832849 ], [ 23.439527154606751, 56.497940675287566 ], [ 23.439380120641484, 56.497919637772235 ], [ 23.439183875180383, 56.497905169274439 ], [ 23.438679981294783, 56.497936850155931 ], [ 23.438296857935146, 56.498104902120822 ], [ 23.438197028261222, 56.498213112270662 ], [ 23.437715876826744, 56.498367136386008 ], [ 23.43706413643055, 56.49843209818858 ], [ 23.436402532907071, 56.498334019438794 ], [ 23.436048486565149, 56.498196585667031 ], [ 23.435804137388875, 56.498113979941195 ], [ 23.435522552110413, 56.498058369937567 ], [ 23.435350459641921, 56.498071170532697 ], [ 23.435165281679868, 56.498138242196418 ], [ 23.434966613482271, 56.498286748431354 ], [ 23.43443734664363, 56.49837262751732 ], [ 23.434056222864932, 56.498404848541703 ], [ 23.433872963148048, 56.49834289135984 ], [ 23.433801419922823, 56.498199946928835 ], [ 23.43380425287349, 56.498009802009314 ], [ 23.433832147290847, 56.497785814549822 ], [ 23.433674863280626, 56.497628896522549 ], [ 23.433356856525254, 56.497545950133379 ], [ 23.433111099236367, 56.497558411582197 ], [ 23.432716082876386, 56.497699226716456 ], [ 23.432273068222869, 56.49776511637431 ], [ 23.4319417705589, 56.497750019140959 ], [ 23.431770795238112, 56.497688115008387 ], [ 23.431675010346499, 56.497524684366816 ], [ 23.431617989011023, 56.497232395305389 ], [ 23.431632602547815, 56.497076261045819 ], [ 23.431524846987156, 56.496892401435488 ], [ 23.431539867070217, 56.496709103623424 ], [ 23.431432417770932, 56.496504871257905 ], [ 23.431238113668101, 56.496361363334671 ], [ 23.431110014727743, 56.496306445920673 ], [ 23.430901096749597, 56.496319071686052 ], [ 23.430260333998156, 56.496472335653898 ], [ 23.430051822198134, 56.496457796438065 ], [ 23.429844634969193, 56.496354975338868 ], [ 23.429736686298718, 56.496184695952429 ], [ 23.429689920946196, 56.496028280088552 ], [ 23.429753956328529, 56.495851998824953 ], [ 23.42974269808418, 56.495784033587697 ], [ 23.429559356124841, 56.495728860943601 ], [ 23.42938686442892, 56.495768816849264 ], [ 23.429262461239208, 56.495876907026826 ], [ 23.429150742562072, 56.495957889948791 ], [ 23.428818747529053, 56.495990320623648 ], [ 23.428660777034011, 56.495880932465184 ], [ 23.428405917954201, 56.495682810681778 ], [ 23.428176535192392, 56.495423683430772 ], [ 23.427457202706652, 56.495087593536624 ], [ 23.427114677052234, 56.49500451803042 ], [ 23.426807447302192, 56.495023474814403 ], [ 23.426646105980922, 56.495138183303837 ], [ 23.426693472345526, 56.495253855000101 ], [ 23.426912512456092, 56.495383901523759 ], [ 23.426947295697907, 56.495519889134464 ], [ 23.426860639379566, 56.495567028841087 ], [ 23.426676175834238, 56.495586551680269 ], [ 23.425708543525918, 56.495432672052942 ], [ 23.42559917915829, 56.495357461457296 ], [ 23.425600410739538, 56.495275970856881 ], [ 23.425504453127495, 56.495126117227507 ], [ 23.425469675401821, 56.494990129215395 ], [ 23.425337093842003, 56.494826523333067 ], [ 23.425191004205761, 56.494744351101083 ], [ 23.425006543814874, 56.494763871469864 ], [ 23.424771948162419, 56.494851072999424 ], [ 23.424341127169598, 56.494923782172798 ], [ 23.423924537094315, 56.494867520029445 ], [ 23.423790521283006, 56.494798984854896 ], [ 23.423645361915387, 56.494655692875114 ], [ 23.423486278804656, 56.494620997854248 ], [ 23.423018936889545, 56.494673158861232 ], [ 23.422560672153555, 56.494935892465506 ], [ 23.42254612541338, 56.495085234756644 ], [ 23.422604415013819, 56.495289246495972 ], [ 23.422552418146946, 56.49547916285433 ], [ 23.42237930103715, 56.495559854294726 ], [ 23.421862321231071, 56.495645736948418 ], [ 23.42139558482458, 56.495657146538981 ], [ 23.419935750426234, 56.495575633254923 ], [ 23.419654622172899, 56.495492823842056 ], [ 23.419620279863281, 56.495329670737945 ], [ 23.419744708608153, 56.49522159026035 ], [ 23.419808166705891, 56.495086059453698 ], [ 23.4197254424171, 56.494875140852876 ], [ 23.41956708795546, 56.494792904681667 ], [ 23.419248617102095, 56.494743876634587 ], [ 23.41844865098432, 56.494869169904135 ], [ 23.418215391063907, 56.494868077640028 ], [ 23.418105211435517, 56.494847187474178 ], [ 23.418020313464211, 56.494778876126041 ], [ 23.418009284485617, 56.494697328108067 ], [ 23.418084712701511, 56.494582228325427 ], [ 23.418037893279642, 56.494432599013827 ], [ 23.417808276764337, 56.494193825353797 ], [ 23.417600406703464, 56.494138520016676 ], [ 23.417243448226255, 56.494197968155234 ], [ 23.416138135435318, 56.494219943209174 ], [ 23.415351282573102, 56.494290947264574 ], [ 23.414424361485047, 56.49468727159951 ], [ 23.413537290567586, 56.494886827635476 ], [ 23.413092702977703, 56.495054511954891 ], [ 23.413017258717822, 56.495169608664014 ], [ 23.412991551147442, 56.495244192187208 ], [ 23.413039190677541, 56.495339496396177 ], [ 23.41319690413772, 56.495462486067055 ], [ 23.413476760412095, 56.495626800487294 ], [ 23.413646020205139, 56.495797383633665 ], [ 23.41359481612097, 56.495932969185574 ], [ 23.413049376785349, 56.496269961298005 ], [ 23.412651046515393, 56.496621229399089 ], [ 23.41226719180149, 56.496829946099538 ], [ 23.412238750954234, 56.497081091943933 ], [ 23.412124576473417, 56.497318249351714 ], [ 23.411993297416597, 56.497470433662734 ], [ 23.411794542436041, 56.497618902670041 ], [ 23.411584875032986, 56.497679031966669 ], [ 23.411401234963304, 56.497644205167788 ], [ 23.411241940234824, 56.497623076207645 ], [ 23.411167747864901, 56.497656681362301 ] ] ] } },
{ "type": "Feature", "properties": { "fid": 69, "nosaukums": "Igate", "posmaID": null, "gadsAvotos": null, "kolhozs": null, "regulets1940": false, "garums": 2704, "udenskratuve": false, "piezimes": null }, "geometry": { "type": "MultiLineString", "coordinates": [ [ [ 23.523267843850824, 56.426194963267172 ], [ 23.523267843850824, 56.426194963267172 ], [ 23.523303361123002, 56.426102473236192 ], [ 23.523293927072405, 56.426058156088075 ], [ 23.523184544404405, 56.42601899005021 ], [ 23.522985132031462, 56.425990548100238 ], [ 23.5229649483082, 56.42600707585305 ], [ 23.522794876149398, 56.426028562405008 ], [ 23.522725168521937, 56.426011688981106 ], [ 23.522645681022077, 56.425978172556455 ], [ 23.522646235683268, 56.425933893780119 ], [ 23.522726485622016, 56.425906526886159 ], [ 23.522836768458259, 56.425873740313079 ], [ 23.522857367976087, 56.425824003496842 ], [ 23.52280770577061, 56.425801672078137 ], [ 23.522757835675549, 56.425795945181434 ], [ 23.522637634441686, 56.425823158416726 ], [ 23.52254753541397, 56.425839417131222 ], [ 23.522447933941702, 56.425816893414698 ], [ 23.522428374353506, 56.425783607457376 ], [ 23.522469088798122, 56.42572287788667 ], [ 23.52258922049452, 56.425701199661098 ], [ 23.522589913895501, 56.425645851188598 ], [ 23.522570076899022, 56.425634704641794 ], [ 23.522449876041314, 56.425661917696566 ], [ 23.522359985436193, 56.425661571734445 ], [ 23.522230906767987, 56.425600188579487 ], [ 23.522162102399459, 56.425511361828136 ], [ 23.522143029047484, 56.425439331895248 ], [ 23.522043706535257, 56.425394668466581 ], [ 23.521933771582731, 56.425399780103852 ], [ 23.521883485494985, 56.425427261938154 ], [ 23.521872872720131, 56.425477037077492 ], [ 23.521872386613815, 56.425515781005302 ], [ 23.521852063767852, 56.425543378271549 ], [ 23.521821822523318, 56.425565402200846 ], [ 23.521741919972786, 56.425565094278141 ], [ 23.521612356258458, 56.425542454407747 ], [ 23.52158308767989, 56.425486990426407 ], [ 23.521533704633647, 56.425442519112167 ], [ 23.521474264426573, 56.425403544110132 ], [ 23.521155490179265, 56.425335893061387 ], [ 23.521006508644373, 56.425268896705518 ], [ 23.520976962863823, 56.425235571966113 ], [ 23.52097758902125, 56.425185758348825 ], [ 23.5209178018758, 56.425174457312252 ], [ 23.520747801903177, 56.425190406219642 ], [ 23.520638145861628, 56.425173377325251 ], [ 23.520588973212217, 56.425112301096895 ], [ 23.520569624503292, 56.425062410307689 ], [ 23.520500407125972, 56.425006791712839 ], [ 23.520361067374097, 56.424967507406357 ], [ 23.520241215454824, 56.424967044095339 ], [ 23.520170953389279, 56.424994448006736 ], [ 23.520071007017709, 56.424999596614946 ], [ 23.519921470902663, 56.424976877724852 ], [ 23.51991190160366, 56.424943630010283 ], [ 23.519962467347231, 56.424894009590844 ], [ 23.520032799085769, 56.424861070951103 ], [ 23.520033147631946, 56.424833396721475 ], [ 23.519973431039141, 56.424816560384734 ], [ 23.519783526773555, 56.424826895855489 ], [ 23.519693777689902, 56.424815478273949 ], [ 23.519654245797874, 56.424782114561253 ], [ 23.519624980649535, 56.424726650117158 ], [ 23.519575879973708, 56.424660038640951 ], [ 23.519396592175262, 56.424620598576766 ], [ 23.519336946007993, 56.424598227088609 ], [ 23.519237838455478, 56.424536956880637 ], [ 23.519049053011301, 56.424458733701179 ], [ 23.519039694158504, 56.424408881381545 ], [ 23.519090749235755, 56.424320517394619 ], [ 23.519161639338126, 56.424243300479432 ], [ 23.51918287123441, 56.424143750654288 ], [ 23.519113378183157, 56.424110270667391 ], [ 23.518924525236219, 56.424037582143008 ], [ 23.518895261716562, 56.423982117522911 ], [ 23.518955884748809, 56.423927001381706 ], [ 23.518926551400138, 56.423877071614015 ], [ 23.518786728191461, 56.423876529463605 ], [ 23.518567215774823, 56.423859072657798 ], [ 23.518507920926215, 56.423809026543054 ], [ 23.518409516176359, 56.423692407214745 ], [ 23.518390940422556, 56.423581632777655 ], [ 23.518363007042996, 56.423421005959284 ], [ 23.518183516409362, 56.42339816868418 ], [ 23.517556211739716, 56.423246283189862 ], [ 23.517386289081038, 56.423256692664118 ], [ 23.517186615056612, 56.423250380796468 ], [ 23.517087514463732, 56.423189108869728 ], [ 23.517018235423581, 56.423139023175366 ], [ 23.517038981310257, 56.423078217623477 ], [ 23.51700937054834, 56.423050426781607 ], [ 23.516879748051483, 56.423033316825361 ], [ 23.51673971743222, 56.423049376908537 ], [ 23.516650184042941, 56.423021352596621 ], [ 23.516631122333212, 56.4229493218077 ], [ 23.51659145464652, 56.422927026806974 ], [ 23.516322504850031, 56.422870627580636 ], [ 23.516183036702806, 56.422842408279422 ], [ 23.51600305809221, 56.422858311767051 ], [ 23.515772510903883, 56.422923833737514 ], [ 23.515701968081622, 56.422973374505013 ], [ 23.51539215590811, 56.422988770315975 ], [ 23.515162240591987, 56.423004477554514 ], [ 23.514972907609284, 56.422970526930982 ], [ 23.51487254314603, 56.423008880422536 ], [ 23.514451108918699, 56.423162215414173 ], [ 23.51433119224798, 56.4231672812477 ], [ 23.514221686019148, 56.423139177007215 ], [ 23.513972853746079, 56.42307178120199 ], [ 23.51381376536396, 56.423015806790595 ], [ 23.513604671191864, 56.422965171291423 ], [ 23.51351514031812, 56.422937144721423 ], [ 23.513325173046709, 56.422953005167138 ], [ 23.513304704033594, 56.422991670720776 ], [ 23.513233945809759, 56.423057814604995 ], [ 23.513164247872385, 56.423040935819117 ], [ 23.513075000006065, 56.422990769564315 ], [ 23.513075919296409, 56.422918816618946 ], [ 23.513016774575387, 56.422857698203785 ], [ 23.51292724438839, 56.422829671210316 ], [ 23.512797058460944, 56.422856835728396 ], [ 23.512746698409263, 56.422889848707541 ], [ 23.512636486371118, 56.422917091487378 ], [ 23.512556660270711, 56.422911242818373 ], [ 23.512497162403708, 56.422877798364873 ], [ 23.512378237798472, 56.422805374530789 ], [ 23.512259313645085, 56.422732950582684 ], [ 23.512230131662097, 56.422671949556289 ], [ 23.512100866902301, 56.422627160405398 ], [ 23.511981305979301, 56.422604549763754 ], [ 23.511881010372335, 56.422637365993097 ], [ 23.511890146777873, 56.422703823373375 ], [ 23.511919470004361, 56.422753754796148 ], [ 23.511888799937353, 56.422808985355296 ], [ 23.511828877446117, 56.422808749628757 ], [ 23.511709741591968, 56.422752929679014 ], [ 23.511690760270263, 56.422675363303554 ], [ 23.511661366484326, 56.422630966667789 ], [ 23.511571766899223, 56.42260847353905 ], [ 23.511491728781127, 56.422619228709074 ], [ 23.511391077923893, 56.422679718745947 ], [ 23.51118127894642, 56.422684427577089 ], [ 23.511111653605628, 56.422662012799414 ], [ 23.511092318537624, 56.422612120536733 ], [ 23.511103370568033, 56.422529137275589 ], [ 23.511094093572765, 56.422473749519497 ], [ 23.511014268642878, 56.422467899859846 ], [ 23.510944004590193, 56.422495298554225 ], [ 23.510774083526723, 56.422505698977858 ], [ 23.510714374691212, 56.422488858192594 ], [ 23.510675208387461, 56.422427817422651 ], [ 23.510606649888743, 56.422322379754711 ], [ 23.510337713284571, 56.422265967574269 ], [ 23.510098240230871, 56.42224841698394 ], [ 23.509949717247132, 56.422148198334511 ], [ 23.509981101200964, 56.422037619850734 ], [ 23.509982026298943, 56.421965666927385 ], [ 23.509903127851707, 56.421887863630609 ], [ 23.509763525705591, 56.421870706804896 ], [ 23.509593963201461, 56.42185343141707 ], [ 23.509505007741236, 56.421781123237665 ], [ 23.509426823060522, 56.421647971236716 ], [ 23.509337868395395, 56.421575662936483 ], [ 23.509238357187602, 56.421547593795161 ], [ 23.508998746558312, 56.421541110769653 ], [ 23.508859574032375, 56.421490743889791 ], [ 23.508749933998295, 56.421473704508003 ], [ 23.508649709958803, 56.421500983292248 ], [ 23.508529797777157, 56.421506043528531 ], [ 23.508480363746035, 56.421467101866668 ], [ 23.508371723462297, 56.421372574397807 ], [ 23.508422941911945, 56.421273145114185 ], [ 23.508473660446032, 56.421212459685506 ], [ 23.508504619653518, 56.421135090603457 ], [ 23.508495061264615, 56.421101842007175 ], [ 23.508445270881165, 56.421090574528975 ], [ 23.508375078927081, 56.421112436936248 ], [ 23.508335275194703, 56.421101208980929 ], [ 23.508305815123308, 56.421062346387728 ], [ 23.508286198910639, 56.421034593041732 ], [ 23.508226207827576, 56.421039890419991 ], [ 23.508165716770431, 56.421083931646386 ], [ 23.50810529700486, 56.421122438003245 ], [ 23.507995372580719, 56.42112753731405 ], [ 23.507885948371097, 56.421093892652173 ], [ 23.507547833328125, 56.420981848776719 ], [ 23.507448825679003, 56.420915034328388 ], [ 23.507429496282196, 56.420865141490864 ], [ 23.507401467973352, 56.420715581898605 ], [ 23.507224787496153, 56.420476870061492 ], [ 23.506976199810783, 56.420392855731244 ], [ 23.506646718895166, 56.420386011026956 ], [ 23.506315087418134, 56.420545210605916 ], [ 23.506044161328383, 56.420643764613153 ], [ 23.505864475982307, 56.420637514059315 ], [ 23.505815189327016, 56.420587501660805 ], [ 23.505785732222634, 56.420548638471303 ], [ 23.505686226324201, 56.42052056648599 ], [ 23.505536357428287, 56.420525504480914 ], [ 23.505346901746055, 56.420502608869079 ], [ 23.505196889174858, 56.420518616129456 ], [ 23.505007361854094, 56.420501254837184 ], [ 23.504887524252201, 56.420500776721752 ], [ 23.5047772416419, 56.420533547371207 ], [ 23.504696918293011, 56.420566437515184 ], [ 23.504526572478447, 56.420610038421515 ], [ 23.504166554669478, 56.420647346189853 ], [ 23.504115902054686, 56.420702495016187 ], [ 23.504065537361377, 56.420735504475253 ], [ 23.503835847248716, 56.420734586239853 ], [ 23.503636765440525, 56.420683973903458 ], [ 23.503488698166425, 56.420550538518917 ], [ 23.503549265855909, 56.420500964740619 ], [ 23.50367966647859, 56.420457205402876 ], [ 23.503690229498201, 56.420412966655995 ], [ 23.503591085931305, 56.420357218810977 ], [ 23.503093568535469, 56.420216849302442 ], [ 23.502905270819543, 56.420105392588574 ], [ 23.50281611554713, 56.420049684131712 ], [ 23.502746283336993, 56.420043869176098 ], [ 23.502636144666596, 56.420065568252213 ], [ 23.502486349430772, 56.420064967730291 ], [ 23.502427009363092, 56.420020448785102 ], [ 23.502387714343271, 56.41997047507477 ], [ 23.50236882561498, 56.419887372439078 ], [ 23.502299355127622, 56.419853883053371 ], [ 23.502229451075308, 56.419853602643251 ], [ 23.502009318753952, 56.419885930111114 ], [ 23.501769575183602, 56.419890502815811 ], [ 23.50155074510289, 56.419823202434046 ], [ 23.501511451435384, 56.419773228447013 ], [ 23.501401240449916, 56.419800461263222 ], [ 23.50121121145818, 56.419821838025207 ], [ 23.500981599413013, 56.419815379681246 ], [ 23.500752132439402, 56.41979785124348 ], [ 23.50048351847429, 56.419719278402447 ], [ 23.500184366295166, 56.419684862980382 ], [ 23.50006409577621, 56.419717589215864 ], [ 23.499973638621992, 56.419761505734314 ], [ 23.499942953695051, 56.419816733340589 ], [ 23.499892659193119, 56.419844206272444 ], [ 23.499812986793575, 56.419827279749924 ], [ 23.499813640481179, 56.419777466246259 ], [ 23.499814148903432, 56.419738722409804 ], [ 23.499754594549376, 56.419710806692159 ], [ 23.499634250924057, 56.419749067343744 ], [ 23.499573897354388, 56.419782034709421 ], [ 23.499474107333693, 56.419776097084899 ], [ 23.499394653341636, 56.419742565793726 ], [ 23.499304413476896, 56.419769877322494 ], [ 23.499274091125976, 56.419797430595068 ], [ 23.499203896327611, 56.419819287813709 ], [ 23.499074438392558, 56.419791089616794 ], [ 23.498955039670538, 56.419757396777257 ], [ 23.498864726687827, 56.419790242818571 ], [ 23.498794022209278, 56.419850843635231 ], [ 23.498703927246407, 56.419867085059998 ], [ 23.498553914435231, 56.419883084290312 ], [ 23.498463600810123, 56.419915930037845 ], [ 23.498443264046678, 56.419943523469577 ], [ 23.498362717973322, 56.419993014005918 ], [ 23.498302654327656, 56.420003841420076 ], [ 23.498242882090292, 56.419992529476154 ], [ 23.498115611127893, 56.419987863412366 ], [ 23.49806524220028, 56.420020870432083 ], [ 23.498024495062509, 56.420081591991249 ], [ 23.497934180512075, 56.420114437350733 ], [ 23.497793933989698, 56.420147080561563 ], [ 23.49769407035863, 56.42014667633633 ], [ 23.497664330104644, 56.420129950558206 ], [ 23.497665132497037, 56.420069067410012 ], [ 23.497645816338526, 56.420019173065548 ], [ 23.497566071621087, 56.420007779933599 ], [ 23.497446162729997, 56.420012829465925 ], [ 23.49734681039067, 56.419973681141059 ], [ 23.49726743086914, 56.419934613659912 ], [ 23.497177700139339, 56.419923179817559 ], [ 23.497117490223012, 56.419945076320467 ], [ 23.497057791465195, 56.419928228975039 ], [ 23.496968572131486, 56.419878051162485 ], [ 23.496878622450826, 56.419883221597864 ], [ 23.496838458087751, 56.41989966411667 ], [ 23.496777736503127, 56.419960304272102 ], [ 23.496657316026592, 56.420004096859074 ], [ 23.496617443827223, 56.41999839998212 ], [ 23.49656780463016, 56.419976058083165 ], [ 23.496558403154019, 56.419931738918883 ], [ 23.4964492118884, 56.419881479696848 ], [ 23.496369467820966, 56.419870085796774 ], [ 23.496289431226241, 56.419880831168292 ], [ 23.496209833519291, 56.419858367504354 ], [ 23.49603008039043, 56.419857637548681 ], [ 23.495810016066137, 56.419884419178473 ], [ 23.495680267512689, 56.419878356765757 ], [ 23.495580697605067, 56.419855811520314 ], [ 23.495331773353051, 56.419799448057724 ], [ 23.495212304634432, 56.419771286452615 ], [ 23.494912790164843, 56.419764532478339 ], [ 23.494772762455739, 56.419780567785239 ], [ 23.494622601591821, 56.419807631919369 ], [ 23.494362664901402, 56.419828713451167 ], [ 23.49426236152863, 56.419861515439877 ], [ 23.494062268537711, 56.419888375371265 ], [ 23.493832804382546, 56.419870834142621 ], [ 23.493373656011773, 56.419852354897955 ], [ 23.493274013965635, 56.419835342632233 ], [ 23.49308190276108, 56.419806035130875 ] ] ] } },
{ "type": "Feature", "properties": { "fid": 70, "nosaukums": "Zirņu grāvis", "posmaID": null, "gadsAvotos": null, "kolhozs": null, "regulets1940": false, "garums": 552, "udenskratuve": false, "piezimes": null }, "geometry": { "type": "MultiLineString", "coordinates": [ [ [ 23.506646718895166, 56.420386011026956 ], [ 23.506520986220465, 56.420262354542949 ], [ 23.506571921379017, 56.420185065367576 ], [ 23.506523135985269, 56.420096309372234 ], [ 23.506524282517148, 56.420007751945988 ], [ 23.506515084430038, 56.419946828998583 ], [ 23.506615664117017, 56.4198918777304 ], [ 23.506796993294191, 56.419770825881301 ], [ 23.50678836777703, 56.419665624233609 ], [ 23.506700425571267, 56.419515826279401 ], [ 23.506561836685481, 56.419421178105871 ], [ 23.506342570688972, 56.419387095198175 ], [ 23.506243999465614, 56.419287070744453 ], [ 23.50620563231357, 56.419165145314253 ], [ 23.506126962492445, 56.419070735085832 ], [ 23.505957988014824, 56.419009176028979 ], [ 23.505649281012776, 56.418941524980958 ], [ 23.505430162226013, 56.418896370785795 ], [ 23.505211977950797, 56.418779263295228 ], [ 23.505033738957113, 56.41866231476827 ], [ 23.504875329178248, 56.418556515360542 ], [ 23.50478639034711, 56.418484203789298 ], [ 23.50474752527235, 56.418401021776312 ], [ 23.504718790091985, 56.418306809932737 ], [ 23.5045603826613, 56.418201010120981 ], [ 23.504441271854621, 56.418145183195563 ], [ 23.504282074104122, 56.418100266258826 ], [ 23.504052327851067, 56.418104883290731 ], [ 23.504012816605488, 56.418071514595859 ], [ 23.50400376702008, 56.417999521773382 ], [ 23.503974313749797, 56.417960658144374 ], [ 23.503894571420563, 56.417949269080111 ], [ 23.503724380525799, 56.41798179924514 ], [ 23.503594204673053, 56.418008954146885 ], [ 23.503413955333077, 56.418046978772189 ], [ 23.503283706914893, 56.418079668185392 ], [ 23.503172708555017, 56.418167785812749 ], [ 23.502922629184877, 56.418199994970536 ], [ 23.502603587204625, 56.418159970540799 ], [ 23.502415156552921, 56.418059582741854 ], [ 23.502226582340828, 56.417970264331728 ], [ 23.50142127992185, 56.41769580976684 ] ] ] } },
{ "type": "Feature", "properties": { "fid": 78, "nosaukums": "Eglone", "posmaID": 55, "gadsAvotos": 1961, "kolhozs": "Nākotne", "regulets1940": false, "garums": 9969, "udenskratuve": false, "piezimes": null }, "geometry": { "type": "MultiLineString", "coordinates": [ [ [ 23.489017417816044, 56.563693436038669 ], [ 23.489173200242707, 56.563879675158788 ], [ 23.489187981598874, 56.563930994569183 ], [ 23.489233246733725, 56.56401661165323 ], [ 23.48944951083519, 56.564043129122773 ], [ 23.489634600989962, 56.564086604500396 ], [ 23.489866682789113, 56.564087556819608 ], [ 23.489959515512748, 56.56408793762602 ], [ 23.490036531349613, 56.564113882840182 ], [ 23.490143687285745, 56.564199753388536 ], [ 23.490188380452103, 56.564328083339042 ], [ 23.490358000612634, 56.564371494207251 ], [ 23.490466880410814, 56.564329224833024 ], [ 23.490498284130286, 56.564295181054668 ], [ 23.490560976594576, 56.564235636116635 ], [ 23.490669511435005, 56.564218994493153 ], [ 23.4907927150809, 56.564262214639371 ], [ 23.490775636290444, 56.564381748288767 ], [ 23.490774373955912, 56.564475717365447 ], [ 23.490835574614874, 56.564527226653347 ], [ 23.4909437660117, 56.564536212722537 ], [ 23.491052645633907, 56.564493942836208 ], [ 23.491114649472365, 56.564485653482059 ], [ 23.491238083800777, 56.564511787900202 ], [ 23.491252409592484, 56.564597277640367 ], [ 23.491328051744119, 56.564725733779817 ], [ 23.491419854528271, 56.564802997291565 ], [ 23.491512001466766, 56.564854632804114 ], [ 23.491604721520055, 56.56486355502939 ], [ 23.491667069519924, 56.564829637469508 ], [ 23.491822366416176, 56.564787556652639 ], [ 23.491930673293453, 56.56478799922025 ], [ 23.492069009255857, 56.564856909253187 ], [ 23.492098122751955, 56.564993717959851 ], [ 23.492020073397057, 56.565044657818198 ], [ 23.491911193263256, 56.565086928546947 ], [ 23.491910735244751, 56.565121099122557 ], [ 23.491925520783237, 56.565172418204725 ], [ 23.492296633600997, 56.565191020173906 ], [ 23.49252872225761, 56.565191967536776 ], [ 23.492652045528157, 56.565226643198827 ], [ 23.492728493921344, 56.565295299971751 ], [ 23.492926552517741, 56.565526771757298 ], [ 23.493080022999067, 56.565621371692117 ], [ 23.493156130281172, 56.565715656134522 ], [ 23.493139629414447, 56.565792476869838 ], [ 23.49307625293239, 56.565903278961862 ], [ 23.492997860218242, 56.565979847358093 ], [ 23.492873276976706, 56.566039141121735 ], [ 23.492748464705173, 56.566115520046566 ], [ 23.492624223673339, 56.56614918562741 ], [ 23.492453449088675, 56.566191204275881 ], [ 23.492406114950757, 56.566259355951793 ], [ 23.492451618887255, 56.56632788656426 ], [ 23.492806584383132, 56.566397679732205 ], [ 23.493054153517583, 56.566398689235832 ], [ 23.493162465018955, 56.566399130738695 ], [ 23.493270548115699, 56.566416657435006 ], [ 23.493300238104194, 56.566510752616963 ], [ 23.493221387715131, 56.566621491719722 ], [ 23.493096459974197, 56.566706413627855 ], [ 23.492784938379575, 56.566858919341534 ], [ 23.492690155104533, 56.56700376555343 ], [ 23.492703913408409, 56.567131968310335 ], [ 23.492917683426121, 56.567346417896289 ], [ 23.493240113328635, 56.56753568062615 ], [ 23.493594520907337, 56.567648184765638 ], [ 23.493904448840642, 56.567615274053104 ], [ 23.49405929857582, 56.567607361050037 ], [ 23.494167157519758, 56.567641972257071 ], [ 23.494165561413631, 56.567761569263119 ], [ 23.494040175863326, 56.567880662672856 ], [ 23.493961552870111, 56.567974316933849 ], [ 23.493991816015015, 56.56802569871946 ], [ 23.494037667038718, 56.568068600813227 ], [ 23.49466264572494, 56.56819928865891 ], [ 23.494879051377037, 56.568217254073417 ], [ 23.495056715767014, 56.568239333362747 ], [ 23.495187333065047, 56.568308208505044 ], [ 23.495186593493145, 56.568363735689452 ], [ 23.495146884691174, 56.56844046243932 ], [ 23.495146031266092, 56.568504532265678 ], [ 23.495230455287906, 56.568556133606698 ], [ 23.495423652303678, 56.56857400386037 ], [ 23.495678859065745, 56.5685835821998 ], [ 23.495771361935539, 56.568609586618948 ], [ 23.495786040390605, 56.568669447868906 ], [ 23.495738709116782, 56.568737600791195 ], [ 23.49567607411992, 56.568792876975657 ], [ 23.495643818697339, 56.568890991865771 ], [ 23.495851241756423, 56.569002893294275 ], [ 23.495974580465422, 56.569037565667259 ], [ 23.49639124757152, 56.569124684769669 ], [ 23.496575632968817, 56.569223677025413 ], [ 23.496597709656445, 56.569309197430087 ], [ 23.496588327226096, 56.569433034450356 ], [ 23.496331298070359, 56.569560140266695 ], [ 23.496198516794809, 56.569653576552675 ], [ 23.496158922240205, 56.569721760967816 ], [ 23.496196075283933, 56.569837243380015 ], [ 23.496249214047197, 56.569914346570741 ], [ 23.496248475986022, 56.569969873749763 ], [ 23.496146471857909, 56.570076249298822 ], [ 23.496075813960356, 56.570152850927563 ], [ 23.496067338321506, 56.570208346750029 ], [ 23.496182546347441, 56.570272886811871 ], [ 23.49629752768853, 56.570354512051885 ], [ 23.496351064721836, 56.570401715946034 ], [ 23.496357780350479, 56.570478631062834 ], [ 23.496302767208025, 56.570542481521159 ], [ 23.496255434503521, 56.570610634617033 ], [ 23.496262604164443, 56.570653379168384 ], [ 23.496361941689681, 56.570747755625561 ], [ 23.496469187408692, 56.570829349368523 ], [ 23.496654488963198, 56.570860000359367 ], [ 23.496808614138786, 56.570907611133812 ], [ 23.496869946763709, 56.570950574788824 ], [ 23.496930712533949, 56.571036251625223 ], [ 23.496968946407975, 56.57107057868739 ], [ 23.497278162880647, 56.57109318680498 ], [ 23.497409190555604, 56.571132160357003 ], [ 23.497477468807102, 56.571234953481643 ], [ 23.497484130222393, 56.571316139852897 ], [ 23.497452387065586, 56.57137581328525 ], [ 23.497413076177025, 56.571422641475522 ], [ 23.497288878496306, 56.571452040343409 ], [ 23.497102779998642, 56.571481188788454 ], [ 23.496939440371662, 56.571544601421195 ], [ 23.496875441493632, 56.571702389876933 ], [ 23.496812292797131, 56.571796108486865 ], [ 23.496803817855007, 56.571851604346065 ], [ 23.496842279277114, 56.571868846161912 ], [ 23.497020358771778, 56.571861023421249 ], [ 23.497066898076763, 56.571852668538121 ], [ 23.497391426357733, 56.571888152927031 ], [ 23.497445193485365, 56.571918271061293 ], [ 23.497467670157626, 56.571973892034741 ], [ 23.497435813128654, 56.572042108097129 ], [ 23.497381026118791, 56.572088873732575 ], [ 23.497295514768648, 56.572118428954681 ], [ 23.497225365376742, 56.572156589323377 ], [ 23.497178088970664, 56.572220471431542 ], [ 23.497216040908221, 56.572276155016027 ], [ 23.497331313819643, 56.572336422686227 ], [ 23.497539270382024, 56.572409879394613 ], [ 23.497685438719902, 56.572474543103297 ], [ 23.497739320134137, 56.572496118468131 ], [ 23.497838949149706, 56.572569137129271 ], [ 23.497837703937829, 56.572663106183704 ], [ 23.497666679216369, 56.572722217187994 ], [ 23.497572579355776, 56.572815811146718 ], [ 23.497594037424225, 56.572948315855612 ], [ 23.497623120293749, 56.573089394456289 ], [ 23.497676323106024, 56.573162225689757 ], [ 23.497822664384074, 56.57321407527435 ], [ 23.497945792232812, 56.573265830976979 ], [ 23.498006847036354, 56.5733301506652 ], [ 23.498036214628449, 56.573449872562868 ], [ 23.498057787820521, 56.573573834541456 ], [ 23.498055864164364, 56.573719059424377 ], [ 23.498131773709691, 56.573830426028678 ], [ 23.49816961551721, 56.573894651952955 ], [ 23.498168936724792, 56.573945907792613 ], [ 23.498106240039771, 56.574005456465592 ], [ 23.497920186206816, 56.574030334781014 ], [ 23.497694988651052, 56.574089227113745 ], [ 23.497670811733006, 56.574161745783243 ], [ 23.497669679275138, 56.574247172172186 ], [ 23.497823423244689, 56.574324680925329 ], [ 23.497907580860961, 56.574397637026905 ], [ 23.497953330811249, 56.574449080293107 ], [ 23.497929437125507, 56.574500242412036 ], [ 23.497779920520244, 56.574687586833882 ], [ 23.497802003038853, 56.574773106959803 ], [ 23.49789401306889, 56.574837551675408 ], [ 23.497970603447044, 56.574897662531747 ], [ 23.497930836758165, 56.574978661406639 ], [ 23.497891579296258, 56.575021218396344 ], [ 23.497681795802194, 56.575084444486144 ], [ 23.497587916615888, 56.575160953135466 ], [ 23.497579498663583, 56.575212177699392 ], [ 23.497640442704213, 56.575285040189065 ], [ 23.497670433497284, 56.575357777631162 ], [ 23.497553111895364, 56.575451277755754 ], [ 23.497537125351599, 56.575489657095943 ], [ 23.49760569489969, 56.575571093500294 ], [ 23.497775600322875, 56.57559740900151 ], [ 23.497868234941986, 56.575614869227103 ], [ 23.497937145003807, 56.575670677537303 ], [ 23.497905115873643, 56.575751707630907 ], [ 23.497850041021362, 56.575819830028962 ], [ 23.497794909358017, 56.57589222371989 ], [ 23.497817388867531, 56.575947844599533 ], [ 23.497855741688184, 56.575973628735348 ], [ 23.497955832790606, 56.57601247673179 ], [ 23.4982040871698, 56.575966491589163 ], [ 23.498297005669826, 56.575962594903324 ], [ 23.498389471786375, 56.575992868697575 ], [ 23.498427711959934, 56.576027195294941 ], [ 23.498465499904707, 56.576095692429831 ], [ 23.498402234662379, 56.57619795441186 ], [ 23.498323774718646, 56.576278797338254 ], [ 23.498276664655901, 56.576329865860565 ], [ 23.498275307233111, 56.576432377500694 ], [ 23.498367717927394, 56.576466922629109 ], [ 23.49858377689468, 56.576514780887457 ], [ 23.4987769595757, 56.576536917301304 ], [ 23.498977768140165, 56.576567627227341 ], [ 23.499045382683097, 56.57672167524882 ], [ 23.499013750358998, 56.576772806386927 ], [ 23.498811584685466, 56.576844608159718 ], [ 23.498725216045464, 56.576938234099899 ], [ 23.498770292096747, 56.577040932870261 ], [ 23.498854457542837, 56.577113888312972 ], [ 23.499016067244415, 56.57718288412628 ], [ 23.499239587606887, 56.577252129011796 ], [ 23.499301046114844, 56.577286548810044 ], [ 23.499323415765826, 56.577350712047 ], [ 23.499276249258422, 56.577406052257444 ], [ 23.499175193301987, 56.577439817733236 ], [ 23.499081480674008, 56.577503513521563 ], [ 23.499118537189499, 56.57762753758076 ], [ 23.499179883273861, 56.577670500073708 ], [ 23.499303479001675, 56.577688083879387 ], [ 23.499520674551977, 56.577650514152161 ], [ 23.499606535156946, 56.577595329535157 ], [ 23.499785317725213, 56.577536247067691 ], [ 23.499909138810612, 56.577536744997417 ], [ 23.500170399138067, 56.577678756206772 ], [ 23.500307445067115, 56.577850168686943 ], [ 23.500353146094362, 56.577905882373322 ], [ 23.500382975168975, 56.577991433099079 ], [ 23.50033575307322, 56.578051045025461 ], [ 23.500195888988141, 56.578093198504568 ], [ 23.500140758468021, 56.578165593210862 ], [ 23.500146863199841, 56.578289492543355 ], [ 23.500455352055415, 56.578371891297188 ], [ 23.500826711002237, 56.578381925366863 ], [ 23.50101284059205, 56.578352771436073 ], [ 23.501244897719541, 56.578362245308334 ], [ 23.501321950280875, 56.578388183537278 ], [ 23.501375167594222, 56.578461013151575 ], [ 23.501319813902203, 56.578550493654603 ], [ 23.501326484747775, 56.578631679740859 ], [ 23.501372075781415, 56.578695935687549 ], [ 23.501712369573077, 56.578714385647473 ], [ 23.501914483619718, 56.578646850508157 ], [ 23.502108352725838, 56.578617725932098 ], [ 23.502463563355995, 56.578678948989385 ], [ 23.502856517660074, 56.578812938142526 ], [ 23.503186497656067, 56.579027833840215 ], [ 23.503652093146741, 56.57952519175965 ], [ 23.504078333226442, 56.580073649467529 ], [ 23.504246307073448, 56.580249452335835 ], [ 23.504406654816304, 56.580416681498257 ], [ 23.504707263333977, 56.580511852844339 ], [ 23.504962552947202, 56.580521412257177 ], [ 23.50519451280854, 56.580539421421534 ], [ 23.50550319826716, 56.580608993716176 ], [ 23.505749077514977, 56.580746660348851 ], [ 23.505855424534246, 56.580900858391331 ], [ 23.506096684881502, 56.581393043892177 ], [ 23.506210830437279, 56.58154300103336 ], [ 23.506517689780964, 56.581753524372218 ], [ 23.506624042735837, 56.581907721742752 ], [ 23.506621372483732, 56.582112745095692 ], [ 23.50653412077866, 56.582274717506188 ], [ 23.506470087803706, 56.582436781982793 ], [ 23.506530949228324, 56.582518182719255 ], [ 23.506654230445861, 56.582561387156353 ], [ 23.506909645580393, 56.582562399955329 ], [ 23.507172633876635, 56.582576256856079 ], [ 23.507303489218852, 56.58263230527664 ], [ 23.507449158244786, 56.582739670698139 ], [ 23.507609530628525, 56.582906895706863 ], [ 23.507723853233539, 56.583044037481763 ], [ 23.508302021076979, 56.583225729006273 ], [ 23.508487115769146, 56.583277719026377 ], [ 23.50864114011323, 56.583338129114018 ], [ 23.508647938246362, 56.583410772132758 ], [ 23.508608739422179, 56.583449061132733 ], [ 23.508414573353104, 56.583499552384247 ], [ 23.508352154039681, 56.583537749531189 ], [ 23.508381950117073, 56.583627569619146 ], [ 23.508458685719543, 56.583679131350685 ], [ 23.508543549545173, 56.583700824377395 ], [ 23.508636707627659, 56.583679834722716 ], [ 23.508776749207907, 56.583624857848797 ], [ 23.508901753272539, 56.583535649136323 ], [ 23.508964116660461, 56.583501723032917 ], [ 23.509049257179729, 56.583502059113393 ], [ 23.509095476045424, 56.583519327687057 ], [ 23.509117589155196, 56.583604845734214 ], [ 23.509123004450316, 56.583784271732092 ], [ 23.509152581151525, 56.583891176916026 ], [ 23.509175303414718, 56.583929710426901 ], [ 23.509252428074749, 56.583951372428103 ], [ 23.509461522470783, 56.583943654128042 ], [ 23.509593104818954, 56.583944172976999 ], [ 23.509747078356376, 56.584008853016762 ], [ 23.509792745388072, 56.584068834536062 ], [ 23.509830782933648, 56.584120242895914 ], [ 23.509884300952287, 56.584171712241606 ], [ 23.510131324012516, 56.584223943790626 ], [ 23.510417490448514, 56.584242156616391 ], [ 23.510618735656205, 56.584242948549836 ], [ 23.510897327730817, 56.584248315856591 ], [ 23.511012769081628, 56.584300028186291 ], [ 23.511027642984569, 56.584347073573547 ], [ 23.510955499384824, 56.584539009150667 ], [ 23.510984530397959, 56.584688627103766 ], [ 23.511137627308948, 56.58482164655571 ], [ 23.511206794110144, 56.584860362209305 ], [ 23.51131466272955, 56.584899229878644 ], [ 23.511561912834981, 56.584934373308499 ], [ 23.511631300563209, 56.584956003442514 ], [ 23.511638104704719, 56.58502864628916 ], [ 23.511559709644605, 56.585105226145608 ], [ 23.511458258361934, 56.585168900788638 ], [ 23.511356310808541, 56.585271017233417 ], [ 23.511347633623238, 56.585343599276086 ], [ 23.511424101256573, 56.585416515779492 ], [ 23.511547232250482, 56.585472529334083 ], [ 23.511839607890714, 56.585610366274054 ], [ 23.511962299843198, 56.585700549983521 ], [ 23.512416460064664, 56.585898821715425 ], [ 23.512609423959276, 56.585942293310197 ], [ 23.512725642112319, 56.585934205555404 ], [ 23.51278828076304, 56.585878920943344 ], [ 23.512797065200598, 56.585797796159575 ], [ 23.512875678936449, 56.585704130244892 ], [ 23.513030598803979, 56.5856961937614 ], [ 23.513123155377915, 56.585722185293037 ], [ 23.513152964464698, 56.585812004228593 ], [ 23.513143576851569, 56.585940113573031 ], [ 23.513180577731791, 56.586072676007483 ], [ 23.513210936186503, 56.58611978171291 ], [ 23.513280162364762, 56.586154224891928 ], [ 23.513435138862601, 56.586142016586898 ], [ 23.513512764229372, 56.5861252340584 ], [ 23.513629531243296, 56.586074432245532 ], [ 23.513684702454952, 56.5859977603074 ], [ 23.513802400936406, 56.585874345861534 ], [ 23.513864873454203, 56.585831874669367 ], [ 23.514051358560302, 56.585777073375596 ], [ 23.514259640448831, 56.585833416857739 ], [ 23.514436029917622, 56.585962251608905 ], [ 23.514528040639107, 56.586030955317653 ], [ 23.514744065217315, 56.58608732819981 ], [ 23.514883122161454, 56.586109228272903 ], [ 23.515092063325881, 56.586114314495823 ], [ 23.515362983916756, 56.586115370325913 ], [ 23.515517959598636, 56.586103159424439 ], [ 23.515618150225283, 56.586137721896094 ], [ 23.51571774028757, 56.586219268837382 ], [ 23.515755788028226, 56.586270675384739 ], [ 23.515754258961767, 56.586390272419706 ], [ 23.515729289423515, 56.586526864338204 ], [ 23.515735555568433, 56.586642220180686 ], [ 23.515772730022288, 56.586761967878466 ], [ 23.515902957440559, 56.586869263128527 ], [ 23.515987668942085, 56.586903765051723 ], [ 23.516195959915649, 56.586960105296811 ], [ 23.516512513295606, 56.587025409102999 ], [ 23.516689679055375, 56.587094442139055 ], [ 23.517014193095889, 56.587142689455177 ], [ 23.517184109558222, 56.587173249826044 ], [ 23.517268278503121, 56.587250464108287 ], [ 23.517266318625861, 56.587404231734133 ], [ 23.517288615728571, 56.587476934341282 ], [ 23.517364772520875, 56.587575475130905 ], [ 23.517449105987698, 56.587639875319546 ], [ 23.517533548564597, 56.587695732805081 ], [ 23.517780278909854, 56.587773577127834 ], [ 23.51783288845369, 56.587897655539443 ], [ 23.517761425098012, 56.588038339127095 ], [ 23.517758868903016, 56.588239091293467 ], [ 23.517765902901232, 56.588294648496856 ], [ 23.517849966758988, 56.588380405022839 ], [ 23.517926181186571, 56.588474674137416 ], [ 23.518017932537578, 56.588564731870441 ], [ 23.518001308775659, 56.588654369654762 ], [ 23.51794483757099, 56.588833555219367 ], [ 23.518020455187184, 56.588974808816062 ], [ 23.518235795405243, 56.589086702833924 ], [ 23.518435871703922, 56.589181451254596 ], [ 23.518628153474296, 56.589280440720358 ], [ 23.518695870403626, 56.589434477912818 ], [ 23.518756497911006, 56.589537229249601 ], [ 23.518932811377191, 56.589674600246539 ], [ 23.519001832255434, 56.589726125530632 ], [ 23.519395772845659, 56.589795992645435 ], [ 23.519643225016381, 56.589818306082663 ], [ 23.520051676107535, 56.589965114717018 ], [ 23.520298967462633, 56.590000240820416 ], [ 23.520569970133156, 56.589997014033067 ], [ 23.520670608176555, 56.589997401853154 ], [ 23.520871397910259, 56.590036619159093 ], [ 23.521010040727219, 56.590092682985762 ], [ 23.52120260387704, 56.590170311859886 ], [ 23.521403341101685, 56.590213799632046 ], [ 23.521550266441704, 56.59022717940546 ], [ 23.521797614849245, 56.590258031209743 ], [ 23.521989749142104, 56.590369829457188 ], [ 23.522112911884189, 56.590425832561046 ], [ 23.522182315714673, 56.59044745681701 ], [ 23.52238364811576, 56.59044395844699 ], [ 23.522593260429691, 56.590397776219724 ], [ 23.522880071606398, 56.590368975877475 ], [ 23.523011407541727, 56.590390837190796 ], [ 23.523119465414894, 56.590416880661486 ], [ 23.523235103595987, 56.590455767681924 ], [ 23.523427296897708, 56.590563292389788 ], [ 23.523542076001192, 56.590670520317573 ], [ 23.523587772883669, 56.59073049675699 ], [ 23.523748894891835, 56.590846445020588 ], [ 23.52381803188355, 56.590889424988056 ], [ 23.523949477558617, 56.590902742663914 ], [ 23.524104416452406, 56.59089479242698 ], [ 23.52426688222047, 56.590903956902217 ], [ 23.524413596697308, 56.590934418597818 ], [ 23.524451500043579, 56.590998636448255 ], [ 23.524535316889061, 56.59110574507816 ], [ 23.524627358418382, 56.59117444131045 ], [ 23.524797352752575, 56.591200719977387 ], [ 23.524882135647864, 56.591230944523829 ], [ 23.524889073451124, 56.59129504396568 ], [ 23.52486504459268, 56.591359025135887 ], [ 23.524739623265774, 56.591482420394627 ], [ 23.524737747018932, 56.59163191675826 ], [ 23.524729630034528, 56.591661786453635 ], [ 23.524690599694214, 56.591687266509254 ], [ 23.52459759159246, 56.591695454168509 ], [ 23.524535443155095, 56.591712302767846 ], [ 23.524519530612398, 56.59174641418376 ], [ 23.524526682417328, 56.591793428342143 ], [ 23.524611412798055, 56.591827924396426 ], [ 23.52468850878612, 56.591853848164632 ], [ 23.525051461359407, 56.591927850400722 ], [ 23.525167052580297, 56.591971006951383 ], [ 23.525205118899748, 56.592022410591433 ], [ 23.52520458334514, 56.592065123837706 ], [ 23.52518092943194, 56.59209920578904 ], [ 23.525102868399628, 56.592150166166938 ], [ 23.525086688336117, 56.5922056342758 ], [ 23.525132710891569, 56.592239982193483 ], [ 23.525256098566967, 56.592278896888558 ], [ 23.525487765597582, 56.592326767580417 ], [ 23.525572765621128, 56.59233990635736 ], [ 23.525617986137714, 56.592438323964956 ], [ 23.52570234445486, 56.592502718548793 ], [ 23.525963965138818, 56.592631861586909 ], [ 23.526202147952429, 56.592778000918628 ], [ 23.526379999401136, 56.592795764265958 ], [ 23.526496289134908, 56.592783392359415 ], [ 23.526543061356101, 56.592757941206543 ], [ 23.52656714168479, 56.592689688398409 ], [ 23.526513802615359, 56.592621140944416 ], [ 23.52651487079218, 56.592535714443095 ], [ 23.526631586847436, 56.592489171807053 ], [ 23.526724543083173, 56.592485253955907 ], [ 23.526809437145111, 56.592506934539365 ], [ 23.526878740744255, 56.59253709882919 ], [ 23.526909334851762, 56.592567115877443 ], [ 23.527024236578569, 56.592665797933492 ], [ 23.527061879336554, 56.592751371607179 ], [ 23.527029417672164, 56.59287085098007 ], [ 23.527050136214374, 56.593071691562081 ], [ 23.527180630590589, 56.593161889684275 ], [ 23.527257464425922, 56.593209168487569 ], [ 23.527295161567068, 56.593290470759904 ], [ 23.527278557623436, 56.593380109748139 ], [ 23.527261207030207, 56.593529547281186 ], [ 23.527260460457494, 56.593589345829059 ], [ 23.527290255862091, 56.593683432652277 ], [ 23.527219563221717, 56.593764323035948 ], [ 23.52708709286366, 56.59383216397022 ], [ 23.526955048925373, 56.593865834166408 ], [ 23.526899999736486, 56.593933969269074 ], [ 23.526914897105613, 56.593981012721756 ], [ 23.526983776610283, 56.594045347545105 ], [ 23.527153305417084, 56.594110064923555 ], [ 23.527214389978656, 56.594178641515896 ], [ 23.527213696646943, 56.594234168732726 ], [ 23.527166229642791, 56.594315147345121 ], [ 23.526885319448468, 56.594489211967748 ], [ 23.526721449526164, 56.594591105310791 ], [ 23.526627313314481, 56.59468899227133 ], [ 23.526533016381443, 56.594799693128913 ], [ 23.526539156440514, 56.594927862299706 ], [ 23.52671579015103, 56.595043865617036 ], [ 23.527132440915778, 56.595160781207198 ], [ 23.527324829095381, 56.595255485898797 ], [ 23.527393871550036, 56.595307006515782 ], [ 23.527416139365652, 56.595383978578077 ], [ 23.527322482876549, 56.595443424139326 ], [ 23.527105479239566, 56.595459685566624 ], [ 23.526973963262598, 56.595450642530636 ], [ 23.52680394833698, 56.595424366821952 ], [ 23.526657588332384, 56.595364008672981 ], [ 23.526611614012246, 56.595325390004945 ], [ 23.526549674140476, 56.595325154299452 ], [ 23.526502685079951, 56.595367690731564 ], [ 23.526539902016907, 56.595487435112936 ], [ 23.526615992106034, 56.59559451282361 ], [ 23.526684286667109, 56.595705832352998 ], [ 23.526776236469267, 56.595783069615351 ], [ 23.526837589924483, 56.59583028976261 ], [ 23.527022985164919, 56.595865166945501 ], [ 23.527255636340588, 56.595836150540947 ], [ 23.527348654054599, 56.595827960915784 ], [ 23.527387313675952, 56.595832379310892 ], [ 23.527448454733872, 56.595896684451233 ], [ 23.527517711731502, 56.59593111970306 ], [ 23.527587075444508, 56.595957012269572 ], [ 23.527802483619581, 56.596068889712612 ], [ 23.527801684559044, 56.596132959563974 ], [ 23.527754695895062, 56.596175496464085 ], [ 23.527653508451163, 56.596217827580787 ], [ 23.527629427801173, 56.596286080559892 ], [ 23.527636690875074, 56.596324551866509 ], [ 23.527721434218282, 56.596359045798785 ], [ 23.527875595735711, 56.596415160755612 ], [ 23.528014485260794, 56.596454131480705 ], [ 23.529005484828954, 56.597085801343802 ], [ 23.529205630331592, 56.597180532433981 ], [ 23.529428899314912, 56.597283893711456 ], [ 23.529474401121124, 56.597360953247154 ], [ 23.529450163751253, 56.597442020540846 ], [ 23.529410865140044, 56.597488858666438 ], [ 23.529316834830713, 56.597578204969139 ], [ 23.529330993195455, 56.597685046638077 ], [ 23.529399724236228, 56.597762194072885 ], [ 23.529790796928864, 56.598071222446436 ], [ 23.529984108018326, 56.598093310520738 ], [ 23.530247053863636, 56.598119932761442 ], [ 23.530362616913717, 56.598167355805693 ], [ 23.530385369270999, 56.598205885401882 ], [ 23.530338221952508, 56.598261237234617 ], [ 23.530135417322771, 56.598380074136628 ], [ 23.529995139823093, 56.598452160178915 ], [ 23.529877772966316, 56.598549961778673 ], [ 23.529923171121826, 56.598635563784427 ], [ 23.530060745372836, 56.598781315301366 ], [ 23.530218847160491, 56.599144991846792 ], [ 23.530294848970776, 56.599260609918851 ], [ 23.530394293133043, 56.599359230335843 ], [ 23.530548788628249, 56.599389714043092 ], [ 23.530842664243814, 56.599420723224242 ], [ 23.531028080771112, 56.599455594453438 ], [ 23.531026546273409, 56.599579462821531 ], [ 23.530924824099749, 56.599664509796042 ], [ 23.530800718323572, 56.599681127917215 ], [ 23.530675712225008, 56.599770358399816 ], [ 23.530628351532261, 56.599842795616418 ], [ 23.530604062052273, 56.599928134426406 ], [ 23.530734906147728, 56.599992700838484 ], [ 23.530920484153921, 56.600014758261622 ], [ 23.531051382001586, 56.600075053018749 ], [ 23.531120332484317, 56.600135114195609 ], [ 23.531235003612991, 56.60025514891074 ], [ 23.531273139337923, 56.600302279329789 ], [ 23.531473783282575, 56.600358564855483 ], [ 23.531589883214377, 56.600363273529062 ], [ 23.531822558597586, 56.600334248644828 ], [ 23.532046750913633, 56.600364992723705 ], [ 23.532123605412824, 56.600412268500506 ], [ 23.532215261023875, 56.6005151296593 ], [ 23.532260930685862, 56.600579374182225 ], [ 23.532422279347209, 56.600682497170553 ], [ 23.532708475685169, 56.600709201532261 ], [ 23.533344450707304, 56.600630429618271 ], [ 23.533661674261626, 56.600652976636439 ], [ 23.534032472379554, 56.600726981754811 ], [ 23.534109277529204, 56.600778527631512 ], [ 23.534069297738284, 56.600880894418822 ], [ 23.533990389153541, 56.60100020147307 ], [ 23.533989390086152, 56.601081356625045 ], [ 23.534035221173287, 56.601132786525632 ], [ 23.534096697478031, 56.601171460433569 ], [ 23.534305934700082, 56.601159429214896 ], [ 23.534430464069995, 56.60110863701464 ], [ 23.534941546684259, 56.601110548418241 ], [ 23.535420920755232, 56.601172140611069 ], [ 23.535559154244087, 56.601266630143463 ], [ 23.535681900965557, 56.601361061725413 ], [ 23.535774406654369, 56.60139557907295 ], [ 23.535960151592807, 56.601404815015961 ], [ 23.536084470173808, 56.601371106459077 ], [ 23.536193929097987, 56.601286084145322 ], [ 23.53639714886728, 56.601133066816452 ], [ 23.536552859218702, 56.601065302598705 ], [ 23.53701883764159, 56.600955977932074 ], [ 23.537438038471013, 56.600872106742955 ], [ 23.537887794766789, 56.600822519796601 ], [ 23.538894049356077, 56.600860425307729 ], [ 23.540118788385794, 56.600762441820486 ], [ 23.541787491007874, 56.60045250617371 ], [ 23.541850783455573, 56.600341679753036 ], [ 23.542013707574021, 56.600316650476493 ], [ 23.542075345735881, 56.600342506470703 ], [ 23.542113391732563, 56.600398176246038 ], [ 23.542212921359262, 56.600492515922689 ], [ 23.542398766754065, 56.600493199591973 ], [ 23.542461128225423, 56.600459256785889 ], [ 23.542656110309281, 56.6003446426541 ], [ 23.542696014721912, 56.600246544390643 ], [ 23.542775307030098, 56.600093061117029 ], [ 23.543008126972573, 56.600051201307615 ], [ 23.5432713018443, 56.600060710729728 ], [ 23.54352621833219, 56.600112904487204 ], [ 23.543727034041289, 56.600156356290697 ], [ 23.544068262086824, 56.600114892016677 ], [ 23.544309646879871, 56.60000471685678 ], [ 23.544395647446876, 56.599936687510173 ], [ 23.544520570436532, 56.599851714526217 ], [ 23.544729643034362, 56.599852479751306 ], [ 23.544984560147853, 56.599904670523522 ], [ 23.545238964855294, 56.599999574086752 ], [ 23.545516755120129, 56.600081747997272 ], [ 23.545826238005102, 56.600104235719414 ], [ 23.546104798526201, 56.60012233834572 ], [ 23.546228028712438, 56.600178317591187 ], [ 23.546305156545557, 56.600204227977727 ], [ 23.546414282099828, 56.600144824606076 ], [ 23.546431304389962, 56.600016741108981 ], [ 23.546464018131683, 56.599871628733943 ], [ 23.546495964086802, 56.599790586328929 ], [ 23.546658933942375, 56.599761279626463 ], [ 23.546821289960647, 56.599783228698207 ], [ 23.546936674440751, 56.59984772170418 ], [ 23.546974778215734, 56.599899118675523 ], [ 23.546974011486828, 56.599963188660389 ], [ 23.546903400173886, 56.600039818861397 ], [ 23.54683961170517, 56.600193361202656 ], [ 23.546908076262522, 56.600296126988361 ], [ 23.547015156686946, 56.600407576370777 ], [ 23.547168188207301, 56.600561908090356 ], [ 23.5473528082989, 56.600665096328314 ], [ 23.547629944495473, 56.600802792842956 ], [ 23.547737436722318, 56.600880070943788 ], [ 23.547766982519295, 56.600999780831728 ], [ 23.547796018252505, 56.601162204030352 ], [ 23.548211633244616, 56.601382059866076 ], [ 23.548476288852882, 56.60141957730287 ], [ 23.549217588551805, 56.601502690058254 ], [ 23.550534543995145, 56.60222396583692 ], [ 23.550250299625429, 56.604950067729689 ], [ 23.55148084001717, 56.60626323852955 ], [ 23.551704471677599, 56.607528905125847 ], [ 23.553336886032113, 56.609625816250912 ], [ 23.55264813621466, 56.610690796118881 ], [ 23.552551471945883, 56.612138091475884 ], [ 23.553207828925061, 56.612696110621208 ], [ 23.558549541708498, 56.611706212122535 ], [ 23.560128799537548, 56.611580200732178 ], [ 23.560844868321386, 56.611571762881731 ] ] ] } },
{ "type": "Feature", "properties": { "fid": 84, "nosaukums": "Tērvete", "posmaID": 3, "gadsAvotos": 1965, "kolhozs": "Suvorova", "regulets1940": false, "garums": 12100, "udenskratuve": false, "piezimes": null }, "geometry": { "type": "MultiLineString", "coordinates": [ [ [ 23.312685614135262, 56.427249811906265 ], [ 23.312601790657684, 56.42714068377137 ], [ 23.312479855705345, 56.42710605081507 ], [ 23.312283044391116, 56.427145709183087 ], [ 23.31210939369544, 56.427260202016583 ], [ 23.311973977860657, 56.42729340873025 ], [ 23.311753881984693, 56.427265022262105 ], [ 23.311053885305544, 56.427342635819535 ], [ 23.310636484337547, 56.427381066701209 ], [ 23.310500575280802, 56.427441435032975 ], [ 23.310475082501878, 56.427495625306527 ], [ 23.310504597175491, 56.427896487214255 ], [ 23.310454471174616, 56.42795733209951 ], [ 23.310282286351836, 56.427990332657536 ], [ 23.309877378551452, 56.42801524746303 ], [ 23.309694537277597, 56.427959898571451 ], [ 23.309671134523096, 56.427898644972657 ], [ 23.309659986818165, 56.427837459544925 ], [ 23.309734623837329, 56.427776751320259 ], [ 23.309894430226404, 56.427750474174715 ], [ 23.310005339608118, 56.427717133461528 ], [ 23.310031448029683, 56.427628989255105 ], [ 23.309947262404435, 56.427540231770649 ], [ 23.309850207337252, 56.42748536010626 ], [ 23.309827911618271, 56.427362989272481 ], [ 23.309805493036119, 56.427247409239392 ], [ 23.309732456387916, 56.427219837028254 ], [ 23.30956076647314, 56.4272256733693 ], [ 23.309425225491463, 56.427265668103018 ], [ 23.309227056037557, 56.42738002047976 ], [ 23.309042002240425, 56.427446905133685 ], [ 23.308784034514929, 56.427479425936475 ], [ 23.308502542511718, 56.427457483188149 ], [ 23.308332453818721, 56.427375037366048 ], [ 23.308200363145421, 56.427224888229645 ], [ 23.308214467219408, 56.427123094479306 ], [ 23.308301729659739, 56.427042083014221 ], [ 23.308439366187368, 56.426886645819586 ], [ 23.308490479862268, 56.426771475299184 ], [ 23.308530817364801, 56.426574746801698 ], [ 23.308642217328678, 56.426514244071832 ], [ 23.308729847030886, 56.426412859873921 ], [ 23.308718454867929, 56.426365255964164 ], [ 23.308609766135653, 56.42627636103223 ], [ 23.308451443945696, 56.426221146871598 ], [ 23.308181106282444, 56.426260388958404 ], [ 23.308008310600137, 56.426327340411277 ], [ 23.30776309754398, 56.426332764230274 ], [ 23.307678673298902, 56.426257586818188 ], [ 23.307667405874223, 56.42620319200924 ], [ 23.307719384533627, 56.426040486161973 ], [ 23.307611316000429, 56.425917636332933 ], [ 23.307453367001553, 56.425842048487667 ], [ 23.30745460115779, 56.425774140437731 ], [ 23.307505716286521, 56.425658970305975 ], [ 23.307482812075133, 56.425570553062748 ], [ 23.30736175084369, 56.425488379455288 ], [ 23.307314215256881, 56.42540661618181 ], [ 23.307364466303159, 56.42533898173874 ], [ 23.307451479602776, 56.425271552453673 ], [ 23.307489476103243, 56.425203849565577 ], [ 23.307477962431694, 56.425163036343129 ], [ 23.307441446933325, 56.425149249560342 ], [ 23.307392553937643, 56.425142185176021 ], [ 23.307293533590208, 56.425195964404466 ], [ 23.307219515055689, 56.425222717162583 ], [ 23.307146113756705, 56.425215515850283 ], [ 23.307097591160733, 56.425188078934134 ], [ 23.306840378248229, 56.425179850911583 ], [ 23.3065845246939, 56.425096923506771 ], [ 23.306476215306631, 56.424987654295386 ], [ 23.306441059854464, 56.42489916836923 ], [ 23.306491558936305, 56.424817952667027 ], [ 23.306591691503083, 56.42470305683117 ], [ 23.306592556450582, 56.424655521196172 ], [ 23.306593050705111, 56.424628357975983 ], [ 23.306642684219685, 56.424594677843054 ], [ 23.306814486215938, 56.424582054703329 ], [ 23.306901251730377, 56.424528207405061 ], [ 23.306903968896439, 56.42437880967978 ], [ 23.306831804480098, 56.424303700126792 ], [ 23.306711736983548, 56.424167199435182 ], [ 23.30666383377342, 56.42410580832005 ], [ 23.306566668596343, 56.424057724896194 ], [ 23.306394621693354, 56.424083929310271 ], [ 23.306149175590932, 56.424102931587541 ], [ 23.305855085243536, 56.424101286782097 ], [ 23.305745667355367, 56.424053134169235 ], [ 23.305661252115193, 56.423977955379314 ], [ 23.305662241925614, 56.423923628943584 ], [ 23.305725242464451, 56.423828900498435 ], [ 23.30573848583655, 56.4237746426206 ], [ 23.305703333195332, 56.423686156475135 ], [ 23.305703951782927, 56.423652202450945 ], [ 23.305729325010944, 56.423604803939405 ], [ 23.305889858705758, 56.423537787066472 ], [ 23.305964369566457, 56.423483871866836 ], [ 23.30595298170622, 56.423436267691443 ], [ 23.305856684953078, 56.423340648074472 ], [ 23.305564951577338, 56.42320997729383 ], [ 23.305396125852717, 56.423059619401187 ], [ 23.305204032728859, 56.422841216007868 ], [ 23.304996716383986, 56.422785723001446 ], [ 23.304715261278204, 56.422763771736598 ], [ 23.304604237847645, 56.422803898576731 ], [ 23.304566238655763, 56.422871600600729 ], [ 23.304381074740665, 56.422945269190372 ], [ 23.304060874572887, 56.423031763212464 ], [ 23.303914081659936, 56.423017356826442 ], [ 23.30387856182541, 56.422949242574639 ], [ 23.303965699806177, 56.422875024906595 ], [ 23.303992190834283, 56.422766509518617 ], [ 23.303896148761559, 56.422657306779357 ], [ 23.303602441970948, 56.422635284252856 ], [ 23.30302715850619, 56.422598096745411 ], [ 23.302916009585122, 56.422645012874952 ], [ 23.302766982356573, 56.42275283956878 ], [ 23.302607440641971, 56.422765525993832 ], [ 23.302337991797735, 56.422757219810116 ], [ 23.302265839446459, 56.422682107612154 ], [ 23.302291837891914, 56.422600755799877 ], [ 23.302318333486202, 56.422492240775846 ], [ 23.302234425777311, 56.42238989645594 ], [ 23.302064248883127, 56.422314232866199 ], [ 23.301892579986383, 56.422320058654392 ], [ 23.301806310099316, 56.422346739261776 ], [ 23.301571072783549, 56.422477849665079 ], [ 23.301509059874526, 56.422518249601282 ], [ 23.301361647498378, 56.422537794201808 ], [ 23.301325510211612, 56.422503633225745 ], [ 23.301326381655247, 56.422456097626871 ], [ 23.301302373193213, 56.422428796437131 ], [ 23.301045180247396, 56.422420556447975 ], [ 23.300946656324545, 56.422447167432864 ], [ 23.300782131745684, 56.42273148347676 ], [ 23.300584583285818, 56.422811868136201 ], [ 23.299922529014829, 56.422828509119 ], [ 23.299653704315411, 56.422786243120157 ], [ 23.299593311306211, 56.422738361728889 ], [ 23.299631069595318, 56.422684242842436 ], [ 23.299815492791801, 56.422651326142542 ], [ 23.299865753448689, 56.42258369473047 ], [ 23.299842993520475, 56.42248848528466 ], [ 23.29973383743646, 56.422426745793324 ], [ 23.299586549323081, 56.422439497486415 ], [ 23.29952453438117, 56.422479896425983 ], [ 23.299462893779904, 56.42249992294262 ], [ 23.299377370833415, 56.422485857072822 ], [ 23.29937861922232, 56.422417949102361 ], [ 23.299367364741279, 56.422363553538695 ], [ 23.299318726535851, 56.422342904388415 ], [ 23.299134554174728, 56.42236223876067 ], [ 23.299010273648761, 56.422456617748686 ], [ 23.298886991920803, 56.422496670239191 ], [ 23.298691315135766, 56.422475189938083 ], [ 23.298506516852161, 56.422528477354874 ], [ 23.298407740869003, 56.422568667909488 ], [ 23.298321718053419, 56.422581764494716 ], [ 23.298236320393951, 56.422560907043895 ], [ 23.298224567324851, 56.422533674563034 ], [ 23.298225442637033, 56.422486138995872 ], [ 23.298152673634171, 56.422444978401344 ], [ 23.29779920733262, 56.422341106056933 ], [ 23.297236062132505, 56.422310751860358 ], [ 23.297065895569805, 56.422235081440391 ], [ 23.297116536263353, 56.422147078766123 ], [ 23.297288831104918, 56.422107305613423 ], [ 23.297350972996323, 56.422060116998715 ], [ 23.297414491786256, 56.42193822961022 ], [ 23.297317343842028, 56.421890138970198 ], [ 23.297109543290222, 56.421861795997984 ], [ 23.296727444113568, 56.421981877997851 ], [ 23.296701810174675, 56.422042856242761 ], [ 23.29667642679016, 56.422090252894556 ], [ 23.296590028468614, 56.422123720661858 ], [ 23.296517136581734, 56.422089349905292 ], [ 23.296322717066236, 56.421999957943498 ], [ 23.296115418341191, 56.421944450135072 ], [ 23.29603090135576, 56.421876055620757 ], [ 23.296093420683572, 56.421808495258311 ], [ 23.296228329097069, 56.421802469004056 ], [ 23.296350859095945, 56.42180316391223 ], [ 23.296412876281988, 56.421762766560107 ], [ 23.29640162622184, 56.421708370732816 ], [ 23.296304605528388, 56.421653488509243 ], [ 23.296036294903828, 56.421584051522629 ], [ 23.295867137648798, 56.421454053118474 ], [ 23.295696350181501, 56.421412334791441 ], [ 23.29557369594448, 56.421418430032737 ], [ 23.295548437097679, 56.421459035663474 ], [ 23.295510297678781, 56.421533525684076 ], [ 23.29539951930596, 56.421560062696109 ], [ 23.295178966763693, 56.42155881008685 ], [ 23.295091940351785, 56.421626230772766 ], [ 23.295054679110969, 56.421653185107118 ], [ 23.294833874756698, 56.421665513466223 ], [ 23.294675340424448, 56.421623863369561 ], [ 23.294675968787992, 56.421589909413882 ], [ 23.294799754567396, 56.421522697939537 ], [ 23.295058321644543, 56.42145625214642 ], [ 23.295121093182274, 56.421375110687983 ], [ 23.295085464991491, 56.421313784736775 ], [ 23.294913925243737, 56.421312810087585 ], [ 23.294704872996231, 56.421352371015089 ], [ 23.294533710179152, 56.421331023465704 ], [ 23.294498082975512, 56.421269697347874 ], [ 23.294475085809406, 56.421188068515768 ], [ 23.294365439264045, 56.421153487485455 ], [ 23.294119880475026, 56.421179256800734 ], [ 23.29394884456892, 56.421151117655981 ], [ 23.293925219630044, 56.421103442676724 ], [ 23.293999490988561, 56.421063116252981 ], [ 23.294146649829646, 56.42105716197127 ], [ 23.29428256179369, 56.420996811497382 ], [ 23.294234808335151, 56.420928624822274 ], [ 23.294100280034467, 56.420914276543769 ], [ 23.293634551296702, 56.42091841762155 ], [ 23.293365243526818, 56.420903301198564 ], [ 23.293085824469649, 56.420772670961227 ], [ 23.293088343498521, 56.420636855165093 ], [ 23.293017221105647, 56.420507411300221 ], [ 23.292772799652216, 56.420472060852092 ], [ 23.292629549853146, 56.420267499035646 ], [ 23.292720105884417, 56.420009937947206 ], [ 23.292858032163778, 56.419840936376211 ], [ 23.292825180892326, 56.419630212381321 ], [ 23.292496890045904, 56.419492510694603 ], [ 23.292192601561329, 56.419382111091231 ], [ 23.291985449255485, 56.419319805620802 ], [ 23.291862170376028, 56.419359851158973 ], [ 23.291822890360447, 56.419495457162682 ], [ 23.29188288999044, 56.419563714691122 ], [ 23.291832366881714, 56.419644924454971 ], [ 23.291599068450815, 56.419670758736586 ], [ 23.291245772103061, 56.419560076998941 ], [ 23.291016389564206, 56.419375395746599 ], [ 23.290505083503579, 56.419195893800286 ], [ 23.290409089072622, 56.4190866806806 ], [ 23.29046049933795, 56.41895793597979 ], [ 23.290694805109158, 56.418877777520692 ], [ 23.290782464723119, 56.418776405950126 ], [ 23.290747224994298, 56.418694706385544 ], [ 23.29049220856977, 56.418571001181924 ], [ 23.290360850694043, 56.41838687915812 ], [ 23.290423500689162, 56.418312530837113 ], [ 23.290559282302308, 56.41825897519373 ], [ 23.290622058077503, 56.418177835980508 ], [ 23.290538949598893, 56.418034739050405 ], [ 23.290309200315548, 56.417870428844459 ], [ 23.290089301722837, 56.417835213298147 ], [ 23.289769998156654, 56.417874135020824 ], [ 23.289597841286518, 56.417907107001049 ], [ 23.289487955456735, 56.417886103252989 ], [ 23.289428848866283, 56.417770309052031 ], [ 23.289261503694007, 56.417545230633756 ], [ 23.289178401690123, 56.417402132794201 ], [ 23.289228167695491, 56.417361668815587 ], [ 23.289461200388491, 56.417349420526989 ], [ 23.289731493709318, 56.417310219055892 ], [ 23.289918302784375, 56.417148292006004 ], [ 23.289919567771459, 56.417080384114833 ], [ 23.289749945193602, 56.416977540537339 ], [ 23.289690206501007, 56.416895700391002 ], [ 23.289740603945248, 56.416821282254979 ], [ 23.289999780208987, 56.416720892947581 ], [ 23.290038178440426, 56.416632822998587 ], [ 23.289867671987263, 56.416577515107676 ], [ 23.289696406816873, 56.41656295171974 ], [ 23.289550403735291, 56.416507783667058 ], [ 23.289331526506739, 56.41641824047796 ], [ 23.289284800452549, 56.416295725571693 ], [ 23.289275334646515, 56.416146258031645 ], [ 23.289325478697535, 56.416085421633476 ], [ 23.289510384959396, 56.416025356998745 ], [ 23.289656765762057, 56.416060152728349 ], [ 23.289828155169399, 56.416067925376311 ], [ 23.289977319062238, 56.41595332334316 ], [ 23.290016728359948, 56.415810927063056 ], [ 23.289993743994255, 56.415729297361302 ], [ 23.289874902179289, 56.415531663294651 ], [ 23.289559287814797, 56.415373651606828 ], [ 23.289158679770825, 56.415174403079476 ], [ 23.288963426125878, 56.415132535151216 ], [ 23.288742404280324, 56.415158434353607 ], [ 23.288470857759958, 56.41526554161026 ], [ 23.288114821452041, 56.415304248361423 ], [ 23.28794407005449, 56.415262519414178 ], [ 23.287796678946574, 56.415282047975552 ], [ 23.287452384990896, 56.4153479862984 ], [ 23.286962857028506, 56.415318007853799 ], [ 23.286462350028135, 56.415220049163345 ], [ 23.286229838027833, 56.415205128711357 ], [ 23.28613119538673, 56.415238518769989 ], [ 23.286118054356006, 56.415285983779654 ], [ 23.285982404359029, 56.415332743814176 ], [ 23.285663626662661, 56.415344491887069 ], [ 23.28533208864831, 56.415383331710551 ], [ 23.285194654695651, 56.415525161857047 ], [ 23.285144504810621, 56.415585996576262 ], [ 23.285008725191435, 56.415639546321856 ], [ 23.284859802433736, 56.41574056078597 ], [ 23.284565013268594, 56.415779610384668 ], [ 23.284479893345747, 56.4157451619363 ], [ 23.284419658012247, 56.415690482400521 ], [ 23.284410593832472, 56.415520642175714 ], [ 23.284350231467979, 56.41547275338818 ], [ 23.28427659837109, 56.41547912016113 ], [ 23.284177825807426, 56.41551929944157 ], [ 23.283898605281451, 56.415381857801094 ], [ 23.283839136792359, 56.415286433290696 ], [ 23.283766269488229, 56.415252055068827 ], [ 23.283655246106569, 56.415292163212087 ], [ 23.283323068220731, 56.415364951571696 ], [ 23.283078050306358, 56.415363536010183 ], [ 23.282921343407505, 56.415226800020086 ], [ 23.282621206042862, 56.414899072035347 ], [ 23.282634862428232, 56.414824444280441 ], [ 23.282748057510641, 56.414668893766923 ], [ 23.282616878182733, 56.414477972778094 ], [ 23.282422146653708, 56.414408931453643 ], [ 23.282361532880415, 56.414374623262958 ], [ 23.282400329802748, 56.414266183340537 ], [ 23.28237723483317, 56.414191343033039 ], [ 23.282305010142942, 56.414123010049543 ], [ 23.282343039964079, 56.41405531482804 ], [ 23.282480734771593, 56.413899906257022 ], [ 23.282396899155898, 56.413797548567658 ], [ 23.282226927933486, 56.413715067085541 ], [ 23.282228206455766, 56.413647159270198 ], [ 23.282326976194444, 56.413606981522598 ], [ 23.282413111953268, 56.413587105187609 ], [ 23.282414134501295, 56.413532778932066 ], [ 23.282353138634697, 56.413518843081945 ], [ 23.282146801520962, 56.413415776558161 ], [ 23.281841440306057, 56.413366468697696 ], [ 23.281757223769461, 56.413284482918783 ], [ 23.28165208986378, 56.413012213349248 ], [ 23.281458263458671, 56.412895635049239 ], [ 23.281018924799898, 56.412804799985345 ], [ 23.280748654660567, 56.412843982563409 ], [ 23.280451704987222, 56.412998465713976 ], [ 23.280350755747325, 56.41315408522118 ], [ 23.280289120273679, 56.413174102255432 ], [ 23.279690657538186, 56.413075547781908 ], [ 23.27962010784659, 56.412918933120217 ], [ 23.279523647006211, 56.412836874703927 ], [ 23.279267679222375, 56.412767472735894 ], [ 23.279182955988674, 56.412712648331969 ], [ 23.279184239884025, 56.41264474055091 ], [ 23.279235165630581, 56.412543163556812 ], [ 23.279199186011414, 56.412502205379631 ], [ 23.279138834961632, 56.412454314062543 ], [ 23.279078484063213, 56.412406422716124 ], [ 23.279067903442773, 56.412318071415186 ], [ 23.279032694700685, 56.412236368518961 ], [ 23.278812839145733, 56.4122011330658 ], [ 23.278627035355555, 56.412308717242709 ], [ 23.278455408220506, 56.412314510721316 ], [ 23.277890497940181, 56.412385930754517 ], [ 23.277623315601712, 56.412262127892056 ], [ 23.277232220488262, 56.412212309403891 ], [ 23.276794316819895, 56.412046760884088 ], [ 23.276634940421157, 56.412052623254198 ], [ 23.27655950872926, 56.4121540563129 ], [ 23.276436108133733, 56.412200877362586 ], [ 23.27633836703469, 56.412186724227979 ], [ 23.276217931118836, 56.412077357248855 ], [ 23.276121608668753, 56.411988505426386 ], [ 23.275901370363123, 56.411973637145678 ], [ 23.275656116612829, 56.411985788530956 ], [ 23.275583779119906, 56.411924242426167 ], [ 23.275561086013887, 56.411829028539138 ], [ 23.275576561445732, 56.411659330724547 ], [ 23.275467475702388, 56.411597569961913 ], [ 23.27514937174886, 56.411575337231426 ], [ 23.274941902431596, 56.411533375729981 ], [ 23.274882720617317, 56.411424365395156 ], [ 23.274896261694405, 56.411356529259585 ], [ 23.275057055728624, 56.411275970607775 ], [ 23.275082975091966, 56.411201415253828 ], [ 23.275010123503073, 56.411167031907496 ], [ 23.274851654603644, 56.411125356582026 ], [ 23.274693573596263, 56.411063308735322 ], [ 23.274646125909914, 56.410981532989958 ], [ 23.274732259685017, 56.41096166197422 ], [ 23.274952620809895, 56.410969741542836 ], [ 23.275075890104905, 56.410929712727715 ], [ 23.275127599070633, 56.410787392769784 ], [ 23.274994276026383, 56.410711906897319 ], [ 23.274896022710315, 56.410724915730093 ], [ 23.274723497962107, 56.410778239480642 ], [ 23.274625631960653, 56.41077087577802 ], [ 23.274602425128226, 56.41070282479977 ], [ 23.274628990934207, 56.410594315667375 ], [ 23.274605655006205, 56.410533055461705 ], [ 23.274473496842948, 56.410396452068397 ], [ 23.274279059454908, 56.410313816462704 ], [ 23.2741708845471, 56.41020451914811 ], [ 23.273987404955076, 56.410189862484813 ], [ 23.273852534339166, 56.410195864665873 ], [ 23.273780203137914, 56.410134317508074 ], [ 23.273745137061635, 56.410045822344301 ], [ 23.273549668005497, 56.410017511782172 ], [ 23.273452839366865, 56.409955820978375 ], [ 23.273417644809072, 56.409874116494485 ], [ 23.273394052446861, 56.409826437605204 ], [ 23.273125996477891, 56.409750160498682 ], [ 23.27290680825103, 56.409680960755558 ], [ 23.272883993625449, 56.409592537137364 ], [ 23.27265307590315, 56.409496102067003 ], [ 23.27258178435725, 56.409380228036888 ], [ 23.272633111855285, 56.409258281417934 ], [ 23.272598567413141, 56.409142622837962 ], [ 23.272307316124685, 56.40899829260794 ], [ 23.272102845516141, 56.40880013863233 ], [ 23.271736809499764, 56.408723283551353 ], [ 23.271603630101403, 56.408641003274901 ], [ 23.271114201198074, 56.40861096252204 ], [ 23.270869097490525, 56.408616313732573 ], [ 23.270634553813679, 56.408710016478452 ], [ 23.270572270964198, 56.408763982552919 ], [ 23.270521067475077, 56.408879137544226 ], [ 23.270335906397975, 56.408952755496884 ], [ 23.270141095423114, 56.408890485735945 ], [ 23.270069162671128, 56.408808564117358 ], [ 23.26983695649518, 56.408780031510439 ], [ 23.269358084429133, 56.408838335906388 ], [ 23.269175003776468, 56.408803299841949 ], [ 23.268750334648068, 56.408590259817622 ], [ 23.26855357419387, 56.408629849074515 ], [ 23.268246574993533, 56.408668787825512 ], [ 23.267977494612285, 56.408646825756705 ], [ 23.267782428279059, 56.40859813383431 ], [ 23.267684178004085, 56.408611136967693 ], [ 23.267670103437474, 56.40870613537566 ], [ 23.267571331093357, 56.408746301478963 ], [ 23.267399457510788, 56.408765661233637 ], [ 23.267166601083957, 56.408771077457168 ], [ 23.267069263852477, 56.408736544751356 ], [ 23.267144322361407, 56.40865548974908 ], [ 23.267340953913518, 56.408622693496426 ], [ 23.267390861950553, 56.40857544748642 ], [ 23.267282581239094, 56.408472934964621 ], [ 23.267248445211685, 56.40833690262982 ], [ 23.267008433708707, 56.408077406382553 ], [ 23.266689841854113, 56.408082315097353 ], [ 23.266556545003716, 56.408006820193052 ], [ 23.266387287165355, 56.40789036327061 ], [ 23.266217899685177, 56.407780696881744 ], [ 23.266256212938298, 56.407699425053082 ], [ 23.266367101665047, 56.407666123185336 ], [ 23.266526330570588, 56.407667064722283 ], [ 23.266586266374809, 56.407735334443771 ], [ 23.266682817066862, 56.407810612114361 ], [ 23.266865629520836, 56.407859233373614 ], [ 23.267062909818822, 56.407792483722204 ], [ 23.267174320135183, 56.407732018070831 ], [ 23.267225401655161, 56.407623655227709 ], [ 23.267116210476878, 56.407568677913275 ], [ 23.266968577608615, 56.407601763336039 ], [ 23.266821597317243, 56.407600894756861 ], [ 23.266760747262705, 56.407580160502427 ], [ 23.266762967062743, 56.407464717495806 ], [ 23.266716716076147, 56.407321821839531 ], [ 23.266620688947242, 56.407219381131647 ], [ 23.266339632826572, 56.407183761595213 ], [ 23.26616854976573, 56.407162375077689 ], [ 23.266073308691485, 56.407019189360298 ], [ 23.266161006085216, 56.406917835094561 ], [ 23.266151240909455, 56.406788738107295 ], [ 23.265956709281006, 56.406712880270753 ], [ 23.265846215184997, 56.406725809489416 ], [ 23.265856894453627, 56.406807371147885 ], [ 23.265940931803918, 56.406896158441974 ], [ 23.265963598042696, 56.406991374093288 ], [ 23.265803587511357, 56.407031176426592 ], [ 23.2656448843783, 56.407003070913071 ], [ 23.265646061331253, 56.406941954037016 ], [ 23.265574141898227, 56.406860029821367 ], [ 23.265391728337239, 56.406791034376567 ], [ 23.26533271193507, 56.406675228730236 ], [ 23.265443990895754, 56.406621555384547 ], [ 23.265543021521406, 56.406567809424146 ], [ 23.265520094991324, 56.406486175221609 ], [ 23.265337029187581, 56.406451133518779 ], [ 23.264562918019344, 56.406575585942257 ], [ 23.264331908673238, 56.406485926202656 ], [ 23.264091404425038, 56.406253587367999 ], [ 23.263901336328829, 56.405946840392879 ], [ 23.263797398591155, 56.40562022966192 ], [ 23.263396896748343, 56.405427689031889 ], [ 23.262726164349719, 56.405274290569778 ], [ 23.262081377845671, 56.405046335836566 ], [ 23.261962056660177, 56.404882628974491 ], [ 23.261893434748892, 56.404630933607741 ], [ 23.261808623129507, 56.404582888142279 ], [ 23.261771223754103, 56.404616623296661 ], [ 23.261721051077316, 56.404677448592359 ], [ 23.261548666986801, 56.404723963335982 ], [ 23.261413945382976, 56.404723161285396 ], [ 23.261402881615883, 56.404661971524 ], [ 23.261502964784075, 56.404553902691653 ], [ 23.261494399407475, 56.404363688487202 ], [ 23.261446725267799, 56.404295489223969 ], [ 23.261373241583005, 56.40429505170173 ], [ 23.261286984478577, 56.404321704245298 ], [ 23.261284616830785, 56.404443937929116 ], [ 23.261148317494161, 56.404524624713062 ], [ 23.260804338632617, 56.404576907814317 ], [ 23.260596265017952, 56.404568876213865 ], [ 23.260548460566113, 56.404507467370237 ], [ 23.260574140228826, 56.40444649654787 ], [ 23.260758639921928, 56.404406846900969 ], [ 23.260870839906495, 56.40430564232085 ], [ 23.260860435181637, 56.404210498710881 ], [ 23.260812499128729, 56.404155880725334 ], [ 23.260726636854976, 56.404162160600606 ], [ 23.260652100256905, 56.404216048728138 ], [ 23.260614305259285, 56.404270155812043 ], [ 23.260564657858325, 56.40430381760283 ], [ 23.260503421452984, 56.404303452568541 ], [ 23.260369886653869, 56.404241532556334 ], [ 23.260150621607195, 56.404179101118309 ], [ 23.260103345338322, 56.404090529067432 ], [ 23.260056464546306, 56.403981584721578 ], [ 23.259997073352583, 56.403886148815523 ], [ 23.259887112610258, 56.403871909713629 ], [ 23.259593049416356, 56.403876946434899 ], [ 23.259224316192999, 56.403942660484688 ], [ 23.258879548220435, 56.404035682804277 ], [ 23.258878756443252, 56.404076427345593 ], [ 23.25896277154348, 56.404165219346815 ], [ 23.25896237569766, 56.404185591617477 ], [ 23.258924842249034, 56.404226116667012 ], [ 23.25885109480226, 56.404239259164612 ], [ 23.258641307388704, 56.404319504125091 ], [ 23.258517778353781, 56.404373098175462 ], [ 23.258444954776646, 56.404338705138457 ], [ 23.258434027924885, 56.404270724365439 ], [ 23.258436140608566, 56.404162072268988 ], [ 23.25828930592338, 56.404154402859852 ], [ 23.258066610009895, 56.404268527396866 ], [ 23.257646501963219, 56.404456177314216 ], [ 23.257180839231754, 56.404466972850948 ], [ 23.257023343860002, 56.404377739557127 ], [ 23.257012419532774, 56.404309758666017 ], [ 23.257014536269441, 56.404201106605214 ], [ 23.257017446758315, 56.404051710018379 ], [ 23.257130449230498, 56.403909764313859 ], [ 23.257094633754011, 56.403862009000477 ], [ 23.256911059126693, 56.403854117919828 ], [ 23.256763696594923, 56.403873609724478 ], [ 23.256691272612326, 56.403818843400352 ], [ 23.25668154020191, 56.403689745690968 ], [ 23.256659560821856, 56.403560574590173 ], [ 23.256526432026781, 56.403478278194591 ], [ 23.256429912345002, 56.403402992649617 ], [ 23.256188018834671, 56.403245336850539 ], [ 23.255931230784938, 56.403223422188688 ], [ 23.255895417450152, 56.403175666529471 ], [ 23.255899259627306, 56.402978734681419 ], [ 23.255939444655287, 56.402802395471014 ], [ 23.255905751471712, 56.402645987751036 ], [ 23.255595712908217, 56.402528671258381 ], [ 23.255547919053402, 56.402467260495804 ], [ 23.255598098615643, 56.402406437693763 ], [ 23.255758100238872, 56.402366648471279 ], [ 23.255881891580643, 56.402299475636347 ], [ 23.255821320950471, 56.402265154528273 ], [ 23.255637754285935, 56.402257261582385 ], [ 23.255381636091933, 56.402201392028779 ], [ 23.255270488595496, 56.402248265629531 ], [ 23.255025025916609, 56.402273957904164 ], [ 23.254756927298956, 56.4022044320077 ], [ 23.254739287211024, 56.402166972504013 ], [ 23.254810567446302, 56.402123255659809 ], [ 23.254871932939157, 56.402116832742166 ], [ 23.254932502476613, 56.402151154311731 ], [ 23.25503074035063, 56.402138161231306 ], [ 23.255043517465769, 56.402111071766591 ], [ 23.255007838919301, 56.402056525095134 ], [ 23.255070000058232, 56.402009357559891 ], [ 23.255169033199223, 56.401955619848358 ], [ 23.255158775906867, 56.401853685010209 ], [ 23.254772328586753, 56.401572910377382 ], [ 23.254503704434654, 56.40153054695304 ], [ 23.254148957991578, 56.401508039791558 ], [ 23.254052315161797, 56.401439543150957 ], [ 23.253711144874568, 56.401349200861183 ], [ 23.253428017560367, 56.401422204214427 ], [ 23.252984888510181, 56.401534992777535 ], [ 23.252850577501739, 56.401513809205404 ], [ 23.252827548076379, 56.401438963422429 ], [ 23.253001257775111, 56.40132455325427 ], [ 23.25305210480181, 56.401229777723017 ], [ 23.252930972147887, 56.401161132724717 ], [ 23.252710406593312, 56.401166595692885 ], [ 23.252096229875814, 56.401257975846356 ], [ 23.251827078144618, 56.401242769635061 ], [ 23.251605046293712, 56.401322928874613 ], [ 23.251443578766803, 56.401437410978865 ], [ 23.251331229051303, 56.401545397782229 ], [ 23.251182139485451, 56.40165316270209 ], [ 23.251071521828674, 56.401672869544747 ], [ 23.250915380105038, 56.401671926726692 ], [ 23.250672853343442, 56.401548213955934 ], [ 23.250222407560866, 56.40140966101292 ], [ 23.24931569483979, 56.400806520340275 ], [ 23.248956601248679, 56.400383270240987 ], [ 23.248483556708429, 56.400149492278139 ], [ 23.248030324065063, 56.400153537054138 ], [ 23.247529045432923, 56.400109747828523 ], [ 23.246937756584266, 56.400282739960254 ], [ 23.246666065638863, 56.400396546677662 ], [ 23.246359379264579, 56.400421849950291 ], [ 23.245546308243132, 56.400661403368822 ], [ 23.245161170186964, 56.400937514111547 ], [ 23.245025521563605, 56.400984229472158 ], [ 23.244866186890267, 56.40099005115249 ], [ 23.244842635668448, 56.400942366878567 ], [ 23.244905210809623, 56.400874832241833 ], [ 23.244771041145544, 56.400846849198913 ], [ 23.244477268620805, 56.400838268670512 ], [ 23.244368533341049, 56.400762899201872 ], [ 23.244395043412908, 56.400661187326961 ], [ 23.244360726762221, 56.400538730242737 ], [ 23.244238804700625, 56.40051082122659 ], [ 23.244066283799036, 56.400564102437819 ], [ 23.243720163396656, 56.400724990031904 ], [ 23.243451423002476, 56.400689393454059 ], [ 23.243098712507869, 56.400564993677619 ], [ 23.242804133721318, 56.400597153609858 ], [ 23.242704277838552, 56.400691625836686 ], [ 23.242586916317446, 56.401050861873919 ], [ 23.24227779379634, 56.401198388255246 ], [ 23.242131918444962, 56.401143164617288 ], [ 23.241913646084345, 56.401033165904401 ], [ 23.24168177875146, 56.400990999280644 ], [ 23.241558506920164, 56.401030994968551 ], [ 23.241310476648664, 56.401185684034978 ], [ 23.24133105199094, 56.401382765085003 ], [ 23.241279095007723, 56.401531861588261 ], [ 23.241008594548145, 56.401584539232104 ], [ 23.240923680958719, 56.401543270286943 ], [ 23.240790593270493, 56.401460957089014 ], [ 23.240570565272556, 56.401439235535086 ], [ 23.240483759337241, 56.401493036527974 ], [ 23.240445127122285, 56.401587881805305 ], [ 23.240296818303801, 56.401654889172008 ], [ 23.24011325799292, 56.401646973268505 ], [ 23.240040997509915, 56.401585406550453 ], [ 23.24001826381609, 56.401496976998111 ], [ 23.239786801841522, 56.401434434642319 ], [ 23.239421308609202, 56.401337112305086 ], [ 23.239297897870053, 56.40138389646426 ], [ 23.239184836743149, 56.401525825819569 ], [ 23.239074213352854, 56.401545521947995 ], [ 23.238805878180628, 56.401489543119986 ], [ 23.238721780429142, 56.401407528302769 ], [ 23.238527602241618, 56.401318046157371 ], [ 23.238492354824114, 56.401243122610794 ], [ 23.238520236626936, 56.401073504758514 ], [ 23.238804744789768, 56.400932628208309 ], [ 23.239079307772158, 56.400676233469113 ], [ 23.239119297068438, 56.400513481309623 ], [ 23.238877358126086, 56.400362582658069 ], [ 23.238449427642895, 56.400325998319367 ], [ 23.2381695341934, 56.400235989299553 ], [ 23.238073872904035, 56.400119945181302 ], [ 23.238187069568596, 56.399971226077206 ], [ 23.238384765496022, 56.399884149787056 ], [ 23.238361901029656, 56.399802510649806 ], [ 23.238144461030728, 56.399651760953013 ], [ 23.238026751634532, 56.399413333230235 ], [ 23.237918033187775, 56.399337958135703 ], [ 23.237721696104209, 56.399357126403387 ], [ 23.237463451894445, 56.399409871617529 ], [ 23.237183295891501, 56.399333441840952 ], [ 23.237088862207575, 56.399156280404611 ], [ 23.237127771862454, 56.399047854694437 ], [ 23.237219193884361, 56.398763171244937 ], [ 23.236931552201181, 56.398448990084283 ], [ 23.236554529105248, 56.398317630374457 ], [ 23.236307035387973, 56.398139526123252 ], [ 23.235862804989591, 56.398000958909556 ], [ 23.235655113029662, 56.397975908759193 ], [ 23.235580825473491, 56.398016200355841 ], [ 23.235555518581499, 56.398056793786672 ], [ 23.235443950689092, 56.398124021800264 ], [ 23.235284354347595, 56.398143412657511 ], [ 23.235102309857201, 56.398060791390769 ], [ 23.234921083339461, 56.397937425500366 ], [ 23.23472747663671, 56.39782077452368 ], [ 23.234519173213751, 56.397826280742322 ], [ 23.234248144606713, 56.397906106623566 ], [ 23.233826080964906, 56.398188746074787 ], [ 23.233628929232125, 56.398248652223074 ], [ 23.233531512926156, 56.39822088402714 ], [ 23.233496551045665, 56.398132377610708 ], [ 23.233438190627346, 56.397989394042213 ], [ 23.233292476883559, 56.397927369325437 ], [ 23.233059818904067, 56.397925930983618 ], [ 23.232469182168305, 56.398064900503336 ], [ 23.232344816990551, 56.39815921282986 ], [ 23.232378273055236, 56.398322417503806 ], [ 23.23237622327359, 56.398424278330289 ], [ 23.232228732791462, 56.39845053174993 ], [ 23.231689391569613, 56.398474358430249 ], [ 23.231273460986863, 56.39845140669081 ], [ 23.231030744876438, 56.398341237125855 ], [ 23.230971161284547, 56.398259368903716 ], [ 23.230764361304832, 56.398190170892761 ], [ 23.230322573783301, 56.398234971281823 ], [ 23.229927298699906, 56.398402307118026 ], [ 23.229731373904702, 56.398401090590077 ], [ 23.229436526510206, 56.398446800237153 ], [ 23.229254630528697, 56.398357379706077 ], [ 23.229170834661485, 56.398261777014426 ], [ 23.229074245034642, 56.398193261026037 ], [ 23.228941743703583, 56.398083772307153 ], [ 23.228809380416745, 56.39796749273038 ], [ 23.228677017934942, 56.397851213012409 ], [ 23.228399363560591, 56.397652530561238 ], [ 23.228179914346619, 56.397603624231024 ], [ 23.227981519981473, 56.397724637834102 ], [ 23.227757809296261, 56.39788624293238 ], [ 23.227655586074437, 56.398096145151975 ], [ 23.227554599309723, 56.398244930849472 ], [ 23.227344779622346, 56.398325122864875 ], [ 23.227051581207594, 56.398289338273301 ], [ 23.226825732187905, 56.398253972819823 ], [ 23.226705207009772, 56.398158139485012 ], [ 23.226526210368167, 56.397926109996199 ], [ 23.226283924582035, 56.397795559041796 ], [ 23.226102452420605, 56.397685761769736 ], [ 23.225970236974305, 56.397562688470977 ], [ 23.225812981157127, 56.397466625025686 ], [ 23.225495852340369, 56.397403521065641 ], [ 23.225327870355041, 56.397232682716606 ], [ 23.225293617947095, 56.397110220470068 ], [ 23.225063724333907, 56.396972952908072 ], [ 23.224381189660296, 56.396812480545798 ], [ 23.223856598687576, 56.396714117004073 ], [ 23.223724393847764, 56.396591041321564 ], [ 23.223544455144861, 56.396406542512302 ], [ 23.222961691873888, 56.3961583963153 ], [ 23.222782588976141, 56.395933152148096 ], [ 23.222784387485714, 56.395844872928954 ], [ 23.222787707784377, 56.395681895905597 ], [ 23.222715209852478, 56.395633900564263 ], [ 23.22245821606262, 56.395625498199017 ], [ 23.222201637737797, 56.395596723175977 ], [ 23.22200614315873, 56.395575122360334 ], [ 23.221686681238538, 56.395627450740996 ], [ 23.221538917211653, 56.395667272886087 ], [ 23.221404644609766, 56.395646055352437 ], [ 23.221260207023121, 56.395522900191843 ], [ 23.220859610656326, 56.395350594949193 ], [ 23.220697607943546, 56.395116963378705 ], [ 23.220669479070271, 56.395028222398473 ], [ 23.220666529125779, 56.39487145589041 ], [ 23.220557651063327, 56.394698460152469 ], [ 23.220397655370995, 56.394640569091209 ], [ 23.220244736396893, 56.394594912062473 ], [ 23.220172977762576, 56.39452132240266 ], [ 23.220100471944608, 56.39448429725573 ], [ 23.220043115237448, 56.394422987827525 ], [ 23.219992668699728, 56.394382038081723 ], [ 23.219831345924383, 56.394389149944217 ], [ 23.219729040968801, 56.394376316636937 ], [ 23.219649626059649, 56.394318931504209 ], [ 23.219556308810379, 56.394224889583711 ], [ 23.219602587323681, 56.394111409752419 ], [ 23.219648200776327, 56.394030431726122 ], [ 23.219854636519468, 56.393966718362528 ], [ 23.219913487496502, 56.393954898768293 ], [ 23.220113676806093, 56.393838323426984 ], [ 23.220129240706267, 56.393793725530564 ], [ 23.220100521296175, 56.39376510218878 ], [ 23.220065390329658, 56.393691742761362 ], [ 23.2200669683215, 56.39361455091457 ], [ 23.220016938105108, 56.393553287532121 ], [ 23.219921960463779, 56.393540500453888 ], [ 23.219841882387179, 56.393515617270317 ], [ 23.219711941029075, 56.393421345073101 ], [ 23.219720678645039, 56.39335232477012 ], [ 23.219823645471944, 56.393332656248788 ], [ 23.220006939074175, 56.393325682583495 ], [ 23.220074525963792, 56.393244842581936 ], [ 23.220282866373829, 56.393087685712331 ], [ 23.220386662361925, 56.393027389425797 ], [ 23.220476389006013, 56.39293856186751 ], [ 23.220500605178746, 56.392829006278603 ], [ 23.220554453129758, 56.392703383901235 ], [ 23.220585246939184, 56.392630438893541 ], [ 23.220549618080678, 56.392581455970095 ], [ 23.220279341948505, 56.392543187854557 ], [ 23.219993835088051, 56.392533266125206 ], [ 23.219744620768925, 56.392539825067921 ], [ 23.219620927636068, 56.392498414331357 ], [ 23.219483166684928, 56.392428472176086 ], [ 23.219367962830571, 56.392330229078262 ], [ 23.219273071584539, 56.392313378780742 ], [ 23.219140558169013, 56.392345050577163 ], [ 23.219117169907872, 56.392413978612375 ], [ 23.219050497205874, 56.392450128087148 ], [ 23.218932716169626, 56.392477829174197 ], [ 23.218770902145021, 56.392509316051829 ], [ 23.218622489708391, 56.392601835934869 ], [ 23.218430126706, 56.392694078690305 ], [ 23.218298277173957, 56.392693247757002 ], [ 23.218182326341921, 56.392631568117828 ], [ 23.218089016808555, 56.392537525089466 ], [ 23.218060716181018, 56.39248858763839 ], [ 23.217937358156927, 56.392430924317608 ], [ 23.217732843404001, 56.392401191791848 ], [ 23.217455079866859, 56.392370996786418 ], [ 23.217308414978127, 56.392378197824222 ], [ 23.217299923267873, 56.392435029775804 ], [ 23.217350447687881, 56.392471917887413 ], [ 23.217408463805466, 56.39250072674411 ], [ 23.217407963815692, 56.392525103105854 ], [ 23.217355439176682, 56.392585720463046 ], [ 23.217177639791618, 56.39268211643877 ], [ 23.217060106802052, 56.392697627560963 ], [ 23.217001923900163, 56.392676943995049 ], [ 23.216966633124464, 56.392611709149534 ], [ 23.216989275004298, 56.392579346071976 ], [ 23.216916775966141, 56.392542319071303 ], [ 23.216836201600827, 56.392541810313176 ], [ 23.216607042976889, 56.392641944411928 ], [ 23.216540868055564, 56.392653716172163 ], [ 23.216387544478646, 56.392628368038487 ], [ 23.216067416689192, 56.392520700448699 ], [ 23.215863069933111, 56.39248283939169 ], [ 23.215796310539769, 56.392523049833194 ], [ 23.21577333366049, 56.392571663591887 ], [ 23.215750523739068, 56.3926121518952 ], [ 23.215647723830017, 56.392623691586586 ], [ 23.215487076026328, 56.392598296018065 ], [ 23.215451203135551, 56.392561499823422 ], [ 23.215408339555722, 56.392508406381062 ], [ 23.215357232123342, 56.392499956558552 ], [ 23.215218559815959, 56.392474699663062 ], [ 23.21515363833711, 56.392425529810289 ], [ 23.21514065995834, 56.392344182607751 ], [ 23.215164974619181, 56.392230565367221 ], [ 23.215166144591251, 56.392173687217394 ], [ 23.21507983415994, 56.392095939193673 ], [ 23.214846358492267, 56.392049765588453 ], [ 23.214581995064908, 56.39208059777097 ], [ 23.214353920868948, 56.392127912288373 ], [ 23.214258948709023, 56.392115120885954 ], [ 23.214186704232809, 56.392065904124102 ], [ 23.214166152175807, 56.391996698583995 ], [ 23.214094912233822, 56.391898729078562 ], [ 23.214038071181136, 56.391813040540917 ], [ 23.213944439082447, 56.391735245313136 ], [ 23.213850053994619, 56.391694014531254 ], [ 23.213747423439099, 56.391697427206573 ], [ 23.213739512626631, 56.39172581983874 ], [ 23.213730848315066, 56.391790776985118 ], [ 23.213861606393856, 56.391844428176633 ], [ 23.213882743754166, 56.391885194699547 ], [ 23.213845031481902, 56.39193777796882 ], [ 23.213800580272721, 56.391961875727347 ], [ 23.213683383066954, 56.391961132758681 ], [ 23.213494277564788, 56.39189492162177 ], [ 23.213306010382766, 56.391788082963309 ], [ 23.213241930265557, 56.391698284879865 ], [ 23.213221045016855, 56.391645330078354 ], [ 23.213083131349912, 56.391583506293458 ], [ 23.212908091587082, 56.391545826278026 ], [ 23.212736253895613, 56.391496637552052 ] ] ] } },
{ "type": "Feature", "properties": { "fid": 85, "nosaukums": "Tērvete", "posmaID": 6, "gadsAvotos": 1964, "kolhozs": "Zaļenieku", "regulets1940": null, "garums": 1567, "udenskratuve": null, "piezimes": null }, "geometry": { "type": "MultiLineString", "coordinates": [ [ [ 23.411167747864901, 56.497656681362301 ], [ 23.410871292893592, 56.497770728944474 ], [ 23.410401682726501, 56.497965450453641 ], [ 23.410180681957435, 56.497964401336127 ], [ 23.409702057974414, 56.497948545176826 ], [ 23.409565841445893, 56.498022602807801 ], [ 23.409465086135778, 56.49818511658107 ], [ 23.409414813691324, 56.498259582574171 ], [ 23.409242606204906, 56.498279137840818 ], [ 23.408542870547965, 56.498269016885558 ], [ 23.408407602056396, 56.498281955500588 ], [ 23.408394689831436, 56.498322642185222 ], [ 23.408565101257921, 56.49841853270636 ], [ 23.408564044377872, 56.498486441299974 ], [ 23.40847704144457, 56.498553940674597 ], [ 23.408194224282234, 56.498579759116872 ], [ 23.408133574568794, 56.498531930630847 ], [ 23.408110287804448, 56.498450323327432 ], [ 23.408062233691993, 56.498382180729173 ], [ 23.408001055517499, 56.498368306472116 ], [ 23.40790230292275, 56.498401792639093 ], [ 23.407641925383004, 56.498563544033701 ], [ 23.407481675990518, 56.498603527973515 ], [ 23.407433093362346, 56.498569339425053 ], [ 23.407409808080772, 56.498487731993926 ], [ 23.407510467103986, 56.498332010773886 ], [ 23.407400706977576, 56.498283947683696 ], [ 23.406982516029966, 56.498329491598888 ], [ 23.406710069142424, 56.498477600708227 ], [ 23.406463236823839, 56.498557917974516 ], [ 23.406461857988994, 56.49864619911056 ], [ 23.406485141328425, 56.498727806713227 ], [ 23.406680211934514, 56.498817026270622 ], [ 23.406948528245962, 56.498933760663171 ], [ 23.406984196928306, 56.499008635929044 ], [ 23.406970859027343, 56.499076485884189 ], [ 23.406785096320235, 56.499177469396173 ], [ 23.406379066945455, 56.49922986073846 ], [ 23.406305822002111, 56.499202345262844 ], [ 23.406246234733985, 56.499086607304761 ], [ 23.406139233255843, 56.498861980850435 ], [ 23.406078055018718, 56.498848105647269 ], [ 23.405991683746862, 56.498874858131522 ], [ 23.40576812931717, 56.499036781686812 ], [ 23.405559188203892, 56.499049364776702 ], [ 23.405192969269304, 56.498911784556647 ], [ 23.405057165789533, 56.498958673788003 ], [ 23.404944110531744, 56.499121125020999 ], [ 23.404758980467268, 56.499181360366585 ], [ 23.404427043329505, 56.4992069348773 ], [ 23.404097235537741, 56.499096691438332 ], [ 23.403964199382809, 56.498967017287093 ], [ 23.403916791190785, 56.498858127985976 ], [ 23.403831483739658, 56.498816970433211 ], [ 23.403672081812239, 56.498802622621817 ], [ 23.403574923011909, 56.498734242541779 ], [ 23.403528049165448, 56.498591398825987 ], [ 23.403468258114099, 56.498489241250141 ], [ 23.403347077675047, 56.498386788805213 ], [ 23.40328750068949, 56.498271049434472 ], [ 23.403177639455738, 56.498229773477249 ], [ 23.402980019681685, 56.498303528901104 ], [ 23.402879448899665, 56.498452455559303 ], [ 23.402987070066715, 56.498636339679358 ], [ 23.403010239252151, 56.498724738769852 ], [ 23.402984402917252, 56.498806110984432 ], [ 23.402652894881033, 56.498804517352667 ], [ 23.40240776055289, 56.498776172908713 ], [ 23.402025644548335, 56.498869413254681 ], [ 23.401667227541758, 56.499017097498999 ], [ 23.401528745665487, 56.499233754113511 ], [ 23.401454541592173, 56.499267353433261 ], [ 23.401283395440228, 56.499218989148275 ], [ 23.400882068974656, 56.498972565128284 ], [ 23.400746795427029, 56.498985495389157 ], [ 23.400733232222784, 56.499066926349222 ], [ 23.400744225322399, 56.49914847576634 ], [ 23.400743154437539, 56.499216384255533 ], [ 23.400644393278458, 56.499249864629981 ], [ 23.400583109325609, 56.499242777573215 ], [ 23.400510082838654, 56.499201676992023 ], [ 23.400424671179405, 56.499167307956874 ], [ 23.400387836618584, 56.499167130170676 ], [ 23.400276797079279, 56.499200550988235 ], [ 23.400214227077377, 56.499274953928882 ], [ 23.400139271387303, 56.499356088396603 ], [ 23.399867648515581, 56.499449855620426 ], [ 23.399644493814797, 56.499584604688785 ], [ 23.39945838726112, 56.49970594973037 ], [ 23.399234639119342, 56.499878047706382 ], [ 23.399245736583918, 56.499952806392912 ], [ 23.399306377335844, 56.500000639188045 ], [ 23.399132868292181, 56.500101670559879 ], [ 23.398911748132171, 56.500107392214964 ], [ 23.398705485350408, 56.499950192617177 ], [ 23.398670584358136, 56.499827779099483 ], [ 23.398648606734742, 56.49966467993228 ], [ 23.398711825162792, 56.499549532716948 ], [ 23.398786461960793, 56.499488771658811 ], [ 23.398786999157608, 56.49945481742796 ], [ 23.398738960530977, 56.499386671267409 ], [ 23.398605404337765, 56.499290945651715 ], [ 23.398593770953426, 56.499250141134077 ], [ 23.398607016397953, 56.499189082958722 ], [ 23.398583642237163, 56.499114264767528 ], [ 23.398559945732991, 56.499059819110265 ], [ 23.398635978842147, 56.498910777131925 ], [ 23.398588371056629, 56.498815467522483 ], [ 23.398502962010216, 56.498781097169484 ], [ 23.398416585595143, 56.498807844376181 ], [ 23.398329348910476, 56.498888918292614 ], [ 23.398266022907226, 56.499010856171459 ], [ 23.398179753349222, 56.499030812365056 ], [ 23.397922127648563, 56.499015981283726 ], [ 23.397567461345286, 56.498925974068918 ] ] ] } },
{ "type": "Feature", "properties": { "fid": 86, "nosaukums": "Tērvete", "posmaID": 7, "gadsAvotos": 1968, "kolhozs": "Nākotne", "regulets1940": true, "garums": 2439, "udenskratuve": null, "piezimes": null }, "geometry": { "type": "MultiLineString", "coordinates": [ [ [ 23.561065140597478, 56.61087065287613 ], [ 23.560844868321386, 56.611571762881731 ], [ 23.560838928711831, 56.612083534606541 ], [ 23.560894530299056, 56.613004957545272 ], [ 23.561011228875742, 56.613232020273365 ], [ 23.561301056619413, 56.613393891440587 ], [ 23.561734786665646, 56.613724429204836 ], [ 23.561904528522316, 56.613951677851979 ], [ 23.562020643636625, 56.614229916772842 ], [ 23.562190897060717, 56.614413298880393 ], [ 23.562533691269905, 56.614582664769294 ], [ 23.56281036105414, 56.614737174777083 ], [ 23.562875052590162, 56.614876317106585 ], [ 23.562886453664664, 56.615037206185271 ], [ 23.562871842758238, 56.615154135974976 ], [ 23.562895320860889, 56.615417425934787 ], [ 23.56296018276862, 56.61554194616248 ], [ 23.563338466045423, 56.616084311640421 ], [ 23.563481286604478, 56.616348020134801 ], [ 23.563770895846975, 56.616531818586139 ], [ 23.564851229490351, 56.617142440094227 ], [ 23.565008081365278, 56.617340393979987 ], [ 23.565137489895413, 56.617618676239154 ], [ 23.56521553924517, 56.617750552620471 ], [ 23.565584142421383, 56.617985801929187 ], [ 23.566098531964517, 56.618228869816171 ], [ 23.56636273662048, 56.618317526464857 ], [ 23.56680016725451, 56.618333672506957 ], [ 23.567304151940828, 56.618328114483909 ], [ 23.568126473198728, 56.618316348213284 ], [ 23.568510111862771, 56.61839810338298 ], [ 23.568838876550149, 56.618640516155956 ], [ 23.568941712846478, 56.61892601358808 ], [ 23.569002602334972, 56.619401459775183 ], [ 23.569497032555951, 56.620236660566782 ], [ 23.569589112441548, 56.620302780844781 ], [ 23.569787532276461, 56.620347334759693 ], [ 23.570093123010125, 56.620297211568023 ], [ 23.570252257984073, 56.620297761169276 ], [ 23.570410147519564, 56.62040797592433 ], [ 23.570514245579883, 56.620583806647971 ], [ 23.570782281082938, 56.621505956320739 ], [ 23.571523040623383, 56.62284647812421 ], [ 23.571800138580343, 56.622971723997047 ], [ 23.573594977305845, 56.623760195839296 ], [ 23.575071831411396, 56.624525622418581 ], [ 23.576462289694586, 56.625904886665332 ], [ 23.577565621011704, 56.626873727932875 ], [ 23.577564641005367, 56.626961460207028 ], [ 23.5773363816607, 56.627209269495687 ], [ 23.577294547597148, 56.627391909921819 ], [ 23.577671929597692, 56.628043896587023 ], [ 23.577946964453563, 56.628359215312742 ], [ 23.578325536910121, 56.628501630874261 ] ] ] } },
{ "type": "Feature", "properties": { "fid": 87, "nosaukums": "Ālave", "posmaID": 44, "gadsAvotos": 1963, "kolhozs": "Kroņauce", "regulets1940": null, "garums": 1075, "udenskratuve": null, "piezimes": null }, "geometry": { "type": "MultiLineString", "coordinates": [ [ [ 23.319806333530387, 56.530858605274013 ], [ 23.319795686790766, 56.530821011609717 ], [ 23.319921208404157, 56.530765395430798 ], [ 23.319933312304286, 56.530721670367633 ], [ 23.319900026854775, 56.53068395283325 ], [ 23.319787506377036, 56.530645801656632 ], [ 23.319776971819969, 56.530601952703705 ], [ 23.319834465020666, 56.530552220163486 ], [ 23.319857664024685, 56.53052106762479 ], [ 23.31985833657701, 56.530483535908111 ], [ 23.3198246030198, 56.53047083949734 ], [ 23.319757135973202, 56.530445446648393 ], [ 23.319690005375165, 56.530401287904972 ], [ 23.319544425448161, 56.530312908336953 ], [ 23.319500606603086, 56.530231341719777 ], [ 23.319490072488932, 56.530187492740687 ], [ 23.319581186465051, 56.530156712101096 ], [ 23.319660420534856, 56.53015714586347 ], [ 23.319705136568157, 56.530188670136241 ], [ 23.319760835527035, 56.530239022205549 ], [ 23.319817431415792, 56.530239331959457 ], [ 23.319863268577855, 56.530208303312016 ], [ 23.319864165295915, 56.530158261020475 ], [ 23.319830768310027, 56.530126798751951 ], [ 23.319822251571949, 56.529970354641421 ], [ 23.319778096210865, 56.529907553977075 ], [ 23.319689561691444, 56.529794463173722 ], [ 23.319577829001805, 56.529712524802228 ], [ 23.31945388055863, 56.529680566641659 ], [ 23.319375320495524, 56.529642601031952 ], [ 23.31933015667575, 56.529636097785229 ], [ 23.319216854515624, 56.529641733098295 ], [ 23.319147818472221, 56.529703913925204 ], [ 23.319021625893761, 56.529797061052818 ], [ 23.319043253971806, 56.529853482663164 ], [ 23.319087856918664, 56.529891262443179 ], [ 23.319064545452598, 56.529928670126417 ], [ 23.318928267482992, 56.529952946995493 ], [ 23.31886068970374, 56.529933808946922 ], [ 23.318748397040611, 56.529883146261994 ], [ 23.318578947909202, 56.529863449611099 ], [ 23.318488732352652, 56.529844187237316 ], [ 23.318320069930675, 56.52978070323924 ], [ 23.318230191774774, 56.529742674823794 ], [ 23.318117001516729, 56.52974205384821 ], [ 23.317809589019365, 56.529840461246039 ], [ 23.31756011996616, 56.529864115254597 ], [ 23.317435947766981, 56.52984466565271 ], [ 23.317346407859915, 56.529787870749345 ], [ 23.317302819361149, 56.52969379279596 ], [ 23.317224261433076, 56.529655825831732 ], [ 23.31699855684473, 56.529617050246848 ], [ 23.316818353793185, 56.529566012578513 ], [ 23.316785072450017, 56.529528294212781 ], [ 23.31679740473896, 56.529472058887798 ], [ 23.316922588531607, 56.529435211574949 ], [ 23.317217668418099, 56.529393041733137 ], [ 23.317342514039705, 56.529374959846898 ], [ 23.317343414052651, 56.529324917574804 ], [ 23.317287382109612, 56.529293330277667 ], [ 23.31715223063172, 56.529255052364995 ], [ 23.317073673759609, 56.529217085305454 ], [ 23.316813452428519, 56.529209399210124 ], [ 23.316576544692303, 56.52916430535852 ], [ 23.316318013876391, 56.52906278897953 ], [ 23.316240472376141, 56.528968523848093 ], [ 23.316265926891628, 56.52881226631532 ], [ 23.316357941445553, 56.528731445764308 ], [ 23.316347749354904, 56.528668830667854 ], [ 23.316235351111708, 56.528624421002547 ], [ 23.316134046411189, 56.528592584085295 ], [ 23.316089447928523, 56.528554803248099 ], [ 23.316124418220014, 56.52849869255369 ], [ 23.316215981575521, 56.528442893236189 ], [ 23.316194133117438, 56.528398981700079 ], [ 23.31609294175534, 56.528360889466221 ], [ 23.315900525409422, 56.52835983045415 ], [ 23.315867020547412, 56.528334622406312 ], [ 23.315867809729841, 56.528290835424336 ], [ 23.315925868165554, 56.52820982826141 ], [ 23.315961176549258, 56.528134951759441 ], [ 23.315905598442697, 56.528078342706422 ], [ 23.315883412341002, 56.528053196964855 ], [ 23.315781432938859, 56.528058891462031 ], [ 23.315701865013004, 56.528077221086747 ], [ 23.31560033665367, 56.528057894302556 ], [ 23.315499936395195, 56.527976014605898 ], [ 23.315500725990329, 56.527932227624724 ], [ 23.315524716491662, 56.527857288904656 ], [ 23.315491550721614, 56.527813314905693 ], [ 23.31543540973831, 56.527787982058193 ], [ 23.315333995114731, 56.527762399774602 ], [ 23.315277290136422, 56.527768343270857 ], [ 23.315219795227009, 56.527818073720915 ], [ 23.315263827792457, 56.527887131284508 ], [ 23.315374981696749, 56.528000349937059 ], [ 23.315407244972725, 56.528094366228174 ], [ 23.31539558799334, 56.528113069727546 ], [ 23.315361293924536, 56.528131648522738 ], [ 23.315225809996992, 56.528112134370602 ], [ 23.315035088095478, 56.528017244784465 ], [ 23.314877419359146, 56.527972584358011 ], [ 23.314775327110411, 56.527984533311965 ], [ 23.314707077358911, 56.528002924704495 ], [ 23.314593440575699, 56.528027321659856 ], [ 23.314526094341382, 56.527995670698495 ], [ 23.314481724094644, 56.527945378722819 ], [ 23.314256936535646, 56.52785655592622 ], [ 23.31404324238023, 56.527780305759734 ], [ 23.313953147147529, 56.527754784823415 ], [ 23.313907873455125, 56.527754534893141 ], [ 23.313850942129886, 56.527772988300306 ], [ 23.313737757848383, 56.5277723633505 ], [ 23.313670638981645, 56.52772820136525 ], [ 23.313671543778899, 56.527678159118153 ], [ 23.313627627460491, 56.52760284571476 ], [ 23.313583937541793, 56.527515021733471 ], [ 23.313585294897067, 56.527439958361398 ], [ 23.313620041631026, 56.527396358930332 ], [ 23.313733790228628, 56.527365707578184 ], [ 23.313870288304102, 56.527328925817393 ], [ 23.31393898945824, 56.527285513753853 ], [ 23.313951325206396, 56.52722927869943 ], [ 23.31389563835917, 56.527178924031546 ], [ 23.313829990274712, 56.527053443467175 ], [ 23.313774982322052, 56.526965557053977 ], [ 23.313673910308751, 56.526921207575072 ], [ 23.313572386082271, 56.52690187914056 ], [ 23.31335790663757, 56.526869414771063 ], [ 23.313291016119599, 56.526812742016602 ], [ 23.313270190427541, 56.526712532433216 ], [ 23.313316594409066, 56.526650229778205 ], [ 23.313401362054396, 56.526538378066505 ] ] ] } },
{ "type": "Feature", "properties": { "fid": 89, "nosaukums": "Auce", "posmaID": 23, "gadsAvotos": 1963, "kolhozs": "Īle", "regulets1940": true, "garums": 3781, "udenskratuve": false, "piezimes": null }, "geometry": { "type": "MultiLineString", "coordinates": [ [ [ 23.036005478901348, 56.534975843236481 ], [ 23.035739524932612, 56.535053118698805 ], [ 23.035575797802746, 56.535187329389707 ], [ 23.035515121683687, 56.535348393652562 ], [ 23.035415671129311, 56.535550843441271 ], [ 23.035317808855645, 56.535690775760891 ], [ 23.0352584553615, 56.535799742064057 ], [ 23.035102297332632, 56.53600696222292 ], [ 23.035173885686486, 56.536158631445282 ], [ 23.035266054161614, 56.536242719846634 ], [ 23.035443214840672, 56.536322256990147 ], [ 23.035817322813575, 56.536445008344153 ], [ 23.036079742455801, 56.536509573518764 ], [ 23.036200332779053, 56.536588670823576 ], [ 23.036216676337233, 56.536687802917065 ], [ 23.036072463395978, 56.536796111528126 ], [ 23.0358716758513, 56.536903981130557 ], [ 23.035821221464769, 56.537033859947002 ], [ 23.03586664553637, 56.537101952822859 ], [ 23.035827076125653, 56.537174597185377 ], [ 23.035675152416228, 56.537215105018028 ], [ 23.035589496563389, 56.537245705262769 ], [ 23.035560150059275, 56.53728716401519 ], [ 23.035606103617791, 56.537334417860386 ], [ 23.035604514640763, 56.537396935228358 ], [ 23.035508502228684, 56.537463930715994 ], [ 23.035194560011014, 56.537570921107779 ], [ 23.035081410492573, 56.537570042734195 ], [ 23.03495922936818, 56.537553461708065 ], [ 23.034722573578399, 56.53758809965494 ], [ 23.034569321460879, 56.537680703913558 ], [ 23.034417394393394, 56.537721210194086 ], [ 23.034293224130632, 56.53778277519001 ], [ 23.034310623943572, 56.537840229274067 ], [ 23.034431745072489, 56.5378984891667 ], [ 23.034524181212703, 56.537972158546793 ], [ 23.034522855548214, 56.538024256331546 ], [ 23.034475179067911, 56.538044729211904 ], [ 23.034390183301838, 56.538049279724902 ], [ 23.034069191163383, 56.538062417977322 ], [ 23.033964540957371, 56.538098080304771 ], [ 23.033935059364431, 56.538144748437013 ], [ 23.034065875420815, 56.538192662418972 ], [ 23.034093102243098, 56.538234560475736 ], [ 23.034024179225501, 56.538348662619121 ], [ 23.033929222810468, 56.538373978640294 ], [ 23.033816070939547, 56.538373099106856 ], [ 23.033571306671629, 56.538355563767681 ], [ 23.033296927332731, 56.538389905699283 ], [ 23.033191346240759, 56.53846203580148 ], [ 23.033217377549999, 56.53855082202962 ], [ 23.033354968863431, 56.538703005622217 ], [ 23.03357729354752, 56.538861058723093 ], [ 23.033935888883633, 56.539223392144578 ], [ 23.034146534821801, 56.539469937141597 ], [ 23.034152516170629, 56.539605464607675 ], [ 23.034101786945342, 56.539745762190677 ], [ 23.034034452872756, 56.539797346987953 ], [ 23.033864320698616, 56.539811657099335 ], [ 23.033619547134261, 56.539794121827541 ], [ 23.033326829014431, 56.539807478049312 ], [ 23.033175423139078, 56.539827143664382 ], [ 23.033059744202763, 56.539925249148517 ], [ 23.03262013292133, 56.540151103999705 ], [ 23.031860700362504, 56.540343201789824 ], [ 23.0315748805588, 56.54045561298873 ], [ 23.031409120124231, 56.540667964519841 ], [ 23.031258625907839, 56.541021126623143 ], [ 23.031151836176736, 56.541140142861373 ], [ 23.030987933308953, 56.541279557003421 ], [ 23.030918862259252, 56.541398867088724 ], [ 23.030849657682751, 56.541523386901737 ], [ 23.030735165478539, 56.541574602230014 ], [ 23.030621871049028, 56.541578929526445 ], [ 23.030480552541515, 56.54157261652081 ], [ 23.030366858625896, 56.541592572892249 ], [ 23.029880594042982, 56.541797210973712 ], [ 23.029860268233485, 56.541854371220865 ], [ 23.029876597330869, 56.541953504015623 ], [ 23.029977665334115, 56.542058508940841 ], [ 23.030022152371775, 56.54216307225866 ], [ 23.029963839074686, 56.542230357690549 ], [ 23.02978399775591, 56.542255008109862 ], [ 23.029660737895782, 56.542280099984303 ], [ 23.029546241803608, 56.542331314197995 ], [ 23.029346072848835, 56.54241312416444 ], [ 23.029033672431158, 56.542457581511727 ], [ 23.028569452099891, 56.54253732731911 ], [ 23.02831483286521, 56.542535337152259 ], [ 23.028060480616507, 56.542522926934524 ], [ 23.027872007375429, 56.542516242250542 ], [ 23.027787668414582, 56.542494739386306 ], [ 23.027760579084202, 56.542447630225929 ], [ 23.027818095560232, 56.542411604431223 ], [ 23.027894739525344, 56.542365306584159 ], [ 23.027886644224353, 56.542313135186539 ], [ 23.027823435899872, 56.542203213850215 ], [ 23.027730201490044, 56.542160798133118 ], [ 23.027541596565104, 56.542159322718547 ], [ 23.027363356896583, 56.542121452461934 ], [ 23.027223105669464, 56.542073457636882 ], [ 23.02707262292817, 56.542056647423067 ], [ 23.026884018557752, 56.542055171012521 ], [ 23.026674949795847, 56.542116063785819 ], [ 23.026474508456534, 56.542208288638932 ], [ 23.026433578671348, 56.542333027495708 ], [ 23.026403282264077, 56.542410952340489 ], [ 23.026288781411203, 56.542462163536115 ], [ 23.026185047920652, 56.542461350887905 ], [ 23.026119570673629, 56.542439994655972 ], [ 23.026121041841325, 56.54238268727606 ], [ 23.026123181711938, 56.542299331086099 ], [ 23.026038977989536, 56.542272617277774 ], [ 23.025888896320527, 56.542240176345267 ], [ 23.025257604356067, 56.542214384174443 ], [ 23.025153469951885, 56.542229199949489 ], [ 23.025076956822311, 56.542270286336404 ], [ 23.025056757410592, 56.542322236007713 ], [ 23.025064982706812, 56.542369197815987 ], [ 23.025149185949541, 56.542395912282082 ], [ 23.025262215667407, 56.542402009505906 ], [ 23.025441123699096, 56.542413833967323 ], [ 23.025515495521063, 56.542456103530796 ], [ 23.025523052287582, 56.542529114113712 ], [ 23.025426607554252, 56.542611730934411 ], [ 23.025332036329619, 56.542621411032421 ], [ 23.025190982631106, 56.542604672483016 ], [ 23.02510798383793, 56.542531070203331 ], [ 23.025014350001115, 56.542504281739411 ], [ 23.024957768055117, 56.542503837907198 ], [ 23.024890416667731, 56.542555417668481 ], [ 23.024840988361362, 56.542643613677313 ], [ 23.024887068850404, 56.542685661661658 ], [ 23.024875897588316, 56.542753314556748 ], [ 23.024768949027425, 56.542877534951955 ], [ 23.024652167474098, 56.543017310530004 ], [ 23.024433123476317, 56.543098964529932 ], [ 23.024243844053704, 56.543123532888764 ], [ 23.024131214419135, 56.543101805458399 ], [ 23.024057647065273, 56.543028276523501 ], [ 23.02394689443646, 56.542933612313789 ], [ 23.023881953860208, 56.542891415874308 ], [ 23.023731469404524, 56.542874601611665 ], [ 23.023655221602276, 56.542905267594151 ], [ 23.023624784937237, 56.542988401490852 ], [ 23.023585051769363, 56.543066251542768 ], [ 23.023508937567403, 56.543091707675579 ], [ 23.023442924304689, 56.543091189065947 ], [ 23.023283813608948, 56.543043041627726 ], [ 23.023172526276063, 56.542969215762376 ], [ 23.023042244375858, 56.542900451316449 ], [ 23.022854172810565, 56.542878129751415 ], [ 23.022655597299853, 56.542897411802244 ], [ 23.022323250252981, 56.54298338198678 ], [ 23.022171557556643, 56.543013453635318 ], [ 23.021907505168837, 56.543011376147632 ], [ 23.021709600252336, 56.543004607909332 ], [ 23.021606402881371, 56.542982952417631 ], [ 23.02156800929345, 56.543008704267947 ], [ 23.021566799955657, 56.543055592055985 ], [ 23.021583914065364, 56.543123467323014 ], [ 23.021524509330316, 56.543232426761108 ], [ 23.02129468280215, 56.543366098502332 ], [ 23.021200377521975, 56.543365355938633 ], [ 23.021144735370047, 56.543328442092978 ], [ 23.021025230908631, 56.543207652275512 ], [ 23.020857902574107, 56.543112539689545 ], [ 23.020716983571518, 56.543090586311983 ], [ 23.0206695622925, 56.54310063432667 ], [ 23.02064935639839, 56.543152583252493 ], [ 23.020749998480063, 56.543273224841009 ], [ 23.020860206202187, 56.543388730881233 ], [ 23.020905610838987, 56.543456829088463 ], [ 23.020867081825223, 56.543487790469811 ], [ 23.020810498482298, 56.543487344744953 ], [ 23.020717134343748, 56.543450133545136 ], [ 23.020652196501409, 56.543407935431134 ], [ 23.02057688671697, 56.543402131243319 ], [ 23.020482581367428, 56.543401388134789 ], [ 23.020434621524405, 56.543432275066564 ], [ 23.020423307561192, 56.543505137277265 ], [ 23.020418195374088, 56.543703107851819 ], [ 23.0203703696335, 56.543728785003992 ], [ 23.020295193806781, 56.543717770892023 ], [ 23.020201829613519, 56.543680559306367 ], [ 23.020204117155778, 56.543591993529198 ], [ 23.020122067939894, 56.543481919696191 ], [ 23.019972794190871, 56.543418213118343 ], [ 23.019907722634624, 56.543381224369661 ], [ 23.01987161578813, 56.543318409916012 ], [ 23.019817724964813, 56.543213768712718 ], [ 23.019436326973779, 56.543007538875557 ], [ 23.019270215695194, 56.542865536407511 ], [ 23.019023139235223, 56.542571781156589 ], [ 23.018828875277251, 56.542424345073947 ], [ 23.018716655148356, 56.542386983501572 ], [ 23.018643908307773, 56.542282192893069 ], [ 23.018656707724919, 56.542152023586112 ], [ 23.018593122137791, 56.54205772689857 ], [ 23.018433887191357, 56.542014783031007 ], [ 23.018236392623354, 56.541992380031502 ], [ 23.018096423219404, 56.541933955449544 ], [ 23.017938672856491, 56.541833703703361 ], [ 23.01790418912946, 56.541708371683228 ], [ 23.017898670188217, 56.541557214433126 ], [ 23.017835896721216, 56.541431658860283 ], [ 23.017639349862392, 56.541372786673861 ], [ 23.017426912073894, 56.54119915060614 ], [ 23.017075321820979, 56.540935829959444 ], [ 23.01678085557937, 56.540652116899672 ], [ 23.016401931000715, 56.540352102335319 ], [ 23.016124172030416, 56.540151892943946 ], [ 23.016013852947843, 56.540041592475767 ], [ 23.015894239978913, 56.539926007502743 ], [ 23.01584911879149, 56.539847487976466 ], [ 23.015879164469681, 56.539779985236962 ], [ 23.015834178624836, 56.539696255956038 ], [ 23.015703380650084, 56.539648322859811 ], [ 23.01546912805313, 56.539589148567742 ], [ 23.015003194887914, 56.539371813471327 ], [ 23.014693103195487, 56.539327669128639 ], [ 23.01460029653283, 56.53926961437962 ], [ 23.01451840814164, 56.539154327114233 ], [ 23.014398261171888, 56.539059579696911 ], [ 23.014266519744353, 56.539048113322188 ], [ 23.013982282788092, 56.539097966989225 ], [ 23.013811740258991, 56.539127878876023 ], [ 23.013529127576369, 56.539115214558684 ], [ 23.013272771080921, 56.539180920343846 ], [ 23.013082013520417, 56.539262778952462 ], [ 23.012929515310706, 56.539324097830615 ], [ 23.012674376535173, 56.53934291467742 ], [ 23.012448068453352, 56.539341116791981 ], [ 23.012221624762429, 56.539344528237329 ], [ 23.012031678096299, 56.539395126765463 ], [ 23.011887657427209, 56.53949298750409 ], [ 23.011687330057228, 56.539579978730686 ], [ 23.011545886661377, 56.539578853974398 ], [ 23.011366996548901, 56.53956700956968 ], [ 23.011131529236959, 56.539554714797568 ], [ 23.010791386223339, 56.539578062296705 ], [ 23.010469150784754, 56.539638027184729 ], [ 23.010353957536697, 56.539715272376171 ], [ 23.010257623036622, 56.539792667633705 ], [ 23.009963537864458, 56.539858066196729 ], [ 23.009822093505502, 56.539856939475435 ], [ 23.009738178747014, 56.539819795196415 ], [ 23.009720679329419, 56.53976754755768 ], [ 23.009770410839966, 56.539668938154378 ], [ 23.009734596230349, 56.539595701312791 ], [ 23.009547365107984, 56.53954210125557 ], [ 23.009368475825479, 56.539530253977198 ], [ 23.009225536190019, 56.539586433699533 ], [ 23.009280072912027, 56.539665030745844 ], [ 23.009382573991804, 56.539712745116283 ], [ 23.009409366494832, 56.539770277691041 ], [ 23.009350748414992, 56.539847972837777 ], [ 23.009189356447489, 56.539888372985089 ], [ 23.009057749854925, 56.539871691349042 ], [ 23.00896454228759, 56.539829261634566 ], [ 23.008805191599265, 56.539791515224863 ], [ 23.008701329832334, 56.539795897749229 ], [ 23.008550047729397, 56.539810323586138 ], [ 23.008408875931092, 56.539798775784391 ], [ 23.00833466463294, 56.539751286316871 ], [ 23.008232981885772, 56.539672312669651 ], [ 23.008150022472016, 56.539598699170746 ], [ 23.008027710690207, 56.539587301430856 ], [ 23.007932461599669, 56.539623016985566 ], [ 23.007874658137851, 56.539669453014078 ], [ 23.007761094535613, 56.539684178956755 ], [ 23.007648075906459, 56.539678065854247 ], [ 23.007545304559972, 56.539640769531431 ], [ 23.007422720239891, 56.539639790666641 ], [ 23.007129449463662, 56.539673924104143 ], [ 23.006865285137053, 56.539677024479715 ], [ 23.006489193747615, 56.539632332269463 ], [ 23.006263293726757, 56.539614893918056 ], [ 23.006093152340611, 56.539629165983129 ], [ 23.005950344022281, 56.53968013218703 ], [ 23.00581805703381, 56.539689495790377 ], [ 23.005695882219488, 56.53967288602513 ], [ 23.005564824155215, 56.53963536176952 ], [ 23.005480777523214, 56.539603424363243 ], [ 23.005273464064381, 56.539596554575709 ], [ 23.005036632446334, 56.539636345578344 ], [ 23.004800210304019, 56.539660506935348 ], [ 23.004488624738382, 56.539673644207262 ], [ 23.004081512523893, 56.539732912746189 ], [ 23.003324819959552, 56.539815431401607 ], [ 23.003068715079994, 56.539870696598236 ], [ 23.002934236138387, 56.539963412771577 ], [ 23.002856608307145, 56.54004616324594 ], [ 23.002722402110205, 56.540128459728976 ], [ 23.002416132138674, 56.540297959253998 ], [ 23.002088244614004, 56.540452983612418 ] ] ] } },
{ "type": "Feature", "properties": { "fid": 90, "nosaukums": "Bikstupe", "posmaID": 38, "gadsAvotos": 1964, "kolhozs": "Biksti", "regulets1940": true, "garums": 1249, "udenskratuve": false, "piezimes": null }, "geometry": { "type": "MultiLineString", "coordinates": [ [ [ 22.99742217, 56.709226009999973 ], [ 22.997166332829931, 56.709303193378261 ], [ 22.996635904909738, 56.709298923569641 ], [ 22.996203803245407, 56.709159965607867 ], [ 22.995943585754365, 56.708970284278188 ], [ 22.995833809372765, 56.708823500327497 ], [ 22.995665260078212, 56.70874919228708 ], [ 22.99532538660787, 56.708704766993264 ], [ 22.99517633781706, 56.708609772732373 ], [ 22.995179948276665, 56.708474323829556 ], [ 22.995221167713161, 56.708349599569921 ], [ 22.995393879346008, 56.708267620995713 ], [ 22.995417820520551, 56.708080229055362 ], [ 22.995270440123807, 56.707922720017464 ], [ 22.995007735922947, 56.70782680907157 ], [ 22.994574267708519, 56.707739941240447 ], [ 22.994387060655448, 56.707655059492737 ], [ 22.994333289085944, 56.707539990264529 ], [ 22.994357790909955, 56.707331760231469 ], [ 22.994362237951673, 56.707165053896546 ], [ 22.994157481468168, 56.707027923200933 ], [ 22.993893117939649, 56.706994524796222 ], [ 22.993799795013246, 56.706941664305077 ], [ 22.993746026231609, 56.706826594820171 ], [ 22.993813993825832, 56.706764615322555 ], [ 22.994004392570794, 56.706729677749315 ], [ 22.994140187338555, 56.706610928000785 ], [ 22.99411441461918, 56.706511716745361 ], [ 22.994011482349144, 56.706463989528693 ], [ 22.993755898853003, 56.70645671517233 ], [ 22.993291114372205, 56.706479014492466 ], [ 22.992827303606457, 56.706464845078848 ], [ 22.992657935572208, 56.706421790427335 ], [ 22.992536202263281, 56.706368699293172 ], [ 22.992547622461935, 56.706295841876845 ], [ 22.992673670696636, 56.706187436295778 ], [ 22.992743030757676, 56.706073361665403 ], [ 22.992660296396917, 56.705978900314918 ], [ 22.992387166684363, 56.705919374317581 ], [ 22.992228108200283, 56.705845138249209 ], [ 22.992183816765156, 56.705730144690705 ], [ 22.992253177447957, 56.70561607032694 ], [ 22.992274765163881, 56.705517241668922 ], [ 22.992257355002934, 56.705459783195678 ], [ 22.992153453101345, 56.705448521452041 ], [ 22.992039662477101, 56.705452811721969 ], [ 22.991974758755198, 56.705400179708327 ], [ 22.991996207783863, 56.705306560668085 ], [ 22.992045651524215, 56.705228800174659 ], [ 22.992047044313466, 56.705176704464748 ], [ 22.992048854932495, 56.705108980041203 ], [ 22.992135624600486, 56.705052364234142 ], [ 22.992174761327938, 56.705005784506717 ], [ 22.992138549171852, 56.704942963236697 ], [ 22.992034091612599, 56.704952539682935 ], [ 22.991928380355365, 56.705009002180255 ], [ 22.99174704131574, 56.705059641961483 ], [ 22.991595786455729, 56.705047996574422 ], [ 22.991549825706407, 56.704995517631346 ], [ 22.991533392321763, 56.704901592063926 ], [ 22.991526151101631, 56.704818162285704 ], [ 22.991594676028132, 56.704735345696612 ], [ 22.991727545380588, 56.704725999527412 ], [ 22.991811946394922, 56.70475794664673 ], [ 22.991887433968028, 56.704768978801468 ], [ 22.991964593041015, 56.704717496055686 ], [ 22.991928660091723, 56.704644255581364 ], [ 22.991826432211077, 56.704570478716676 ], [ 22.991693842079091, 56.704569405851643 ], [ 22.991626711015087, 56.704600126791249 ], [ 22.991521836236846, 56.704625331523744 ], [ 22.991428522481716, 56.704572469268939 ], [ 22.991373788668987, 56.704493865748319 ], [ 22.991422257077929, 56.704452572487057 ], [ 22.9915659895773, 56.704391207437496 ], [ 22.991596073653803, 56.70432892252596 ], [ 22.991627550947722, 56.704214541894963 ], [ 22.991564182655122, 56.704104604383453 ], [ 22.991489253906835, 56.704072733752554 ], [ 22.991289953225913, 56.704086752585205 ], [ 22.99113744782586, 56.704121992789808 ], [ 22.9910147481549, 56.704105367176261 ], [ 22.990865310026532, 56.704025996501905 ], [ 22.990764062045145, 56.70391575178072 ], [ 22.990768106054439, 56.703764674248198 ], [ 22.990846101197736, 56.703681934763509 ], [ 22.990950416101036, 56.703677568870482 ], [ 22.991063504444423, 56.703699327429199 ], [ 22.991120745659892, 56.703684158816351 ], [ 22.991199158025754, 56.703585790393603 ], [ 22.991201527605064, 56.703497227686022 ], [ 22.991107798877554, 56.703459993906094 ], [ 22.990976188602275, 56.703422453294586 ], [ 22.990940677046986, 56.703333583818839 ], [ 22.990962266824567, 56.70323475535978 ], [ 22.99095502714605, 56.703151325531792 ], [ 22.990880519088872, 56.703103825825551 ], [ 22.990644597049123, 56.703070650707609 ], [ 22.990418006271835, 56.703042761448685 ], [ 22.990325534994444, 56.702958640952424 ], [ 22.990329580613658, 56.702807563416911 ], [ 22.990472857153783, 56.702613706593297 ] ] ] } },
{ "type": "Feature", "properties": { "fid": 91, "nosaukums": "Bikstupe", "posmaID": 38, "gadsAvotos": 1964, "kolhozs": "Biksti", "regulets1940": true, "garums": 6649, "udenskratuve": false, "piezimes": null }, "geometry": { "type": "MultiLineString", "coordinates": [ [ [ 22.98874222, 56.698636849999978 ], [ 22.988595996611398, 56.698575439111274 ], [ 22.988463148210503, 56.69858478202368 ], [ 22.988414823936633, 56.698620864616828 ], [ 22.988432225199563, 56.698678323657802 ], [ 22.988555045798471, 56.698689742191945 ], [ 22.988706134490211, 56.698706600760246 ], [ 22.988742614450555, 56.698759003906773 ], [ 22.988694429925676, 56.698789877036475 ], [ 22.988575908411597, 56.698971289626741 ], [ 22.988478141072672, 56.699085131437563 ], [ 22.988373698863377, 56.699094704877837 ], [ 22.988270933819582, 56.699041763389275 ], [ 22.988320656381962, 56.698953585154179 ], [ 22.988265378012251, 56.698895818530524 ], [ 22.988180713534753, 56.698874288175993 ], [ 22.988047584386724, 56.698894049780883 ], [ 22.98799646321234, 56.699034323602937 ], [ 22.98791847156815, 56.69911706137686 ], [ 22.987833247481763, 56.699116369063766 ], [ 22.987758331775638, 56.699084496209935 ], [ 22.987770178342121, 56.69899601046378 ], [ 22.98777423358883, 56.698844932950529 ], [ 22.98774708431797, 56.698797816028616 ], [ 22.987652811251209, 56.698781417952773 ], [ 22.987566329155829, 56.698827611583326 ], [ 22.987490015503447, 56.698847834260853 ], [ 22.987423870468362, 56.698842086004959 ], [ 22.987255242359478, 56.698772976255327 ], [ 22.987161109492511, 56.698751368239627 ], [ 22.987037169637556, 56.698781624879288 ], [ 22.986939678067767, 56.698885046335299 ], [ 22.986843025749504, 56.69895721030413 ], [ 22.986766711451324, 56.698977432535941 ], [ 22.986653919743123, 56.698945250984472 ], [ 22.986580825387673, 56.698845653047336 ], [ 22.986553537606611, 56.698803745438219 ], [ 22.986420827942283, 56.69880787660054 ], [ 22.986277248568161, 56.698864026247833 ], [ 22.986163617273803, 56.698863101656741 ], [ 22.986003199938882, 56.698840953375424 ], [ 22.985947785206804, 56.698788395302252 ], [ 22.985854633762987, 56.69873031933593 ], [ 22.985684607820815, 56.69871330313574 ], [ 22.985419469252708, 56.698711144337935 ], [ 22.985276309311104, 56.698751664131571 ], [ 22.984990829827971, 56.698801445831172 ], [ 22.984848230045817, 56.698821126869738 ], [ 22.984780823237561, 56.698862263294991 ], [ 22.9848175783663, 56.698904248441465 ], [ 22.984900978869163, 56.69897266715769 ], [ 22.984899155836427, 56.699040391499111 ], [ 22.984765463413513, 56.699080987846806 ], [ 22.984604484897705, 56.699079676022521 ], [ 22.984207895962715, 56.699034757644817 ], [ 22.983923255161912, 56.699053279503033 ], [ 22.983779530775351, 56.699114635816386 ], [ 22.983529115499863, 56.699268914334773 ], [ 22.98324419168792, 56.699297853757798 ], [ 22.982884495990941, 56.699289707196087 ], [ 22.982703453630251, 56.699329914793907 ], [ 22.982512379234954, 56.699390883038177 ], [ 22.982294583138078, 56.699389104223123 ], [ 22.98202250209285, 56.699293088750444 ], [ 22.981882711971828, 56.699208575185338 ], [ 22.981866445688297, 56.69910943879124 ], [ 22.981831522204587, 56.698999728509754 ], [ 22.981804942906791, 56.698931772080883 ], [ 22.981749393247938, 56.69888442172121 ], [ 22.981628825104984, 56.698789643530226 ], [ 22.981621888190283, 56.698695794057983 ], [ 22.981670781739652, 56.698638875884107 ], [ 22.981663141354019, 56.698571074211053 ], [ 22.981588794736826, 56.698518359427702 ], [ 22.981438132207636, 56.698485863563306 ], [ 22.981221045103048, 56.698458035092635 ], [ 22.981041271872083, 56.698451354256079 ], [ 22.980843264353851, 56.698418470453333 ], [ 22.980768919186801, 56.698365755184597 ], [ 22.980828127457361, 56.698277657451975 ], [ 22.980925352586176, 56.69818465994009 ], [ 22.980908807671643, 56.698095942533399 ], [ 22.980759977822277, 56.697995721587397 ], [ 22.980574821775527, 56.697837885414678 ], [ 22.980501323126699, 56.697753912634298 ], [ 22.980484920223461, 56.697659985610713 ], [ 22.980553456136125, 56.697577175039626 ], [ 22.98075469734934, 56.697490239428014 ], [ 22.980813341097655, 56.697422979923005 ], [ 22.98074917079186, 56.697344294302269 ], [ 22.980532372426229, 56.697306045532997 ], [ 22.980268230222119, 56.697267408895819 ], [ 22.979816966471326, 56.697143868223066 ], [ 22.979561449201924, 56.697136564974976 ], [ 22.979342538394643, 56.697176457505961 ], [ 22.979162912650633, 56.697164564423396 ], [ 22.97905013291583, 56.697132376021393 ], [ 22.979033169748639, 56.697059287038819 ], [ 22.979091956903378, 56.696986818790982 ], [ 22.979235257689346, 56.696941096534481 ], [ 22.979368102465752, 56.696931763446592 ], [ 22.979455295031475, 56.696859527724335 ], [ 22.979428862461869, 56.696786361228206 ], [ 22.979233685181345, 56.696649283740101 ], [ 22.979065364021597, 56.696569743855079 ], [ 22.978942271216386, 56.696568735111398 ], [ 22.978883484435947, 56.69664120329471 ], [ 22.978871617832919, 56.696729688157362 ], [ 22.978784847655639, 56.696786294799615 ], [ 22.97865186217048, 56.696800836823606 ], [ 22.978491175905514, 56.696789098022755 ], [ 22.978482836036918, 56.696747343937716 ], [ 22.978551233553105, 56.696669744022095 ], [ 22.978591365832564, 56.696586701632505 ], [ 22.978469966291804, 56.696523177743714 ], [ 22.978291473008689, 56.696469606964676 ], [ 22.97791272703812, 56.696466500400618 ], [ 22.977686326788699, 56.696433378578405 ], [ 22.977394635322263, 56.696363245454961 ], [ 22.977129937833787, 56.696345440412209 ], [ 22.976930390316902, 56.696369855528616 ], [ 22.976777054948457, 56.696436335586689 ], [ 22.976625132668687, 56.696450719918822 ], [ 22.976522250016416, 56.696402978355728 ], [ 22.976440425670049, 56.696277248991109 ], [ 22.976320586203652, 56.696156417934397 ], [ 22.976142239166862, 56.696097634536919 ], [ 22.975952302351995, 56.696116916349581 ], [ 22.975638425099305, 56.696166443183031 ], [ 22.975390544012644, 56.696226933432747 ], [ 22.975256002179346, 56.696298776902857 ], [ 22.975186466098442, 56.696418051401778 ], [ 22.975250481658477, 56.696501949403377 ], [ 22.975372158744186, 56.696555057307194 ], [ 22.975513764145123, 56.696571853955454 ], [ 22.97556011691141, 56.696608710112343 ], [ 22.975587390888265, 56.696650620094452 ], [ 22.975529446642753, 56.696691829361498 ], [ 22.975262624496256, 56.696752163617617 ], [ 22.975167937376629, 56.696751384780363 ], [ 22.975046259950673, 56.696698276677537 ], [ 22.975000615520212, 56.696635372578022 ], [ 22.974906778306959, 56.696603336239427 ], [ 22.974783119080353, 56.696623161588541 ], [ 22.974639530893722, 56.696679297811762 ], [ 22.974535375283889, 56.696678440566679 ], [ 22.974461042379936, 56.696625721563116 ], [ 22.974453556989776, 56.696552709924156 ], [ 22.974427417676857, 56.696469123298911 ], [ 22.974351951922305, 56.696458080629569 ], [ 22.9742572655679, 56.696457301102868 ], [ 22.974094314804898, 56.696528909433027 ], [ 22.973818306389401, 56.696578743526139 ], [ 22.973701988845065, 56.696676789020557 ], [ 22.973642766525163, 56.696764883338574 ], [ 22.973441654748239, 56.696846597880075 ], [ 22.973269090181777, 56.696923336643771 ], [ 22.973179616205346, 56.697078920751132 ], [ 22.972930873958365, 56.697170663345837 ], [ 22.972607373297823, 56.697225313977924 ], [ 22.972359764353431, 56.697275379053011 ], [ 22.972206417293975, 56.697341853434345 ], [ 22.97210013004694, 56.697419137328957 ], [ 22.972043316826149, 56.697418668589769 ], [ 22.971901709842285, 56.697401867993527 ], [ 22.971837984305317, 56.69730754921455 ], [ 22.971803517733655, 56.69718220756635 ], [ 22.971646951645802, 56.697019383135526 ], [ 22.971505772558924, 56.696986953459628 ], [ 22.971267632518551, 56.697037094531986 ], [ 22.971226773090457, 56.69714618221753 ], [ 22.971205135306452, 56.697245007178282 ], [ 22.971118921001256, 56.697280770255837 ], [ 22.970777190008864, 56.697309212011696 ], [ 22.970512346965609, 56.697296602442677 ], [ 22.9703727323704, 56.697206866513383 ], [ 22.970318053066372, 56.697128253848739 ], [ 22.970375861424621, 56.69709225657386 ], [ 22.970462075995322, 56.69705649401039 ], [ 22.970444702860764, 56.696999032546401 ], [ 22.970332215623085, 56.696956417194713 ], [ 22.970087593119501, 56.696897077355416 ], [ 22.969900495164193, 56.69681215906634 ], [ 22.969864897090396, 56.696728493234907 ], [ 22.970056974058142, 56.696631077587782 ], [ 22.970221070849583, 56.696517798224541 ], [ 22.970289484889342, 56.696440202901272 ], [ 22.970188886366778, 56.696309103445948 ], [ 22.969959570410307, 56.69603625036072 ], [ 22.969818965668136, 56.695982980614957 ], [ 22.969707051422471, 56.69591952653424 ], [ 22.969670885318365, 56.695856698810815 ], [ 22.969738587720446, 56.695805151495271 ], [ 22.969890936791206, 56.695775146929975 ], [ 22.969931087130988, 56.695692107383358 ], [ 22.969829922636912, 56.695581845807226 ], [ 22.969662053155268, 56.695486664663697 ], [ 22.969588868058306, 56.695392266432371 ], [ 22.969638486977743, 56.695309305285576 ], [ 22.96972412890829, 56.695294381382979 ], [ 22.969771470558015, 56.695294772872572 ], [ 22.969791972519332, 56.69523762448668 ], [ 22.969777447240872, 56.695075972050695 ], [ 22.969866503510318, 56.694936019001553 ], [ 22.969963035484533, 56.694869077780389 ], [ 22.970096586412357, 56.694833706837223 ], [ 22.970258826177606, 56.694788151440015 ], [ 22.970355499296755, 56.694716000364757 ], [ 22.970453736302332, 56.694586544217671 ], [ 22.970571193249533, 56.694446825368161 ], [ 22.970583647278033, 56.694337503149683 ], [ 22.970462837319513, 56.694253133328637 ], [ 22.970160143570261, 56.694240210105498 ], [ 22.969990287448894, 56.694217963029068 ], [ 22.96978568980305, 56.694080792576166 ], [ 22.969674777385858, 56.69398087165726 ], [ 22.969533753692286, 56.693943230233636 ], [ 22.969381981157738, 56.693952396221299 ], [ 22.969332363495639, 56.694035357288215 ], [ 22.96926124693795, 56.694211933448813 ], [ 22.969165427326089, 56.694252826418975 ], [ 22.969013226254265, 56.69427762058141 ], [ 22.96890074872935, 56.6942350039537 ], [ 22.968912353028379, 56.6941569391727 ], [ 22.968953358210264, 56.694042642663739 ], [ 22.968822800008532, 56.693968611993334 ], [ 22.96863301277169, 56.693982673136304 ], [ 22.968565027240949, 56.694044638957045 ], [ 22.968563460146836, 56.694101943922703 ], [ 22.968429340471495, 56.694158151398874 ], [ 22.968258488228056, 56.694172368759759 ], [ 22.968137113933189, 56.694108834868771 ], [ 22.968129641231265, 56.694035822866454 ], [ 22.968085151765546, 56.693931239926172 ], [ 22.967840980099325, 56.693856267105367 ], [ 22.96756726478289, 56.6938227347527 ], [ 22.967394702268631, 56.693899465423456 ], [ 22.967372771160459, 56.694008708821208 ], [ 22.967396325938402, 56.694186068623431 ], [ 22.967391904540101, 56.69434756437127 ], [ 22.967023128642658, 56.69467278274508 ], [ 22.966807978971062, 56.69492111333868 ], [ 22.966558807434172, 56.695028471853952 ], [ 22.966301165670853, 56.695099284540333 ], [ 22.966336326001574, 56.695198579990965 ], [ 22.966293169847894, 56.69539101864757 ], [ 22.966354593887061, 56.695568692829632 ], [ 22.966389183692968, 56.695688826409516 ], [ 22.966206998982834, 56.695770686356497 ], [ 22.96607429802658, 56.695774795879082 ], [ 22.965952065314859, 56.695742517091027 ], [ 22.965907579939465, 56.695637933415988 ], [ 22.965740005893576, 56.695532327950112 ], [ 22.965580043661696, 56.695494524846929 ], [ 22.965306032701132, 56.69547140657177 ], [ 22.965049100363402, 56.695516168966442 ], [ 22.964894174955131, 56.695639939232727 ], [ 22.964796059125021, 56.695764181360957 ], [ 22.964743568956894, 56.695951331223206 ], [ 22.964806559493006, 56.696071701251391 ], [ 22.964748032419568, 56.696133743606232 ], [ 22.964633981063415, 56.696148428013657 ], [ 22.964462546262428, 56.696183478262931 ], [ 22.964413916146317, 56.696229970555763 ], [ 22.964440176126466, 56.696308349670538 ], [ 22.964599425525329, 56.696372201910165 ], [ 22.964862115149025, 56.696462967033966 ], [ 22.964888805170521, 56.696525717452609 ], [ 22.9648304205109, 56.696582550305436 ], [ 22.964696715488017, 56.696623125087442 ], [ 22.964565012590647, 56.696590766254019 ], [ 22.964491695138626, 56.696501574617052 ], [ 22.964387826457742, 56.696490289824141 ], [ 22.964292424987836, 56.696515550391652 ], [ 22.96423346714953, 56.696593221094403 ], [ 22.964288276043913, 56.69666662685443 ], [ 22.964399611105698, 56.696750923903267 ], [ 22.964472642730613, 56.696850534658417 ], [ 22.964575511224581, 56.69689828611758 ], [ 22.964687705694683, 56.696951325710188 ], [ 22.964695601281775, 56.697008709262668 ], [ 22.964599483565877, 56.697060017726422 ], [ 22.964446552967104, 56.697110853913301 ], [ 22.96431399019059, 56.697109752009489 ], [ 22.964161345184543, 56.697150168778421 ], [ 22.964137971797737, 56.697311506833614 ], [ 22.964238122623602, 56.697458239684721 ], [ 22.964425067862045, 56.697548375966505 ], [ 22.964741146388754, 56.697764642355217 ], [ 22.964767265072616, 56.697848230921096 ], [ 22.964736570007599, 56.697931347407319 ], [ 22.964584351214057, 56.697956136080805 ], [ 22.964404583609863, 56.697949431258138 ], [ 22.964264265843401, 56.697885736197996 ], [ 22.964075745193451, 56.697852904525057 ], [ 22.963941319236401, 56.697919526127443 ], [ 22.963793988378224, 56.698111097578035 ], [ 22.963782085884326, 56.698199580852631 ], [ 22.963866019049341, 56.698247175388225 ], [ 22.964045644857368, 56.69825909052382 ], [ 22.964222981413393, 56.698354357907036 ], [ 22.964286403440912, 56.698459099566051 ], [ 22.964254848308897, 56.698573473109079 ], [ 22.96406188784762, 56.698702136877763 ], [ 22.963879110948103, 56.698804831434444 ], [ 22.963451708526691, 56.698848172859968 ], [ 22.963262610913038, 56.698836178066287 ], [ 22.963122005328461, 56.698782900782966 ], [ 22.962904500605891, 56.698770669030409 ], [ 22.962572792626457, 56.698778328910279 ], [ 22.962412246535319, 56.698761359835132 ], [ 22.96222487007423, 56.698686849130361 ], [ 22.962074797378676, 56.698633491798311 ], [ 22.961980249325656, 56.698627493394923 ], [ 22.961808370541224, 56.698678168511414 ], [ 22.961766621387451, 56.698818510123814 ], [ 22.961847111353226, 56.69899113466132 ], [ 22.961994603984596, 56.699138263760233 ], [ 22.961973227623915, 56.699226667940216 ], [ 22.96182057154747, 56.699267081787781 ], [ 22.961708087413779, 56.699224458676007 ], [ 22.961673509426394, 56.699104323906219 ], [ 22.961600050565465, 56.69902034013711 ], [ 22.961496893180154, 56.698983005283246 ], [ 22.961391440314461, 56.699029022767043 ], [ 22.96134194178827, 56.699106770970666 ], [ 22.961188567984387, 56.699173231674472 ], [ 22.961139355881524, 56.69924056074197 ], [ 22.961166902688944, 56.699272054760385 ], [ 22.961251695912683, 56.699288393890861 ], [ 22.961393592044708, 56.699294787542655 ], [ 22.961582117504417, 56.699327623284056 ], [ 22.961674228707086, 56.699422183946275 ], [ 22.961670642597234, 56.699552422107494 ], [ 22.961487998549455, 56.69964990357802 ], [ 22.961184116739009, 56.699678634619481 ], [ 22.960891139420163, 56.699655348643368 ], [ 22.960588118699729, 56.699652821080264 ], [ 22.960371471587116, 56.699609327745705 ], [ 22.960207768416396, 56.699535011550083 ], [ 22.960066158931081, 56.699518197497945 ], [ 22.959980503645824, 56.699533114703051 ], [ 22.959932151026667, 56.699569186139072 ], [ 22.959789679310742, 56.699583628913395 ], [ 22.959534724850993, 56.699555446458049 ], [ 22.958929548267211, 56.699519126872332 ], [ 22.958798847196068, 56.699450295286702 ], [ 22.958697993117401, 56.69932960577578 ], [ 22.958786093751616, 56.699226127580374 ], [ 22.958806902223728, 56.699158562062259 ], [ 22.958769888216018, 56.699126988393694 ], [ 22.958534163881012, 56.699088543128624 ], [ 22.958186968023583, 56.698971004495021 ], [ 22.958067034858317, 56.698855365636376 ], [ 22.958003629489671, 56.698750620878336 ], [ 22.95798728225288, 56.698656691111623 ], [ 22.958077830144948, 56.698464651546395 ], [ 22.958071671584236, 56.698344753366037 ], [ 22.958027349053964, 56.698234957467342 ], [ 22.957963225071492, 56.698156260290226 ], [ 22.957831666666127, 56.698118684827051 ], [ 22.957547740596322, 56.698111098803679 ], [ 22.957346298974784, 56.698203206234503 ], [ 22.957191769428348, 56.698311338177447 ], [ 22.957009264013369, 56.698403603561644 ], [ 22.956752302014873, 56.698448348717072 ], [ 22.956610265778423, 56.698447159311918 ], [ 22.956450805069569, 56.698391111177166 ], [ 22.956405333889311, 56.698322990869499 ], [ 22.956501610069168, 56.69826647927092 ], [ 22.95663489725095, 56.698241541904942 ], [ 22.95671266721348, 56.698169242987468 ], [ 22.956847683155416, 56.698081791158003 ], [ 22.956888441069026, 56.697977917879726 ], [ 22.956843113688471, 56.697904588206413 ], [ 22.956739819981756, 56.697872458955231 ], [ 22.956551017799924, 56.697850034959664 ], [ 22.956371252268895, 56.69784331855297 ], [ 22.956267814954284, 56.69781639843125 ], [ 22.956213452636192, 56.697727360650397 ], [ 22.956264257498606, 56.697602728827349 ], [ 22.956352793204243, 56.697483623776073 ], [ 22.956413642713706, 56.697338233123773 ], [ 22.956557980989924, 56.697256070420735 ], [ 22.956748077219057, 56.697231608715427 ], [ 22.957062131653963, 56.697176920083272 ], [ 22.957253379501775, 56.69711078143677 ], [ 22.957369740974848, 56.697012751466815 ], [ 22.957627268411507, 56.69694716690217 ], [ 22.957807893704157, 56.696922624349675 ], [ 22.958010047008518, 56.696804468511758 ], [ 22.958241900106657, 56.696639664154631 ], [ 22.958339895889758, 56.696520636815308 ], [ 22.958293416241769, 56.696488983836531 ], [ 22.958179649188477, 56.696493243274944 ], [ 22.958055837803197, 56.696518261514299 ], [ 22.957990133336438, 56.696496869092712 ], [ 22.957879245267414, 56.696396937799243 ], [ 22.957882268237551, 56.696287537819735 ], [ 22.95793421713725, 56.696121229076041 ], [ 22.957849177024357, 56.695771399028132 ], [ 22.957778036493792, 56.695604060642118 ], [ 22.957705744824406, 56.695478398399665 ], [ 22.957527142327059, 56.695430007512691 ], [ 22.957317398898159, 56.695480359577836 ], [ 22.957267608674758, 56.695568525238073 ], [ 22.957046811074157, 56.695676102340677 ], [ 22.95685456154699, 56.695778707361562 ], [ 22.956759877420481, 56.695777914544422 ], [ 22.956714696991899, 56.695699375287752 ], [ 22.95672892089528, 56.695527540365376 ], [ 22.956714595634171, 56.695360677096112 ], [ 22.956604146627015, 56.695245116108744 ], [ 22.956342782944997, 56.695107447967146 ], [ 22.955938244370259, 56.695010265324107 ], [ 22.955799538430362, 56.694889256064513 ], [ 22.955608929147509, 56.69459064673508 ], [ 22.955375833570113, 56.694458424212343 ], [ 22.954990962264656, 56.69433534969366 ], [ 22.954728311404121, 56.694244563866732 ], [ 22.954483298133535, 56.694200822075537 ], [ 22.954263800658012, 56.6942615086001 ], [ 22.954120624628501, 56.694301992561449 ], [ 22.953959523576593, 56.694305850738303 ], [ 22.953828560592463, 56.694247433016372 ], [ 22.953839618085134, 56.694190207825599 ], [ 22.953823283065709, 56.694096277489393 ], [ 22.953691598433448, 56.694063907214812 ], [ 22.953510406077793, 56.694109281920625 ], [ 22.953376842384341, 56.694144635040388 ], [ 22.953119182259439, 56.694215420407893 ], [ 22.953005566152292, 56.694214465629329 ], [ 22.952837022270547, 56.694145309555523 ], [ 22.952610079839747, 56.694132980349828 ], [ 22.952495451220827, 56.694168491718138 ], [ 22.952455119535145, 56.694256735046345 ], [ 22.952518502055209, 56.694361482619136 ], [ 22.952553914741891, 56.694450362804432 ], [ 22.952550876528996, 56.694559762630746 ], [ 22.952508808339445, 56.69471052015421 ], [ 22.952466739806521, 56.694861277658639 ], [ 22.952369308736944, 56.694959462298449 ], [ 22.952263856136366, 56.695005472086486 ], [ 22.952045942686034, 56.695008850006232 ], [ 22.951752283560232, 56.695011590246501 ], [ 22.951447852705662, 56.695061135725886 ], [ 22.95136805135629, 56.6952063645614 ], [ 22.951288104530171, 56.695356802852956 ], [ 22.951247623858055, 56.695450255271304 ], [ 22.951160525672663, 56.695517261568305 ], [ 22.951074586271531, 56.695542591705099 ], [ 22.950979902912248, 56.695541794497828 ], [ 22.950942754093852, 56.695515428034803 ], [ 22.950926135946343, 56.695431916386909 ], [ 22.950785415665759, 56.695383834774788 ], [ 22.950691167529772, 56.695367408814107 ], [ 22.950589480524961, 56.695277969866538 ], [ 22.950431274475644, 56.695177633232248 ], [ 22.950367461475739, 56.695088513161529 ], [ 22.950255147813841, 56.695040670263118 ], [ 22.950113124703844, 56.695039473498014 ], [ 22.949855597454334, 56.695105042550352 ], [ 22.949692316473655, 56.695187037851028 ], [ 22.9495213077156, 56.695206438980875 ], [ 22.949285762607893, 56.69516276680838 ], [ 22.949213209839154, 56.695047518755317 ], [ 22.949149980538149, 56.694937560032194 ], [ 22.949163077395934, 56.694807402155149 ], [ 22.949136559910819, 56.694739438941689 ], [ 22.949033136318658, 56.694712512850302 ], [ 22.948880920453828, 56.694737282360258 ], [ 22.948822804951575, 56.694783688630721 ], [ 22.948698557465722, 56.694824326102655 ], [ 22.948489967727472, 56.694832987210795 ], [ 22.948283847455432, 56.694753086330323 ], [ 22.948268107131401, 56.694638317290746 ], [ 22.948234011848591, 56.694502550351324 ], [ 22.94809315319749, 56.694459675224735 ], [ 22.947903937419657, 56.694452866718834 ], [ 22.947752157898602, 56.694462006328578 ], [ 22.947610573158411, 56.694445178196268 ], [ 22.947536137081297, 56.694397652773112 ], [ 22.947510640415949, 56.694293222669664 ], [ 22.947476257407299, 56.694167874541314 ], [ 22.947355499950536, 56.694083482504283 ], [ 22.947100737649151, 56.694050065243736 ], [ 22.946504111419344, 56.694050232203594 ], [ 22.945782945833383, 56.694101449881927 ], [ 22.94488130399861, 56.694171977977483 ], [ 22.944519917419793, 56.694226234896767 ], [ 22.944365950951592, 56.694313512915464 ], [ 22.944128959106656, 56.694321926048822 ], [ 22.943798745910609, 56.694277441065722 ], [ 22.94356511026313, 56.694166034603079 ], [ 22.943303218131618, 56.694049177289152 ], [ 22.943019763985919, 56.69402592977579 ], [ 22.942744755921694, 56.694039228464611 ], [ 22.942572288390298, 56.69411071505975 ], [ 22.942483717332774, 56.694229810250221 ], [ 22.942481234206426, 56.694318371731569 ], [ 22.942347951747184, 56.694343293987842 ], [ 22.94178860851267, 56.69436459785264 ], [ 22.941239610123539, 56.694354722687237 ], [ 22.940992418022311, 56.694389096869642 ], [ 22.940783097571813, 56.694423792558162 ], [ 22.940622287494399, 56.694417214489796 ], [ 22.940529509655185, 56.694348685908217 ], [ 22.940654642183258, 56.694276799632014 ], [ 22.940751077717195, 56.694215090721769 ], [ 22.940723990581482, 56.694167963753181 ], [ 22.940639071587238, 56.694156820210459 ], [ 22.940431215601031, 56.694139420354681 ], [ 22.940243613075115, 56.694075295774589 ], [ 22.940112818699518, 56.69401165421899 ], [ 22.939991199850823, 56.69395851207527 ], [ 22.939821802595418, 56.693920595453299 ], [ 22.939660701937161, 56.693924435141014 ], [ 22.939364706793604, 56.694010498119063 ], [ 22.939036349880173, 56.694236974816477 ], [ 22.938623949571955, 56.694421048755515 ], [ 22.938202223841618, 56.694599831123696 ], [ 22.93815253688259, 56.694682779503452 ], [ 22.938159218315604, 56.694781840534993 ], [ 22.938270342524543, 56.694871370210699 ], [ 22.938373612120603, 56.694903514700655 ], [ 22.93864624, 56.695022809999983 ] ] ] } },
{ "type": "Feature", "properties": { "fid": 92, "nosaukums": "Blīdene", "posmaID": 104, "gadsAvotos": 1971, "kolhozs": "Blīdene", "regulets1940": false, "garums": 8876, "udenskratuve": false, "piezimes": null }, "geometry": { "type": "MultiLineString", "coordinates": [ [ [ 22.850737194903878, 56.636754637642539 ], [ 22.850655105783495, 56.636871188901807 ], [ 22.850652096127504, 56.636970167241408 ], [ 22.85055566169963, 56.637031806935497 ], [ 22.85032672128979, 56.637097433597816 ], [ 22.850257536960729, 56.637195800696865 ], [ 22.850293766010868, 56.637248243826733 ], [ 22.850378529828632, 56.637259448428409 ], [ 22.850483309531704, 56.637234361880971 ], [ 22.85057847727915, 56.63721439733488 ], [ 22.850681197515797, 56.637257032637123 ], [ 22.850697411562152, 56.637345766775255 ], [ 22.850687007719642, 56.637376935803637 ], [ 22.850629811825232, 56.637392040220234 ], [ 22.850564429778458, 56.637365382227344 ], [ 22.850471162812422, 56.637322834133521 ], [ 22.850423578786476, 56.637332816373871 ], [ 22.850375202516243, 56.637368845523007 ], [ 22.85036258015781, 56.63747294591785 ], [ 22.850276072825942, 56.637519044540191 ], [ 22.85019981111995, 56.637539183502177 ], [ 22.85010559324996, 56.637527891445046 ], [ 22.850013435868071, 56.637448877316359 ], [ 22.849762948315053, 56.637290237366869 ], [ 22.849747053545212, 56.637191084346284 ], [ 22.849749114424181, 56.637123362348554 ], [ 22.849712252114859, 56.63709175660037 ], [ 22.849599604422306, 56.637064661286523 ], [ 22.849486164069596, 56.637063612791508 ], [ 22.849427699595459, 56.637120391728281 ], [ 22.849426272435583, 56.637167276183071 ], [ 22.849424052400554, 56.637240207556438 ], [ 22.849222041629542, 56.637352978772796 ], [ 22.849020664177935, 56.637444912123023 ], [ 22.849018443336988, 56.637517843482733 ], [ 22.849093278026331, 56.637544589693292 ], [ 22.849282189068916, 56.637551547117013 ], [ 22.84937545524572, 56.637594096097061 ], [ 22.849382530007048, 56.637672324235105 ], [ 22.849313976526265, 56.637749853253759 ], [ 22.849247008784509, 56.637775288402715 ], [ 22.849143019852306, 56.637774326983973 ], [ 22.849078431331566, 56.637721621299633 ], [ 22.848993508239804, 56.637715625193437 ], [ 22.848889519480974, 56.637714663563607 ], [ 22.848786006723774, 56.637698073700243 ], [ 22.848777346535826, 56.637671939356075 ], [ 22.848734045772243, 56.637541267625352 ], [ 22.848632437779404, 56.637462165049023 ], [ 22.848482452081154, 56.637419090796193 ], [ 22.84836901070933, 56.637418041278963 ], [ 22.84816985333423, 56.637437041900405 ], [ 22.8481112275492, 56.637499029586451 ], [ 22.84808851037543, 56.63762387976324 ], [ 22.848028455239522, 56.637732751834925 ], [ 22.848092724785644, 56.637795876819958 ], [ 22.848157470803145, 56.63784337362916 ], [ 22.84814706472655, 56.637874542433785 ], [ 22.848061347618209, 56.637894592595259 ], [ 22.847928045000103, 56.637924623977028 ], [ 22.847879506807558, 56.637965861520641 ], [ 22.847975239734421, 56.638237711778295 ], [ 22.848086460844417, 56.638311692990605 ], [ 22.848236290868925, 56.638359977107577 ], [ 22.848252340867131, 56.63845392090812 ], [ 22.848183624884498, 56.638536658660108 ], [ 22.848048573599787, 56.638623993342456 ], [ 22.847934017113356, 56.638659409074634 ], [ 22.847858387064395, 56.638658709064956 ], [ 22.847670741376607, 56.638610074425181 ], [ 22.847588199058119, 56.638525936662745 ], [ 22.847542836544527, 56.638462986480064 ], [ 22.847514634271828, 56.638457514514009 ], [ 22.84737266984677, 56.638461410862469 ], [ 22.846972594814311, 56.638556711703366 ], [ 22.846572994705266, 56.63863638311669 ], [ 22.846246637728136, 56.638794894923571 ], [ 22.846059063449189, 56.639053698698923 ], [ 22.845989387219056, 56.639167691463825 ], [ 22.845770038988171, 56.639228187909396 ], [ 22.845618776732746, 56.639226785205793 ], [ 22.845477923160995, 56.639194213754848 ], [ 22.845326979358418, 56.639182391947593 ], [ 22.845212896155275, 56.639202177031592 ], [ 22.845200895581193, 56.639285439315536 ], [ 22.845263093904954, 56.639416287603204 ], [ 22.845143597923538, 56.639613191341745 ], [ 22.844883882328453, 56.639756685333587 ], [ 22.844674142202564, 56.639812058179025 ], [ 22.844589374412895, 56.639800849681123 ], [ 22.844505721546287, 56.639753175517164 ], [ 22.844507154949376, 56.639706291163066 ], [ 22.844538065168873, 56.639623204474077 ], [ 22.844512251458653, 56.639539591234325 ], [ 22.844418667477985, 56.639507457371721 ], [ 22.844286471384834, 56.639501019203038 ], [ 22.844152841509306, 56.639541465244008 ], [ 22.844036207325512, 56.63964459919471 ], [ 22.843921803369632, 56.639674801829244 ], [ 22.843818128129584, 56.639663417198562 ], [ 22.843679027698773, 56.639573540628135 ], [ 22.843494730453635, 56.639415502906807 ], [ 22.843261730371029, 56.639303909992599 ], [ 22.843112381424142, 56.639239991794099 ], [ 22.842989480917261, 56.639238849487569 ], [ 22.842911617066079, 56.6393110776513 ], [ 22.842927494710125, 56.639410231442369 ], [ 22.842925899880647, 56.639462325142617 ], [ 22.842821428045774, 56.639476986534639 ], [ 22.842546625555894, 56.63949527497541 ], [ 22.84202570088209, 56.639521695143955 ], [ 22.841478489518337, 56.639480127389028 ], [ 22.841309915664937, 56.639426449793511 ], [ 22.841302537925404, 56.639358640019061 ], [ 22.841360858363412, 56.639307074349624 ], [ 22.841550415318146, 56.63929320606605 ], [ 22.841768014526661, 56.639290020134041 ], [ 22.8418832171368, 56.639233772638079 ], [ 22.841884973014363, 56.639176469586786 ], [ 22.841886409636643, 56.639129585271647 ], [ 22.841773601954927, 56.639107692250604 ], [ 22.841584525006873, 56.639105932775045 ], [ 22.8413113216914, 56.639072124821368 ], [ 22.841036361720125, 56.639095619305337 ], [ 22.840857218021299, 56.639078318647336 ], [ 22.840726781707815, 56.639014573675091 ], [ 22.840738152912355, 56.638952149324219 ], [ 22.84082547393815, 56.638880010568492 ], [ 22.840874500263791, 56.638823147717247 ], [ 22.840856711067641, 56.638786506079384 ], [ 22.840753678331527, 56.63875428144145 ], [ 22.840471504025306, 56.638704755512521 ], [ 22.840340110640788, 56.638672266335696 ], [ 22.840312708469444, 56.638640745912177 ], [ 22.840314626525995, 56.638578233521244 ], [ 22.840528041650803, 56.638403052580877 ], [ 22.840672083692912, 56.638331442272523 ], [ 22.840673841346302, 56.638274139237367 ], [ 22.840581062781133, 56.638215955674838 ], [ 22.840448712093238, 56.63821472281667 ], [ 22.8402868816822, 56.638249691148808 ], [ 22.840275030434945, 56.638327743561518 ], [ 22.840273272173423, 56.638385046588112 ], [ 22.84023417874366, 56.638426369190654 ], [ 22.840195884494943, 56.638441644951136 ], [ 22.840082440385679, 56.638440587870512 ], [ 22.839960501923287, 56.638408186390656 ], [ 22.839906338208674, 56.638324307910374 ], [ 22.839889989231217, 56.638240781847223 ], [ 22.839722062834475, 56.638166264660697 ], [ 22.839393266177392, 56.638095458230154 ], [ 22.838811304983814, 56.637954548322362 ], [ 22.838630887220265, 56.637978919391927 ], [ 22.838327252727463, 56.638012562031754 ], [ 22.838258996261818, 56.638079666137465 ], [ 22.838294248767379, 56.638163368863275 ], [ 22.838378690762738, 56.638185000353921 ], [ 22.838482040078503, 56.638206808220367 ], [ 22.838547094807623, 56.638243891253261 ], [ 22.838581387650073, 56.638358850076145 ], [ 22.838579306667299, 56.638426571793872 ], [ 22.838502876901185, 56.638451912916587 ], [ 22.838456248909011, 56.638430634385486 ], [ 22.838383341319716, 56.63834136945659 ], [ 22.838300019769772, 56.638283272430975 ], [ 22.838196189969288, 56.638277092500147 ], [ 22.837946071267574, 56.638415450852158 ], [ 22.837866437617308, 56.638544978814508 ], [ 22.837936781714806, 56.638717593823564 ], [ 22.838150214268115, 56.63884985760243 ], [ 22.838281766474385, 56.638877139722851 ], [ 22.838432866840051, 56.638883760697766 ], [ 22.83860447557954, 56.638838464279765 ], [ 22.838840979889024, 56.638835459867217 ], [ 22.838971892455614, 56.638883578712353 ], [ 22.838988559707289, 56.638956686154152 ], [ 22.838919822585552, 56.639039418699276 ], [ 22.838775774534572, 56.639111026947511 ], [ 22.838705275967133, 56.639251062356855 ], [ 22.838778346099474, 56.639335117732045 ], [ 22.838863111070172, 56.639346330176757 ], [ 22.839015173550603, 56.639321694276084 ], [ 22.839121406461111, 56.639249733087802 ], [ 22.839216905168115, 56.639219358553191 ], [ 22.83935887315732, 56.639215471521752 ], [ 22.839498921671023, 56.639274096694855 ], [ 22.839683201447336, 56.639432140265235 ], [ 22.839755154663063, 56.639552660622897 ], [ 22.839658695931924, 56.639614291750433 ], [ 22.839525220721352, 56.639649523437321 ], [ 22.839362103504779, 56.639726165438468 ], [ 22.839331021855848, 56.639814460157346 ], [ 22.839395600253653, 56.639867170841157 ], [ 22.83960230937527, 56.639910784830363 ], [ 22.839743480306247, 56.639932944188942 ], [ 22.839805500818333, 56.640069004481489 ], [ 22.839818492115175, 56.640261927170826 ], [ 22.839815613612849, 56.640355695715016 ], [ 22.839748794833412, 56.640375916335294 ], [ 22.839625890779157, 56.640374770693469 ], [ 22.839418539211742, 56.640351994187462 ], [ 22.839285701128194, 56.640366388151158 ], [ 22.839265512873865, 56.640407886736043 ], [ 22.839234910412163, 56.640480553331095 ], [ 22.839060894598308, 56.640603991008682 ], [ 22.83894168262653, 56.640790469886618 ], [ 22.838975018659042, 56.640936684737632 ], [ 22.839066521163442, 56.641036544381905 ], [ 22.839263301949565, 56.641095698860724 ], [ 22.839384448538461, 56.64115414785276 ], [ 22.839503835881921, 56.641269899712164 ], [ 22.839642292722051, 56.641380618358447 ], [ 22.839826903100658, 56.641528242982687 ], [ 22.839891165261481, 56.641591372134819 ], [ 22.839803996054197, 56.641658300809169 ], [ 22.839585903216729, 56.641677111336804 ], [ 22.83928143979135, 56.641736802976567 ], [ 22.839052771534668, 56.641791989936607 ], [ 22.838993803923607, 56.6418643919191 ], [ 22.838962399501106, 56.641963105226708 ], [ 22.839101017285756, 56.642068615106176 ], [ 22.839220566619414, 56.642179157867908 ], [ 22.839179387850432, 56.642288201784226 ], [ 22.839054877263667, 56.642339149160172 ], [ 22.838816910432413, 56.642389038128641 ], [ 22.838510999078327, 56.642495612086734 ], [ 22.838176401561164, 56.64261233927499 ], [ 22.837708794732748, 56.642748667150371 ], [ 22.837630272578359, 56.642841729330009 ], [ 22.837646458180355, 56.642930464974228 ], [ 22.83769293100513, 56.642956953171577 ], [ 22.837825618584617, 56.642947770310521 ], [ 22.837949972638562, 56.642902033541802 ], [ 22.83810221020638, 56.642872189472634 ], [ 22.838225762922178, 56.642852499217184 ], [ 22.838319670097917, 56.642874219013535 ], [ 22.838336337743723, 56.642947326498472 ], [ 22.838239547673634, 56.643019375165657 ], [ 22.838311823234562, 56.643129477581496 ], [ 22.838442589798433, 56.643182806366553 ], [ 22.838497717774739, 56.643235429282306 ], [ 22.838505411374847, 56.643292820446725 ], [ 22.838428491295108, 56.643333789539824 ], [ 22.838238912970954, 56.643347652973574 ], [ 22.838208466239941, 56.643415109906741 ], [ 22.838300773351101, 56.643488923300986 ], [ 22.838289716952268, 56.643540928646424 ], [ 22.838079625883683, 56.643606708938641 ], [ 22.837839567058762, 56.643724317637115 ], [ 22.837697261532124, 56.643738621577221 ], [ 22.837585404075536, 56.643685468590277 ], [ 22.837512648832178, 56.643590993836327 ], [ 22.837430118488491, 56.643506849452415 ], [ 22.837307845481863, 56.643484864055822 ], [ 22.837154963612218, 56.643535544561885 ], [ 22.83710752860279, 56.643540312299933 ], [ 22.836975961072788, 56.643513028896258 ], [ 22.836844714425883, 56.643475326643404 ], [ 22.836437992344244, 56.643476736487898 ], [ 22.836248252184586, 56.64349580623842 ], [ 22.8361040215648, 56.643572620608907 ], [ 22.836111230246104, 56.643645639965463 ], [ 22.836034948701595, 56.643665770148452 ], [ 22.835930783574419, 56.643670006982092 ], [ 22.835695532888362, 56.643631330914047 ], [ 22.83551412284373, 56.643686953444096 ], [ 22.835399539354988, 56.643722357501979 ], [ 22.835321330593384, 56.643804999474632 ], [ 22.835355618431464, 56.643919959065514 ], [ 22.835371478012096, 56.644019113674965 ], [ 22.835180449980466, 56.644079856599824 ], [ 22.835124040736932, 56.644068907049885 ], [ 22.835078692516447, 56.644005952438135 ], [ 22.835071003992731, 56.643948561089005 ], [ 22.834986872295246, 56.643916508626397 ], [ 22.834845368127976, 56.643904762540956 ], [ 22.834540718708919, 56.643969651812334 ], [ 22.834358180513423, 56.644061738095395 ], [ 22.834298396834065, 56.644160184527642 ], [ 22.834193908737468, 56.644174838601415 ], [ 22.833946629669306, 56.644219420274595 ], [ 22.833699993159357, 56.644243164058118 ], [ 22.833503044065452, 56.644189210131763 ], [ 22.833323879846084, 56.644171898561851 ], [ 22.833172598470782, 56.644170480656406 ], [ 22.833012988171038, 56.644132508496192 ], [ 22.832873736396369, 56.644047829300888 ], [ 22.832687371006813, 56.643957497305443 ], [ 22.832612374491639, 56.643935950601971 ], [ 22.832469744365433, 56.643960667248649 ], [ 22.832306272288765, 56.644047718510642 ], [ 22.832152737521596, 56.644119230217818 ], [ 22.832074681861368, 56.644196660767186 ], [ 22.832128514387929, 56.644290961232421 ], [ 22.832192285293832, 56.644369722335867 ], [ 22.832212762187492, 56.644625246384521 ], [ 22.832294800334981, 56.644725022212853 ], [ 22.832292224640423, 56.644808371747303 ], [ 22.832110481965458, 56.644874407954937 ], [ 22.831911760523859, 56.644877754311487 ], [ 22.831800713170541, 56.644798549430313 ], [ 22.831631163184053, 56.644776114801658 ], [ 22.83147987948125, 56.644774694829685 ], [ 22.831176506442485, 56.644797901053416 ], [ 22.83109876966202, 56.644864912281271 ], [ 22.830870876557114, 56.644894037340897 ], [ 22.830701649113941, 56.644861182760934 ], [ 22.830571855118624, 56.644776589823444 ], [ 22.830478592686038, 56.644734026817645 ], [ 22.83039414070123, 56.644712389948964 ], [ 22.830272029249056, 56.64468518830428 ], [ 22.83018935146611, 56.644606248533037 ], [ 22.830163566287965, 56.644522632500397 ], [ 22.830117419426522, 56.6444857228283 ], [ 22.830004925348874, 56.64445340043914 ], [ 22.8298065286242, 56.644446324759926 ], [ 22.829693712258848, 56.644424420773916 ], [ 22.829619361940921, 56.644382034906691 ], [ 22.829592932770684, 56.6443192561239 ], [ 22.829491831113174, 56.644224510075162 ], [ 22.82938943894175, 56.644171438673233 ], [ 22.829354200767614, 56.644087733563239 ], [ 22.829469759152079, 56.644021079051939 ], [ 22.829575055355996, 56.643980382241288 ], [ 22.829614488913123, 56.643928644410785 ], [ 22.82958757601277, 56.643881493648706 ], [ 22.829543366742808, 56.643782071665662 ], [ 22.829469986031622, 56.643708429660919 ], [ 22.829377534351703, 56.643639819131131 ], [ 22.829284276064691, 56.643597255239868 ], [ 22.829237162815311, 56.643591601291966 ], [ 22.829094693251108, 56.643611104728173 ], [ 22.829053483692807, 56.643720145143767 ], [ 22.829058741718526, 56.643855676939495 ], [ 22.829036764670452, 56.643954476535313 ], [ 22.828959510176361, 56.64400585840648 ], [ 22.828855020497375, 56.644020507992629 ], [ 22.828686929058158, 56.643951185311792 ], [ 22.82862413506426, 56.643841166401124 ], [ 22.828693226465901, 56.643748021052417 ], [ 22.828676254215136, 56.643685331040984 ], [ 22.828563763761203, 56.643653007360129 ], [ 22.82842226267466, 56.643641253985216 ], [ 22.828185243102467, 56.643659866491319 ], [ 22.827907333524305, 56.643777099889043 ], [ 22.82763087678925, 56.643847448615183 ], [ 22.827498506990185, 56.643846201909724 ], [ 22.827414705306751, 56.643803725680854 ], [ 22.827416968366506, 56.643730794953321 ], [ 22.827419231415636, 56.643657864224828 ], [ 22.827364279977861, 56.643600027129715 ], [ 22.827270377412791, 56.643578299089967 ], [ 22.827015094660744, 56.643575893871592 ], [ 22.826853390755431, 56.643605635227047 ], [ 22.826664292308209, 56.643603853000172 ], [ 22.826552127371318, 56.643561108836394 ], [ 22.826536129356427, 56.643467162528367 ], [ 22.82651002947604, 56.643393964432896 ], [ 22.826342106945198, 56.64331942927177 ], [ 22.826220164760187, 56.643287014340885 ], [ 22.826078018493341, 56.643296095652325 ], [ 22.82601934739597, 56.643358072688422 ], [ 22.82592842708199, 56.643544806220653 ], [ 22.82567006883588, 56.64364137560861 ], [ 22.825287823271459, 56.643768040616024 ], [ 22.824762292208028, 56.643940249563713 ], [ 22.824313531240357, 56.644076705351267 ], [ 22.824027934907598, 56.644136538075436 ], [ 22.823832135385846, 56.644046103590071 ], [ 22.823676427092281, 56.643883095560795 ], [ 22.823594737923202, 56.643772895479778 ], [ 22.823472634482748, 56.643745687193992 ], [ 22.82333081029148, 56.643744346697474 ], [ 22.823179531167629, 56.643742916656485 ], [ 22.823057752623203, 56.64370528930575 ], [ 22.822918038070856, 56.643636227055445 ], [ 22.822625097969592, 56.643628245886873 ], [ 22.822426544782619, 56.64362636779741 ], [ 22.822370789354729, 56.643594575171846 ], [ 22.822316332810409, 56.643521107894721 ], [ 22.822196341861076, 56.643426177094447 ], [ 22.822066247147589, 56.643351994024769 ], [ 22.821850409883915, 56.64329784280676 ], [ 22.821453469582067, 56.643288874527371 ], [ 22.821178954661896, 56.64329669697451 ], [ 22.821034206841691, 56.643389121742295 ], [ 22.820908855682788, 56.643466097472668 ], [ 22.820805014696269, 56.643459902993506 ], [ 22.8206653051964, 56.643390838232861 ], [ 22.820476370844826, 56.643383837286535 ], [ 22.820295427774671, 56.643423809578195 ], [ 22.820292663117048, 56.643512368096943 ], [ 22.820448680464622, 56.643664961652327 ], [ 22.82058595174599, 56.643812166529507 ], [ 22.82055433502105, 56.643916084281052 ], [ 22.820486524135916, 56.643967550429529 ], [ 22.820362633522954, 56.643997641670204 ], [ 22.819950212219585, 56.644181323959536 ], [ 22.819749703841008, 56.644241953468239 ], [ 22.819588642405009, 56.644250848057013 ], [ 22.819466703108315, 56.644218426526955 ], [ 22.819346879926044, 56.644118283688513 ], [ 22.81921646292448, 56.644054516306582 ], [ 22.819077079764206, 56.643975031128655 ], [ 22.818888305644013, 56.643962818440102 ], [ 22.818328669700293, 56.644014826860662 ], [ 22.818021710367603, 56.644152606066257 ], [ 22.817789900375686, 56.644306730828433 ], [ 22.817646118403228, 56.644367895677163 ], [ 22.817437454499899, 56.64438675708589 ], [ 22.817237104104542, 56.644442173206137 ], [ 22.817140596300078, 56.644503786631702 ], [ 22.817036100795367, 56.644518426271588 ], [ 22.816894274032599, 56.6445170784312 ], [ 22.816695553456004, 56.644520400500255 ], [ 22.816503188001118, 56.64462278915839 ], [ 22.816431943843991, 56.644783648709108 ], [ 22.816307231448771, 56.644839782466349 ], [ 22.816146003505892, 56.6448538819022 ], [ 22.815909950032051, 56.644841215082856 ], [ 22.81580496336689, 56.644871481628194 ], [ 22.815765346700474, 56.644928424308659 ], [ 22.815925432430721, 56.644950790574278 ], [ 22.816019821431329, 56.644956899208061 ], [ 22.816065138923747, 56.645019860625425 ], [ 22.815997483185541, 56.645066114970795 ], [ 22.815766965427656, 56.645178561366585 ], [ 22.815723266675874, 56.645365736893453 ], [ 22.815596918439645, 56.645473963064788 ], [ 22.815521112327488, 56.645478452668478 ], [ 22.815408464659765, 56.645451326447819 ], [ 22.815325816408837, 56.645372376936962 ], [ 22.815109977463269, 56.645318214041772 ], [ 22.814758823766141, 56.645356558135504 ], [ 22.814453801903959, 56.645431816666516 ], [ 22.814262570045742, 56.64549773662042 ], [ 22.814192949481235, 56.645606501706766 ], [ 22.81414842497399, 56.645819723189703 ], [ 22.81423807502183, 56.645976903202936 ], [ 22.814234968945087, 56.646075880113834 ], [ 22.814118887063525, 56.646158148255537 ], [ 22.813966454168416, 56.646193172155179 ], [ 22.813609597678592, 56.646111608741776 ], [ 22.813556790374495, 56.645986044618809 ], [ 22.813626740601197, 56.645866861285072 ], [ 22.813610283158749, 56.645788541410489 ], [ 22.813506764228467, 56.645771922204084 ], [ 22.813382535028524, 56.645812425061592 ], [ 22.813352205560932, 56.645874666385161 ], [ 22.813256014997101, 56.64592585812494 ], [ 22.813180371341648, 56.64592513698878 ], [ 22.813049140438164, 56.645887409727166 ], [ 22.812862813836833, 56.645797048239814 ], [ 22.812684797700172, 56.645743241817605 ], [ 22.812468796772322, 56.645694283661527 ], [ 22.812299418357163, 56.645666613429945 ], [ 22.812204045691384, 56.645691757816529 ], [ 22.812105725046415, 56.645810669660968 ], [ 22.812042441340104, 56.646018500572296 ], [ 22.811945757265462, 56.646085319210222 ], [ 22.811737244974491, 56.646098961701462 ], [ 22.811492385254596, 56.646065359002122 ], [ 22.811363613680921, 56.645949490381199 ], [ 22.81129108381019, 56.645849791287738 ], [ 22.811131161007751, 56.645822209755906 ], [ 22.810971566293986, 56.645784209409207 ], [ 22.810793880848504, 56.645719981684145 ], [ 22.810727693069385, 56.645719349385082 ], [ 22.810602969171239, 56.645775477371387 ], [ 22.810589414285126, 56.645905619640118 ], [ 22.810641391735658, 56.646057231503526 ], [ 22.810674786496676, 56.646198244065324 ], [ 22.810596682657653, 56.646275660919578 ], [ 22.810415387431323, 56.64632603733871 ], [ 22.810226276491292, 56.646324230089334 ], [ 22.810048425743798, 56.646265210603737 ], [ 22.809975406561133, 56.646181138669697 ], [ 22.809920642386082, 56.64611808469121 ], [ 22.809854782095254, 56.646107033319552 ], [ 22.809722241128501, 56.646110976984779 ], [ 22.809606969954949, 56.646167194365553 ], [ 22.809510445345794, 56.646228801788922 ], [ 22.809367955949764, 56.646248282556392 ], [ 22.809246019137852, 56.64621585103486 ], [ 22.808853649917509, 56.646060982029837 ], [ 22.808649242917838, 56.645944386823849 ], [ 22.808461119648662, 56.645911321098019 ], [ 22.808383997599591, 56.645957480750006 ], [ 22.808275387294692, 56.646102345501291 ], [ 22.80819645720462, 56.64620580732953 ], [ 22.80823995572651, 56.646326073829329 ], [ 22.808190541956751, 56.646393342110152 ], [ 22.808000773474252, 56.64641236867616 ], [ 22.807821939649411, 56.646384601816848 ], [ 22.807642284146617, 56.646382881193432 ], [ 22.807233228769928, 56.646457125657022 ], [ 22.806834943397753, 56.646489785023185 ], [ 22.806728957875791, 56.64655129963672 ], [ 22.806736932833488, 56.646598273940072 ], [ 22.806896197654371, 56.646646698300664 ], [ 22.807063273806218, 56.646747306038989 ], [ 22.80710627591796, 56.646883200802726 ], [ 22.807141138318475, 56.646977330570607 ], [ 22.80701591152571, 56.647049082802752 ], [ 22.806883366998235, 56.647053023429933 ], [ 22.806665391930906, 56.647066566769546 ], [ 22.806532024579077, 56.647096553501356 ], [ 22.806418555858912, 56.647095465637669 ], [ 22.80628847981458, 56.647021266199715 ], [ 22.806132835424091, 56.646858236570417 ], [ 22.806021672049337, 56.646784218217185 ], [ 22.805917824563707, 56.646778011295197 ], [ 22.805765875647374, 56.646797397224006 ], [ 22.805650267196651, 56.646864029490366 ], [ 22.805685455271803, 56.646947741062732 ], [ 22.805815529872142, 56.647021941125651 ], [ 22.805869300634591, 56.647116252644153 ], [ 22.805791679014849, 56.647178038540773 ], [ 22.805706577313405, 56.647177222145942 ], [ 22.805470348415049, 56.647169744783689 ], [ 22.805281398311958, 56.647162720712814 ], [ 22.805156826341403, 56.647213633883155 ], [ 22.804777505554281, 56.647543488564004 ], [ 22.804635564865023, 56.647844356417792 ], [ 22.80466794982334, 56.648016626211735 ], [ 22.804971263545916, 56.648295714471949 ], [ 22.805071325657689, 56.648421735910418 ], [ 22.805209377512497, 56.648542910994387 ], [ 22.805187829489899, 56.64862607815656 ], [ 22.80513675975028, 56.64874543808255 ], [ 22.804917620870508, 56.648795443355233 ], [ 22.804619865370853, 56.648938489109128 ], [ 22.804445368126171, 56.649072296168917 ], [ 22.804461478201247, 56.649161035720759 ], [ 22.804527012514981, 56.649182508536143 ], [ 22.80466902096904, 56.649178661246204 ], [ 22.804793435306806, 56.649132957900179 ], [ 22.804898277768871, 56.649107910038978 ], [ 22.805104172898758, 56.649177627748102 ], [ 22.805215835666587, 56.64923601904038 ], [ 22.805222161855223, 56.649335086328236 ], [ 22.805192145555448, 56.64938690697862 ], [ 22.805106050353569, 56.649417345899558 ], [ 22.805001866253477, 56.649421556768402 ], [ 22.804973003015295, 56.649436912328532 ], [ 22.804962063710054, 56.649483705172472 ], [ 22.804913793408968, 56.649514507043378 ], [ 22.804847434330881, 56.649519080881518 ], [ 22.804763151413265, 56.649492217368298 ], [ 22.804621965911988, 56.649470018310495 ], [ 22.804364667122442, 56.649530077963384 ], [ 22.804229970221375, 56.649601736488357 ], [ 22.804246244876595, 56.649685266770355 ], [ 22.804422783641975, 56.6497859688576 ], [ 22.804430921211114, 56.649827733986193 ], [ 22.804286766945054, 56.649899301751546 ], [ 22.804088511924988, 56.649886975703531 ], [ 22.803907850459922, 56.649916505354327 ], [ 22.803897074617307, 56.649958088806791 ], [ 22.803913183752691, 56.650046828413345 ], [ 22.803836047674675, 56.650092985159205 ], [ 22.803655879915542, 56.650106886574832 ], [ 22.803336340021684, 56.650041285049056 ], [ 22.803193998158982, 56.650055549377818 ], [ 22.803125987588171, 56.650112215160675 ], [ 22.803199659052211, 56.650175453880941 ], [ 22.803348652770705, 56.650249838322623 ], [ 22.803373062243573, 56.650375133894052 ], [ 22.803314837930312, 56.650421472096262 ], [ 22.803115425243252, 56.65044560949589 ], [ 22.803057530599183, 56.650481529002917 ], [ 22.803065171659529, 56.650538922068996 ], [ 22.803214991663189, 56.650587260240286 ], [ 22.803478621256016, 56.650626270349143 ], [ 22.80355229430382, 56.650689508862214 ], [ 22.803465369853818, 56.65074599305872 ], [ 22.803313238719948, 56.650770585196639 ], [ 22.803197943779242, 56.650826796502336 ], [ 22.803157146551126, 56.650920200013466 ], [ 22.803247257646266, 56.651061759815541 ], [ 22.803388283249312, 56.651089169734512 ], [ 22.803502093815911, 56.651079841836058 ], [ 22.803598805636735, 56.651013029924528 ], [ 22.803808997286595, 56.650947308328554 ], [ 22.803912361057513, 56.650969144914171 ], [ 22.803996151881464, 56.651011636870926 ], [ 22.804049758719319, 56.651111158408007 ], [ 22.80406339498046, 56.651278037294254 ], [ 22.804155983830167, 56.651341457137214 ], [ 22.804521171629911, 56.651459603528338 ], [ 22.804690570116499, 56.651487284401917 ], [ 22.804832257606954, 56.651493855540274 ], [ 22.804929297748338, 56.651416624016527 ], [ 22.804998626278529, 56.651318282945503 ], [ 22.805112766695551, 56.651298534997693 ], [ 22.805263416091471, 56.651320824274194 ], [ 22.805526888255994, 56.651365039361153 ], [ 22.80565730702104, 56.651428821019209 ], [ 22.805664622818135, 56.65149663251492 ], [ 22.805633781875091, 56.651574499700565 ], [ 22.805696356614057, 56.651689739134994 ], [ 22.805836398342624, 56.651748402036702 ], [ 22.805947246512783, 56.651832839137583 ], [ 22.806009987275974, 56.651942869124959 ], [ 22.806126506795319, 56.652147210445108 ], [ 22.806293440397546, 56.652253028512362 ], [ 22.806475668103314, 56.652473632083414 ], [ 22.806714476138428, 56.652699988550367 ], [ 22.806822038203446, 56.652888610703727 ], [ 22.806826559116235, 56.653044980076125 ], [ 22.806749420400962, 56.653091138594476 ], [ 22.806579025727675, 56.653094716237248 ], [ 22.806428533071799, 56.653067219235908 ], [ 22.806268254183813, 56.653050049956938 ], [ 22.806182151449711, 56.65308048957327 ], [ 22.806152133417161, 56.653132310417512 ], [ 22.806225651165338, 56.653200756652282 ], [ 22.806242590178304, 56.65326344949105 ], [ 22.805969059525502, 56.653537002520338 ], [ 22.805832704416236, 56.653660755577057 ], [ 22.805719051310895, 56.653664876283692 ], [ 22.805569545349382, 56.653606122508556 ], [ 22.805475960219283, 56.653573959435803 ], [ 22.805418886672332, 56.653583833571872 ], [ 22.80535153199768, 56.653619663374336 ], [ 22.805385407530324, 56.653745049268217 ], [ 22.805427422771981, 56.653912200196039 ], [ 22.805388275082176, 56.653953511524449 ], [ 22.805283584208166, 56.653973350436985 ], [ 22.80503769068693, 56.653970990619385 ], [ 22.804932505154028, 56.654006457096486 ], [ 22.804855691802931, 56.654042195843267 ], [ 22.804872299259635, 56.65411530742535 ], [ 22.805021806129609, 56.654174062036901 ], [ 22.805085042358403, 56.654268464594281 ], [ 22.805052220331049, 56.654408843028271 ], [ 22.804922514774503, 56.654621243686144 ], [ 22.804836407369894, 56.654651682344813 ], [ 22.804714447482425, 56.654619246331031 ], [ 22.804650717050354, 56.654540471449508 ], [ 22.80460738572998, 56.654414994574388 ], [ 22.804552289069466, 56.654362356875886 ], [ 22.804486745795195, 56.654340884053909 ], [ 22.804306722879087, 56.65434957703313 ], [ 22.804191748236722, 56.654395370617586 ], [ 22.804115758022213, 56.654405062474495 ], [ 22.804022172174932, 56.654372898309958 ], [ 22.803977688526512, 56.654283886215573 ], [ 22.80393402983006, 56.654168827681175 ], [ 22.803831482130533, 56.654120944665124 ], [ 22.803709194868112, 56.654098926243783 ], [ 22.803510092992767, 56.654112645613139 ], [ 22.803337218001023, 56.654194358056024 ], [ 22.803268704983619, 56.654266651700091 ], [ 22.803202172311941, 56.654276433905565 ], [ 22.80305151240314, 56.654254142101209 ], [ 22.802861371701493, 56.654283579199493 ], [ 22.802687338677224, 56.654401755705734 ], [ 22.802444624218239, 56.65459743442144 ], [ 22.802235400944816, 56.654631897894568 ], [ 22.802084244587647, 56.654625232760658 ], [ 22.802020354434305, 56.654551665836578 ], [ 22.80203212499989, 56.654478826905702 ], [ 22.801969061298454, 56.654379213550442 ], [ 22.801839299650588, 56.654294590919427 ], [ 22.801520223497548, 56.65421335679946 ], [ 22.80114523057544, 56.654105529077448 ], [ 22.800823842254594, 56.654097223094311 ], [ 22.800793319916412, 56.654164670440522 ], [ 22.80088541414236, 56.65424372052972 ], [ 22.800902510093792, 56.654301204770647 ], [ 22.800843780519706, 56.65436316958688 ], [ 22.80071038279198, 56.654393149920352 ], [ 22.800451389944342, 56.654505294054793 ], [ 22.800376556670855, 56.654478518679724 ], [ 22.80032245853111, 56.654394623467716 ], [ 22.8002197493796, 56.654351946772863 ], [ 22.800115716650403, 56.654350944212823 ], [ 22.800001895423623, 56.654360268966052 ], [ 22.799851733661644, 56.654322345465381 ], [ 22.79977756326991, 56.654274732625417 ], [ 22.799665066499315, 56.654242382857852 ], [ 22.799580114625087, 56.654236352933353 ], [ 22.799503958026484, 56.654251251248503 ], [ 22.799417019292626, 56.654307732526959 ], [ 22.799414535697696, 56.654385871667088 ], [ 22.799534834640848, 56.654470405612948 ], [ 22.799579639114864, 56.654549000696825 ], [ 22.799501660695746, 56.654621201043923 ], [ 22.799282811486346, 56.654660777626155 ], [ 22.799103117187325, 56.654659044518823 ], [ 22.799047199752145, 56.654632450792633 ], [ 22.799040723440378, 56.654538592613463 ], [ 22.799015000819399, 56.654454970525542 ], [ 22.798931539340703, 56.654402056680979 ], [ 22.798837129704328, 56.654395935012559 ], [ 22.798636202109851, 56.654466948595015 ], [ 22.798424159091201, 56.65458996331467 ], [ 22.798233018760126, 56.654650648963425 ], [ 22.798099949493558, 56.654670207938906 ], [ 22.797889395667045, 56.654746338274592 ], [ 22.797773251496249, 56.654828590799696 ], [ 22.797759980361729, 56.654948312740295 ], [ 22.79789770064081, 56.655079914352996 ], [ 22.798345372515541, 56.655282249029128 ], [ 22.798705609504111, 56.655556690684854 ], [ 22.798684540009738, 56.655624228731575 ], [ 22.798607054718222, 56.655680800669337 ], [ 22.798379900652236, 56.655683819453834 ], [ 22.79803759466645, 56.655737834939437 ], [ 22.797676537789805, 56.655786457544288 ], [ 22.797434451936269, 56.655961289219171 ], [ 22.797243637411807, 56.656308574533618 ], [ 22.796923558816719, 56.656555604002882 ], [ 22.796631186500765, 56.65682374393851 ], [ 22.796551039920935, 56.656963662858431 ], [ 22.796518017736922, 56.657109248107574 ], [ 22.796512706029329, 56.657275944685985 ], [ 22.796443178319389, 56.657379490067726 ], [ 22.796067663827518, 56.657584294514997 ], [ 22.795847631291444, 56.657660329820388 ], [ 22.79561913622727, 56.657705017646315 ], [ 22.795401594313908, 56.657702913168691 ], [ 22.795183553896809, 56.657716436106369 ], [ 22.795094938791518, 56.657825006924888 ], [ 22.795014285749843, 56.657980552594587 ], [ 22.795011792700986, 56.658058691562161 ], [ 22.794953047573092, 56.658120653497647 ], [ 22.794751926610196, 56.658196869920062 ], [ 22.794652686846771, 56.658341813693774 ], [ 22.794563569924485, 56.658466011900998 ], [ 22.794362446335551, 56.658542227679106 ], [ 22.794008986777477, 56.658648232969441 ], [ 22.793473981221478, 56.658809797807727 ], [ 22.793281147116723, 56.658922568297704 ], [ 22.793081017379546, 56.658967526417754 ], [ 22.792816175144988, 56.658964958960183 ], [ 22.792647085194229, 56.658926843340019 ], [ 22.792389869647309, 56.658981668543923 ], [ 22.792255449432393, 56.659042895251041 ], [ 22.792246620082576, 56.659318985937517 ], [ 22.792345799074031, 56.65976808306776 ], [ 22.792361590853385, 56.659818248494958 ] ] ] } },
{ "type": "Feature", "properties": { "fid": 93, "nosaukums": "Bikstupe", "posmaID": 38, "gadsAvotos": 1964, "kolhozs": "Biksti", "regulets1940": false, "garums": 1961, "udenskratuve": false, "piezimes": null }, "geometry": { "type": "MultiLineString", "coordinates": [ [ [ 22.851673091631927, 56.72626559974919 ], [ 22.851824769180062, 56.726416759819138 ], [ 22.85186960769061, 56.726500545267527 ], [ 22.851903859184688, 56.726620708607705 ], [ 22.851891049134245, 56.726730016896276 ], [ 22.852011060164788, 56.726835337799351 ], [ 22.852026995592407, 56.726934489297371 ], [ 22.852015455841137, 56.727002123090912 ], [ 22.851928743576398, 56.727048221396466 ], [ 22.851765747127509, 56.727109249243959 ], [ 22.851754842027614, 56.727156045760069 ], [ 22.851883218568133, 56.727297919264416 ], [ 22.851985708184447, 56.727356181804431 ], [ 22.851965168487709, 56.727408100371846 ], [ 22.851811646576014, 56.727469215549448 ], [ 22.851649124542369, 56.7275146152963 ], [ 22.851590521203658, 56.727571393888581 ], [ 22.85163504290486, 56.727665598032679 ], [ 22.851708787196895, 56.727734017503899 ], [ 22.851821706577656, 56.727761111606895 ], [ 22.851963213264654, 56.727783258140178 ], [ 22.85200964130393, 56.727814950406191 ], [ 22.851989418914016, 56.727856450348618 ], [ 22.851931609419747, 56.727887182537621 ], [ 22.851948815226592, 56.727944659534273 ], [ 22.852032354334181, 56.728002747472679 ], [ 22.852294354133633, 56.728114586461288 ], [ 22.852415481622934, 56.728183441786406 ], [ 22.852432688298379, 56.72824091871702 ], [ 22.852450688550139, 56.728272349081728 ], [ 22.852488117442967, 56.728288325989034 ], [ 22.852581769157737, 56.728325663552056 ], [ 22.852627722340337, 56.728372983528374 ], [ 22.852635929175079, 56.728414745261489 ], [ 22.852730374686679, 56.728426036149429 ], [ 22.852816454551853, 56.728400774557834 ], [ 22.852920852290953, 56.728396524577406 ], [ 22.852975806379337, 56.728459559574887 ], [ 22.852954950150355, 56.728521896926154 ], [ 22.853044002794594, 56.728710304230823 ], [ 22.853078101334674, 56.728835676542403 ], [ 22.853227503195328, 56.728910001985554 ], [ 22.853386540655809, 56.728979205111003 ], [ 22.853516515113114, 56.729068983803813 ], [ 22.853639391900394, 56.729080535496664 ], [ 22.853734949114727, 56.729055360430642 ], [ 22.853918013282243, 56.728958039111831 ], [ 22.853995409639026, 56.728906643002595 ], [ 22.854090807694583, 56.728886676975414 ], [ 22.854233904589826, 56.728856727796838 ], [ 22.854461813514636, 56.728843190251929 ], [ 22.854574262978524, 56.728885909825209 ], [ 22.854620694574372, 56.728917601127172 ], [ 22.854678028281736, 56.728902495642139 ], [ 22.854764899893656, 56.728851186124707 ], [ 22.85477706886639, 56.728762714813293 ], [ 22.854769968292803, 56.728684487998123 ], [ 22.854723853641008, 56.728642378118273 ], [ 22.854667945953761, 56.728610599779174 ], [ 22.854498005532022, 56.728588195038803 ], [ 22.854346701082324, 56.728576382900378 ], [ 22.854329174443102, 56.728529324856574 ], [ 22.854330917352936, 56.728472022381858 ], [ 22.854360930684742, 56.728420190521767 ], [ 22.854457277883547, 56.728368968310349 ], [ 22.854516511852971, 56.728291351099671 ], [ 22.854574795111724, 56.728244989758252 ], [ 22.854642079259001, 56.728214343416177 ], [ 22.854803492114133, 56.728205404988643 ], [ 22.854927475033023, 56.728180490184201 ], [ 22.85503218864082, 56.728165819797312 ], [ 22.855125842599399, 56.728203155458367 ], [ 22.855133577170282, 56.728260544991613 ], [ 22.855103723367534, 56.728307167726335 ], [ 22.855130885488162, 56.728349103389263 ], [ 22.855177950212685, 56.728359957215687 ], [ 22.855273346264912, 56.72833999027376 ], [ 22.855313309383877, 56.728272617253069 ], [ 22.855315525704786, 56.728199686802512 ], [ 22.855355330293978, 56.728137523083937 ], [ 22.85544156605091, 56.728107050350594 ], [ 22.855481370332733, 56.7280448865897 ], [ 22.855492112796462, 56.728003299055267 ], [ 22.855550077861317, 56.727967355886157 ], [ 22.855607409750224, 56.727952249964176 ], [ 22.855663633783347, 56.727973609246952 ], [ 22.855729967068168, 56.727974218223707 ], [ 22.855787140654893, 56.727964321537719 ], [ 22.855787773621003, 56.727943484261765 ], [ 22.855741658722764, 56.727901374752605 ], [ 22.855639320045654, 56.72783790595831 ], [ 22.855584045840811, 56.727785290752415 ], [ 22.855624166066548, 56.727712708302775 ], [ 22.85577010565348, 56.727588989589741 ], [ 22.855876241337381, 56.727527434610337 ], [ 22.85591699360257, 56.727434014781714 ], [ 22.855816871161966, 56.727297615656596 ], [ 22.855755286322989, 56.727140727144238 ], [ 22.855853210616431, 56.727037410625627 ], [ 22.855940076303806, 56.726986100250635 ], [ 22.856091849478357, 56.726982282473536 ], [ 22.856233513993608, 56.726999214839481 ], [ 22.856308847025385, 56.727015538418044 ], [ 22.856486834170326, 56.727084911496412 ], [ 22.856562167484775, 56.727101234922735 ], [ 22.856619497651131, 56.727086128526338 ], [ 22.856659298893128, 56.727023964367255 ], [ 22.856691995726578, 56.726883573451943 ], [ 22.85665646379957, 56.726805085943759 ], [ 22.856516381153636, 56.72673606084696 ], [ 22.856384984122609, 56.726693169143125 ], [ 22.856262905076505, 56.7266555735753 ], [ 22.856264644921065, 56.726598271044573 ], [ 22.856304920705476, 56.72652047903086 ], [ 22.856438531047505, 56.726490440318265 ], [ 22.856656000419381, 56.726508067686467 ], [ 22.856957329769223, 56.726573360699824 ], [ 22.856993652446434, 56.726625801515276 ], [ 22.857048452769632, 56.726694044073824 ], [ 22.857190590766887, 56.72669534738295 ], [ 22.857296247533498, 56.726649419134695 ], [ 22.857365106772026, 56.726566678065772 ], [ 22.857585578745166, 56.726485326675025 ], [ 22.857747615383857, 56.726455547106049 ], [ 22.857812840376479, 56.726492620230907 ], [ 22.85788690955421, 56.726550617446982 ], [ 22.85783795089489, 56.726602276532738 ], [ 22.857656014136964, 56.726663138465881 ], [ 22.857475024797882, 56.726692744191901 ], [ 22.857445491163613, 56.72672894886928 ], [ 22.857423221241714, 56.726838170924793 ], [ 22.857525718244496, 56.726896428942574 ], [ 22.857676385104224, 56.7269290744957 ], [ 22.857790096235327, 56.72693011658594 ], [ 22.857886277023187, 56.726884101002106 ], [ 22.857963821633373, 56.726827493049903 ], [ 22.858049104759562, 56.726828274429764 ], [ 22.858133282517027, 56.726865521020578 ], [ 22.858168343863206, 56.726959636091841 ], [ 22.858156657214423, 56.727032479821112 ], [ 22.858098538154508, 56.727073633547136 ], [ 22.858097116902318, 56.727120517462332 ], [ 22.858152867397823, 56.727157503597454 ], [ 22.858275423653257, 56.727179469352599 ], [ 22.858482158987595, 56.727238681345383 ], [ 22.858574866994076, 56.727307270371817 ], [ 22.858620510816092, 56.727365006820271 ], [ 22.858685738236822, 56.727402079492613 ], [ 22.858798977370135, 56.727418748642428 ], [ 22.858941907198783, 56.727394003340322 ], [ 22.859046774884121, 56.727374120238956 ], [ 22.859131743728632, 56.727385319533845 ], [ 22.859320160428211, 56.727423519370674 ], [ 22.85941523647486, 56.727413967889703 ], [ 22.859521996631763, 56.727331572474192 ], [ 22.859514570987795, 56.72726376452659 ], [ 22.859525466489483, 56.72721696729463 ], [ 22.859630648790237, 56.727186665045359 ], [ 22.859762208963112, 56.727224344018829 ], [ 22.859836124903698, 56.727287549414179 ], [ 22.85994857590476, 56.727330264155263 ], [ 22.860119459833005, 56.727321405495026 ], [ 22.860253700515422, 56.727270525385883 ], [ 22.86027564727658, 56.727171721456415 ], [ 22.860300430937372, 56.726979149617861 ], [ 22.860324426296028, 56.726812624408481 ], [ 22.860318732981305, 56.726687513887057 ], [ 22.86038695528369, 56.726625608436855 ], [ 22.860500980769622, 56.726616229393684 ], [ 22.860669970636053, 56.726669881909345 ], [ 22.860755253485706, 56.726670661436451 ], [ 22.860898809321164, 56.726625076554427 ], [ 22.86102483069121, 56.726532434359001 ], [ 22.861036511629457, 56.726459590332603 ], [ 22.861068561641336, 56.726340035510155 ], [ 22.86111830301332, 56.726262328484175 ], [ 22.861138986960093, 56.726205199016952 ], [ 22.861064440919471, 56.726162831703462 ], [ 22.860960207719838, 56.72616187920417 ], [ 22.860894822652391, 56.726130017044255 ], [ 22.860915191819895, 56.726083306273715 ], [ 22.860982624481164, 56.726047447133105 ], [ 22.861201668342868, 56.726012973268347 ], [ 22.86133480065515, 56.725998557273968 ], [ 22.86142940026097, 56.72600463223052 ], [ 22.861484994968215, 56.72604682621904 ], [ 22.861510745662805, 56.726135644506158 ], [ 22.861575344112516, 56.726193552999902 ], [ 22.861715276685974, 56.726267781776677 ], [ 22.861790295874641, 56.726294520710141 ], [ 22.861885525854575, 56.726279757998135 ], [ 22.862020232554055, 56.726213247959301 ], [ 22.862078503374661, 56.726166883045103 ], [ 22.862165043918775, 56.726125986947601 ], [ 22.862278752803359, 56.726127024933966 ], [ 22.862418529213606, 56.726206462258766 ], [ 22.862434806432447, 56.726295193877363 ], [ 22.862452184898896, 56.726347460166046 ], [ 22.862498462755333, 56.72638435789235 ], [ 22.86261232972128, 56.72638018624491 ], [ 22.862699184735963, 56.726328871112052 ], [ 22.862728870290166, 56.726287455833528 ], [ 22.862824099893714, 56.726272692402929 ], [ 22.862861216743884, 56.726299084876104 ], [ 22.862896132161623, 56.726398408003362 ], [ 22.862939580133112, 56.726529073563924 ], [ 22.863004338691141, 56.726581771991633 ], [ 22.863079673877543, 56.726598091487304 ], [ 22.86320254566937, 56.726609633737098 ], [ 22.863259872461651, 56.726594524271881 ], [ 22.86331829955169, 56.726542949443498 ], [ 22.863404368091466, 56.726517680487724 ], [ 22.863470384650181, 56.726528704003826 ], [ 22.863620898138219, 56.726566551721817 ], [ 22.863725603960287, 56.726551873997046 ], [ 22.863793506188166, 56.72650038532732 ], [ 22.863795863068916, 56.726422245306075 ], [ 22.863826490218585, 56.726349573753225 ], [ 22.863961036668339, 56.726288270940174 ], [ 22.864055637450495, 56.726294343907703 ], [ 22.86413065837133, 56.726321081439202 ], [ 22.864271852959476, 56.726353632681864 ], [ 22.864536861454571, 56.726366468683096 ], [ 22.864821449694119, 56.726358639379434 ], [ 22.864964999475802, 56.726313049788018 ], [ 22.865024679432782, 56.726219799449943 ], [ 22.864969051411265, 56.726044292792778 ] ] ] } },
{ "type": "Feature", "properties": { "fid": 96, "nosaukums": "Padruvju strauts", "posmaID": null, "gadsAvotos": null, "kolhozs": null, "regulets1940": false, "garums": 3189, "udenskratuve": false, "piezimes": null }, "geometry": { "type": "MultiLineString", "coordinates": [ [ [ 22.997416319677772, 56.737276847717588 ], [ 22.997346387599883, 56.73734528273279 ], [ 22.997344019448086, 56.737345894933384 ], [ 22.997134926895185, 56.737365055751866 ], [ 22.996984789562791, 56.737306530541858 ], [ 22.996826422829042, 56.737201042910996 ], [ 22.996733298999544, 56.737137765493209 ], [ 22.996563094792329, 56.737120763622819 ], [ 22.996354558516693, 56.737119084931166 ], [ 22.996279699185237, 56.737082007555003 ], [ 22.996168590920405, 56.736982110225135 ], [ 22.996019428903999, 56.736887117003718 ], [ 22.995877523816429, 56.736875552761177 ], [ 22.995705514967533, 56.736926273879362 ], [ 22.995494339393662, 56.737023575202542 ], [ 22.995274378818067, 56.737094752022308 ], [ 22.995018170141861, 56.737103108214193 ], [ 22.994934250407834, 56.737050324974064 ], [ 22.994851582441495, 56.736950655739214 ], [ 22.994778532827954, 56.736845853332767 ], [ 22.994684996085457, 56.736798203042596 ], [ 22.994495558492318, 56.736791464575205 ], [ 22.994379864768614, 56.736863480759119 ], [ 22.994339445035148, 56.736956946768899 ], [ 22.994374578031856, 56.737061443582718 ], [ 22.994477733053575, 56.737103961011847 ], [ 22.994570296594247, 56.737188078293819 ], [ 22.994596229673107, 56.737282079499984 ], [ 22.99424524710922, 56.737643995295791 ], [ 22.994162456825428, 56.737903860837932 ], [ 22.994147967899458, 56.738091328041371 ], [ 22.994080222067193, 56.738142888124315 ], [ 22.994032826206759, 56.738142505685879 ], [ 22.993986683011393, 56.738095237311882 ], [ 22.993941096694218, 56.738027130735325 ], [ 22.99386623796098, 56.737990051917286 ], [ 22.993771446632209, 56.737989286861016 ], [ 22.993675541490695, 56.738030198100596 ], [ 22.993654912442238, 56.738092559616973 ], [ 22.99371876055918, 56.738186867053642 ], [ 22.993639307036769, 56.738321703112227 ], [ 22.993503395203593, 56.73844045131198 ], [ 22.99339814863114, 56.738476076254557 ], [ 22.993312835346217, 56.73847538738309 ], [ 22.993238394219876, 56.738422679554702 ], [ 22.993209956499527, 56.738422449901051 ], [ 22.993076132644358, 56.738463054455664 ], [ 22.993027203882257, 56.738519976624154 ], [ 22.992978832277952, 56.738556060594803 ], [ 22.992874420936751, 56.738560427825647 ], [ 22.99271013633463, 56.738499177845583 ], [ 22.992673543303408, 56.738449380810444 ], [ 22.992686144784436, 56.738396124406741 ], [ 22.992618897843737, 56.7383655685355 ], [ 22.992571013887453, 56.738383418944274 ], [ 22.992507517127315, 56.738453249864598 ], [ 22.992566414254764, 56.738555333890702 ], [ 22.992602937555901, 56.738607735728174 ], [ 22.992554565433206, 56.738643819531895 ], [ 22.992478034102337, 56.738669254407988 ], [ 22.992400945039503, 56.738715527410079 ], [ 22.99232176450834, 56.738839943510897 ], [ 22.992195604893222, 56.738948347788067 ], [ 22.992071118006056, 56.738994237422411 ], [ 22.99189073082313, 56.739003200228886 ], [ 22.991614154540621, 56.739063491488082 ], [ 22.990593714345028, 56.739284502989804 ], [ 22.989850264296905, 56.739429590768928 ], [ 22.989640177941165, 56.739485205726787 ], [ 22.989610341474783, 56.739537070631826 ], [ 22.989656201320155, 56.739594759678155 ], [ 22.989711680629036, 56.739647315989032 ], [ 22.98964322695528, 56.739724921307925 ], [ 22.989373884079335, 56.739868636989549 ], [ 22.989284092712321, 56.740034650547962 ], [ 22.989077467185648, 56.740314351481125 ], [ 22.988980292030575, 56.740402144884264 ], [ 22.988808817489275, 56.740432018223991 ], [ 22.988638182301116, 56.740430634111569 ], [ 22.988458767205739, 56.740403125172691 ], [ 22.98829719193883, 56.740417446115586 ], [ 22.98826749286107, 56.740464101147232 ], [ 22.98826483307197, 56.740563082316271 ], [ 22.988339551357143, 56.740605374016333 ], [ 22.988336611782831, 56.740714774255672 ], [ 22.988279033025208, 56.740740360369173 ], [ 22.988193714744515, 56.740739667977252 ], [ 22.988099336698824, 56.740723269980116 ], [ 22.988024338406195, 56.740691397206341 ], [ 22.987948079937265, 56.740706410198804 ], [ 22.987918520234047, 56.740747855608383 ], [ 22.987955039142122, 56.740800258774001 ], [ 22.987953498771105, 56.740857563652902 ], [ 22.987876819803034, 56.740888205203191 ], [ 22.987725002219726, 56.740892183286505 ], [ 22.98764874322595, 56.740907196093552 ], [ 22.987599242729974, 56.740984954204897 ], [ 22.987597141469497, 56.741063097210535 ], [ 22.987538581029302, 56.741125149712332 ], [ 22.987442801250115, 56.74116084655158 ], [ 22.987348002126524, 56.741160076584123 ], [ 22.987263523705497, 56.741128126353424 ], [ 22.987207905530244, 56.741080778502905 ], [ 22.987151586765012, 56.74105947829252 ], [ 22.987075607520222, 56.741064071680782 ], [ 22.987065426843213, 56.741090042323471 ], [ 22.986986363805528, 56.741209245376581 ], [ 22.986879561329225, 56.741302169608758 ], [ 22.986707800629542, 56.741342459098696 ], [ 22.986602118878785, 56.741393706832319 ], [ 22.986467155440007, 56.74147598046482 ], [ 22.986362454790733, 56.741490761271727 ], [ 22.986192095495554, 56.741478954732671 ], [ 22.986050035966155, 56.741472588793137 ], [ 22.985983114818726, 56.741492887203258 ], [ 22.985953552330333, 56.741534332131991 ], [ 22.985960506691271, 56.741628180789277 ], [ 22.985806721255162, 56.741705089951431 ], [ 22.985567754988352, 56.741776095193906 ], [ 22.985377030594673, 56.741816228560921 ], [ 22.985197190084588, 56.741804343507845 ], [ 22.985075072702095, 56.741761664077224 ], [ 22.984933855049373, 56.741724039689203 ], [ 22.984829574534785, 56.74172319061735 ], [ 22.984733369230334, 56.741774513943049 ], [ 22.984711318386235, 56.741888969166752 ], [ 22.984814054143289, 56.741947123152322 ], [ 22.984886664290851, 56.742067559834716 ], [ 22.984883433589058, 56.742187378988248 ], [ 22.984710121344861, 56.742284970509075 ], [ 22.984585754849256, 56.74232564304593 ], [ 22.984593689472931, 56.74238302506226 ], [ 22.984687508136744, 56.742420263829501 ], [ 22.98479094769791, 56.742452370194876 ], [ 22.984788980972581, 56.742525303586241 ], [ 22.984710469645858, 56.74262366702181 ], [ 22.984699162954655, 56.742691313679025 ], [ 22.984674441972683, 56.742904749899509 ], [ 22.984588135308645, 56.742940521714949 ], [ 22.984417348440214, 56.742944341314015 ], [ 22.984255057994993, 56.742984704603195 ], [ 22.983822817052069, 56.743189609240154 ], [ 22.983698587243691, 56.743225071346629 ], [ 22.983594021312051, 56.743234640278082 ], [ 22.983537701402604, 56.743213338438402 ], [ 22.983539248632439, 56.743156033659538 ], [ 22.983664040918587, 56.743099733608709 ], [ 22.983825910635332, 56.7430749996713 ], [ 22.983855336076978, 56.743038764795671 ], [ 22.983808637298416, 56.743012330819383 ], [ 22.98371383361966, 56.743011558072737 ], [ 22.983618045428205, 56.743047251933305 ], [ 22.98355154214023, 56.743051920442063 ], [ 22.98349550385193, 56.743020199532793 ], [ 22.983468328739029, 56.742973081916368 ], [ 22.983383146203494, 56.742967176689802 ], [ 22.983239955994474, 56.743002483733413 ], [ 22.9831635502516, 56.743022703295601 ], [ 22.983058984751867, 56.743032271780123 ], [ 22.982916919935672, 56.743025902253422 ], [ 22.982773588309207, 56.743066418283156 ], [ 22.982592616397554, 56.743096205650247 ], [ 22.982354057743184, 56.743151576093688 ], [ 22.982202089682886, 56.743160756939453 ], [ 22.982069927518051, 56.743138835270031 ], [ 22.981927580720662, 56.743142883661214 ], [ 22.981783402195184, 56.743214655682536 ], [ 22.981601583249272, 56.743275698739346 ], [ 22.981344906905864, 56.743299655229627 ], [ 22.981098556653741, 56.743292431540212 ], [ 22.980935415086357, 56.743364047615351 ], [ 22.980830001894716, 56.743404871350144 ], [ 22.980506396641619, 56.743449121688045 ], [ 22.980173027909274, 56.743503712674801 ], [ 22.97986003088938, 56.743506362720353 ], [ 22.979792820460673, 56.743537076814796 ], [ 22.979725045174529, 56.743588628947862 ], [ 22.979723209738609, 56.74365635269244 ], [ 22.979797218578611, 56.743724697072786 ], [ 22.979814767895792, 56.743776947413245 ], [ 22.979812367902618, 56.74386550923272 ], [ 22.979915242565685, 56.743918457710258 ], [ 22.97998981687558, 56.743965963901019 ], [ 22.980016706030167, 56.744023501293242 ], [ 22.980158657871989, 56.744384198978622 ], [ 22.980280495867383, 56.744437302255328 ], [ 22.980412097131001, 56.744480063906323 ], [ 22.980419743613567, 56.744547865186064 ], [ 22.980474935021171, 56.74461084458423 ], [ 22.980606396041587, 56.744658815551105 ], [ 22.980728658720594, 56.744696289834714 ], [ 22.980727248176812, 56.744748385029887 ], [ 22.980619996961085, 56.744856932315585 ], [ 22.980577559235186, 56.745023326860334 ], [ 22.980584218580898, 56.745127594758209 ], [ 22.980555493746433, 56.745137781238562 ], [ 22.980460684811199, 56.745137005999901 ], [ 22.980384978770484, 56.745131176238459 ], [ 22.980326964525069, 56.745172387174186 ], [ 22.980287770858602, 56.745218962683403 ], [ 22.980210794523735, 56.745260018480778 ], [ 22.980209524362404, 56.745306904144641 ], [ 22.980284807371167, 56.745328362568479 ], [ 22.980408906218155, 56.745298113429712 ], [ 22.980560883324678, 56.745288934804684 ], [ 22.980578152250107, 56.74535160406846 ], [ 22.980510798002754, 56.745387528050053 ], [ 22.980366749256575, 56.745454088849272 ], [ 22.980184211509478, 56.745541177362014 ], [ 22.980221006455256, 56.745583163695535 ], [ 22.980334355177497, 56.745599722751102 ], [ 22.980399311198713, 56.745652360678029 ], [ 22.980341578385115, 56.74568315257811 ], [ 22.980208985094468, 56.745676857471537 ], [ 22.98014275903661, 56.745671105106553 ], [ 22.98009450702008, 56.745701974443058 ], [ 22.980102294299488, 56.745764566210347 ], [ 22.980128479162701, 56.745848151155066 ], [ 22.980099612506596, 56.745863547044401 ], [ 22.9800427260563, 56.74586308169809 ], [ 22.979948197646376, 56.745851887028586 ], [ 22.979843199944945, 56.745877081332907 ], [ 22.979784336801909, 56.745949549107344 ], [ 22.979799345685713, 56.746095570738916 ], [ 22.979713027077491, 56.746131339119316 ], [ 22.979692087919933, 56.746204117180234 ], [ 22.979699874624043, 56.746266708965656 ], [ 22.979765536874734, 56.746293299635376 ], [ 22.979869829884425, 56.746294152986479 ], [ 22.979937186371757, 56.746258229364194 ], [ 22.980023505061165, 56.746222460829607 ], [ 22.980089590918297, 56.746233422777998 ], [ 22.980259264064017, 56.746271285303123 ], [ 22.980296059797926, 56.746313271612451 ], [ 22.980228139022593, 56.746370033498472 ], [ 22.980264229178772, 56.746438067403197 ], [ 22.980311211917428, 56.746454083664084 ], [ 22.980462347114383, 56.7464761622821 ], [ 22.98053763259972, 56.746497620558038 ], [ 22.980619436751656, 56.746628556178983 ], [ 22.980693594075422, 56.746691690503525 ], [ 22.980882796664513, 56.746708869136086 ], [ 22.980948460525738, 56.746735459186617 ], [ 22.980975071014413, 56.746803415395256 ], [ 22.981049511320926, 56.746856130473361 ], [ 22.981172486579954, 56.746867556743936 ], [ 22.981255985655533, 56.746935977729486 ], [ 22.981320663286201, 56.746999034214895 ], [ 22.981307798246831, 56.747123985194563 ], [ 22.981249217928507, 56.747186034612568 ], [ 22.981143371291662, 56.74724248710563 ], [ 22.981122152226167, 56.747325684437371 ], [ 22.981091874652673, 56.747393175729407 ], [ 22.980986027195303, 56.747449628084134 ], [ 22.980928997291379, 56.747454372651433 ], [ 22.980796256599913, 56.747453287666332 ], [ 22.980701441825985, 56.747452512590499 ], [ 22.980652623645998, 56.747504220196284 ], [ 22.980613145748762, 56.74756121481736 ], [ 22.980676835821487, 56.747660738248776 ], [ 22.980684624436886, 56.747723329965048 ], [ 22.980624772384356, 56.747832264728231 ], [ 22.980451026890275, 56.74829459377689 ], [ 22.980474250930516, 56.748487578459411 ], [ 22.980539212084736, 56.748540216307539 ], [ 22.980547141736309, 56.748597598507502 ], [ 22.980499450697717, 56.748607629910659 ], [ 22.980387080714397, 56.748554604370867 ], [ 22.980293251123918, 56.748517362365057 ], [ 22.980140696287275, 56.748547378674402 ], [ 22.980138014311692, 56.748646359465155 ], [ 22.980268783236742, 56.748720378381741 ], [ 22.980285770908328, 56.748793466686394 ], [ 22.98029299453853, 56.748876896475657 ], [ 22.980367014571236, 56.748945240500838 ], [ 22.98038315577919, 56.74904958588251 ], [ 22.98046341257109, 56.749237826237774 ], [ 22.980520083186033, 56.749335876881133 ] ] ] } },
{ "type": "Feature", "properties": { "fid": 97, "nosaukums": "Balžņas upīte", "posmaID": 37, "gadsAvotos": 1964, "kolhozs": "Biksti", "regulets1940": false, "garums": 1494, "udenskratuve": false, "piezimes": null }, "geometry": { "type": "MultiLineString", "coordinates": [ [ [ 23.096026128692628, 56.671939092084806 ], [ 23.095042238180341, 56.67176196968051 ], [ 23.094817255192801, 56.671671753435668 ], [ 23.094696113448826, 56.671592712968568 ], [ 23.09467968675493, 56.67148838029329 ], [ 23.094691023511853, 56.671410302748292 ], [ 23.094606983852973, 56.671362795859871 ], [ 23.094454831233165, 56.671392953642375 ], [ 23.094330316525497, 56.671454576206365 ], [ 23.094150150235805, 56.671468897910664 ], [ 23.094017297334247, 56.671483563542374 ], [ 23.093951433519607, 56.671467452410759 ], [ 23.093971734314167, 56.671410282793559 ], [ 23.094077449135494, 56.671343313173438 ], [ 23.094097124582234, 56.67131219230685 ], [ 23.09403188616486, 56.671270032445143 ], [ 23.093852596007608, 56.671247885440543 ], [ 23.093540078555439, 56.671256032565715 ], [ 23.093465128014991, 56.671224223044419 ], [ 23.093419316155472, 56.671161361602465 ], [ 23.093383717745226, 56.671067310504995 ], [ 23.093327692891389, 56.671035638667533 ], [ 23.093223854672715, 56.671024461349646 ], [ 23.093149155152599, 56.670982232132133 ], [ 23.093170082611508, 56.670899013876209 ], [ 23.093181297157635, 56.6708261462243 ], [ 23.093078585962754, 56.670768081003708 ], [ 23.092663236706283, 56.670723370391272 ], [ 23.092248013717469, 56.67067344864396 ], [ 23.092013832049968, 56.670572738885944 ], [ 23.091825209276912, 56.67054531023463 ], [ 23.091587394093871, 56.670595682483821 ], [ 23.091406353206889, 56.670646468491043 ], [ 23.091217855928786, 56.670613829169163 ], [ 23.09107767478022, 56.67053985685768 ], [ 23.090804769069287, 56.670475336852952 ], [ 23.090371756216321, 56.670378382951178 ], [ 23.090201934902499, 56.670356299819829 ], [ 23.090021018900067, 56.670401874063245 ], [ 23.089877449815091, 56.670468563643048 ], [ 23.089726050791633, 56.670467457157315 ], [ 23.089584868035345, 56.670435161166822 ], [ 23.089529978111962, 56.670356599891136 ], [ 23.089646667721002, 56.670227186224224 ], [ 23.089686275931481, 56.670154526397617 ], [ 23.089632014338711, 56.670049916417618 ], [ 23.089359114664472, 56.669985393259061 ], [ 23.089294889232821, 56.669901552939869 ], [ 23.089229784308372, 56.66985418082912 ], [ 23.08909693523924, 56.669868841227888 ], [ 23.088877039487102, 56.669961024712336 ], [ 23.088650447123548, 56.669938524108566 ], [ 23.0885574591763, 56.669870104927114 ], [ 23.08855922002699, 56.669797168457031 ], [ 23.088703040368234, 56.669720060892672 ], [ 23.088751483342321, 56.669673519340598 ], [ 23.088705429696887, 56.669621075676673 ], [ 23.088582672332016, 56.669609756025949 ], [ 23.08831722694082, 56.669628655810484 ], [ 23.0880809230162, 56.669616504404054 ], [ 23.087872376557527, 56.669630609191849 ], [ 23.08770092350014, 56.669676249373296 ], [ 23.087370249053386, 56.669652983945923 ], [ 23.087144415278448, 56.669599222132305 ], [ 23.087022792340239, 56.669541013231829 ], [ 23.086996043601648, 56.669473078435004 ], [ 23.087006765657712, 56.669421050342983 ], [ 23.087158664235616, 56.66940132113627 ], [ 23.087253663743589, 56.669386385414541 ], [ 23.087302485903951, 56.669324215188709 ], [ 23.087342979232218, 56.669215087882229 ], [ 23.087411732667412, 56.669111378317567 ], [ 23.087554419523162, 56.669081159792576 ], [ 23.087734450925449, 56.66907205734335 ], [ 23.08779298570585, 56.668999536734397 ], [ 23.087768250028255, 56.668848246133763 ], [ 23.087600577487336, 56.668737593768576 ], [ 23.087262590450816, 56.668625693052483 ], [ 23.086999041119164, 56.668566443846707 ], [ 23.086648318648749, 56.668589925514091 ], [ 23.086488095608445, 56.668562696991842 ], [ 23.086245110964324, 56.668435858307916 ], [ 23.086265421736822, 56.66837868995129 ], [ 23.086323580014433, 56.668321799268064 ], [ 23.086249524002543, 56.668253517206104 ], [ 23.086061673749253, 56.668194821390998 ], [ 23.085675377691647, 56.668124247154395 ], [ 23.08535619930311, 56.66801768996671 ], [ 23.085252371805463, 56.668006506031148 ], [ 23.085194969793466, 56.668032137746494 ], [ 23.08508092301474, 56.66805214263087 ], [ 23.084817886278785, 56.667972049850505 ], [ 23.084678232704356, 56.66787723140007 ], [ 23.084330800340425, 56.667765253221347 ], [ 23.08417096160732, 56.667722392500636 ], [ 23.084003683803815, 56.66759610609261 ], [ 23.083499074960113, 56.667331859865364 ], [ 23.08332297194956, 56.667179454202525 ], [ 23.083297622870951, 56.667054211444118 ], [ 23.083262053469767, 56.666960157485235 ], [ 23.083093516921906, 56.666885967285779 ], [ 23.083010134580412, 56.66681240390465 ], [ 23.082946561277108, 56.66670251161954 ], [ 23.083007505493395, 56.666531008142982 ], [ 23.083123699399259, 56.666422439513624 ], [ 23.083202679597985, 56.666287543448391 ], [ 23.083321528268346, 56.666069570017477 ], [ 23.083428132083316, 56.665966141187759 ], [ 23.083451480807007, 56.665783939426092 ], [ 23.083454136463342, 56.665674534804019 ], [ 23.083684745750119, 56.665530332967009 ], [ 23.083837388782037, 56.665479349287516 ], [ 23.08406165709636, 56.665372184626193 ] ] ] } },
{ "type": "Feature", "properties": { "fid": 98, "nosaukums": "Balžņas upīte", "posmaID": 37, "gadsAvotos": 1964, "kolhozs": "Biksti", "regulets1940": false, "garums": 920, "udenskratuve": false, "piezimes": null }, "geometry": { "type": "MultiLineString", "coordinates": [ [ [ 23.070717514236591, 56.642594359452559 ], [ 23.070466505440425, 56.642406323018527 ], [ 23.070317398362125, 56.642316627643169 ], [ 23.069995788684132, 56.6423194361263 ], [ 23.069607863346853, 56.64232695887037 ], [ 23.06931397808194, 56.6423560263054 ], [ 23.0690476884273, 56.642416563631478 ], [ 23.06893281226824, 56.642473022228764 ], [ 23.068857169280331, 56.642472456458648 ], [ 23.068659761935759, 56.64242408341714 ], [ 23.068520628060206, 56.642313617674866 ], [ 23.06855066327849, 56.642246103277003 ], [ 23.068571885079159, 56.642152469415983 ], [ 23.068497270005608, 56.642110225493916 ], [ 23.068440281484349, 56.642120220457443 ], [ 23.068345985503417, 56.642109093383148 ], [ 23.068261915498685, 56.642066778557833 ], [ 23.068226534872956, 56.64196751038682 ], [ 23.068172243989746, 56.641868100654939 ], [ 23.068154874996402, 56.641805442203172 ], [ 23.068232314835544, 56.641733072011171 ], [ 23.06828151730652, 56.641655279728852 ], [ 23.068226199176934, 56.641597547952216 ], [ 23.06824677920174, 56.641529962848161 ], [ 23.068257904032656, 56.641462306971285 ], [ 23.068240406636551, 56.641404858269631 ], [ 23.068288838059004, 56.641358324431785 ], [ 23.068299834329679, 56.641295878291146 ], [ 23.068253201130855, 56.641269475743577 ], [ 23.06825487081478, 56.641201749094542 ], [ 23.068379327555032, 56.641140152119334 ], [ 23.06841856026481, 56.641083127982611 ], [ 23.068343562190115, 56.641056513196425 ], [ 23.068306641123073, 56.641019761945294 ], [ 23.068327092252716, 56.640957386562818 ], [ 23.068385748475684, 56.640879664988518 ], [ 23.068339629421128, 56.640832423502104 ], [ 23.068237551407542, 56.640753498936512 ], [ 23.068172779723433, 56.640695696362208 ], [ 23.068098296412934, 56.640648242459406 ], [ 23.067843142216269, 56.640641121387269 ], [ 23.0676273500092, 56.640571766160832 ], [ 23.067601170232191, 56.640482988097872 ], [ 23.067649601245559, 56.640436454500581 ], [ 23.06776305957775, 56.640437304219454 ], [ 23.067819403266412, 56.640453358266903 ], [ 23.067914594323891, 56.640428017532315 ], [ 23.067962896408325, 56.640386693553722 ], [ 23.068012354582308, 56.640298481871959 ], [ 23.06808914929961, 56.640252160456207 ], [ 23.068118798257657, 56.640200275366183 ], [ 23.068072423443766, 56.640163453265259 ], [ 23.067912462832997, 56.640130991413621 ], [ 23.067752116996285, 56.640114158584467 ], [ 23.067582830625462, 56.640076415761669 ], [ 23.067574661106697, 56.640024247520074 ], [ 23.067585401098555, 56.639972220916377 ], [ 23.067596655145699, 56.639899355341733 ], [ 23.06747477201251, 56.639856756711801 ], [ 23.067466474148393, 56.639809798204169 ], [ 23.067504935630325, 56.639784032797209 ], [ 23.067449492858014, 56.639731510413306 ], [ 23.067356231557206, 56.639678704667013 ], [ 23.067206628297068, 56.639609844554613 ], [ 23.067074648937531, 56.639593223397931 ], [ 23.066885298744573, 56.639602225593478 ], [ 23.066714729126659, 56.639616579012539 ], [ 23.066611113911701, 56.63960017001547 ], [ 23.066583907900181, 56.639553069664565 ], [ 23.066480421590384, 56.639531450818168 ], [ 23.066216206771518, 56.639508626310196 ], [ 23.066008076297496, 56.639512275585567 ], [ 23.065875325279233, 56.639526911601763 ], [ 23.065826893266319, 56.639573444512187 ], [ 23.065853325785568, 56.639651803465519 ], [ 23.065964078055281, 56.63976205935662 ], [ 23.065942722455478, 56.639860902532106 ], [ 23.065856728720693, 56.639896732191396 ], [ 23.065553662461451, 56.63991530038308 ], [ 23.065213163548201, 56.639917954629666 ], [ 23.065052948725743, 56.639895908591292 ], [ 23.064875500317576, 56.639805993700342 ], [ 23.064653744688162, 56.639595899380716 ], [ 23.064535734119218, 56.639397005735233 ], [ 23.064528084711149, 56.639323998348956 ], [ 23.064618075177442, 56.639126667709 ], [ 23.064762084495708, 56.639039167718273 ], [ 23.064868275219226, 56.638951383466313 ], [ 23.064861011929629, 56.638862746875887 ], [ 23.064702864422291, 56.638757344571481 ], [ 23.064647169203749, 56.638715240426656 ], [ 23.064498912243248, 56.638654938455709 ] ] ] } },
{ "type": "Feature", "properties": { "fid": 99, "nosaukums": "Līčupe", "posmaID": 35, "gadsAvotos": 1976, "kolhozs": "Lielauce", "regulets1940": false, "garums": 6551, "udenskratuve": false, "piezimes": null }, "geometry": { "type": "MultiLineString", "coordinates": [ [ [ 22.775319993768345, 56.561207865159254 ], [ 22.775643908443548, 56.561269584866963 ], [ 22.77570843364197, 56.561317118972582 ], [ 22.775792332164169, 56.561349210910073 ], [ 22.775953050395323, 56.561340371404924 ], [ 22.776011842399985, 56.561273207667583 ], [ 22.776090007154764, 56.561190601718231 ], [ 22.776261840535557, 56.561129761584795 ], [ 22.776442266798014, 56.561095060608729 ], [ 22.776650827080349, 56.561065847172216 ], [ 22.776810703453606, 56.561083053106529 ], [ 22.776876742579201, 56.561083702811885 ], [ 22.776896955560979, 56.561042213945171 ], [ 22.77682366755586, 56.560973750388861 ], [ 22.776834950682222, 56.560916540780887 ], [ 22.77688262552936, 56.560901376915467 ], [ 22.77701453508876, 56.560907885523733 ], [ 22.777089335812537, 56.560929465163262 ], [ 22.777137514720675, 56.560898673264234 ], [ 22.777166993377818, 56.560862486454866 ], [ 22.777233368197713, 56.560852717345128 ], [ 22.777317939096559, 56.560863971007961 ], [ 22.777467708810658, 56.560901920565755 ], [ 22.777646957059794, 56.56090368301944 ], [ 22.777800422326763, 56.560827027292319 ], [ 22.777936194372817, 56.56071372071456 ], [ 22.77798705920236, 56.560599579461872 ], [ 22.77796094020033, 56.560531580196077 ], [ 22.777867439656944, 56.560504606294984 ], [ 22.77782211702371, 56.560446840152686 ], [ 22.777861532506165, 56.560395117970444 ], [ 22.777937172388089, 56.560390650530479 ], [ 22.778115410787137, 56.560423668182516 ], [ 22.778246815236834, 56.560445803420414 ], [ 22.778419145411771, 56.560369332325109 ], [ 22.778496967335446, 56.560297143450114 ], [ 22.778660365882196, 56.560204951378886 ], [ 22.778887955288162, 56.560170710192644 ], [ 22.779076801894291, 56.56016735391313 ], [ 22.779134244385787, 56.560141863186182 ], [ 22.779145020461026, 56.560100281294453 ], [ 22.779100367441593, 56.560021678342146 ], [ 22.779158312989839, 56.559980559652914 ], [ 22.779319024690189, 56.55997171576648 ], [ 22.779375963518106, 56.559961852876008 ], [ 22.779452944162095, 56.559915709972252 ], [ 22.779586527828823, 56.559870122666652 ], [ 22.779861619046901, 56.559825924067738 ], [ 22.780068493392733, 56.559848798033244 ], [ 22.780226857698423, 56.55991288342944 ], [ 22.780478723606212, 56.5600039406375 ], [ 22.780713901043178, 56.560027091145443 ], [ 22.780960355384774, 56.559993031191162 ], [ 22.781094105033862, 56.559942232939491 ], [ 22.78109561251857, 56.55989534905585 ], [ 22.78104995065716, 56.559848002707625 ], [ 22.781061059549824, 56.559796001997682 ], [ 22.781127599017157, 56.559781021474521 ], [ 22.781174098330514, 56.559802321191569 ], [ 22.781190286292603, 56.55988585529095 ], [ 22.781225342121445, 56.559969574351747 ], [ 22.781290207113337, 56.560006686949428 ], [ 22.781422281837845, 56.560007981551209 ], [ 22.781604372413778, 56.559921179823476 ], [ 22.781766589989168, 56.559865448875968 ], [ 22.781879963883625, 56.559861348785773 ], [ 22.78194482933748, 56.559898461044504 ], [ 22.781961019037382, 56.559981995049704 ], [ 22.782029962830354, 56.560185897993151 ], [ 22.782113027471986, 56.56024403229322 ], [ 22.782179065266448, 56.5602446791764 ], [ 22.782293444270085, 56.560209322780167 ], [ 22.78252169972934, 56.560154237637626 ], [ 22.782803714650107, 56.560188264755205 ], [ 22.783027119458527, 56.560284249065127 ], [ 22.78312145929781, 56.560285172480135 ], [ 22.783188333253467, 56.560259772207274 ], [ 22.783276248670742, 56.560166835334975 ], [ 22.783448400345524, 56.56009556654115 ], [ 22.783741186727468, 56.560088009246982 ], [ 22.7839775364878, 56.560074688313236 ], [ 22.784054678893966, 56.560023333212179 ], [ 22.784028382277402, 56.559960544496278 ], [ 22.784078392316587, 56.559872447286239 ], [ 22.784144596590966, 56.559867883796571 ], [ 22.784237598903545, 56.559910480971446 ], [ 22.784282429533594, 56.559983872798384 ], [ 22.784413669111494, 56.56001121085535 ], [ 22.784509344557598, 56.559970458599977 ], [ 22.784578722331482, 56.559866917665786 ], [ 22.784646763648261, 56.559805051308601 ], [ 22.784911079005624, 56.559802423907662 ], [ 22.785081055630833, 56.559798874093005 ], [ 22.785221729035211, 56.559826303485906 ], [ 22.78530730160956, 56.55980629574524 ], [ 22.785338774601442, 56.5597075950107 ], [ 22.785613858108501, 56.559663383649415 ], [ 22.785830836402063, 56.559665502868107 ], [ 22.786179054510555, 56.55969495790378 ], [ 22.786349697658654, 56.559670569029947 ], [ 22.786378999810687, 56.559639589318778 ], [ 22.786372901400778, 56.559535310610777 ], [ 22.786415139285619, 56.559395027028259 ], [ 22.786511478039305, 56.55933343588746 ], [ 22.786709586995784, 56.559335369403939 ], [ 22.786840492710517, 56.559373123563432 ], [ 22.787017400818922, 56.559447803127384 ], [ 22.787080270558604, 56.559547424714182 ], [ 22.787105238597238, 56.55965188746702 ], [ 22.78707593702665, 56.559682867351782 ], [ 22.787083537460362, 56.559740262042297 ], [ 22.787176376133008, 56.559788066364554 ], [ 22.787326651569995, 56.559810376079199 ], [ 22.787381421882401, 56.55986823083532 ], [ 22.787349620783857, 56.559977350771362 ], [ 22.787234580512667, 56.560033549172203 ], [ 22.787110439296892, 56.560079236766121 ], [ 22.786969263483964, 56.560067437496421 ], [ 22.786896125767235, 56.559993770466249 ], [ 22.786736249223093, 56.559976577498119 ], [ 22.786716881204395, 56.559992021363648 ], [ 22.786734248536366, 56.560039089472802 ], [ 22.786777416972974, 56.560164573731164 ], [ 22.786756214930119, 56.560237320244347 ], [ 22.78669861063868, 56.560268023844522 ], [ 22.786695942942377, 56.560351373138879 ], [ 22.786797716480066, 56.560414897802666 ], [ 22.786919692061517, 56.560436931835945 ], [ 22.78701386572839, 56.56044306163065 ], [ 22.787153542929527, 56.56050174483974 ], [ 22.787170077691236, 56.560574859545405 ], [ 22.787092938345776, 56.560626216588176 ], [ 22.78700803160152, 56.560625388226512 ], [ 22.7868855552416, 56.560618982270782 ], [ 22.786884388290503, 56.560655447587656 ], [ 22.786937992224452, 56.560749767850226 ], [ 22.78695302637902, 56.560869766558817 ], [ 22.786885987127025, 56.560900378191093 ], [ 22.78673470726784, 56.560909323913187 ], [ 22.786648465968415, 56.560950169946501 ], [ 22.786655232275667, 56.561033611301028 ], [ 22.786748407006126, 56.561070997283814 ], [ 22.786803178226947, 56.56112885228714 ], [ 22.786735638200565, 56.561175091825618 ], [ 22.786622094091591, 56.561184405658395 ], [ 22.786432575834088, 56.561208610698031 ], [ 22.786281294644517, 56.561217555862292 ], [ 22.786223188064511, 56.561263887217216 ], [ 22.786229786679847, 56.561352537916136 ], [ 22.786235384513162, 56.5614724445878 ], [ 22.786187212210347, 56.561503240037801 ], [ 22.786120504854242, 56.561523432589169 ], [ 22.786007626891355, 56.561511908540375 ], [ 22.785943422059397, 56.561453961068217 ], [ 22.785887817447591, 56.561422152334792 ], [ 22.785831211787805, 56.56142159954652 ], [ 22.785601618283938, 56.561518365364215 ], [ 22.785560710081946, 56.561616973979589 ], [ 22.785689119310998, 56.561732869280654 ], [ 22.785724019870013, 56.561821796425782 ], [ 22.785637107855539, 56.561883479048753 ], [ 22.785502689718495, 56.561955119477673 ], [ 22.785482151818112, 56.562007028429676 ], [ 22.785509620556322, 56.562033351544144 ], [ 22.785594363513287, 56.562039390269554 ], [ 22.785754081334382, 56.562061794062949 ], [ 22.785885162314624, 56.562094339920478 ], [ 22.785902028983283, 56.562157036113319 ], [ 22.785859952840049, 56.562292110111343 ], [ 22.785921489336026, 56.562433406866774 ], [ 22.786042469867411, 56.562486697745022 ], [ 22.786087140148975, 56.562565298246902 ], [ 22.786074535799191, 56.562664183358578 ], [ 22.786051829428043, 56.562783813659671 ], [ 22.786097334218418, 56.562836367518095 ], [ 22.786210382962125, 56.562842682172153 ], [ 22.786333700363357, 56.562823042180561 ], [ 22.786408510234512, 56.562844616245428 ], [ 22.786453515250408, 56.562912797959939 ], [ 22.786385971591073, 56.562959037280059 ], [ 22.786262820580358, 56.56297346799348 ], [ 22.786222579726822, 56.563051239493724 ], [ 22.786258149946981, 56.56311932917037 ], [ 22.786412702280408, 56.563303221293054 ], [ 22.786533686268172, 56.563356511700768 ], [ 22.786703011716568, 56.563373797050332 ], [ 22.786796358951847, 56.563405973679721 ], [ 22.786849132808563, 56.563526340597242 ], [ 22.786884204412338, 56.563610058081643 ], [ 22.786965783535774, 56.563715073127703 ], [ 22.787000522143643, 56.563809209235615 ], [ 22.787016891253856, 56.563887533256732 ], [ 22.787091203513157, 56.563924734903345 ], [ 22.787185719240718, 56.563920445944206 ], [ 22.787243662089864, 56.563879323500188 ], [ 22.787426591439253, 56.563766466675354 ], [ 22.787700202564601, 56.563769134807423 ], [ 22.787793884830535, 56.563790892033715 ], [ 22.787839060041755, 56.5638538639218 ], [ 22.787799487865026, 56.563910798611253 ], [ 22.787807423356437, 56.563957774567484 ], [ 22.787910041307345, 56.563995251683799 ], [ 22.788013992050391, 56.563991054073554 ], [ 22.788062998900859, 56.563934211282749 ], [ 22.78816017939705, 56.563846572293457 ], [ 22.788283832158736, 56.563816511718734 ], [ 22.788453993049803, 56.563807748039132 ], [ 22.78849933588663, 56.563865510360621 ], [ 22.788478134975051, 56.56393825713004 ], [ 22.788448498132563, 56.563979655970357 ], [ 22.788465369841408, 56.56404235181833 ], [ 22.788558720229773, 56.564074527134515 ], [ 22.788699578510297, 56.564096743320604 ], [ 22.788841602180707, 56.564082494024966 ], [ 22.78906076961664, 56.564016886397653 ], [ 22.78924996751083, 56.564003096080533 ], [ 22.78931401528995, 56.564066251194355 ], [ 22.789283547257394, 56.56413369689983 ], [ 22.789216504060459, 56.564164309756379 ], [ 22.789214507146159, 56.564226821745955 ], [ 22.789327061409161, 56.564248761582128 ], [ 22.789440281320076, 56.564249863985502 ], [ 22.78973126907557, 56.56429959538432 ], [ 22.7898062501407, 56.564315958086937 ], [ 22.789891664190741, 56.56430115657156 ], [ 22.789996613393594, 56.564265701304045 ], [ 22.790062824680007, 56.564261134695684 ], [ 22.790128204528386, 56.564282614722764 ], [ 22.79016361662466, 56.564355912637623 ], [ 22.790048733406024, 56.564406904230623 ], [ 22.789971091142782, 56.564473891012796 ], [ 22.789988963413787, 56.564505330658818 ], [ 22.790072714885635, 56.564542622358289 ], [ 22.790157796781909, 56.564538239330069 ], [ 22.790251648648553, 56.564554785381887 ], [ 22.79027812493965, 56.56461236345892 ], [ 22.790257425808381, 56.564669482533581 ], [ 22.790322473948546, 56.564701381128778 ], [ 22.790426260143882, 56.564702390843529 ], [ 22.79055024639937, 56.564661909354221 ], [ 22.790692271524122, 56.564647657951959 ], [ 22.790766755100691, 56.564679648083953 ], [ 22.790792733671765, 56.564752854058924 ], [ 22.79090412715794, 56.564811257821518 ], [ 22.7909215018224, 56.564858325341284 ], [ 22.7908814346371, 56.564930889023067 ], [ 22.790927613401465, 56.564962603794925 ], [ 22.79099415814099, 56.564947618025492 ], [ 22.791042829469603, 56.564901192725735 ], [ 22.791147779278422, 56.564865736492415 ], [ 22.791241964667311, 56.564871863129845 ], [ 22.791278874632397, 56.564898276709762 ], [ 22.791331664762417, 56.565018641765327 ], [ 22.791475983651615, 56.565228482634126 ], [ 22.791549472457618, 56.565291728317582 ], [ 22.791634057627796, 56.565302972294312 ], [ 22.791777745410336, 56.56523662629909 ], [ 22.791997080570766, 56.565165804177965 ], [ 22.792234123338158, 56.565131630332466 ], [ 22.792374821769368, 56.565159051714488 ], [ 22.792562198722788, 56.565202559094764 ], [ 22.792788810444982, 56.56519954859273 ], [ 22.793111930993458, 56.565129732156905 ], [ 22.793170366933094, 56.565072978921755 ], [ 22.793220030957595, 56.564995296723652 ], [ 22.793278466526012, 56.564938543434934 ], [ 22.793363383127222, 56.564939367555326 ], [ 22.793466672600282, 56.564956002754805 ], [ 22.79357079124452, 56.564946591167931 ], [ 22.79361929362096, 56.564905374186516 ], [ 22.793621283322818, 56.564842862102367 ], [ 22.793661345179558, 56.56477029751408 ], [ 22.793728385898454, 56.564739682253098 ], [ 22.793814296753993, 56.564709250019348 ], [ 22.793825887005216, 56.564641620118472 ], [ 22.793856513165391, 56.564568963931855 ], [ 22.793905014743736, 56.564527746833122 ], [ 22.794019230187608, 56.564497589023368 ], [ 22.794142880514251, 56.56446752261418 ], [ 22.794210086033551, 56.564431697746386 ], [ 22.794259912791691, 56.564348805770514 ], [ 22.794252963529971, 56.564270574142576 ], [ 22.794301630003819, 56.564224147541623 ], [ 22.79442461644048, 56.564214918215391 ], [ 22.794555712412336, 56.564247454983494 ], [ 22.794572262999413, 56.56432056872849 ], [ 22.794773207764838, 56.564530954686425 ], [ 22.7950145451432, 56.564658356598912 ], [ 22.795182555685628, 56.564717305183926 ], [ 22.795431509636586, 56.564902100499836 ], [ 22.795465442571341, 56.565022281036747 ], [ 22.795536620020531, 56.565158455204042 ], [ 22.795713406754178, 56.565238331855973 ], [ 22.795748333984413, 56.565327256250455 ], [ 22.79573492620106, 56.56545218912008 ], [ 22.79589102354231, 56.565589185531771 ], [ 22.796050431603376, 56.565621994862894 ], [ 22.796305517161411, 56.565614042700965 ], [ 22.796816018725746, 56.565587718113996 ], [ 22.797164134813386, 56.565622351966617 ], [ 22.797821966468099, 56.56571208923927 ], [ 22.798395708380383, 56.565774955665255 ], [ 22.799323018683037, 56.565700538725743 ], [ 22.80010331760931, 56.565499633608823 ], [ 22.800353253328776, 56.565356138917799 ], [ 22.800871330308333, 56.565090167404598 ], [ 22.801558903786002, 56.564836249505369 ], [ 22.801770430293004, 56.564713225551557 ], [ 22.802057436396574, 56.564590928498262 ], [ 22.80236001873558, 56.564572999685048 ], [ 22.802625847753536, 56.564523450542623 ], [ 22.802814878983366, 56.564514848933122 ], [ 22.802888385434589, 56.56457808799518 ], [ 22.803038360305806, 56.564610797537114 ], [ 22.803257177613592, 56.564555583518789 ], [ 22.803706054037296, 56.564387942138602 ], [ 22.80397138688598, 56.564354018185696 ], [ 22.804215219557978, 56.564403261958674 ], [ 22.804375615963682, 56.564404804465639 ], [ 22.804481209324475, 56.564348499471848 ], [ 22.804520921288848, 56.564286350013063 ], [ 22.804645548473573, 56.564225016950004 ], [ 22.804816036254081, 56.564205812146191 ], [ 22.804985702653095, 56.564212653920741 ], [ 22.80512591443448, 56.564255688989824 ], [ 22.805324543056276, 56.564241964865694 ], [ 22.805458111303658, 56.564196349728668 ], [ 22.80555410329881, 56.564145162528725 ], [ 22.805649110131007, 56.564125231436691 ], [ 22.805913290655162, 56.564127768871863 ], [ 22.806080495549029, 56.564212749618925 ], [ 22.806275842316456, 56.564303211267237 ], [ 22.80641293901764, 56.564445222825825 ], [ 22.806607631689605, 56.564556521418339 ], [ 22.806802653495936, 56.564657400977545 ], [ 22.807086036064881, 56.564649698294957 ], [ 22.807361458642863, 56.564595020162308 ], [ 22.807512420901979, 56.564596468122957 ], [ 22.807558449371207, 56.564633386142873 ], [ 22.80770695372529, 56.564712974375247 ], [ 22.807800977723527, 56.564724297846176 ], [ 22.808001573866488, 56.564648057041076 ], [ 22.808117089151832, 56.564576211292177 ], [ 22.808232767796948, 56.564499156064805 ], [ 22.808497606221856, 56.564480850545891 ], [ 22.808817745335123, 56.564504761786701 ], [ 22.808890770706789, 56.564583625450716 ], [ 22.809036822356802, 56.564741352650877 ], [ 22.809119774872428, 56.564804678447857 ], [ 22.809223398400537, 56.564810881845467 ], [ 22.809309951729833, 56.564759601373574 ], [ 22.809416029723732, 56.564687664054333 ], [ 22.809558866228514, 56.564647344219082 ], [ 22.809767094143112, 56.564628493965834 ], [ 22.809833958139823, 56.564603079336663 ], [ 22.809948815587056, 56.56455206935658 ], [ 22.810156225122711, 56.564559265307459 ], [ 22.81027757382607, 56.564602114010597 ], [ 22.810321969890584, 56.564691124741117 ], [ 22.810338387590718, 56.564769445881339 ], [ 22.8105070766875, 56.56480753636955 ], [ 22.810761990679406, 56.564804763885611 ], [ 22.810989742974325, 56.564765254583079 ], [ 22.81116170066629, 56.564699156714063 ], [ 22.811739696489276, 56.564626517874792 ], [ 22.811994935771612, 56.564613324107235 ], [ 22.812388111259928, 56.564716087996182 ], [ 22.812659283869706, 56.564796841882668 ], [ 22.812970156353732, 56.564815442974158 ], [ 22.813160002521165, 56.564780778746965 ], [ 22.813388730777877, 56.564710008772558 ], [ 22.813570119253779, 56.564643997599312 ], [ 22.813731169396291, 56.564624690528952 ], [ 22.813928492896103, 56.564652627686769 ], [ 22.814154774188033, 56.564659996981561 ], [ 22.814288333417426, 56.56461437232376 ], [ 22.814375042444162, 56.564557878914115 ], [ 22.814396357025476, 56.564479918153275 ], [ 22.814323320351324, 56.564401057674779 ], [ 22.814251098828937, 56.564296150253647 ], [ 22.814292750323318, 56.564171485045215 ], [ 22.814398980205226, 56.564094334041592 ], [ 22.814562471483914, 56.563996885172109 ], [ 22.814656984563896, 56.563992575318117 ], [ 22.814740759403485, 56.564029850499438 ], [ 22.814816076717335, 56.56403577940015 ], [ 22.814941175172581, 56.563958807798208 ], [ 22.815182098425549, 56.563799564916614 ], [ 22.815415701193711, 56.56357250968847 ], [ 22.815608631724988, 56.563438863403391 ], [ 22.815602126860906, 56.563345004626882 ], [ 22.815539664165133, 56.563229769039701 ], [ 22.815457518261301, 56.563140400563611 ], [ 22.815430516246465, 56.563098455832034 ], [ 22.815478666988412, 56.563067648970495 ], [ 22.815544710508309, 56.5630682781537 ], [ 22.815675820957473, 56.563100792717265 ], [ 22.815768704148056, 56.56314857584524 ], [ 22.815873463494082, 56.56311830800049 ], [ 22.816006527059351, 56.563088309607245 ], [ 22.816065413813117, 56.56301591728635 ], [ 22.816198802256775, 56.56297549991546 ], [ 22.816434508809326, 56.562982954854235 ], [ 22.816526254131908, 56.563067203116596 ], [ 22.816466229566444, 56.563176061354525 ], [ 22.816529996202064, 56.563249621407138 ], [ 22.816792057681216, 56.563319857714802 ], [ 22.817104545947135, 56.563286354573613 ], [ 22.817235821062052, 56.563313658113444 ], [ 22.817392475375389, 56.563434999701094 ], [ 22.817639092368577, 56.563697891797659 ], [ 22.817739464627081, 56.563808275830226 ], [ 22.817640077289084, 56.563968869633037 ], [ 22.817475781363413, 56.564092369514441 ], [ 22.817472530845126, 56.56419655723866 ], [ 22.81760918175798, 56.564354184784236 ], [ 22.817643509636873, 56.564463940792912 ], [ 22.817544932731877, 56.564598487563764 ], [ 22.817425696803809, 56.564790158014439 ], [ 22.817117429088736, 56.564990451984535 ], [ 22.816966464735561, 56.564989015677789 ], [ 22.816844781914302, 56.564956592237685 ], [ 22.816769299810819, 56.564955873941983 ], [ 22.816691215493506, 56.565038505744859 ], [ 22.816724890763172, 56.565169099522407 ], [ 22.816682920832783, 56.565304184322024 ], [ 22.816550012650048, 56.565328974015038 ], [ 22.816427353041746, 56.565327806465589 ], [ 22.816265975833844, 56.565357535785225 ], [ 22.816184472648128, 56.565549564294436 ], [ 22.816256213770362, 56.565670098751831 ], [ 22.816269878216858, 56.565836978652413 ], [ 22.816264346322672, 56.566014097655376 ], [ 22.816355122360083, 56.566129602326448 ], [ 22.816532445874145, 56.566193821416611 ], [ 22.816737263550088, 56.566284356554682 ], [ 22.816763456051344, 56.566352347911838 ], [ 22.816714163628205, 56.566419620922083 ], [ 22.816655272732397, 56.566492013494369 ], [ 22.816720021094124, 56.566534317139499 ], [ 22.816824463827025, 56.566514467311151 ], [ 22.816938504711892, 56.566489497790258 ], [ 22.817030584745439, 56.566563326907165 ], [ 22.817036443185426, 56.566678023111109 ], [ 22.81691963728942, 56.566791552229589 ], [ 22.81668732460238, 56.56697693506387 ], [ 22.816674798423879, 56.567075823528754 ], [ 22.816766391424874, 56.56716528098486 ], [ 22.816813245218196, 56.567176148702245 ], [ 22.816871486386173, 56.567124593596461 ], [ 22.816901907892316, 56.567057140971663 ], [ 22.817043932500646, 56.567042859470853 ], [ 22.817155698614016, 56.567090821121013 ], [ 22.817191003050461, 56.567169320913479 ], [ 22.817377118436287, 56.56725446610708 ], [ 22.817664753836802, 56.567413529407069 ], [ 22.817773434229267, 56.567560468798959 ], [ 22.817714381033149, 56.567638071244588 ], [ 22.817552832413273, 56.567673011570491 ], [ 22.817483529893199, 56.567776571085183 ], [ 22.817385431329356, 56.567895489471788 ], [ 22.817458481034777, 56.567974348162245 ], [ 22.817673396638785, 56.568044133990156 ], [ 22.818103555159784, 56.568173285771152 ], [ 22.818456335736464, 56.568286719378861 ], [ 22.818456335736464, 56.568286719378861 ], [ 22.818648305498854, 56.56818432484075 ], [ 22.818763486858487, 56.568122887972763 ], [ 22.818913814380892, 56.56814515969117 ], [ 22.818977756357988, 56.568213509099337 ], [ 22.818977756357988, 56.568213509099337 ], [ 22.81911848595627, 56.568240900331688 ], [ 22.819308343829334, 56.568206226783524 ], [ 22.819338761900802, 56.568138773559731 ], [ 22.819338761900802, 56.568138773559731 ], [ 22.819254571357902, 56.568026380605431 ], [ 22.819419118904619, 56.567983208725117 ], [ 22.819645421276661, 56.56799056811041 ], [ 22.819813647506663, 56.568044274212149 ], [ 22.819917119541987, 56.568055678125589 ], [ 22.81997503346328, 56.568014540336577 ], [ 22.819986578155333, 56.567946907845993 ], [ 22.820007234404414, 56.567889783676534 ], [ 22.820092807199366, 56.567869752019838 ], [ 22.820251759691793, 56.567918158601216 ], [ 22.820305943363856, 56.567996836584598 ], [ 22.820417878587524, 56.568039585935672 ], [ 22.820550307445458, 56.568030420313875 ], [ 22.820741459785484, 56.567954069455709 ], [ 22.82088672797574, 56.567835595790285 ], [ 22.821012637141202, 56.567732571178801 ], [ 22.821173372689803, 56.56772367329674 ], [ 22.821249346512083, 56.567708760770842 ], [ 22.821250480713864, 56.567672295038754 ], [ 22.821233391145952, 56.567614812838784 ], [ 22.821273079206875, 56.567552657963176 ], [ 22.821471557626715, 56.567544117489184 ], [ 22.821696400127319, 56.567598357651498 ], [ 22.821807364053946, 56.567672362103416 ], [ 22.821872606031697, 56.567699034915471 ], [ 22.822117941085249, 56.567701359213864 ], [ 22.822712406943939, 56.567706989160691 ], [ 22.822847099446768, 56.567624889581253 ], [ 22.823019373292315, 56.567548356524746 ], [ 22.823124300909715, 56.567512873224416 ], [ 22.823266810230734, 56.567482956432009 ], [ 22.823325043137697, 56.567431398271722 ], [ 22.823346341025697, 56.56735343594309 ], [ 22.823340948625077, 56.567223111785871 ], [ 22.823380956285156, 56.567150537428255 ], [ 22.823552094932769, 56.567110469378754 ], [ 22.823807023821992, 56.567107670211172 ], [ 22.823872266254568, 56.567134341978196 ], [ 22.823898795466523, 56.567191913086937 ], [ 22.823989920918525, 56.5672969934786 ], [ 22.824073550643451, 56.567339471815778 ], [ 22.824205491359951, 56.567345930474183 ], [ 22.824338563338838, 56.567315923218189 ], [ 22.82450220482546, 56.567213251884361 ], [ 22.824598502124275, 56.567151631138557 ], [ 22.824807221282157, 56.567117127539639 ], [ 22.824996260873096, 56.567108492243669 ], [ 22.825250382305139, 56.567131737106003 ], [ 22.825343448936113, 56.567174303742689 ], [ 22.825427725728403, 56.567195943581417 ], [ 22.825560150496049, 56.567186772605638 ], [ 22.825711446893607, 56.567177779717156 ], [ 22.825823708668274, 56.567210105424287 ], [ 22.825935486489083, 56.567258059228962 ], [ 22.826010650681923, 56.567269190778539 ], [ 22.82610581617767, 56.567244034653875 ], [ 22.826145657225069, 56.567176668785066 ], [ 22.826203563068482, 56.567135528056028 ], [ 22.826308486592744, 56.56710004204939 ], [ 22.826439942953272, 56.567122126536113 ], [ 22.826533172208357, 56.567159482887327 ], [ 22.826684468282, 56.567150488813446 ], [ 22.826789875194731, 56.567099374196012 ], [ 22.826903911402088, 56.567074395517857 ], [ 22.827149081640638, 56.567081919275864 ], [ 22.827195132320576, 56.56711883010226 ], [ 22.827259409983103, 56.56717675651317 ], [ 22.827371995462855, 56.56719866202387 ], [ 22.82748506458092, 56.567204939226052 ], [ 22.827550309794464, 56.567231609074106 ], [ 22.827558295228776, 56.567278582669879 ], [ 22.827623379469937, 56.56731046188245 ], [ 22.827699027696621, 56.567305964206106 ], [ 22.827766367937716, 56.567264911706495 ], [ 22.827814997427097, 56.567218471859952 ], [ 22.827808300679976, 56.567129823055019 ], [ 22.82779104026103, 56.567077551114672 ], [ 22.827858218877349, 56.56704170796484 ], [ 22.82794281904491, 56.567052927297595 ], [ 22.828055082381571, 56.567085250997074 ], [ 22.828312360318481, 56.567311745282908 ], [ 22.828579238285513, 56.567533118533554 ], [ 22.828690054539745, 56.567612326302473 ], [ 22.828784253193035, 56.567618424551334 ], [ 22.828954905440032, 56.567593977267499 ], [ 22.829088618403205, 56.567543127297796 ], [ 22.829239754515278, 56.567539339524224 ], [ 22.829305001548541, 56.567566008457561 ], [ 22.829425899017899, 56.567624466796126 ], [ 22.829509213815427, 56.567677360314349 ], [ 22.829620354199761, 56.567746148450638 ], [ 22.829656328591, 56.567803807180198 ], [ 22.829768273907639, 56.567846548156012 ], [ 22.830022885812923, 56.567854155075665 ], [ 22.830278784138709, 56.567820086218298 ], [ 22.830524763733241, 56.567801556306144 ], [ 22.830817923163561, 56.567783469548978 ], [ 22.831043102049964, 56.567827274052185 ], [ 22.831127704939963, 56.567838491227661 ], [ 22.83119456045787, 56.567813065089517 ], [ 22.831243025821021, 56.56777183330081 ], [ 22.83123567834711, 56.567704022290663 ], [ 22.83115252173393, 56.567645920510572 ], [ 22.831097994623633, 56.567577665977019 ], [ 22.831148709129597, 56.567463502498875 ], [ 22.831179105551957, 56.567396046282269 ], [ 22.831143932550926, 56.56731234093639 ], [ 22.83104431536373, 56.567175920544088 ], [ 22.831047850300994, 56.567061313545132 ], [ 22.831145421952254, 56.566958012408669 ], [ 22.831250661710964, 56.566912103390806 ], [ 22.831420827347745, 56.566903280929452 ], [ 22.831495510646072, 56.566930037397611 ], [ 22.83154028051683, 56.567008621912322 ], [ 22.831574811697276, 56.567113164792708 ], [ 22.831618939541265, 56.567212586918281 ], [ 22.831683224153075, 56.567270511069793 ], [ 22.831814844886104, 56.567287380478547 ], [ 22.831901212995827, 56.567241293610358 ], [ 22.831970314676067, 56.567142935297611 ], [ 22.832010787400247, 56.5670547298621 ], [ 22.832060214132341, 56.566982241276527 ], [ 22.832042466282928, 56.566945598134588 ], [ 22.831948910958161, 56.566918664714628 ], [ 22.831874709049448, 56.566876280285179 ], [ 22.83187583299339, 56.566839814409569 ], [ 22.831933411022636, 56.56680908980416 ], [ 22.832066154029587, 56.566789493064832 ], [ 22.832283658294354, 56.566775903154195 ], [ 22.832397208499156, 56.566766547653074 ], [ 22.832461814523647, 56.566814052584235 ], [ 22.832574081064344, 56.566846372217768 ], [ 22.832735091115932, 56.566828342890979 ], [ 22.832849603947608, 56.566787730501936 ], [ 22.833024474297439, 56.566709022752185 ], [ 22.833185968569833, 56.566693605421328 ], [ 22.833268854688331, 56.566740948713822 ], [ 22.833383705316631, 56.566746259580377 ], [ 22.83343879596837, 56.566700210947964 ], [ 22.833495840325444, 56.566590682199987 ], [ 22.833644347490516, 56.566498944332402 ], [ 22.833776872165277, 56.566428222525097 ], [ 22.833849245745636, 56.566318837395514 ], [ 22.833827942642685, 56.566263605631285 ], [ 22.833714135245682, 56.566224439127524 ], [ 22.833538484838712, 56.566201625277024 ], [ 22.833442092635103, 56.566094890243619 ], [ 22.833467954062133, 56.566002001850556 ], [ 22.833523043518049, 56.565955953170523 ], [ 22.833677390080144, 56.565923535247691 ], [ 22.833838750533051, 56.565912349059133 ], [ 22.833998288145921, 56.565960410762266 ], [ 22.834065192255256, 56.566028769798024 ], [ 22.834164580165169, 56.566038168186019 ], [ 22.834258385555515, 56.565979782507512 ], [ 22.834284505230272, 56.56587842991906 ], [ 22.834249042821213, 56.565784966422491 ], [ 22.834258530354994, 56.565725790180018 ], [ 22.834351033264912, 56.565709724503463 ], [ 22.83444989983359, 56.565736050692593 ], [ 22.83449341832819, 56.565816889961873 ], [ 22.834607745833683, 56.565839127720288 ], [ 22.834869794220189, 56.565795018059461 ], [ 22.835048825611786, 56.565707797793827 ], [ 22.835242926411798, 56.565629184895421 ], [ 22.835559798962358, 56.565547488307054 ], [ 22.835947216153219, 56.56541565265151 ], [ 22.836250314488797, 56.565283026634738 ], [ 22.836250314488797, 56.565283026634738 ], [ 22.836305529459416, 56.565232744687449 ], [ 22.836549379893253, 56.565234581758588 ], [ 22.836748677001992, 56.565265930747067 ], [ 22.836974668058797, 56.56529752910717 ], [ 22.837182223039466, 56.565323688687847 ], [ 22.837334034640975, 56.565379599585782 ], [ 22.837509629350386, 56.565375186850893 ], [ 22.837676117180905, 56.565310142930095 ], [ 22.837799309132397, 56.565226530359965 ], [ 22.837824204740894, 56.56512988977142 ], [ 22.837970249585485, 56.565016217735327 ], [ 22.838235587085961, 56.564946042288426 ], [ 22.838422884641812, 56.564917519300614 ], [ 22.838599775404983, 56.564870735083957 ], [ 22.838679297749689, 56.564780659157023 ], [ 22.83881140883814, 56.564763729286192 ], [ 22.838974739781218, 56.564801582024415 ], [ 22.839128591229787, 56.564790909401829 ], [ 22.839128591229787, 56.564790909401829 ], [ 22.839294332293214, 56.564750074683161 ], [ 22.839434811175426, 56.56481798638179 ], [ 22.839595363299104, 56.564946631052962 ], [ 22.839647954390781, 56.565019776813962 ], [ 22.839788434905081, 56.565087688116819 ], [ 22.839928545400841, 56.565167704963009 ], [ 22.840002507760225, 56.565259213695946 ], [ 22.840002507760225, 56.565259213695946 ], [ 22.840002507760225, 56.565259213695946 ], [ 22.840198916420096, 56.565291318819533 ], [ 22.840198916420096, 56.565291318819533 ], [ 22.840284027955736, 56.5653768767976 ], [ 22.84013872952988, 56.565466340165443 ], [ 22.840167729103165, 56.565593756824427 ], [ 22.840351880108972, 56.565668129400294 ], [ 22.840505919885796, 56.56565140223676 ], [ 22.840635996556067, 56.565701051801746 ], [ 22.840567069754371, 56.565803336910747 ], [ 22.840574885189991, 56.565906337608624 ], [ 22.840704407393169, 56.565974145657115 ], [ 22.841011563535773, 56.565970954535153 ], [ 22.841240971961536, 56.565995551422318 ] ] ] } },
{ "type": "Feature", "properties": { "fid": 100, "nosaukums": "Bērze", "posmaID": 32, "gadsAvotos": 1967, "kolhozs": "Zebrene", "regulets1940": false, "garums": 1932, "udenskratuve": false, "piezimes": null }, "geometry": { "type": "MultiLineString", "coordinates": [ [ [ 22.871441944503541, 56.589627039326771 ], [ 22.871815513700216, 56.589562644346245 ], [ 22.871947385381649, 56.589574262124913 ], [ 22.872039783870228, 56.589642841403148 ], [ 22.872214364447512, 56.589805961473786 ], [ 22.872354127391972, 56.589869759081779 ], [ 22.872505038743299, 56.589876337999911 ], [ 22.872600696116631, 56.589835518089721 ], [ 22.872620820196911, 56.589794013518173 ], [ 22.872586155714426, 56.589689481893473 ], [ 22.872588482245689, 56.589611339906646 ], [ 22.872675162545175, 56.589554805957988 ], [ 22.872837220019733, 56.589504165912579 ], [ 22.872998036706978, 56.589495201387287 ], [ 22.873034872719249, 56.589526800370955 ], [ 22.873023880735339, 56.5895788094926 ], [ 22.872936890790069, 56.589645762618751 ], [ 22.872963665086218, 56.589698113936215 ], [ 22.873047864409184, 56.589724931190837 ], [ 22.873218588653362, 56.58970042352756 ], [ 22.873753671748403, 56.589491623941534 ], [ 22.874136600537742, 56.589317921027813 ], [ 22.874282095044745, 56.589188966128965 ], [ 22.87432543597048, 56.589001767024364 ], [ 22.874206723966726, 56.588865209963529 ], [ 22.874095750407598, 56.588786042414938 ], [ 22.874001646323194, 56.588774768808115 ], [ 22.873944378366552, 56.588795093848503 ], [ 22.873877668952819, 56.588815333382691 ], [ 22.873688841047521, 56.588813623642054 ], [ 22.873223901805751, 56.588569712520929 ], [ 22.872966986594832, 56.588317262982109 ], [ 22.872884030872683, 56.58824876993944 ], [ 22.872733901299991, 56.588216144168562 ], [ 22.872554362599796, 56.58821972775042 ], [ 22.872479453091273, 56.588198205222447 ], [ 22.872443239275189, 56.588145768207426 ], [ 22.872492771989524, 56.588068054135107 ], [ 22.872683922291515, 56.58799162366693 ], [ 22.872791186759173, 56.587877956602817 ], [ 22.872795373457951, 56.587737300974609 ], [ 22.872713039596981, 56.587647969946673 ], [ 22.872563377829525, 56.58759971557388 ], [ 22.872405206057621, 56.587520118628582 ], [ 22.872379519860424, 56.587431300911071 ], [ 22.872467281174114, 56.587338300797427 ], [ 22.872517898444425, 56.587224120427344 ], [ 22.872520535092104, 56.587135559475591 ], [ 22.872542829090392, 56.587021122343401 ], [ 22.872661082867193, 56.58685544626254 ], [ 22.872933351480093, 56.586274295872215 ], [ 22.872957814118671, 56.586086926071495 ], [ 22.87292284189645, 56.5859928134279 ], [ 22.872860323060959, 56.585872396766767 ], [ 22.872691631732877, 56.585829180921294 ], [ 22.872577878722822, 56.585843782472857 ], [ 22.87251952883884, 56.585900573163592 ], [ 22.872458542110436, 56.586045924792558 ], [ 22.872272343329858, 56.58627351515014 ], [ 22.872034152204687, 56.586344307492027 ], [ 22.871920862922266, 56.586343280031883 ], [ 22.871799529593208, 56.586295281628921 ], [ 22.871782665580103, 56.586227387283564 ], [ 22.871861450348472, 56.586118673535715 ], [ 22.871949209846001, 56.586025673761256 ], [ 22.871952158038724, 56.585926693874065 ], [ 22.871869364519473, 56.585852990688871 ], [ 22.87175778384464, 56.585794658941509 ], [ 22.871654402475425, 56.585778088480005 ], [ 22.871447019067581, 56.585765785168256 ], [ 22.871325532933177, 56.585722995775214 ], [ 22.871299695179459, 56.58563938729111 ], [ 22.871266280078324, 56.585493179523461 ], [ 22.871212120991117, 56.585409313991775 ], [ 22.871147279426701, 56.585367038487774 ], [ 22.871044365362998, 56.585334839123391 ], [ 22.870865461451331, 56.585317582456177 ], [ 22.870685625677471, 56.585331582328429 ], [ 22.870505789773976, 56.585345581940111 ], [ 22.870364492745423, 56.585333876942563 ], [ 22.870140406972844, 56.585248467460211 ], [ 22.870000509311261, 56.585189876865257 ], [ 22.869840021167182, 56.585188418661538 ], [ 22.869706921639509, 56.585218474418703 ], [ 22.869593635815114, 56.585217444852191 ], [ 22.869415044169873, 56.585189767175017 ], [ 22.869211242176988, 56.585057642482191 ], [ 22.869186187242832, 56.584947986252118 ], [ 22.869314200493463, 56.584771980235324 ], [ 22.869326751301227, 56.584667876775327 ], [ 22.869234836372001, 56.584583667103047 ], [ 22.868863602328592, 56.584366645402902 ], [ 22.868659962273298, 56.58422931035112 ], [ 22.868653011816882, 56.584145873065971 ], [ 22.868739685340408, 56.584089341784555 ], [ 22.868863030285663, 56.584069620116587 ], [ 22.868939796427135, 56.584028631228584 ], [ 22.86893222310022, 56.58396603181027 ], [ 22.868766345474601, 56.58382904032716 ], [ 22.868743004150389, 56.583662079891312 ], [ 22.868244913891047, 56.583266732420874 ], [ 22.867778676079549, 56.583069686310246 ], [ 22.867678262944299, 56.582954132781573 ], [ 22.867175518924828, 56.582715064943592 ], [ 22.8669144757135, 56.582603258458988 ], [ 22.866691193231038, 56.582491795512851 ], [ 22.866278493009755, 56.582399449149072 ], [ 22.866129951822678, 56.582314720886302 ], [ 22.866019170215534, 56.582230336732813 ], [ 22.865718658944033, 56.582175487533043 ], [ 22.86531384368369, 56.582135318674958 ], [ 22.864813227243591, 56.582141172050335 ], [ 22.86418770756147, 56.582218835156517 ], [ 22.864006478026855, 56.582279710538501 ], [ 22.863722660897615, 56.58229796136068 ], [ 22.863034654745295, 56.582255197440546 ], [ 22.862876212542119, 56.582186007388778 ], [ 22.862831672798865, 56.582097015110342 ], [ 22.862637662913805, 56.581954547141343 ], [ 22.862460969225737, 56.581864346094122 ], [ 22.862274523828713, 56.581784477352493 ], [ 22.862095797324951, 56.581761998690325 ], [ 22.861887969622384, 56.581765307892816 ], [ 22.861624287106913, 56.581742051079146 ], [ 22.861266209062084, 56.581717929442718 ], [ 22.8609850579736, 56.581647613347229 ], [ 22.860921644208922, 56.581558447493506 ], [ 22.860962692100852, 56.581449394825604 ], [ 22.861051250486387, 56.581330355476346 ], [ 22.861215488636681, 56.581161382490038 ] ] ] } },
{ "type": "Feature", "properties": { "fid": 101, "nosaukums": "Gardenes upīte", "posmaID": 39, "gadsAvotos": 1977, "kolhozs": "VOSR", "regulets1940": false, "garums": 4788, "udenskratuve": false, "piezimes": null }, "geometry": { "type": "MultiLineString", "coordinates": [ [ [ 23.156954059088665, 56.664693897367677 ], [ 23.156848399325003, 56.664817469916301 ], [ 23.156677516097805, 56.664842365998929 ], [ 23.156440869764026, 56.664845973857211 ], [ 23.156291702317244, 56.66474596126519 ], [ 23.156199069710375, 56.664656752841573 ], [ 23.156049088576371, 56.66459320888552 ], [ 23.155747846542802, 56.664523428740303 ], [ 23.155599497708216, 56.664386946400846 ], [ 23.15556386697892, 56.664287702714283 ], [ 23.155603924689881, 56.664188972252617 ], [ 23.155736728584195, 56.664174240766251 ], [ 23.15589698378648, 56.664201380300945 ], [ 23.155991244811247, 56.664217651098632 ], [ 23.156076627042083, 56.664207808476185 ], [ 23.156172634467886, 56.664145931435286 ], [ 23.1562881456132, 56.66405813328398 ], [ 23.156299818254599, 56.663959210286862 ], [ 23.156236850911661, 56.663812885857595 ], [ 23.156154496564316, 56.6636872725662 ], [ 23.156032902015049, 56.663623920917281 ], [ 23.155910609151636, 56.66359182823232 ], [ 23.155625967220583, 56.663626372998088 ], [ 23.155549581069501, 56.663657118857536 ], [ 23.155416079790161, 56.663703109228237 ], [ 23.155236089414313, 56.663712309645014 ], [ 23.154906356640499, 56.663647544784659 ], [ 23.154795274671478, 56.663537367526409 ], [ 23.154676248612876, 56.663359397956015 ], [ 23.154661292219821, 56.663182134761229 ], [ 23.154740476841496, 56.66302635314301 ], [ 23.154884952967045, 56.662912699692576 ], [ 23.154953043268065, 56.662829791571014 ], [ 23.155001978779104, 56.662757174712063 ], [ 23.155087940773225, 56.66272128352356 ], [ 23.155220856241552, 56.662701342722571 ], [ 23.155438101851509, 56.662718448205929 ], [ 23.155666206134555, 56.662673099288021 ], [ 23.155771787409563, 56.662606076829313 ], [ 23.155774815580422, 56.662470620788859 ], [ 23.155711852700453, 56.662324296072569 ], [ 23.155599024867737, 56.662292267229837 ], [ 23.155522990908949, 56.662307383544523 ], [ 23.155446374328328, 56.662348549049781 ], [ 23.155369757580694, 56.662389714507135 ], [ 23.155284262750563, 56.662404766506484 ], [ 23.155218504837325, 56.662383477878166 ], [ 23.155182527304099, 56.662299863600666 ], [ 23.155280279328469, 56.662159839510267 ], [ 23.155320451997401, 56.662055899254241 ], [ 23.155285523338975, 56.661925396374116 ], [ 23.155220232423439, 56.661883268357258 ], [ 23.155068981734082, 56.661877031552201 ], [ 23.154908387231263, 56.661865520514034 ], [ 23.15475783629913, 56.661828024248976 ], [ 23.154493760524325, 56.661789757043536 ], [ 23.154295558212095, 56.661767568580828 ], [ 23.154163929110339, 56.661730200097132 ], [ 23.154080302472639, 56.66166189373498 ], [ 23.15406289878376, 56.661594037202114 ], [ 23.154120827972612, 56.661542324326973 ], [ 23.154263083475026, 56.661527658642228 ], [ 23.154396111816784, 56.661502508860039 ], [ 23.154548877109093, 56.661441018467507 ], [ 23.154665899682943, 56.661285493756871 ], [ 23.154649311429015, 56.661181168367868 ], [ 23.154481825826227, 56.661054975923889 ], [ 23.154369702759229, 56.660991686891727 ], [ 23.154238076280127, 56.660954318489516 ], [ 23.154050622398803, 56.660874885583461 ], [ 23.153696622009623, 56.660627580128079 ], [ 23.153642663281875, 56.660502158035278 ], [ 23.153682254909583, 56.660424267521563 ], [ 23.153787833363445, 56.660357246712692 ], [ 23.15401849271532, 56.660197284124287 ], [ 23.154267720094367, 56.6600530791438 ], [ 23.154364653051534, 56.659949524650138 ], [ 23.154385089411168, 56.659881925109389 ], [ 23.154320619610868, 56.659803327683655 ], [ 23.154151741026045, 56.659739652966032 ], [ 23.153983096416596, 56.65966555832496 ], [ 23.153879621156353, 56.659638802057245 ], [ 23.153672087353144, 56.659611338501684 ], [ 23.153578072337691, 56.659584646278958 ], [ 23.153427765368811, 56.659536728728405 ], [ 23.15334519599039, 56.659421533242657 ], [ 23.153337721591708, 56.6593329015218 ], [ 23.153404290605877, 56.659317722204321 ], [ 23.153555997794374, 56.659303121613064 ], [ 23.153631092474992, 56.659329685257028 ], [ 23.153752085552032, 56.659419088480206 ], [ 23.153817837486073, 56.659440377875327 ], [ 23.153893399479625, 56.659446101971049 ], [ 23.153988581383256, 56.65942069547679 ], [ 23.154027937753845, 56.659353224530285 ], [ 23.154058067563277, 56.659275269608742 ], [ 23.154125569636783, 56.659218411118651 ], [ 23.154277976113296, 56.659172550555255 ], [ 23.15439312639343, 56.659100383606024 ], [ 23.154460511015444, 56.659048734779169 ], [ 23.154536422197118, 56.659038828936296 ], [ 23.154649705857928, 56.659050019330685 ], [ 23.15471534106333, 56.659076518101884 ], [ 23.154809938558408, 56.659077160220207 ], [ 23.15498079686995, 56.659052266604206 ], [ 23.155113582919238, 56.659037535717864 ], [ 23.15524578623954, 56.65904885393936 ], [ 23.155406135874308, 56.659070784212958 ], [ 23.155585172250454, 56.659103262281377 ], [ 23.155764907661968, 56.659104480989654 ], [ 23.155936231201871, 56.65905874665858 ], [ 23.155984927023511, 56.658996549051523 ], [ 23.156054288318419, 56.65885633188595 ], [ 23.156181105438932, 56.658685240204328 ], [ 23.156117565136416, 56.658564964876454 ], [ 23.156033941905605, 56.658496659801898 ], [ 23.155930934083834, 56.658449065833125 ], [ 23.155827111424934, 56.658437940738295 ], [ 23.155779464117519, 56.658453249630284 ], [ 23.155778416073126, 56.658500138290499 ], [ 23.155758448787058, 56.658546898680264 ], [ 23.155710568395808, 56.658572627247139 ], [ 23.155634891392729, 56.658572114108502 ], [ 23.155531301453333, 56.658550569064836 ], [ 23.155475242685966, 56.658518925029448 ], [ 23.155371885995727, 56.658486960152324 ], [ 23.155249144201591, 56.658475706244204 ], [ 23.155135162849955, 56.658495775500285 ], [ 23.155087282101601, 56.658521503826677 ], [ 23.15501160521309, 56.658520990309569 ], [ 23.154945970759915, 56.658494491694377 ], [ 23.154889679424329, 56.658473267096795 ], [ 23.154795899534161, 56.658436156094602 ], [ 23.154711929196822, 56.658383479688332 ], [ 23.15469429262923, 56.658326042908875 ], [ 23.154666730160095, 56.658289381307704 ], [ 23.154610672506383, 56.658257736885055 ], [ 23.154583460007167, 56.658205445716071 ], [ 23.154575399845967, 56.658142863293577 ], [ 23.154624796348667, 56.658049407113104 ], [ 23.154700938669475, 56.65802908146231 ], [ 23.154804993028399, 56.658029787792124 ], [ 23.154879153498594, 56.658098029485608 ], [ 23.154933695804576, 56.658197401841669 ], [ 23.155045928121407, 56.658255480522335 ], [ 23.155168669138018, 56.658266734628938 ], [ 23.155368368192036, 56.658221193601804 ], [ 23.155560004979709, 56.658113069888827 ], [ 23.15559106240303, 56.657993435758733 ], [ 23.155526010863476, 56.657940888192044 ], [ 23.1554127302587, 56.657929698601883 ], [ 23.155241178183736, 56.657985851935855 ], [ 23.155118204980191, 56.657985017604197 ], [ 23.154967436149668, 56.657957941315438 ], [ 23.154865713443659, 56.657853038114041 ], [ 23.154898871055959, 56.657639626846759 ], [ 23.154977460079884, 56.657509894156753 ], [ 23.155101247502067, 56.657474259665477 ], [ 23.155195840993965, 56.657474901478984 ], [ 23.155479155547855, 56.657497665894716 ], [ 23.155687960129892, 56.657467818047301 ], [ 23.156011673441817, 56.657376221062599 ], [ 23.156079401968785, 56.657308941772548 ], [ 23.156100415785495, 56.657215292645532 ], [ 23.156064790321388, 56.657116049004458 ], [ 23.155970779791385, 56.657089358590873 ], [ 23.155819082407625, 56.657103962158153 ], [ 23.155572442881663, 56.657133553643519 ], [ 23.155363989562989, 56.657147771748896 ], [ 23.155194188844085, 56.657125777261065 ], [ 23.155063507310889, 56.65704673093358 ], [ 23.155000206378212, 56.656916035319675 ], [ 23.154974626031304, 56.656790806305608 ], [ 23.154976723976365, 56.656697028978229 ], [ 23.155044686196668, 56.656619330542227 ], [ 23.155160176766397, 56.656531533271469 ], [ 23.155274152167575, 56.656511463968698 ], [ 23.155340016423054, 56.656527542705483 ], [ 23.155386263531511, 56.656574752197194 ], [ 23.155356488167062, 56.656637077931833 ], [ 23.155364782323044, 56.656689240617531 ], [ 23.155420954787747, 56.656715674851519 ], [ 23.155553615974291, 56.656706153317955 ], [ 23.15565859837692, 56.656665180104852 ], [ 23.155772224594998, 56.656660739904694 ], [ 23.155866117489964, 56.656692640319257 ], [ 23.155939462343746, 56.656797350362744 ], [ 23.155937483201235, 56.656885917859164 ], [ 23.155993074295647, 56.656938401099637 ], [ 23.15608708446689, 56.656965091495984 ], [ 23.156182025869036, 56.656950102998067 ], [ 23.156326706987031, 56.656826027977218 ], [ 23.156463207811633, 56.656644580313014 ], [ 23.156657043511991, 56.656437467629317 ], [ 23.156849016407847, 56.656313712301703 ], [ 23.156870376606783, 56.656204433459109 ], [ 23.156845371973493, 56.656053155525207 ], [ 23.156754154819527, 56.655901429193122 ], [ 23.156766172417569, 56.65578687644809 ], [ 23.156815327782684, 56.655703839048144 ], [ 23.156826414789137, 56.655630965132531 ], [ 23.156791602946246, 56.655495252687878 ], [ 23.156755046833318, 56.655437688056914 ], [ 23.156661388918447, 56.655395368603379 ], [ 23.156406349510096, 56.655378009024808 ], [ 23.156256055607493, 56.655330094894602 ], [ 23.156153288867767, 56.65527208140135 ], [ 23.156049940455649, 56.655240117094856 ], [ 23.155936784195884, 56.655223718145798 ], [ 23.155756368611872, 56.655253758862159 ], [ 23.155660849056559, 56.655294796319971 ], [ 23.155640883357947, 56.655341556719364 ], [ 23.155583082297955, 56.655388060533497 ], [ 23.155478685763345, 56.6554029844349 ], [ 23.155214071530761, 56.655390768113826 ], [ 23.155091106775831, 56.655389933779936 ], [ 23.154968841312105, 56.65535784020863 ], [ 23.154893986666917, 56.655320857669771 ], [ 23.154866775851183, 56.655268566543221 ], [ 23.154905193814351, 56.65524277407868 ], [ 23.155018699294146, 56.655243544405529 ], [ 23.155103129237819, 56.655275381200425 ], [ 23.155188141908244, 56.655281168673206 ], [ 23.155292538218156, 56.655266245014438 ], [ 23.15535010645841, 56.655230161041381 ], [ 23.155332237352553, 56.655183144031476 ], [ 23.155210438401543, 56.655130211284515 ], [ 23.155061079279506, 56.655040616891853 ], [ 23.154969172439333, 56.654920148374771 ], [ 23.154884393729827, 56.654903941048758 ], [ 23.154751971865618, 56.654903042184678 ], [ 23.154563380793171, 56.654875708586189 ], [ 23.154348163386345, 56.65477003420029 ], [ 23.154189699043336, 56.654664744969928 ], [ 23.154201957284798, 56.654539772766888 ], [ 23.154270033810068, 56.654456864867726 ], [ 23.154364503099611, 56.654462717143311 ], [ 23.154430246781839, 56.654484006207554 ], [ 23.154457339823555, 56.654541507285295 ], [ 23.154504166458217, 56.65456266784588 ], [ 23.154608211263941, 56.654563374312424 ], [ 23.15469275592632, 56.654590001530664 ], [ 23.154739233026504, 56.654626791562094 ], [ 23.154804744072866, 56.654658500135469 ], [ 23.154936465789429, 56.654690658060211 ], [ 23.155059428263357, 56.654691492540216 ], [ 23.155164405577739, 56.65465051971568 ], [ 23.155232480197721, 56.65456761128614 ], [ 23.155284782809993, 56.65434390842551 ], [ 23.15534502892984, 56.654187997801913 ], [ 23.155242965710833, 56.654098724434832 ], [ 23.155028916126646, 56.653940952678546 ], [ 23.154887621930545, 56.653913940510776 ], [ 23.154773187905885, 56.653954848904995 ], [ 23.154752755549659, 56.65402244858501 ], [ 23.154742247911667, 56.654069273057097 ], [ 23.154666230198561, 56.654084388916239 ], [ 23.154562769698728, 56.654057633235929 ], [ 23.154497842925615, 56.65399987526996 ], [ 23.154375349213101, 56.653978200829791 ], [ 23.154270956112835, 56.653993123732072 ], [ 23.154061353001197, 56.654059438241191 ], [ 23.1537262208691, 56.654239533471461 ], [ 23.153666901771988, 56.65435376447649 ], [ 23.153664100422695, 56.654478800917808 ], [ 23.153575587731101, 56.654629307954465 ], [ 23.153419229018212, 56.654852302680489 ], [ 23.153161158174608, 56.65497039259138 ], [ 23.153056761858831, 56.654985314463786 ], [ 23.152915465195715, 56.654958300055206 ], [ 23.152850539415027, 56.654900541241446 ], [ 23.152728043747917, 56.65487886517802 ], [ 23.152586397100002, 56.654867479947498 ], [ 23.152472542153102, 56.654882336956042 ], [ 23.152405629906795, 56.654913145357028 ], [ 23.152404811613991, 56.654949614304179 ], [ 23.15246997057525, 56.65499695364889 ], [ 23.152525437199525, 56.655054648280498 ], [ 23.152514342079435, 56.655127521795791 ], [ 23.15233310591266, 56.655194026491976 ], [ 23.152122440291755, 56.65530722633671 ], [ 23.151856775098448, 56.65534189152482 ], [ 23.151695975383003, 56.655340796113649 ], [ 23.151574298071122, 56.655282649976463 ], [ 23.151510309984602, 56.655183211685525 ], [ 23.151474230345165, 56.655104806133231 ], [ 23.15151405471671, 56.655016496541592 ], [ 23.151609578039217, 56.654975462274351 ], [ 23.151714208876342, 56.654950121919605 ], [ 23.151753096612023, 56.654903491036968 ], [ 23.151754266497882, 56.654851392549361 ], [ 23.151708611002956, 56.654778132471463 ], [ 23.151625238101126, 56.654699404745635 ], [ 23.151541280461977, 56.654646726207375 ], [ 23.151428127974565, 56.654630323170451 ], [ 23.151238955424141, 56.654629033789014 ], [ 23.15107745628411, 56.654659196677173 ], [ 23.15103856797089, 56.654705827348891 ], [ 23.150980645151762, 56.654757538865205 ], [ 23.15092377609794, 56.654762361724217 ], [ 23.15082918950252, 56.654761716685336 ], [ 23.150745467094815, 56.654698617918648 ], [ 23.150635477634285, 56.654541548277372 ], [ 23.150552341798136, 56.654452400143157 ], [ 23.150640748953059, 56.654307105133604 ], [ 23.150747018322591, 56.654208827715635 ], [ 23.150797238862381, 56.654078904071035 ], [ 23.15076092749413, 56.654010918002058 ], [ 23.15067591838827, 56.654005127515902 ], [ 23.150533572737622, 56.654024999047941 ], [ 23.150410495406707, 56.654029369952795 ], [ 23.150307038105982, 56.654002610745444 ], [ 23.150213976988638, 56.653934237226814 ], [ 23.1502066280962, 56.653840395417703 ], [ 23.150331110993992, 56.653773506539537 ], [ 23.150482679888295, 56.653764119465059 ], [ 23.150521333598473, 56.65372790865522 ], [ 23.150503939824141, 56.653660051568636 ], [ 23.150365110626488, 56.653523627469887 ], [ 23.150218699211916, 56.653303781096056 ], [ 23.150156710423961, 56.653115774680586 ], [ 23.150092964109295, 56.653005915952448 ], [ 23.150046493529679, 56.65296912419651 ], [ 23.149970827861878, 56.652968607648575 ], [ 23.149903213580696, 56.653030673805581 ], [ 23.149901689515058, 56.653098401826881 ], [ 23.149872611352684, 56.65312946717976 ], [ 23.149777677111206, 56.653144450897102 ], [ 23.149693256435988, 56.653112610507769 ], [ 23.149684970852192, 56.653060447440041 ], [ 23.149553611182348, 56.6530126544395 ], [ 23.1493274351579, 56.652974634828901 ], [ 23.149110952479319, 56.652926259751929 ], [ 23.148970605277118, 56.652857562114541 ], [ 23.149000388122474, 56.652795237891802 ], [ 23.149029584094997, 56.652758962895454 ], [ 23.148964550658828, 56.652706411910856 ], [ 23.148833193134465, 56.652658618153886 ], [ 23.148834249566001, 56.652611729533497 ], [ 23.148950563722721, 56.65248746904453 ], [ 23.148952558913734, 56.652398901645007 ], [ 23.149019821547935, 56.652352465540858 ], [ 23.149104944015185, 56.652353047300153 ], [ 23.149208982590608, 56.652353758260247 ], [ 23.149313725053712, 56.652323210047776 ], [ 23.14934327228524, 56.652271305430155 ], [ 23.149382981276272, 56.652188206333825 ], [ 23.1494589972488, 56.652173093690607 ], [ 23.149581834078937, 56.65217914340365 ], [ 23.149675593335878, 56.652216258308606 ], [ 23.149777872810841, 56.652295116515397 ], [ 23.149852481972164, 56.652342521811818 ], [ 23.14997438163779, 56.652390249926114 ], [ 23.150087643988513, 56.652401444419695 ], [ 23.150248665496974, 56.652392122173609 ], [ 23.15031569218144, 56.652356105062395 ], [ 23.150364974331154, 56.652267860343194 ], [ 23.150300174223744, 56.652204890350887 ], [ 23.150263045245801, 56.65217337306786 ], [ 23.150273557881615, 56.652126548974543 ], [ 23.150331711940822, 56.652064418057911 ], [ 23.150352268276702, 56.651991609253265 ], [ 23.150316662721668, 56.651892363944164 ], [ 23.1503086108766, 56.651829781207283 ], [ 23.150310251313201, 56.651756843315503 ], [ 23.15037809695588, 56.651684357216901 ], [ 23.150520433855434, 56.651664485829286 ], [ 23.150690558638395, 56.651670857078983 ], [ 23.15082250062407, 56.651692599629854 ], [ 23.150889408423456, 56.651661792050717 ], [ 23.150899920134929, 56.65161496789797 ], [ 23.150844578098233, 56.651552062682455 ], [ 23.150666167205333, 56.651493528626141 ], [ 23.150449339798648, 56.65146078543507 ], [ 23.150225164259474, 56.651334200023022 ], [ 23.150189090888734, 56.651255794068824 ], [ 23.150256232781945, 56.651214567127511 ], [ 23.150379535279662, 56.651199776646081 ], [ 23.150550712188341, 56.651159259430209 ], [ 23.150570681918541, 56.651112499827903 ], [ 23.150533319498791, 56.651091402323189 ], [ 23.150457891882755, 56.651080466381636 ], [ 23.150316025834432, 56.651079498305968 ], [ 23.150222268753815, 56.651042383883002 ], [ 23.15011053400686, 56.650963461473829 ], [ 23.150055545846893, 56.650884926358131 ], [ 23.149990983033504, 56.650811536499802 ], [ 23.150001730034649, 56.65075429271937 ], [ 23.150096775372415, 56.650734098957443 ], [ 23.150162510159806, 56.650755390261388 ], [ 23.150198934562663, 56.650818166677745 ], [ 23.150264552377962, 56.650844667778252 ], [ 23.150387502186867, 56.650845506835083 ], [ 23.150417046770187, 56.650793601942588 ], [ 23.150427675967734, 56.65074156797376 ], [ 23.150445099848323, 56.650387362665946 ], [ 23.150400740909966, 56.650256793720338 ], [ 23.150270678935893, 56.650151693121792 ], [ 23.150083052438301, 56.650082673990752 ], [ 23.149913872681967, 56.650034623128128 ], [ 23.149783226634344, 56.649955571274816 ], [ 23.149718900415696, 56.649871761570175 ], [ 23.149682594960488, 56.64980377515873 ], [ 23.149740746376317, 56.649741644487321 ], [ 23.149901639402781, 56.64973753250316 ], [ 23.149995158523772, 56.649785066866123 ], [ 23.150108295885666, 56.649801471173205 ], [ 23.150259731716396, 56.649797294167968 ], [ 23.150592615288947, 56.64971619525258 ], [ 23.150650882193702, 56.649648854298761 ], [ 23.15064353294553, 56.649555012450357 ], [ 23.150523749957554, 56.649413507664185 ], [ 23.150459657288426, 56.649319278629314 ], [ 23.150366958810945, 56.649235275651975 ], [ 23.15029258942846, 56.649177450953353 ], [ 23.150228732077895, 56.649072802095667 ], [ 23.150297861801626, 56.648943007627054 ], [ 23.15040235961418, 56.64892287815524 ], [ 23.150431902647959, 56.648870973238715 ], [ 23.150433542662373, 56.648798035309746 ], [ 23.150359291185268, 56.648735000797018 ], [ 23.150408919866635, 56.648631126438552 ], [ 23.150541788113593, 56.648611190447468 ], [ 23.150693219129678, 56.648607012899966 ], [ 23.150806704552465, 56.648607787007961 ], [ 23.150921594886157, 56.648546042777141 ], [ 23.150980912981481, 56.648431812971531 ], [ 23.151049102478705, 56.648343696887544 ], [ 23.151213149342791, 56.648198917146516 ], [ 23.151423075808065, 56.648116977726566 ], [ 23.151622140670476, 56.648097491758826 ], [ 23.151782324785781, 56.648124636448053 ], [ 23.152010345112298, 56.648079293873522 ], [ 23.152343911061259, 56.647966931067273 ], [ 23.152402522729336, 56.647883959691292 ], [ 23.152347183588741, 56.64782105511491 ], [ 23.152103174078654, 56.64773602312389 ], [ 23.151961554382535, 56.647724637249233 ], [ 23.151837562170382, 56.647770688470196 ], [ 23.151826117157739, 56.64785919157579 ], [ 23.151795875129423, 56.647942355967601 ], [ 23.151691146831652, 56.647972906331383 ], [ 23.151615608113289, 56.647967180957615 ], [ 23.151551281163144, 56.647883372171037 ], [ 23.15154357902059, 56.64780515990703 ], [ 23.151545801750466, 56.64770617267191 ], [ 23.151528174826428, 56.647648735374943 ], [ 23.151386555636847, 56.647637348847546 ], [ 23.151319421365624, 56.647678576444441 ], [ 23.1512991033586, 56.647740965763148 ], [ 23.151278317192574, 56.647824194493992 ], [ 23.151239787328638, 56.647855195739027 ], [ 23.151125953021456, 56.647870051593841 ], [ 23.150994024184783, 56.647848309390213 ], [ 23.150863149221465, 56.647779678365467 ], [ 23.150807695714086, 56.647721982965365 ], [ 23.150772444150494, 56.647607108166468 ], [ 23.150964625214243, 56.647472941953247 ], [ 23.151023473239864, 56.64737955151854 ], [ 23.151045664342671, 56.647233804574654 ], [ 23.150981105770562, 56.647160415199643 ], [ 23.150955310914739, 56.647045604932138 ], [ 23.150995596051349, 56.646936455953409 ], [ 23.151054092003985, 56.646858695057119 ], [ 23.151159519923155, 56.6467968860876 ], [ 23.151330793024805, 56.646751157854368 ], [ 23.151558454643176, 56.646721445640026 ], [ 23.151690613804739, 56.646732767527737 ], [ 23.151822071388398, 56.646775348409548 ], [ 23.151877408138041, 56.646838253222739 ], [ 23.151913948613394, 56.646895819318267 ], [ 23.151997305058302, 56.646974546899962 ], [ 23.152100978186485, 56.646990884967906 ], [ 23.152224499958166, 56.64696567289463 ], [ 23.152282409032079, 56.646913960694924 ], [ 23.152357869273224, 56.646855144048942 ] ] ] } },
{ "type": "Feature", "properties": { "fid": 102, "nosaukums": "Gardenes upīte", "posmaID": 39, "gadsAvotos": 1977, "kolhozs": "VOSR", "regulets1940": false, "garums": 2010, "udenskratuve": false, "piezimes": null }, "geometry": { "type": "MultiLineString", "coordinates": [ [ [ 23.163213245584277, 56.632812499252232 ], [ 23.163151999188987, 56.632720732454793 ], [ 23.163115339737338, 56.632668379400243 ], [ 23.163116031683536, 56.6326371201041 ], [ 23.163163989358175, 56.632606178589647 ], [ 23.16323016138157, 56.632606623454087 ], [ 23.163314547919441, 56.632638454668857 ], [ 23.163380374138338, 56.632654529102567 ], [ 23.163447007364837, 56.632634134319687 ], [ 23.163476750120122, 56.632571806317237 ], [ 23.163430176113412, 56.632540229355129 ], [ 23.163269934115707, 56.632518309636055 ], [ 23.163109692305671, 56.632496389711164 ], [ 23.163101046466924, 56.63245985697246 ], [ 23.163130443688207, 56.632413158700963 ], [ 23.163206299092902, 56.632403247367819 ], [ 23.163301060644589, 56.632393463077811 ], [ 23.16335835565345, 56.632367794912753 ], [ 23.163416226992485, 56.632316077304196 ], [ 23.163493234836828, 56.632254066960897 ], [ 23.163626153925517, 56.63222890688246 ], [ 23.163730944173249, 56.632193136363142 ], [ 23.163722067323025, 56.632167023432096 ], [ 23.163608976637207, 56.632150631586583 ], [ 23.163523784073643, 56.632155269757071 ], [ 23.163496116589712, 56.632123819871282 ], [ 23.163497499822512, 56.63206130126725 ], [ 23.163546032763087, 56.632004310180925 ], [ 23.163641254224675, 56.631973686092657 ], [ 23.163697395953569, 56.632000116607109 ], [ 23.163743162876923, 56.632068162658932 ], [ 23.163827548652563, 56.632099993526381 ], [ 23.163959430129069, 56.632121722046612 ], [ 23.164035745516681, 56.632090970667974 ], [ 23.164065371676074, 56.6320338523998 ], [ 23.164075631006789, 56.631997446693639 ], [ 23.164170736849968, 56.631972032083567 ], [ 23.164218232139103, 56.631961929693475 ], [ 23.164342042199035, 56.631921075716136 ], [ 23.164409134186641, 56.631879840870582 ], [ 23.164515419392178, 56.63177634117676 ], [ 23.164583316759977, 56.631698637037466 ], [ 23.16466988944282, 56.631631479511036 ], [ 23.164773986502638, 56.631626967416523 ], [ 23.164839926674873, 56.63163783119186 ], [ 23.164857796771713, 56.63168484701621 ], [ 23.164885580149889, 56.631711086718056 ], [ 23.164951175299048, 56.631737580092384 ], [ 23.165026798765957, 56.631738087415272 ], [ 23.165074408585429, 56.631722774810555 ], [ 23.165151642581201, 56.631650343651586 ], [ 23.165228876280182, 56.631577912442992 ], [ 23.16524950745217, 56.631499890938699 ], [ 23.16525088775311, 56.631437372300446 ], [ 23.165194515698346, 56.631421362256539 ], [ 23.165127885549165, 56.631441757987851 ], [ 23.165079815912033, 56.631477910160001 ], [ 23.165050997096092, 56.631498559476917 ], [ 23.164984596857561, 56.63150853535825 ], [ 23.164965921234412, 56.63149798875353 ], [ 23.164957273819887, 56.631461456133366 ], [ 23.165006148962103, 56.631388834804994 ], [ 23.165131336786221, 56.631285461394334 ], [ 23.165275889595609, 56.63116137509472 ], [ 23.165380330310462, 56.631141232828178 ], [ 23.165502756565264, 56.631162896323787 ], [ 23.16554795083, 56.631256991162907 ], [ 23.165640409508722, 56.631351402821927 ], [ 23.165818634088314, 56.631415125287177 ], [ 23.166054955467388, 56.631416708865977 ], [ 23.16623444484236, 56.631423121973704 ], [ 23.166282513309564, 56.631386969351901 ], [ 23.166283777014556, 56.6313296605841 ], [ 23.166256107826538, 56.631298211302742 ], [ 23.166295412576449, 56.631230736027248 ], [ 23.166381751414612, 56.631173997069546 ], [ 23.1664590966395, 56.631096355194053 ], [ 23.166536900928921, 56.630997873714151 ], [ 23.166614934480144, 56.630888972405245 ], [ 23.166711069229734, 56.630816666836473 ], [ 23.166722359046407, 56.630733371895168 ], [ 23.166723162778684, 56.63069690267141 ], [ 23.166781141761309, 56.630639973574546 ], [ 23.166876012787686, 56.630624976655291 ], [ 23.16691451217914, 56.630593970397882 ], [ 23.166953355866678, 56.630547334459621 ], [ 23.167010760380961, 56.630516454700832 ], [ 23.167078535577616, 56.630443959053054 ], [ 23.167108385361587, 56.630376420248737 ], [ 23.167108959182553, 56.630350370799157 ], [ 23.167062040536678, 56.630334424853707 ], [ 23.167004865898832, 56.630354884858413 ], [ 23.166985845932864, 56.630359968224155 ], [ 23.166929359949084, 56.630349168855474 ], [ 23.166854657616156, 56.630306983579544 ], [ 23.166827103494921, 56.630270324531118 ], [ 23.16684681223574, 56.630233981851511 ], [ 23.167037355535395, 56.630167518602498 ], [ 23.16723677696935, 56.630127167754402 ], [ 23.167304321557108, 56.630065091756599 ], [ 23.167314691953742, 56.630023475870942 ], [ 23.167231799529851, 56.629923918786552 ], [ 23.167166779676133, 56.629871377158935 ], [ 23.167064638775404, 56.629787323135602 ], [ 23.16703811776495, 56.629703775117925 ], [ 23.167096209500414, 56.62964163596898 ], [ 23.167116491448493, 56.62957924378852 ], [ 23.167079599971427, 56.629537311649351 ], [ 23.167013433254375, 56.629536868846614 ], [ 23.166984387424069, 56.629567938405849 ], [ 23.166917761506845, 56.629588335113652 ], [ 23.166823237502257, 56.629587702404294 ], [ 23.166757874365189, 56.629550790234205 ], [ 23.16674991450483, 56.629482998382393 ], [ 23.166846734173593, 56.629379433339658 ], [ 23.166979526163804, 56.629359479523259 ], [ 23.167037158383248, 56.629318179959853 ], [ 23.167039109459111, 56.629229611817287 ], [ 23.166936167084341, 56.629182026921306 ], [ 23.166616970643776, 56.629080887558317 ], [ 23.166534541453021, 56.628960490444292 ], [ 23.166480699109854, 56.628829863397392 ], [ 23.166567721145324, 56.628741864929324 ], [ 23.166701659168538, 56.628669812494685 ], [ 23.166875012334192, 56.628525074523651 ], [ 23.16711418459936, 56.628396408757069 ], [ 23.167162707345415, 56.628339416197647 ], [ 23.167164199065343, 56.628271687605292 ], [ 23.167098723099954, 56.628239985503811 ], [ 23.167004431999946, 56.62822893315839 ], [ 23.166929389410566, 56.628202377599663 ], [ 23.166883162212201, 56.628155172240227 ], [ 23.166874972823997, 56.628097800164539 ], [ 23.166970296519295, 56.62806196358234 ], [ 23.167027352931584, 56.628046713467747 ], [ 23.167094549845761, 56.628000267228806 ], [ 23.167133734867512, 56.627938001530623 ], [ 23.167144678588361, 56.627870336183591 ], [ 23.167203111523857, 56.627792567281425 ], [ 23.167335668305711, 56.62778303284778 ], [ 23.167439180932764, 56.627804567951934 ], [ 23.167561597601843, 56.627826229406061 ], [ 23.167741184881979, 56.627827430403194 ], [ 23.167855410986274, 56.627791719542834 ], [ 23.16791372769849, 56.627719160194601 ], [ 23.168000170680401, 56.627657210158759 ], [ 23.168010539626071, 56.627615594194928 ], [ 23.168031277447653, 56.627532362263665 ], [ 23.167996564885485, 56.627391442407301 ], [ 23.167912529964259, 56.627343984682064 ], [ 23.167846596369554, 56.627333122546219 ], [ 23.167761988462374, 56.627311714186988 ], [ 23.167705850804371, 56.627285285497997 ], [ 23.167697660343233, 56.627227913465376 ], [ 23.167727391764178, 56.627165584360654 ], [ 23.167719315960426, 56.627103002434851 ], [ 23.167654185565137, 56.627055670943747 ], [ 23.167655217635346, 56.627008781902767 ], [ 23.167684834280461, 56.626951662699248 ], [ 23.167837437967584, 56.626890155197373 ], [ 23.167903485428106, 56.626895807442693 ], [ 23.167931267439389, 56.626922046480736 ], [ 23.167911446857008, 56.626963599253223 ], [ 23.167938655747278, 56.627015887758574 ], [ 23.167976348157971, 56.62702135039865 ], [ 23.168014269829456, 56.627016393239451 ], [ 23.168043656697971, 56.626969693737031 ], [ 23.168082036770119, 56.626943896980833 ], [ 23.168138861833011, 56.626939066135989 ], [ 23.168223239932583, 56.626970894026968 ], [ 23.168289058419944, 56.626986965856744 ], [ 23.168365016180235, 56.626971841441289 ], [ 23.168403739748982, 56.626930414901842 ], [ 23.168441775839952, 56.626920247717379 ], [ 23.168630696056521, 56.626926720462777 ], [ 23.168715647185646, 56.626932498546928 ], [ 23.168791948220054, 56.626901744185055 ], [ 23.168793207907264, 56.626844435339159 ], [ 23.16875734789901, 56.626755614624948 ], [ 23.168701553949667, 56.626713556697659 ], [ 23.168625940459812, 56.626713051636045 ], [ 23.168540646184592, 56.626722903176571 ], [ 23.168436792180589, 56.626716998675782 ], [ 23.168318045194976, 56.626528621458057 ], [ 23.168482274370948, 56.626368188308504 ], [ 23.168728271945927, 56.626143167849385 ], [ 23.168843637090376, 56.626055357097883 ], [ 23.169004999878958, 56.626025170633532 ], [ 23.169147001538374, 56.626015697354724 ], [ 23.169298454639208, 56.626006286998027 ], [ 23.169412330486104, 56.625986204367813 ], [ 23.169432263323923, 56.625939441446839 ], [ 23.169433521994854, 56.625882132582717 ], [ 23.169389010924789, 56.625756779683371 ], [ 23.169371710079812, 56.625683714972631 ], [ 23.169306122271877, 56.625657223923739 ], [ 23.169211836943347, 56.625646173262851 ], [ 23.169164007536875, 56.625671907285252 ], [ 23.169134394143292, 56.625729026861862 ], [ 23.16909590155641, 56.625760033849652 ], [ 23.169010495070189, 56.625775095616646 ], [ 23.168935570405871, 56.625743331370835 ], [ 23.168908361033889, 56.625691043071427 ], [ 23.16887215832104, 56.625617852065119 ], [ 23.168694413882157, 56.625533294393144 ], [ 23.1686015034946, 56.625459724518088 ], [ 23.168565988844172, 56.625355274045937 ], [ 23.168549377028185, 56.625250949844556 ], [ 23.16846591891413, 56.625177443007757 ], [ 23.168315270965092, 56.625150383090443 ], [ 23.168126703481633, 56.625128280203356 ], [ 23.167892370040345, 56.625038132448566 ], [ 23.167865391884018, 56.624975424129971 ], [ 23.167904228564403, 56.624928787832822 ], [ 23.167990894377404, 56.624856417965994 ], [ 23.168039525824142, 56.624794215119607 ], [ 23.168089990781223, 56.624648653917284 ], [ 23.168112560348465, 56.62448206358944 ], [ 23.168114508548072, 56.624393495353409 ], [ 23.168153344317552, 56.624346858971563 ], [ 23.168286919964348, 56.624290434415713 ], [ 23.168486767224199, 56.624229241846187 ], [ 23.168582881357658, 56.624156934695073 ], [ 23.168696752000372, 56.624136852698584 ], [ 23.168791720447729, 56.624116644356654 ], [ 23.168878039213517, 56.62405990354479 ], [ 23.168993283133716, 56.623977302503505 ], [ 23.169193013152981, 56.623921318686641 ], [ 23.169344686706886, 56.623901488449839 ], [ 23.169533935222258, 56.623892330088857 ], [ 23.169619794804678, 56.623856428350344 ], [ 23.169658628164623, 56.623809791487808 ], [ 23.169660458310361, 56.623726433106341 ], [ 23.169756454551255, 56.623659334931865 ], [ 23.169786179722252, 56.623597005281759 ], [ 23.169730846744006, 56.62353410820814 ], [ 23.169656154658995, 56.623491924597566 ], [ 23.169639197448006, 56.62340323020161 ], [ 23.169699105172523, 56.623257731346982 ], [ 23.169757182545137, 56.623195590850635 ], [ 23.169870820970395, 56.623185927565636 ], [ 23.169955077854446, 56.623222964181217 ], [ 23.169982401270193, 56.623270042371828 ], [ 23.170085903097796, 56.623291575258861 ], [ 23.170171532167885, 56.623266092930557 ], [ 23.170220500879523, 56.623188259499749 ], [ 23.170108577329533, 56.623119774605087 ], [ 23.170006104958969, 56.623051352638676 ], [ 23.169998140530737, 56.622983560911209 ], [ 23.170055874010494, 56.622937049970162 ], [ 23.170245803334033, 56.622896631109846 ], [ 23.170322552115024, 56.622845036160911 ], [ 23.17037186280794, 56.6227515729611 ], [ 23.170420944706283, 56.622668529541173 ], [ 23.170453910475008, 56.622526639216424 ] ] ] } },
{ "type": "Feature", "properties": { "fid": 112, "nosaukums": "Leinartu strauts", "posmaID": null, "gadsAvotos": null, "kolhozs": null, "regulets1940": false, "garums": 2538, "udenskratuve": false, "piezimes": null }, "geometry": { "type": "MultiLineString", "coordinates": [ [ [ 23.124616073863542, 56.567218021428552 ], [ 23.124797768571121, 56.567062602187569 ], [ 23.124922490548787, 56.566974897506533 ], [ 23.124886187343318, 56.566912113230593 ], [ 23.12468873936724, 56.566879459107703 ], [ 23.124510766738879, 56.566820888125875 ], [ 23.12446478704112, 56.566768457058771 ], [ 23.124495142778333, 56.566680088328866 ], [ 23.124735028144084, 56.566509822895107 ], [ 23.124709726313405, 56.566379376465342 ], [ 23.124607729413203, 56.566300497454698 ], [ 23.124318206832083, 56.566168190553114 ], [ 23.124253114509756, 56.566126046267264 ], [ 23.124282627614846, 56.566074146782093 ], [ 23.124349766032715, 56.5660277229888 ], [ 23.124360526432703, 56.565970480692307 ], [ 23.124323502917573, 56.565938955565258 ], [ 23.124248613448547, 56.565912374481073 ], [ 23.124154490112783, 56.565901290078138 ], [ 23.124126782845639, 56.565875041245192 ], [ 23.124127986758012, 56.565822942385289 ], [ 23.124195486060984, 56.565760889014356 ], [ 23.124500217842279, 56.565643188085133 ], [ 23.124594099989203, 56.565664691998748 ], [ 23.124687741616274, 56.565696615615579 ], [ 23.124735043717454, 56.565691737849797 ], [ 23.12474508160313, 56.565665754836914 ], [ 23.124736487398572, 56.56562921920586 ], [ 23.124671034582498, 56.56560270479762 ], [ 23.124672358049384, 56.565545396040861 ], [ 23.124780007184704, 56.565379410304388 ], [ 23.124789563762807, 56.565374266835505 ], [ 23.124791368229186, 56.565296118525325 ], [ 23.124794856838481, 56.565145031789385 ], [ 23.124816736611727, 56.565014917433018 ], [ 23.124808503360221, 56.56496275214031 ], [ 23.124771721043988, 56.564920807368111 ], [ 23.124763367574236, 56.56487385195959 ], [ 23.124746299791155, 56.564795570803234 ], [ 23.124729111773586, 56.564722499531541 ], [ 23.124739750908947, 56.56467046707521 ], [ 23.124853826154894, 56.564634794863323 ], [ 23.124967179566021, 56.564630381875112 ], [ 23.125081374733419, 56.564589499564953 ], [ 23.125083058290752, 56.564516561127171 ], [ 23.12513156133933, 56.564459584320083 ], [ 23.125207049755936, 56.564460115428524 ], [ 23.125329838658057, 56.564455768493183 ], [ 23.12541560457753, 56.564419896628749 ], [ 23.125463746399987, 56.56437854935642 ], [ 23.125455752790465, 56.564315964320663 ], [ 23.125437601981488, 56.564284572251118 ], [ 23.125562433466083, 56.564191656967289 ], [ 23.125894975684574, 56.564094991169277 ], [ 23.12618081691696, 56.563977153365066 ], [ 23.126210565876825, 56.563914833610291 ], [ 23.126164707408307, 56.563857193260446 ], [ 23.126119329511006, 56.56377871333158 ], [ 23.12617834681831, 56.563674913401861 ], [ 23.126255154670886, 56.563618135071273 ], [ 23.126340557587699, 56.563597892228195 ], [ 23.126425960413776, 56.563577649326092 ], [ 23.126502527590052, 56.56353129062245 ], [ 23.126522599753237, 56.56347932428146 ], [ 23.126562263731088, 56.563396231153753 ], [ 23.126697365475859, 56.563266911740335 ], [ 23.126673739344554, 56.563063527142262 ], [ 23.126609249873638, 56.562995334617689 ], [ 23.126591218768528, 56.56295873281703 ], [ 23.126658948964913, 56.562886258268563 ], [ 23.126763701396047, 56.562845308105601 ], [ 23.126839426640675, 56.562835418428925 ], [ 23.126887444887988, 56.562799280476312 ], [ 23.1268890048588, 56.562731551874784 ], [ 23.12685270238352, 56.562668768132831 ], [ 23.126873253595111, 56.562595962155115 ], [ 23.126827035676374, 56.562553951716886 ], [ 23.126791093500565, 56.562475538278299 ], [ 23.126801369121267, 56.562439135293985 ], [ 23.126877093543868, 56.562429245591225 ], [ 23.126961653545546, 56.562445471557588 ], [ 23.127055049312258, 56.562487813175423 ], [ 23.127252356581057, 56.562525673393147 ], [ 23.12750579811436, 56.562584770144205 ], [ 23.127788626122925, 56.562597175905154 ], [ 23.128005644819186, 56.562598698048937 ], [ 23.128174167529288, 56.562657197865271 ], [ 23.128489708121005, 56.562888682228056 ], [ 23.128581310204723, 56.563009171122658 ], [ 23.128646042771958, 56.563066942845971 ], [ 23.128711015033712, 56.563114294746363 ], [ 23.128983693414764, 56.563157891050487 ], [ 23.129069333253288, 56.563127226533958 ], [ 23.129079367474759, 56.563101243149383 ], [ 23.129052137620572, 56.563054155817234 ], [ 23.129024429012325, 56.563027908059645 ], [ 23.129044138341566, 56.562991570981694 ], [ 23.129119743605656, 56.562986889810858 ], [ 23.129147691627143, 56.56300271775676 ], [ 23.129212784088473, 56.563044859501673 ], [ 23.129287312415098, 56.563087067288073 ], [ 23.129522128709944, 56.563135608002504 ], [ 23.129568589590747, 56.563167197654749 ], [ 23.129529769896301, 56.56321382249552 ], [ 23.129547923596338, 56.563245213981865 ], [ 23.129621854567478, 56.563313471047181 ], [ 23.129677631917129, 56.563350336603932 ], [ 23.129818690339139, 56.56337216679168 ], [ 23.130073456764936, 56.563373949474034 ], [ 23.130140344199475, 56.563337942290737 ], [ 23.130150855952301, 56.563291119232595 ], [ 23.130125298400955, 56.563171093580593 ], [ 23.130089109701942, 56.563103100873718 ], [ 23.130071075181558, 56.563066499567931 ], [ 23.129978033326992, 56.563008530515383 ], [ 23.129960238111114, 56.562961509400353 ], [ 23.129989262619489, 56.562930448089411 ], [ 23.130055910220726, 56.562904860740097 ], [ 23.130282127423214, 56.562916864726013 ], [ 23.130423423615117, 56.562928274431286 ], [ 23.130565436852702, 56.56290842459196 ], [ 23.130792251556691, 56.562894378162866 ], [ 23.130999955883134, 56.562890619227119 ], [ 23.131160481793906, 56.562886530289468 ], [ 23.131197746871873, 56.562907633607857 ], [ 23.131244567077342, 56.562923592943612 ], [ 23.131338685154837, 56.562934671968762 ], [ 23.131414409412443, 56.562924779502929 ], [ 23.131443313331904, 56.562898927747248 ], [ 23.131491685385686, 56.562847158307832 ], [ 23.131549015531043, 56.562816294347634 ], [ 23.131625097539143, 56.562790772055784 ], [ 23.131709541074859, 56.562812204699931 ], [ 23.131717783390304, 56.562864369581042 ], [ 23.131707631703495, 56.56289556308419 ], [ 23.131744777765508, 56.562921876138574 ], [ 23.131838776670545, 56.562938164684638 ], [ 23.131970757034878, 56.562944296852372 ], [ 23.132036091132285, 56.562976017330328 ], [ 23.132176076099132, 56.563044733939414 ], [ 23.132175121919232, 56.563086413135281 ], [ 23.132099039682736, 56.563111935761782 ], [ 23.132041828824356, 56.563137590074874 ], [ 23.132031200157268, 56.563189623200486 ], [ 23.132105254790243, 56.563252668903935 ], [ 23.132227204192755, 56.56328478443718 ], [ 23.132350227049155, 56.563270010755524 ], [ 23.132437056814741, 56.563187244916186 ], [ 23.13250394168562, 56.563151236452512 ], [ 23.132579308427321, 56.563156972977701 ], [ 23.132625831498785, 56.563185956545333 ], [ 23.132600990361347, 56.563240495938011 ], [ 23.132609472419112, 56.563282240960696 ], [ 23.132656174477852, 56.563303409667078 ], [ 23.132713146775512, 56.563288174871559 ], [ 23.13275196264145, 56.563241549025825 ], [ 23.132772264472074, 56.563179161846769 ], [ 23.132783011308785, 56.563121918754362 ], [ 23.132830547548096, 56.563106618093464 ], [ 23.132906152597144, 56.563101934619681 ], [ 23.132942942193488, 56.563143877019712 ], [ 23.1329894059478, 56.563175465402381 ], [ 23.13304578215353, 56.563186279955843 ], [ 23.133121625622262, 56.563171176550263 ], [ 23.133274741840403, 56.563078450788176 ], [ 23.133314033263478, 56.563010985158456 ], [ 23.133306146070382, 56.562943190674197 ], [ 23.133307932814379, 56.562865042156552 ], [ 23.1333754118237, 56.562802983711599 ], [ 23.133460570956728, 56.562793155761277 ], [ 23.133564482277404, 56.562788669156078 ], [ 23.133649998536193, 56.562763211370729 ], [ 23.133717357745475, 56.562706362638771 ], [ 23.133813023621556, 56.562649711066364 ], [ 23.133899253602305, 56.562592993694601 ], [ 23.13394797899668, 56.562525593578719 ], [ 23.133977952087005, 56.562452852104151 ], [ 23.133979380348482, 56.562390333274038 ], [ 23.134037421865738, 56.562328208740411 ], [ 23.134132848306148, 56.562281976719632 ], [ 23.134171066415039, 56.562261399929362 ], [ 23.134171780382083, 56.562230140511836 ], [ 23.134154218307273, 56.562172700170592 ], [ 23.134155646262911, 56.562110181334752 ], [ 23.134241755514125, 56.562058673618367 ], [ 23.134478831968767, 56.56200821681773 ], [ 23.134601611953581, 56.562003860697509 ], [ 23.134789132163544, 56.562057273013529 ], [ 23.134854823812272, 56.562073362305604 ], [ 23.134912150058373, 56.562042496779085 ], [ 23.134913338974361, 56.561990397737738 ], [ 23.134895656988757, 56.561938167400136 ], [ 23.134953101881813, 56.561902091949115 ], [ 23.135057010594732, 56.561897604087989 ], [ 23.135131899803756, 56.561924178678517 ], [ 23.135253728693005, 56.561961501149639 ], [ 23.135299004557567, 56.562045187722845 ], [ 23.135336152295704, 56.562071499712914 ], [ 23.13546824906226, 56.562072418256939 ], [ 23.135592217135322, 56.562015962109584 ], [ 23.135800747638243, 56.561975725801616 ], [ 23.135980971349124, 56.561935292446698 ], [ 23.136093959303157, 56.561946499002026 ], [ 23.136187601546666, 56.561978413978842 ], [ 23.136271927182914, 56.562005053435541 ], [ 23.136357202483158, 56.561990013586339 ], [ 23.1363672314064, 56.56196402959295 ], [ 23.13634942873383, 56.561917009362013 ], [ 23.136369130465045, 56.561880671093562 ], [ 23.136444970012537, 56.561865565645782 ], [ 23.136557720570472, 56.561887191592412 ], [ 23.136594750372275, 56.561918713115773 ], [ 23.136650413842727, 56.561960785473673 ], [ 23.136706907951201, 56.561966388460363 ], [ 23.13677354935243, 56.561940797487594 ], [ 23.136898226770928, 56.561853080588563 ], [ 23.136936917402878, 56.561811663312731 ], [ 23.137107822312707, 56.561765952916232 ], [ 23.137325192462342, 56.561751829058586 ], [ 23.13822524761914, 56.561388108680497 ], [ 23.138455128968406, 56.561238590590143 ], [ 23.13854158558344, 56.561171450135973 ], [ 23.138693023333786, 56.561151656346645 ], [ 23.138750345071177, 56.56112078903233 ], [ 23.138770044083419, 56.561084450370615 ], [ 23.138836090805821, 56.561084907831088 ], [ 23.138873476761507, 56.561100798952367 ], [ 23.138911572776657, 56.561085430600137 ], [ 23.138921599705679, 56.561059446390914 ], [ 23.138959932321853, 56.561033658202653 ], [ 23.138988356350385, 56.561028644307541 ], [ 23.139082472049751, 56.561039717467082 ], [ 23.139111132687372, 56.561024283722489 ], [ 23.139121159463187, 56.560998299496461 ], [ 23.139094036911239, 56.560946004403917 ], [ 23.139113380573942, 56.560925295417888 ], [ 23.139133434054866, 56.560873326963552 ], [ 23.138984955813843, 56.560762873526272 ], [ 23.138891669203922, 56.560715330919933 ], [ 23.13887445567325, 56.560642261479821 ], [ 23.138876704145208, 56.560543273175249 ], [ 23.138916101278607, 56.560470595799032 ], [ 23.139077917620977, 56.560409187583474 ], [ 23.139098089179434, 56.56035200921859 ], [ 23.139099390575744, 56.560294700194291 ], [ 23.139052925214653, 56.560263114075553 ], [ 23.138949494739556, 56.560246765647555 ], [ 23.138855617729778, 56.560225272569959 ], [ 23.138800782774656, 56.560146731810732 ], [ 23.138793123010629, 56.560068517793489 ], [ 23.138822374754756, 56.56002703455551 ], [ 23.138898209624163, 56.560011927592747 ], [ 23.138918026240216, 56.559970378987636 ], [ 23.138909419603333, 56.559933844265856 ], [ 23.138892798053117, 56.559834725262931 ], [ 23.138808593716199, 56.559802877672119 ], [ 23.138790907348959, 56.559750647857051 ], [ 23.138782892629479, 56.55968806356875 ], [ 23.138775232985651, 56.559609849545033 ], [ 23.138852605447852, 56.559527013756671 ], [ 23.139166558309086, 56.559414551737746 ], [ 23.139196755461793, 56.559331389106823 ], [ 23.139237924972338, 56.559180562923139 ], [ 23.139211276686286, 56.559107428194402 ], [ 23.139079426731666, 56.559096093832864 ], [ 23.139003712085252, 56.559105991001935 ], [ 23.138805463913105, 56.559109828725134 ], [ 23.138532684713205, 56.55907146389751 ], [ 23.138449311115515, 56.559003146684411 ], [ 23.138336686429696, 56.558976312554428 ], [ 23.138252602881849, 56.558939254678499 ], [ 23.138158374207528, 56.558933390814794 ], [ 23.138064500896842, 56.558911897146565 ], [ 23.138055895313197, 56.558875362362713 ], [ 23.138066514448262, 56.558823328657624 ], [ 23.138029604864947, 56.558786597651249 ], [ 23.137936087375405, 56.558749474153522 ], [ 23.137832779989544, 56.558727914895563 ], [ 23.137777949292659, 56.558649373679415 ], [ 23.137741158645053, 56.558607432676816 ], [ 23.137705197524788, 56.558529022287104 ], [ 23.137677960165945, 56.558481936787175 ], [ 23.13759328582195, 56.558470928022189 ], [ 23.137517690564415, 56.558475614379148 ], [ 23.137461201528897, 56.558470011773103 ], [ 23.137423937283103, 56.558448910319591 ], [ 23.137406609036233, 56.558381050572059 ], [ 23.137360384498656, 56.558339044001258 ], [ 23.137313330248102, 56.55833350678715 ], [ 23.137246814127593, 56.558353888173926 ], [ 23.137171219062832, 56.55835857432092 ], [ 23.13711496739927, 56.558342551737532 ], [ 23.137106244281551, 56.558311226798089 ], [ 23.137097876901521, 56.558264272127026 ], [ 23.137041506826669, 56.558253459420989 ], [ 23.136984425244432, 56.558273906150326 ], [ 23.136917434656183, 56.558315127001194 ], [ 23.136851274183229, 56.558319878445943 ], [ 23.136785944016921, 56.558288160486612 ], [ 23.13680611786798, 56.558230982481234 ], [ 23.136854713815413, 56.558168791056573 ], [ 23.136846346776732, 56.558121836368578 ], [ 23.136723935479434, 56.558110565017294 ], [ 23.136552809335662, 56.558166694780738 ], [ 23.136400195732183, 56.558238585099474 ], [ 23.136295585091926, 56.558274333571845 ], [ 23.136201120991199, 56.558278888048413 ], [ 23.136126119493358, 56.55825752401492 ], [ 23.136099121713553, 56.558200018355635 ], [ 23.136139708737478, 56.558075242749851 ], [ 23.136522783710312, 56.557827788562321 ], [ 23.136590960278337, 56.557734468819305 ] ] ] } },
{ "type": "Feature", "properties": { "fid": 113, "nosaukums": "Sesava", "posmaID": null, "gadsAvotos": null, "kolhozs": null, "regulets1940": false, "garums": 2441, "udenskratuve": true, "piezimes": null }, "geometry": { "type": "MultiLineString", "coordinates": [ [ [ 23.173850259138973, 56.53651382668999 ], [ 23.174600163600239, 56.536425429774553 ], [ 23.174665374775856, 56.53646233793436 ], [ 23.174635840592948, 56.536519459861772 ], [ 23.174587447843631, 56.536576456545305 ], [ 23.174614828948172, 56.536618324229359 ], [ 23.174690036307467, 56.536629245098105 ], [ 23.174813976172469, 56.53656753923125 ], [ 23.174881906752141, 56.536479407776817 ], [ 23.174939728135996, 56.536422473568415 ], [ 23.174941767188461, 56.53632869393757 ], [ 23.1748398589456, 56.536244645714625 ], [ 23.174625254823866, 56.536139006155153 ], [ 23.174401109441472, 56.536038513573772 ], [ 23.17438372485686, 56.535970658579359 ], [ 23.174442906367695, 56.535851204846949 ], [ 23.174632280776418, 56.535815987431256 ], [ 23.174792801220359, 56.535806631820286 ], [ 23.174989791783112, 56.535854836138022 ], [ 23.175016493209739, 56.535927963617979 ], [ 23.175024223277539, 56.536006175902557 ], [ 23.175098863258135, 56.536043146421378 ], [ 23.175249842212352, 56.536038937623047 ], [ 23.175326067648612, 56.536002968283121 ], [ 23.175355940050189, 56.535930216241574 ], [ 23.175232765536602, 56.535522961859044 ], [ 23.175189584142842, 56.535340299683433 ], [ 23.175345089114348, 56.535127691526959 ], [ 23.175375300420598, 56.535039309524997 ], [ 23.175329061902652, 56.534997316877394 ], [ 23.175234999895956, 56.534986271265744 ], [ 23.174998712454737, 56.535010756733229 ], [ 23.174924074593328, 56.534973786154303 ], [ 23.174907142658483, 56.534885091297383 ], [ 23.174975409780789, 56.534781329816283 ], [ 23.175073888166644, 56.534589186360769 ], [ 23.17504730080482, 56.534510848898677 ], [ 23.175133291804446, 56.534459312297997 ], [ 23.17522871127143, 56.534407838205645 ], [ 23.175182700156665, 56.534355425538962 ], [ 23.175013097042488, 56.534349089145337 ], [ 23.174899952814005, 56.534348338075226 ], [ 23.174834858308571, 56.534306220054788 ], [ 23.174724660048955, 56.534170009316533 ], [ 23.17481189688311, 56.534061163141551 ], [ 23.174964113920961, 56.533999644871102 ], [ 23.175050896653957, 56.533911638448828 ], [ 23.175108713835979, 56.533854704126256 ], [ 23.175269452317167, 56.533834927908451 ], [ 23.175485856399817, 56.533857206645358 ], [ 23.175664772797866, 56.533868814906192 ], [ 23.175872880158337, 56.533838930608503 ], [ 23.176034523140153, 56.533777473536254 ], [ 23.17627204619842, 56.533695676252357 ], [ 23.176450849024683, 56.533712493363971 ], [ 23.176675099221676, 56.533807772278315 ], [ 23.177085436679267, 56.534018919131924 ], [ 23.177305963052397, 56.534286126392459 ], [ 23.177321770890234, 56.534426920789279 ], [ 23.177309066707704, 56.534577947920098 ], [ 23.177510627318988, 56.534850239967895 ], [ 23.177936113898163, 56.535233438288735 ], [ 23.178188325120701, 56.535344531527961 ], [ 23.178263756648033, 56.535345030262903 ], [ 23.178283517068884, 56.535303475061504 ], [ 23.178333143549747, 56.535189167072652 ], [ 23.178353806266628, 56.53510593197867 ], [ 23.17838254412333, 56.535085279031193 ], [ 23.178543173376365, 56.535070708578786 ], [ 23.178965556440712, 56.5351620819063 ], [ 23.17933955755402, 56.535310452373459 ], [ 23.179440234061886, 56.535451806789041 ], [ 23.179419348206299, 56.53554546203744 ], [ 23.179170926187815, 56.535694932841082 ], [ 23.179178552081503, 56.535778354880286 ], [ 23.179271039653237, 56.535862337313631 ], [ 23.179496774126388, 56.535889881348126 ], [ 23.179657293742974, 56.535880519452292 ], [ 23.179827354965425, 56.535866009583721 ], [ 23.179856317810017, 56.535834936324655 ], [ 23.179867323304109, 56.535762058733084 ], [ 23.179972731647265, 56.535684593284891 ], [ 23.180199816255282, 56.53564961620085 ], [ 23.180462366112213, 56.53571908714126 ], [ 23.181014406611077, 56.535920733613267 ], [ 23.181349807533451, 56.536110529430893 ], [ 23.181495616664016, 56.53634597249431 ], [ 23.181608092843991, 56.536377977506696 ], [ 23.181919593617025, 56.536364395990937 ], [ 23.182110199016964, 56.536271857295972 ], [ 23.182159590701605, 56.536167967745683 ], [ 23.182340316342263, 56.536096206602892 ], [ 23.182473109985832, 56.536060605030073 ], [ 23.182521041300575, 56.536024445194514 ], [ 23.182569645913716, 56.535957025401352 ], [ 23.182655181163298, 56.535926323548154 ], [ 23.182862845663184, 56.535917267533172 ], [ 23.182910888609982, 56.535875897554639 ], [ 23.182884732927914, 56.535776721774901 ], [ 23.182811880996418, 56.53565639606466 ], [ 23.182805705702091, 56.535505244348037 ], [ 23.182881362009496, 56.535495320300612 ], [ 23.183049962185983, 56.535548535891628 ], [ 23.183124721288696, 56.535580291622473 ], [ 23.183304433149072, 56.535555418976273 ], [ 23.183353147886638, 56.535482788874724 ], [ 23.183384574139971, 56.535337094973919 ], [ 23.183359426657304, 56.535191029359794 ], [ 23.183474703613015, 56.535092782895148 ], [ 23.183625341702555, 56.535104193884052 ], [ 23.183746572529248, 56.53516751884537 ], [ 23.183923032804376, 56.535293735064677 ], [ 23.184165833096909, 56.535404754314385 ], [ 23.184268319810673, 56.535462744992593 ], [ 23.184334546676968, 56.535452758175303 ], [ 23.184363953453747, 56.535400843882108 ], [ 23.184375510065621, 56.535301915897783 ], [ 23.184406820263966, 56.535161431715437 ], [ 23.184361131483048, 56.535093392435471 ], [ 23.184380885102374, 56.535051836243518 ], [ 23.184522990102874, 56.535021504326025 ], [ 23.184767021616931, 56.535075212481644 ], [ 23.18489004481826, 56.535055176438469 ], [ 23.185164936816392, 56.534989239464835 ], [ 23.185401217744019, 56.534964734651176 ], [ 23.185758061313447, 56.535034812364181 ], [ 23.18595450315382, 56.535109049311565 ], [ 23.18607573790398, 56.535172372012198 ], [ 23.186160374683773, 56.53518334769003 ], [ 23.186246463918252, 56.535126593372418 ], [ 23.186219406197775, 56.535069098221555 ], [ 23.186164061928114, 56.535011417849333 ], [ 23.186175837184717, 56.534902069686993 ], [ 23.186320062735582, 56.534772745794278 ], [ 23.186433208552071, 56.534773486472503 ], [ 23.186788935783948, 56.534895661186816 ], [ 23.18683384719791, 56.535000169561194 ], [ 23.186840261759105, 56.5351409011435 ], [ 23.186783018398852, 56.53517179097652 ], [ 23.186556277653004, 56.535191150129677 ], [ 23.186385998535446, 56.535216089213399 ], [ 23.186384769784148, 56.535273399162101 ], [ 23.186506229155622, 56.53532630145407 ], [ 23.186712996231563, 56.535358918957378 ], [ 23.186931760133451, 56.535271767892368 ], [ 23.187092498604517, 56.535251976388295 ], [ 23.187488960275086, 56.535233725877553 ], [ 23.187897080446351, 56.535111335762622 ], [ 23.188087219152195, 56.535039627813831 ], [ 23.188539805831233, 56.535042583483261 ], [ 23.188850847857559, 56.535049824548814 ], [ 23.189021792690351, 56.534993622087242 ], [ 23.189174769850602, 56.534895616374108 ], [ 23.189260965247726, 56.534833649951864 ], [ 23.189349163686025, 56.534677903475668 ], [ 23.189425929515572, 56.534615875436693 ], [ 23.189558266323758, 56.534601106251394 ], [ 23.189737413202369, 56.534602274274917 ], [ 23.189870750855324, 56.534540614753816 ], [ 23.189994770527893, 56.534473683639028 ], [ 23.190166266988463, 56.534391429582108 ], [ 23.19020520485989, 56.534334365307124 ], [ 23.190261999505609, 56.534324313886756 ], [ 23.190337429231619, 56.534324805288975 ], [ 23.190440255955604, 56.534367160902875 ], [ 23.190486843899798, 56.534393517973932 ], [ 23.190769483717645, 56.534405779989441 ], [ 23.191128442051177, 56.53437685226865 ], [ 23.191363383206088, 56.534414856123675 ], [ 23.19180420395406, 56.534527148594854 ], [ 23.191917349191709, 56.534527884278887 ], [ 23.192154510278751, 56.534461686579014 ], [ 23.192599989574902, 56.534355156083976 ], [ 23.192903814226035, 56.53425812565785 ], [ 23.19305744312723, 56.534128855089207 ], [ 23.193126213204959, 56.533999033458194 ], [ 23.19309082499441, 56.533889378503574 ], [ 23.193017279486362, 56.533800318688812 ], [ 23.192963588617051, 56.533664491231335 ], [ 23.192983886030476, 56.53359688360792 ], [ 23.193106900169184, 56.533576839401022 ], [ 23.193342613593583, 56.533578369472885 ], [ 23.193618577304864, 56.533579029328507 ] ] ] } },
{ "type": "Feature", "properties": { "fid": 114, "nosaukums": "Sesava", "posmaID": 40, "gadsAvotos": 1971, "kolhozs": "Īle", "regulets1940": false, "garums": null, "udenskratuve": false, "piezimes": null }, "geometry": { "type": "MultiLineString", "coordinates": [ [ [ 23.089691076230189, 56.558209827500967 ], [ 23.089689016897481, 56.558434474694366 ], [ 23.089664957607521, 56.558472638139484 ], [ 23.089525510458927, 56.558497176782275 ], [ 23.089432494446982, 56.558515665393543 ], [ 23.089279635923322, 56.558616784745027 ], [ 23.089301700677698, 56.558661675902322 ], [ 23.089335335008769, 56.55870665179701 ], [ 23.089426970556623, 56.558745662548567 ], [ 23.089543279623296, 56.558720954579364 ], [ 23.089634915421136, 56.558759965178368 ], [ 23.089645104310172, 56.558817549181661 ], [ 23.089585875765835, 56.558874624896397 ], [ 23.089491784827334, 56.558937835216589 ], [ 23.089387505015292, 56.558943461443086 ], [ 23.089341226626139, 56.558943122489246 ], [ 23.089340919709755, 56.558955900108003 ], [ 23.089340152417691, 56.55898784415475 ], [ 23.08934942017212, 56.559083761034508 ], [ 23.089242837803958, 56.559185219275236 ], [ 23.089196252153634, 56.559197657884361 ], [ 23.089092125086896, 56.559196895051663 ], [ 23.088989072657562, 56.559151410472154 ], [ 23.088943254598856, 56.559131904943818 ], [ 23.088873529602974, 56.559144173874188 ], [ 23.088861652865759, 56.559156866705983 ], [ 23.088872608373205, 56.55918250672412 ], [ 23.08890639618264, 56.55922109392268 ], [ 23.088894212361723, 56.559246564373979 ], [ 23.088824487138996, 56.559258833275891 ], [ 23.088778669036362, 56.559239327687088 ], [ 23.088616539860237, 56.559244529284022 ], [ 23.088546200177284, 56.5592823532605 ], [ 23.088568418031514, 56.559320855734036 ], [ 23.088660207837503, 56.559353478241469 ], [ 23.088693688440966, 56.559404843111999 ], [ 23.088726094180888, 56.559500929627568 ], [ 23.08863184666912, 56.559570528088663 ], [ 23.088583570860575, 56.559653243346688 ], [ 23.08845599571594, 56.559665087965989 ], [ 23.088410330934611, 56.559639193434698 ], [ 23.088399990093937, 56.559587998150114 ], [ 23.088355554465561, 56.559510993142219 ], [ 23.088251580207658, 56.559503840795898 ], [ 23.088112128361026, 56.559528377834361 ], [ 23.087926243520414, 56.559558964039212 ], [ 23.08787919585831, 56.559590568569831 ], [ 23.08792439911419, 56.559635629713512 ], [ 23.087958340050204, 56.559667828358968 ], [ 23.087935046723317, 56.559674047422973 ], [ 23.087808086196059, 56.559660336152326 ], [ 23.087704265375059, 56.559646794541656 ], [ 23.087645955099052, 56.55966553647707 ], [ 23.087655833700961, 56.559735898237257 ], [ 23.087617587874167, 56.559882586062699 ], [ 23.087593371810616, 56.559927137893766 ], [ 23.087534753510948, 56.559958657385053 ], [ 23.087442655654836, 56.559938811658284 ], [ 23.087224673509247, 56.559860532362052 ], [ 23.08696087447608, 56.559762746429513 ], [ 23.086927088175454, 56.559724158710402 ], [ 23.086696153358581, 56.559703292763615 ], [ 23.086626426595991, 56.559715560427037 ], [ 23.086567961756309, 56.559740690658344 ], [ 23.086520143048482, 56.559804238687192 ], [ 23.086461524052968, 56.559835757670854 ], [ 23.086415244612343, 56.559835417624569 ], [ 23.086108566339728, 56.559836358784224 ], [ 23.085900154838889, 56.559841216651478 ], [ 23.085806825665095, 56.559872480134565 ], [ 23.085747897835532, 56.559916776383332 ], [ 23.085655338775904, 56.559916095741691 ], [ 23.085621245491993, 56.55989028527619 ], [ 23.085541180997609, 56.559851356826236 ], [ 23.085403729798831, 56.559792836394621 ], [ 23.085393547109078, 56.559735252072628 ], [ 23.085430260169691, 56.559652452972394 ], [ 23.085454632708785, 56.559601512766513 ], [ 23.085397400287718, 56.559575532031843 ], [ 23.085293118149355, 56.559581154816129 ], [ 23.085200097441856, 56.559599640242624 ], [ 23.084898049389622, 56.559648536994381 ], [ 23.084607107596675, 56.559716684592331 ], [ 23.084503133515401, 56.559709529112084 ], [ 23.084457779966701, 56.559670855537831 ], [ 23.084459477100513, 56.559600578738042 ], [ 23.084401936779457, 56.559587375147352 ], [ 23.084332209501685, 56.559599641522674 ], [ 23.084192947723878, 56.559616188156085 ], [ 23.0841238376916, 56.559602899216124 ], [ 23.084078793354617, 56.559551447905768 ], [ 23.084068921438845, 56.559481085880869 ], [ 23.083999811696547, 56.559467796872617 ], [ 23.083918823517699, 56.559467200179419 ], [ 23.083767953707184, 56.559485258291708 ], [ 23.08371103144448, 56.559446499186791 ], [ 23.083643620523386, 56.55936293319364 ], [ 23.083516817077154, 56.559342828749976 ], [ 23.083412226397918, 56.559361227555165 ], [ 23.083341572392783, 56.55941182616565 ], [ 23.083316888190961, 56.559475543546327 ], [ 23.083234200617351, 56.559545223185502 ], [ 23.083118503008428, 56.559544370037351 ], [ 23.083072996555689, 56.559512084759859 ], [ 23.083144269127207, 56.559435931113242 ], [ 23.083144887147487, 56.559410375921821 ], [ 23.083063899110634, 56.559409778672148 ], [ 23.082994635326056, 56.55940287790429 ], [ 23.082834823093112, 56.559312239993439 ], [ 23.082743193016647, 56.559273224404407 ], [ 23.08260543906669, 56.559227478489156 ], [ 23.082570420878966, 56.559239999975468 ], [ 23.082569184070994, 56.559291110351424 ], [ 23.082576734149242, 56.559457304441288 ], [ 23.082518112434482, 56.559488821558681 ], [ 23.082425554503057, 56.55948813851618 ], [ 23.082276075783678, 56.559448695647646 ], [ 23.082149736809189, 56.559409423422714 ], [ 23.081928983952622, 56.559446133208603 ], [ 23.081849233654317, 56.559394424802406 ], [ 23.081828260405729, 56.559304810785818 ], [ 23.081852018661063, 56.559279426480977 ], [ 23.081956609857475, 56.559261028989724 ], [ 23.082038371003975, 56.559229682979243 ], [ 23.082039299144828, 56.559191350202624 ], [ 23.081958311600861, 56.559190752234386 ], [ 23.081889048423765, 56.559183850852293 ], [ 23.081820249452562, 56.559157783044469 ], [ 23.081764412829273, 56.559074301483719 ], [ 23.081788789906362, 56.559023362006464 ], [ 23.081870395958575, 56.558998404899974 ], [ 23.081975295768505, 56.558967229797432 ], [ 23.08197653336185, 56.558916119427295 ], [ 23.081884131556968, 56.558909047189971 ], [ 23.081791420327203, 56.558914752476035 ], [ 23.081757330578284, 56.558888940958326 ], [ 23.081828604599835, 56.558812788063058 ], [ 23.08194491874913, 56.558788087218865 ], [ 23.082004932086164, 56.558699071197388 ], [ 23.081947858103984, 56.558666700086562 ], [ 23.081844042145306, 56.558653153595912 ], [ 23.081763829421231, 56.558620611523104 ], [ 23.081730977860417, 56.558543689627818 ], [ 23.081789289299696, 56.558524950466946 ], [ 23.081812737638664, 56.55851234375772 ], [ 23.081802715455023, 56.558448370352188 ], [ 23.081664810888906, 56.558409012198474 ], [ 23.081630257415181, 56.558402367034375 ], [ 23.081502220059612, 56.558433370915893 ], [ 23.081350888843438, 56.55847059249529 ], [ 23.081175489466524, 56.558545975663314 ], [ 23.081080766002927, 56.558634734759146 ], [ 23.081034023529519, 56.558653559099568 ], [ 23.080849686261626, 56.558620246776385 ], [ 23.080815442526589, 56.558600823796752 ], [ 23.080607502018651, 56.558586506429727 ], [ 23.080549344843703, 56.558598856239904 ], [ 23.080525586150127, 56.558624240297135 ], [ 23.080456169322808, 56.558623726914405 ], [ 23.080387527322337, 56.558591269524022 ], [ 23.080377042626811, 56.558546462393572 ], [ 23.08032012524648, 56.558507701746166 ], [ 23.080250088686764, 56.558532743423854 ], [ 23.080225864859891, 56.558577293804255 ], [ 23.08023665936544, 56.55860932335969 ], [ 23.080177727034908, 56.558653616962687 ], [ 23.080061567185478, 56.558671927358667 ], [ 23.079681014906765, 56.558617991507916 ], [ 23.079496989251094, 56.558571899598576 ], [ 23.079359862345449, 56.558500594934401 ], [ 23.079302015196745, 56.558500166576401 ], [ 23.07920837362159, 56.55854420268988 ], [ 23.079127853054271, 56.55852443650739 ], [ 23.079117525044307, 56.558473240483472 ], [ 23.07916473374825, 56.55843525049017 ], [ 23.079189113892777, 56.558384311527412 ], [ 23.07919035521444, 56.558333201192347 ], [ 23.079134525589556, 56.558249718462235 ], [ 23.079008969859117, 56.558178499102411 ], [ 23.078986762388158, 56.558139994947425 ], [ 23.07904554011137, 56.558102090699137 ], [ 23.079196872086278, 56.558064871926064 ], [ 23.079280029237434, 56.55797602859176 ], [ 23.079246252349368, 56.557937438805048 ], [ 23.079108197143736, 56.557904466619419 ], [ 23.079004073921599, 56.557903695350127 ], [ 23.078887605391309, 56.557934782240977 ], [ 23.078828982995862, 56.557966297624311 ], [ 23.078724859612105, 56.557965526120661 ], [ 23.07867951404728, 56.557926850453818 ], [ 23.078726877742625, 56.557882471831157 ], [ 23.078796914093513, 56.557857431008259 ], [ 23.078809414683214, 56.557819183977983 ], [ 23.078786741932696, 56.557799846161721 ], [ 23.078625083453879, 56.557785868371589 ], [ 23.078578961881391, 56.557779136625264 ], [ 23.078522202765644, 56.557733986368341 ], [ 23.078561568361874, 56.557542579856907 ], [ 23.078597828367982, 56.557478949161883 ], [ 23.078542156557134, 56.557389077370864 ], [ 23.07843896648259, 56.557349972882726 ], [ 23.078233518892858, 56.55723343090304 ], [ 23.078153001616901, 56.557213664095727 ], [ 23.078059983305902, 56.557232144194806 ], [ 23.077918513508067, 56.557339724096018 ], [ 23.077825494774725, 56.557358204017902 ], [ 23.077732942165959, 56.557357517498964 ], [ 23.077710581056959, 56.557325401907072 ], [ 23.077793740039997, 56.557236559562391 ], [ 23.077818587403641, 56.557166454490257 ], [ 23.077749794900971, 56.557140384442597 ], [ 23.077599864058627, 56.557120102354652 ], [ 23.077461191476715, 56.557112683511214 ], [ 23.077288744826916, 56.557066674198389 ], [ 23.077138659025096, 56.557052780345515 ], [ 23.076848034552775, 56.557108132255955 ], [ 23.076765495912628, 56.55717141880865 ], [ 23.076460499828855, 56.557341682090104 ], [ 23.076099990628276, 56.557415682957057 ], [ 23.07560111801272, 56.557469484279316 ], [ 23.075439462159824, 56.557455502354799 ], [ 23.075313604399074, 56.557397056857461 ], [ 23.075212131785182, 56.557287673056706 ], [ 23.075052502981318, 56.557190636416088 ], [ 23.074948693583938, 56.557177084185838 ], [ 23.074890380878156, 56.55719582013824 ], [ 23.074807994688832, 56.557252716594 ], [ 23.074726231896168, 56.557284057854034 ], [ 23.074610229602076, 56.557295974381184 ], [ 23.07455300812909, 56.557269988680758 ], [ 23.074554255647342, 56.557218878403155 ], [ 23.074601623261138, 56.557174501359881 ], [ 23.074590833916726, 56.557142471324724 ], [ 23.074544557917271, 56.557142126870858 ], [ 23.074474364157215, 56.557173554080975 ], [ 23.074438721377678, 56.55721162841688 ], [ 23.074288168131037, 56.557216897478199 ], [ 23.074070228981927, 56.557138595225688 ], [ 23.07402473313519, 56.55710630665871 ], [ 23.074025513274773, 56.557074362739179 ], [ 23.074118377119966, 56.557062274447325 ], [ 23.074245011874712, 56.557088777226653 ], [ 23.074268461813599, 56.557076171942661 ], [ 23.074258140743133, 56.557024975525934 ], [ 23.074155736138231, 56.556953923576245 ], [ 23.073996735573633, 56.556831330451047 ], [ 23.073842662157386, 56.556743918525534 ], [ 23.073669909453717, 56.556710681778164 ], [ 23.073576578027438, 56.556741936088457 ], [ 23.073294396733722, 56.556925141554309 ], [ 23.073050512082357, 56.556961663144499 ], [ 23.07279662035879, 56.556934210158602 ], [ 23.072717669059866, 56.556850552023114 ], [ 23.072719700262663, 56.55676749785917 ], [ 23.072849457524836, 56.556666226414876 ], [ 23.073094121372417, 56.556597761298214 ], [ 23.073245296935578, 56.556566938542701 ], [ 23.073373334632588, 56.556535943156582 ], [ 23.073455565275392, 56.556485436430407 ], [ 23.073492925599638, 56.556377085752821 ], [ 23.073494642842782, 56.556306809131868 ], [ 23.07337973609134, 56.556274003035284 ], [ 23.073345342173624, 56.556260966793928 ], [ 23.073266234895893, 56.556183697781982 ], [ 23.073232778034757, 56.556132328808737 ], [ 23.073140540880381, 56.556118861314197 ], [ 23.07302391690866, 56.556156331506372 ], [ 23.072965761037636, 56.556168677778103 ], [ 23.072897129915667, 56.556136216275149 ], [ 23.072851792485874, 56.556097538498072 ], [ 23.072795667629435, 56.556026830513865 ], [ 23.072634175250982, 56.556006456179318 ], [ 23.072516613475354, 56.556082258590166 ], [ 23.072513956772205, 56.55619086788704 ], [ 23.072361844308439, 56.556260022448797 ], [ 23.072234588354036, 56.556259072887364 ], [ 23.072223644937267, 56.556233431431025 ], [ 23.072305720130757, 56.556189314247426 ], [ 23.072341364073647, 56.556151240520663 ], [ 23.07229602719514, 56.556112562542815 ], [ 23.07215751573397, 56.556098749016321 ], [ 23.071857199403631, 56.556077337555287 ], [ 23.071612693145582, 56.556139411466638 ], [ 23.071532181684383, 56.55611964038706 ], [ 23.071369124911701, 56.556163152213614 ], [ 23.071251403640442, 56.556245342196256 ], [ 23.071147441712487, 56.55623817558272 ], [ 23.071090537252672, 56.556199410738152 ], [ 23.071057865942961, 56.556116097291472 ], [ 23.071036450374358, 56.556045647836207 ], [ 23.070978450571417, 56.556051604397439 ], [ 23.070931706321552, 56.556070424941574 ], [ 23.07077943490917, 56.556145966339962 ], [ 23.070743163105597, 56.556209594729445 ], [ 23.070614811197515, 56.556253364962352 ], [ 23.070580888066747, 56.556221161623526 ], [ 23.070628728839935, 56.556157619761962 ], [ 23.070629981594909, 56.556106509531844 ], [ 23.070504918829442, 56.556016115299037 ], [ 23.070332329053954, 56.555976485152073 ], [ 23.07021601610143, 56.556001175146925 ], [ 23.07016864485324, 56.556045550515634 ], [ 23.070190058807817, 56.556116000115111 ], [ 23.070200217480608, 56.556173585636117 ], [ 23.070153159346631, 56.556205183441179 ], [ 23.070049667823369, 56.55617884957735 ], [ 23.069979785565359, 56.556197496693187 ], [ 23.069943669082829, 56.556254736066911 ], [ 23.069919121221758, 56.556312061974978 ], [ 23.069650218728647, 56.556425069132771 ], [ 23.067019644610202, 56.557057131461363 ], [ 23.066729949131172, 56.557074127045034 ], [ 23.066533434223153, 56.557066261793942 ], [ 23.066278130666248, 56.557096294442381 ], [ 23.06624106369738, 56.557191865329735 ], [ 23.066158349890838, 56.557261533550268 ], [ 23.066088463741448, 56.557280178462783 ], [ 23.065996541157382, 56.557253928131217 ], [ 23.065858185306865, 56.557233718813976 ], [ 23.065823950541184, 56.557214291730617 ], [ 23.065883526911563, 56.557144449892888 ], [ 23.065930747152262, 56.557106464954948 ], [ 23.065897456846969, 56.557048705276188 ], [ 23.065804905306003, 56.557048009881022 ], [ 23.065711881484134, 56.557066480723634 ], [ 23.065607603511516, 56.557072087012351 ], [ 23.065561642623351, 56.557058961678202 ], [ 23.065541181503686, 56.556950178706742 ], [ 23.065564949137041, 56.556924797535942 ], [ 23.065495850642286, 56.556911498273863 ], [ 23.06540282700799, 56.55692996888623 ], [ 23.065296816893888, 56.557005851367336 ], [ 23.065192854061596, 56.556998679772342 ], [ 23.064836265889724, 56.55691292872546 ], [ 23.064814861458508, 56.556842478244164 ], [ 23.064875384496386, 56.556734304283985 ], [ 23.065005477596618, 56.556620263558756 ], [ 23.064994854066743, 56.556581843947271 ], [ 23.064902933936342, 56.556555592812302 ], [ 23.064763793300855, 56.556567326124508 ], [ 23.06464810538132, 56.556566455819748 ], [ 23.06455634315093, 56.556533815661922 ], [ 23.064581214486498, 56.556463713307124 ], [ 23.064628592778533, 56.556419340093584 ], [ 23.064583736323719, 56.556361493027211 ], [ 23.064491028864776, 56.556367185427 ], [ 23.064120041065383, 56.556396343100538 ], [ 23.063805792215604, 56.556470656610735 ], [ 23.063562848277808, 56.556468826976584 ], [ 23.063517204423739, 56.556442923359022 ], [ 23.063402937248021, 56.556384553007561 ], [ 23.063298503000446, 56.556396546130529 ], [ 23.063098992943289, 56.556510061999056 ], [ 23.062981884287279, 56.556566689025892 ], [ 23.062750350651825, 56.55657133375685 ], [ 23.06221866056725, 56.556548154556999 ], [ 23.061621037058195, 56.556383896433104 ], [ 23.061305729482022, 56.556273472807163 ] ] ] } },
{ "type": "Feature", "properties": { "fid": 115, "nosaukums": "Rūšu strauts", "posmaID": null, "gadsAvotos": null, "kolhozs": null, "regulets1940": false, "garums": 2325, "udenskratuve": false, "piezimes": null }, "geometry": { "type": "MultiLineString", "coordinates": [ [ [ 22.952502131034439, 56.721963225592255 ], [ 22.953208354433272, 56.72170793125305 ], [ 22.953693889922398, 56.721628636907198 ], [ 22.95393076238247, 56.721630625220328 ], [ 22.954024209772346, 56.721678305875784 ], [ 22.95391723763673, 56.721776411554153 ], [ 22.953915068060294, 56.72185455397647 ], [ 22.954008082103527, 56.72191786312861 ], [ 22.95415006207438, 56.72192426531128 ], [ 22.954350916054132, 56.721858211360782 ], [ 22.954503527282498, 56.721823016666868 ], [ 22.95463487572254, 56.721871014782394 ], [ 22.954831826755541, 56.721945616445858 ], [ 22.955171914841664, 56.721984942847961 ], [ 22.955321203594536, 56.722069565579375 ], [ 22.955462317820999, 56.722107223251832 ], [ 22.95568784126133, 56.722176852292556 ], [ 22.955829822515902, 56.722183252566019 ], [ 22.955935491611875, 56.722132030719983 ], [ 22.955918706998357, 56.722053729506719 ], [ 22.955900911898098, 56.722011894776287 ], [ 22.955996383668271, 56.721986640990792 ], [ 22.956100175601303, 56.722003142477206 ], [ 22.956306316650558, 56.722088240177428 ], [ 22.956455896952559, 56.72216244256186 ], [ 22.956588547522301, 56.722163553140099 ], [ 22.95673312540724, 56.722076181401754 ], [ 22.956801325676977, 56.722009013068067 ], [ 22.956924789164777, 56.721999624981542 ], [ 22.957047675766614, 56.72201107477192 ], [ 22.957103516399819, 56.722048016980089 ], [ 22.957111405235342, 56.722105400761357 ], [ 22.957177442054142, 56.722116374718937 ], [ 22.957215774729985, 56.722101063321709 ], [ 22.957254972444467, 56.722054494911703 ], [ 22.957276950151108, 56.721945253947759 ], [ 22.95720316883191, 56.721871686766406 ], [ 22.957213508898523, 56.721840509039517 ], [ 22.957347167516311, 56.721805152303958 ], [ 22.957460722809863, 56.721811312920721 ], [ 22.957610160180881, 56.721890723428075 ], [ 22.957768064430489, 56.722006679497397 ], [ 22.957852619002328, 56.722033440063683 ], [ 22.957984692868173, 56.72205538715945 ], [ 22.95825802801647, 56.72210977913138 ], [ 22.958475233728866, 56.722137647937046 ], [ 22.958625826454529, 56.722175381217866 ], [ 22.958739239112514, 56.722186750176533 ], [ 22.958824514594564, 56.722187462574006 ], [ 22.958899883171931, 56.722203724275502 ], [ 22.958985158696745, 56.722204436563203 ], [ 22.959185574056733, 56.722154003308574 ], [ 22.959280324523665, 56.722154794518133 ], [ 22.959336167569198, 56.72219173573383 ], [ 22.959297260068031, 56.72222788579932 ], [ 22.959305296176709, 56.722280059948893 ], [ 22.959352096012008, 56.722301293531466 ], [ 22.95945603418841, 56.722312582727405 ], [ 22.959513460181309, 56.722292219324565 ], [ 22.959495948712792, 56.722239966086768 ], [ 22.959478149548975, 56.722198131853695 ], [ 22.95951648138184, 56.722182819746017 ], [ 22.959621282393108, 56.722162851780318 ], [ 22.959799870082101, 56.722216449430327 ], [ 22.960129196843845, 56.72230256879218 ], [ 22.960383442983463, 56.72236200751572 ], [ 22.960638264779849, 56.722400607701182 ], [ 22.960948357478358, 56.722496985889478 ], [ 22.961239501443352, 56.722593205374309 ], [ 22.961453983790456, 56.722720049624932 ], [ 22.961603576797383, 56.722794245869423 ], [ 22.961801694995199, 56.722827160520694 ], [ 22.961954159774606, 56.722797166205595 ], [ 22.962098297202932, 56.722725416738975 ], [ 22.962260523508846, 56.722685081934124 ], [ 22.962431507320453, 56.722670873336213 ], [ 22.962572774440368, 56.72270331347989 ], [ 22.962599909039934, 56.722750435655172 ], [ 22.962712607531483, 56.722787848549928 ], [ 22.962977053263746, 56.722821313318043 ], [ 22.963270785281466, 56.722823756917407 ], [ 22.963374582773874, 56.722840252363511 ], [ 22.963431004178492, 56.722856353720104 ], [ 22.963506806066452, 56.722856984116824 ], [ 22.963603278088254, 56.722795257928119 ], [ 22.963642611962712, 56.722743477978675 ], [ 22.963746982538542, 56.722739135073979 ], [ 22.964010712633815, 56.722798645203255 ], [ 22.964388003240174, 56.722864309096622 ], [ 22.964499844778835, 56.722932977449815 ], [ 22.96448850814263, 56.723000622375409 ], [ 22.964428219891992, 56.723125178296677 ], [ 22.964464546057929, 56.723182797820989 ], [ 22.964578106741378, 56.723188951970812 ], [ 22.964645436140405, 56.723153036382314 ], [ 22.96478856785432, 56.723117750375913 ], [ 22.964968026198957, 56.723140083584568 ], [ 22.965014544090565, 56.723171734077177 ], [ 22.964984973206793, 56.723213174122421 ], [ 22.964964734479267, 56.723259902358585 ], [ 22.965002063392504, 56.723281055145463 ], [ 22.96509624446491, 56.723302679991924 ], [ 22.965219710225814, 56.723293283698318 ], [ 22.965496211971377, 56.723233050582685 ], [ 22.965676815458266, 56.723213706671075 ], [ 22.965780472094227, 56.723235409633276 ], [ 22.965845798484256, 56.723272426578347 ], [ 22.965906978323961, 56.723460519375351 ], [ 22.965962257893391, 56.723518295697566 ], [ 22.966065915532536, 56.723539998424911 ], [ 22.966481976401845, 56.723574713335111 ], [ 22.966556922405527, 56.723606598966811 ], [ 22.96658434842967, 56.723643301259642 ], [ 22.966544160216301, 56.7237263392256 ], [ 22.966561253435646, 56.723794220040183 ], [ 22.966682720082062, 56.723857755499516 ], [ 22.966805187213609, 56.723884824240912 ], [ 22.966985221808216, 56.723886316502018 ], [ 22.967242345737915, 56.723841551000518 ], [ 22.967508087926124, 56.723828120553215 ], [ 22.967714550384969, 56.723902780456264 ], [ 22.967795119866242, 56.724075400751786 ], [ 22.967735697211346, 56.724168701190273 ], [ 22.967550807170085, 56.724344333527569 ], [ 22.967606376069373, 56.724391690095764 ], [ 22.967653325982194, 56.72440771106497 ], [ 22.967720226429396, 56.724387422365851 ], [ 22.967844408758143, 56.724351975906686 ], [ 22.968005779800407, 56.724342890732117 ], [ 22.96810915551989, 56.724375010801594 ], [ 22.968145203139773, 56.724443048298198 ], [ 22.968190155836055, 56.72453200229095 ], [ 22.968302294589162, 56.724590248224111 ], [ 22.968452193850879, 56.72465401726874 ], [ 22.968726704042034, 56.724666710248727 ], [ 22.96887945603957, 56.724626288444043 ], [ 22.969050873963958, 56.724596442240667 ], [ 22.969182963459797, 56.724618377516194 ], [ 22.96924672771782, 56.724712697384845 ], [ 22.969395916504414, 56.72480251288907 ], [ 22.969536627704404, 56.724855783250085 ], [ 22.969572250884553, 56.72493944889348 ], [ 22.969616780079335, 56.725044030932658 ], [ 22.969663161749889, 56.725080889221019 ], [ 22.969795823148392, 56.725081985780342 ], [ 22.969957481755472, 56.725062479052816 ], [ 22.970080097605354, 56.725084335074996 ], [ 22.970210907789156, 56.725153154936343 ], [ 22.970332954535628, 56.725195848786669 ], [ 22.970465616366802, 56.725196944634611 ], [ 22.970693036670642, 56.725198822902648 ], [ 22.971071501431638, 56.72522279050839 ], [ 22.971183788983577, 56.725275824345644 ], [ 22.971190277201014, 56.725385302487375 ], [ 22.971043727794125, 56.725545624302065 ], [ 22.9710216454604, 56.725660077284296 ], [ 22.971104794890501, 56.725738924104803 ], [ 22.97132866220041, 56.725871039221971 ], [ 22.971308429862582, 56.725917768491271 ], [ 22.971203055378538, 56.725958584336162 ], [ 22.971059349597613, 56.726014715753834 ], [ 22.971010688653514, 56.726061210292748 ], [ 22.971046885394557, 56.726124037436904 ], [ 22.971140507956484, 56.726166495821758 ], [ 22.971413465465019, 56.726236487639888 ], [ 22.971553331531471, 56.726321012860865 ], [ 22.971731245038022, 56.726400641110196 ], [ 22.972014818812109, 56.726429033629827 ], [ 22.972262762381405, 56.72637376063502 ], [ 22.972405899335413, 56.726338465917465 ], [ 22.972483129402214, 56.726286995664978 ], [ 22.972504355135886, 56.726203799551257 ], [ 22.972602668149747, 56.726074342623868 ], [ 22.972691362378423, 56.72595001703526 ], [ 22.972862499297509, 56.725930584651508 ], [ 22.972985119685937, 56.725952437828937 ], [ 22.973237991081159, 56.72606394568313 ], [ 22.973406146942466, 56.726153912539196 ], [ 22.973500056167175, 56.726185950114754 ], [ 22.973604151364917, 56.726192018034915 ], [ 22.973642907393842, 56.726161073015902 ], [ 22.97363570226506, 56.726077642608097 ], [ 22.973674883938074, 56.726031069006893 ], [ 22.973741784073301, 56.726010777079757 ], [ 22.973864263339127, 56.726037838918721 ], [ 22.973995083772909, 56.726106654834474 ], [ 22.974179640367659, 56.72629054809321 ], [ 22.97430563955152, 56.726536487512227 ], [ 22.974464465682271, 56.726621165446417 ], [ 22.97467237525586, 56.726643718647637 ], [ 22.974709429404854, 56.726675287596763 ], [ 22.974717487746414, 56.726727460794116 ], [ 22.974811115969416, 56.726769916437824 ], [ 22.974934165515403, 56.726776139133449 ], [ 22.974981121536704, 56.726792157357885 ], [ 22.975055514191368, 56.726844876012279 ], [ 22.975129198388522, 56.726923642249616 ], [ 22.975089308871919, 56.726996263930907 ], [ 22.975076997742466, 56.72710037651494 ], [ 22.975085765379472, 56.727126502061395 ], [ 22.975188587910118, 56.727179454394204 ], [ 22.975433272925187, 56.727243994184477 ], [ 22.975488289267062, 56.727312185369421 ], [ 22.975457309670386, 56.727405723156885 ], [ 22.975519110757688, 56.727572973203458 ], [ 22.975609625228834, 56.727730037812236 ], [ 22.97557637875693, 56.727906928028951 ], [ 22.975477504314274, 56.728057225383409 ], [ 22.975484430469464, 56.728151074724209 ], [ 22.975576929658043, 56.728235205998203 ], [ 22.975774947232303, 56.728273308079459 ], [ 22.97593689980615, 56.728243374593454 ], [ 22.97608046531747, 56.728192447102572 ], [ 22.976194326300011, 56.728188171672116 ], [ 22.976297578016318, 56.728225494518725 ], [ 22.976304223084789, 56.728329762871063 ], [ 22.97624495621, 56.728417857827694 ], [ 22.976237419074533, 56.728607986063672 ], [ 22.976310684418983, 56.728702380178753 ], [ 22.976395550418314, 56.728718709184591 ], [ 22.976567122713252, 56.728683643182599 ], [ 22.976900082140936, 56.728639480317156 ], [ 22.976994424993865, 56.728655886699187 ], [ 22.977021581870702, 56.728703005768629 ], [ 22.976979854735998, 56.728843351889964 ], [ 22.976864718320563, 56.728894513770094 ], [ 22.976815070177061, 56.728977477251235 ], [ 22.976879992862681, 56.72903011703189 ], [ 22.976945623197341, 56.729056709146164 ], [ 22.977060052615062, 56.729031594827887 ], [ 22.977165429446131, 56.728990774059483 ], [ 22.977356238773869, 56.728945443446641 ], [ 22.977611122820523, 56.728984009109269 ], [ 22.97776133813009, 56.729037347975698 ], [ 22.977856106462902, 56.729038125125548 ], [ 22.97789514469374, 56.72899675974022 ], [ 22.977934889619039, 56.728929346700788 ], [ 22.978058794800322, 56.728904309166367 ], [ 22.978163887553244, 56.728873906605159 ], [ 22.97821353259306, 56.728790942574427 ], [ 22.978215087074137, 56.728733637756875 ], [ 22.978273643319522, 56.728671589498695 ], [ 22.978416077039164, 56.728662335548911 ], [ 22.978527113747919, 56.72876224857788 ], [ 22.978562901787896, 56.728840702153697 ], [ 22.978666016400474, 56.728883232578561 ], [ 22.978761773061922, 56.728847542331636 ], [ 22.978941267181543, 56.728869855526469 ], [ 22.979044382304416, 56.728912385639923 ], [ 22.979091766331976, 56.728912773735622 ], [ 22.979168427890361, 56.728882137469462 ], [ 22.979339292587813, 56.728873115298313 ], [ 22.979527558305538, 56.728921552901951 ], [ 22.979630391993442, 56.728974501594884 ], [ 22.979591214557804, 56.729021077061482 ], [ 22.979475093108451, 56.729108708077256 ], [ 22.979492776546607, 56.729155749028287 ], [ 22.979717822508324, 56.729246172936399 ], [ 22.980236794972999, 56.729333790706221 ], [ 22.980311623087232, 56.729370877650894 ], [ 22.980272728144065, 56.729407034266863 ], [ 22.980073007237539, 56.72943145367676 ], [ 22.979939624688711, 56.729456415656848 ], [ 22.97989111125818, 56.729497704128939 ], [ 22.979899318426526, 56.729544667464346 ], [ 22.979964810724884, 56.729576467528432 ], [ 22.980078111241056, 56.729593026688789 ], [ 22.980152657603817, 56.729640532791002 ], [ 22.980151106016663, 56.729697837634724 ], [ 22.98011221057871, 56.729733994196991 ], [ 22.980129048755082, 56.729812292243395 ], [ 22.98020486503647, 56.729812912534534 ], [ 22.98031887152635, 56.729803423821984 ], [ 22.98040599807382, 56.729736397605883 ], [ 22.980484352347347, 56.729643246156236 ], [ 22.980648139949924, 56.72954558264798 ], [ 22.980799912429728, 56.729541613016607 ], [ 22.980998224107896, 56.729569287770111 ], [ 22.981117338141072, 56.729721371310198 ], [ 22.981190617881218, 56.729815762590924 ], [ 22.981254843629827, 56.729894447776466 ], [ 22.981349473332905, 56.729900431811032 ], [ 22.981464465922887, 56.729854475319286 ], [ 22.981570826341763, 56.729777184090111 ], [ 22.98161933830221, 56.729735894960925 ], [ 22.981704349807394, 56.729747010832355 ], [ 22.981778616876856, 56.729804935036697 ], [ 22.981805780562265, 56.729852053079171 ], [ 22.982003813033113, 56.729890145307529 ], [ 22.982153475111161, 56.729964317044214 ], [ 22.9821895533765, 56.730032350525988 ], [ 22.982131986891368, 56.730057933886727 ], [ 22.982065647173773, 56.730057392158528 ], [ 22.981990534362286, 56.730030725327829 ], [ 22.981934516643172, 56.729999003724082 ], [ 22.98185869994651, 56.729998384483586 ], [ 22.981829564570315, 56.730024199924856 ], [ 22.981865923942784, 56.730081814430541 ], [ 22.982124806967136, 56.730323620121069 ], [ 22.982285496570004, 56.730340564215425 ], [ 22.982398237439835, 56.730377959413275 ], [ 22.982540676658427, 56.730368700772111 ], [ 22.982589891928097, 56.730301363595046 ], [ 22.982742792864229, 56.730255715330529 ], [ 22.982855674622691, 56.730287900580898 ], [ 22.982863744968444, 56.730340073263875 ], [ 22.982767284868881, 56.730401814328118 ], [ 22.98263164919538, 56.730510131734903 ], [ 22.982667728837367, 56.730578165077262 ], [ 22.98281655080924, 56.730683593231241 ], [ 22.983013182049749, 56.730773779217429 ], [ 22.983048840652106, 56.730857441054624 ], [ 22.983008962121019, 56.730930065263742 ], [ 22.982766541770289, 56.731131303844819 ], [ 22.982687064296798, 56.731266132988083 ], [ 22.982657647064258, 56.731302367684201 ], [ 22.982740411146242, 56.731396835402549 ], [ 22.982889517899835, 56.731491844399869 ], [ 22.983161973426547, 56.731582648779899 ], [ 22.983394692216056, 56.731740867355626 ], [ 22.983561772935619, 56.731872496881614 ], [ 22.98370098432946, 56.731983056239102 ], [ 22.983823771351076, 56.731999689289033 ], [ 22.983898889383873, 56.732026355025091 ], [ 22.983897343355455, 56.732083659913357 ], [ 22.983753832942813, 56.73248371246153 ], [ 22.983750599813796, 56.732603531758457 ], [ 22.983755860438674, 56.732759895060781 ], [ 22.983509776395884, 56.733096582888656 ], [ 22.983143287703356, 56.733328074523349 ], [ 22.982865754541759, 56.733424813255574 ], [ 22.98277876445313, 56.733486631604691 ], [ 22.982720770901793, 56.733527843802847 ], [ 22.982616231685878, 56.733537412022798 ], [ 22.982435868565844, 56.733546361240606 ], [ 22.982245464241494, 56.733576070941282 ], [ 22.982215622387873, 56.733627934105826 ], [ 22.982128912367251, 56.733679332931736 ], [ 22.981967082019242, 56.733704064841106 ], [ 22.98179422410735, 56.733786023959013 ], [ 22.981430677064054, 56.733908110340153 ], [ 22.981220327480344, 56.733974130281943 ], [ 22.98101903239268, 56.734055855928027 ], [ 22.980853957171508, 56.734200405545153 ], [ 22.980784508398401, 56.734314472736578 ], [ 22.980762309198369, 56.734434136898798 ], [ 22.980879745684458, 56.734648734936769 ], [ 22.981056872467015, 56.734759607147019 ], [ 22.981188159053872, 56.734812786985522 ], [ 22.981318882332939, 56.734886804801654 ], [ 22.981421312029045, 56.734955380619404 ], [ 22.981410142803522, 56.735017817519235 ], [ 22.981380298636239, 56.735069680463859 ], [ 22.981473814158509, 56.735117340674734 ], [ 22.981540162776437, 56.735117882748852 ], [ 22.9815794851242, 56.735066097199692 ], [ 22.981627722199843, 56.735035227184049 ], [ 22.98179875513555, 56.73502099221745 ], [ 22.981969787944632, 56.735006757015746 ], [ 22.982073064055509, 56.73504407512376 ], [ 22.982202100293662, 56.735180606377625 ], [ 22.982360135856087, 56.735296531504758 ], [ 22.982492411482692, 56.735313243267385 ], [ 22.982635713800132, 56.735272727408272 ], [ 22.9827297943317, 56.735299548560526 ], [ 22.982727964877043, 56.735367272458987 ], [ 22.982802385228457, 56.735419986515517 ], [ 22.982916267380475, 56.735415705024053 ], [ 22.982984304861841, 56.735353731960146 ], [ 22.982976796126639, 56.735280721197839 ], [ 22.983025454397513, 56.735234222045889 ], [ 22.983187290653632, 56.735209488789309 ], [ 22.983300609539025, 56.735226045070355 ], [ 22.983365551999199, 56.735278681490442 ], [ 22.983447342088098, 56.735409615438364 ], [ 22.98344565454499, 56.735472129818987 ], [ 22.983368420399227, 56.735523606774741 ], [ 22.983376492493289, 56.735575779387524 ], [ 22.983461377066543, 56.735592103630083 ], [ 22.983527304707053, 56.735608273244509 ], [ 22.983526039140354, 56.735655159029704 ], [ 22.983439748090486, 56.735690930145935 ], [ 22.983343415766715, 56.735747462027213 ], [ 22.983379923523881, 56.735799866535153 ], [ 22.983454205010577, 56.735857789736464 ], [ 22.983566682277825, 56.735905602969687 ], [ 22.98374579114726, 56.735943537944081 ], [ 22.983782721407774, 56.735980313739766 ], [ 22.983743260521788, 56.736037309515353 ], [ 22.983675504237333, 56.736088863923712 ], [ 22.983712715760671, 56.736115220676488 ], [ 22.983816558967494, 56.736131699223854 ], [ 22.983929459209865, 56.736163883536889 ], [ 22.983946589175471, 56.736231761961825 ], [ 22.983925523353157, 56.736309750427999 ], [ 22.983754063556159, 56.736339616886156 ], [ 22.983659136073065, 56.736344053687546 ], [ 22.98358204103036, 56.73639032123203 ], [ 22.983580072416888, 56.736463254667513 ], [ 22.983672469357959, 56.73655258948893 ], [ 22.983812963479181, 56.736616262920748 ], [ 22.984095218060766, 56.73669672352726 ], [ 22.984264571391293, 56.736744999585973 ], [ 22.984396712462846, 56.736766918876981 ], [ 22.984510317548708, 56.736773055008264 ], [ 22.984635789483825, 56.736690706186145 ], [ 22.984713867076415, 56.736607971260483 ], [ 22.984801844402984, 56.736509684874925 ], [ 22.984925629668066, 56.73648985014961 ], [ 22.985047870265216, 56.736527320168413 ], [ 22.985092596233002, 56.736626687150341 ], [ 22.98508978807908, 56.736730877816953 ], [ 22.985123912345436, 56.736871843882518 ], [ 22.985179521734104, 56.736919192663422 ], [ 22.9852361139863, 56.736930074686335 ], [ 22.985350281202585, 56.736915371920581 ], [ 22.985523286224716, 56.736828198401881 ], [ 22.985684987414178, 56.736808671461326 ], [ 22.985769735464729, 56.736830203676348 ], [ 22.985777811146633, 56.736882376135448 ], [ 22.985672842370182, 56.736907575486214 ], [ 22.985577211955029, 56.736938061413568 ], [ 22.985529115992417, 56.736963723417077 ], [ 22.985556570129852, 56.73700042155555 ], [ 22.985612460927882, 56.737037351077355 ], [ 22.98571700913817, 56.737027780381496 ], [ 22.985927087458851, 56.736972171985272 ], [ 22.986004321119289, 56.736920693454351 ], [ 22.986128527914548, 56.736885228934383 ], [ 22.986242133657608, 56.736891363489647 ], [ 22.98630694285124, 56.73694920792294 ], [ 22.986408265426, 56.737059455952284 ], [ 22.986642713855126, 56.73715515407126 ], [ 22.986944917508726, 56.737199295605038 ], [ 22.987171430596177, 56.737237610812279 ], [ 22.987332152012062, 56.737254548493681 ], [ 22.987409104165671, 56.737213488163142 ], [ 22.987391827435069, 56.737150819737856 ], [ 22.98732757662707, 56.737072137717021 ], [ 22.987253707112846, 56.736998588196023 ], [ 22.987256649417848, 56.73688918792763 ], [ 22.98731422294555, 56.736863602252434 ], [ 22.987523177443983, 56.73684966744873 ], [ 22.987797083222954, 56.736888366423578 ], [ 22.988051751875226, 56.736937329989317 ], [ 22.988116003973953, 56.737016011643071 ], [ 22.988112924159111, 56.737130621476076 ], [ 22.988130202082079, 56.737193289805795 ], [ 22.988205333511885, 56.737219952971685 ], [ 22.98868805906887, 56.737249923246608 ], [ 22.989492510217371, 56.737303342583346 ], [ 22.989698251597943, 56.737409223559375 ], [ 22.989799305834051, 56.737529887943666 ], [ 22.989939115312371, 56.737619602211296 ], [ 22.990061783785347, 56.737641438716068 ], [ 22.990280779450543, 56.737606737931564 ], [ 22.990366509736724, 56.737591800247863 ], [ 22.990470080646467, 56.737618692355547 ], [ 22.990515799847621, 56.737681590640896 ], [ 22.990438850097014, 56.737722652894476 ], [ 22.990181099387474, 56.737788304075771 ], [ 22.990140807944105, 56.737876559130065 ], [ 22.990243401560758, 56.737939918210202 ], [ 22.990532784814008, 56.738109003274204 ], [ 22.990712749098385, 56.738115671040973 ], [ 22.990855494908619, 56.738095983922612 ], [ 22.991150325651695, 56.73806189544468 ], [ 22.991473872339402, 56.738017617237652 ], [ 22.991711548176127, 56.737993486396583 ], [ 22.991985745594448, 56.738021757119469 ], [ 22.992353061943195, 56.738113307972306 ], [ 22.992483400506448, 56.738202942789407 ], [ 22.992651586826987, 56.738295488627458 ], [ 22.992803254136366, 56.738296714049397 ], [ 22.992907107413231, 56.738313185053492 ], [ 22.992924951174775, 56.738355014558628 ], [ 22.992829462223973, 56.73838029650522 ], [ 22.992782066082921, 56.738379913590286 ], [ 22.992686144784436, 56.738396124406755 ] ] ] } },
{ "type": "Feature", "properties": { "fid": 116, "nosaukums": "Blīdene", "posmaID": 104, "gadsAvotos": 1971, "kolhozs": "Blīdene", "regulets1940": false, "garums": null, "udenskratuve": false, "piezimes": null }, "geometry": { "type": "MultiLineString", "coordinates": [ [ [ 22.781025981448447, 56.695058901296392 ], [ 22.781082584514337, 56.694829358218783 ], [ 22.781163786385559, 56.694719086888576 ], [ 22.781382207837147, 56.694687049563761 ], [ 22.781462028785104, 56.694619482152369 ], [ 22.781401318017522, 56.694576170691199 ], [ 22.781387451177253, 56.694524773906601 ], [ 22.78146616798697, 56.694491369786626 ], [ 22.781574826131244, 56.694492432552984 ], [ 22.781670168884396, 56.694425016818862 ], [ 22.781626636182104, 56.694330612318609 ], [ 22.781457820022442, 56.694269156515709 ], [ 22.781239401058318, 56.694301193985673 ], [ 22.781148474113202, 56.694231956209904 ], [ 22.781119637317925, 56.694163325876445 ], [ 22.781153718368202, 56.69406968055489 ], [ 22.781232986414718, 56.694019194928295 ], [ 22.781173932906373, 56.693924638410834 ], [ 22.780990977203494, 56.69382032599416 ], [ 22.780992633478022, 56.693769081050569 ], [ 22.781102117584041, 56.693744521748201 ], [ 22.781241818128887, 56.693745888541351 ], [ 22.781288936935791, 56.693729262454355 ], [ 22.781307218947944, 56.693644006053901 ], [ 22.781230435710643, 56.69361762431059 ], [ 22.780998982479666, 56.693572642095852 ], [ 22.780845416838563, 56.693519878184723 ], [ 22.780735933222683, 56.693544437264386 ], [ 22.780468465781908, 56.693652885040152 ], [ 22.780345116432972, 56.693626046884866 ], [ 22.780269162535181, 56.693574042085693 ], [ 22.780257231052705, 56.693462859420933 ], [ 22.780305454722882, 56.693412070416926 ], [ 22.78021480783935, 56.693334291143991 ], [ 22.78003213390668, 56.693221436510697 ], [ 22.779861391248634, 56.693219764316659 ], [ 22.779784333581762, 56.693201922509274 ], [ 22.779662091560507, 56.693140920400687 ], [ 22.779600003460157, 56.693140312173334 ], [ 22.779473892588221, 56.693198881365689 ], [ 22.779381313110239, 56.693180887232508 ], [ 22.77927631427562, 56.693054023932262 ], [ 22.779176763119157, 56.693018416377157 ], [ 22.778956207606374, 56.693026644370391 ], [ 22.778778350699525, 56.693076848969312 ], [ 22.778670714254407, 56.69309657296278 ], [ 22.778631504857419, 56.693141210163844 ], [ 22.778592183251629, 56.693189309453615 ], [ 22.778541174478157, 56.693209588531957 ], [ 22.778435443741397, 56.693170456591993 ], [ 22.778380385600585, 56.693121431875568 ], [ 22.77832622471702, 56.693044710323278 ], [ 22.778293423747058, 56.692966628370257 ], [ 22.778274120927833, 56.692908118856082 ], [ 22.778231990171758, 56.692899929639019 ], [ 22.778160219381839, 56.692934217855672 ], [ 22.778085640913076, 56.692928343751568 ], [ 22.778086473667468, 56.692902638853674 ], [ 22.778059277080967, 56.692876659022986 ], [ 22.777929472934741, 56.692844530044539 ], [ 22.777844385494525, 56.692874550996386 ], [ 22.7777486251473, 56.692845895009611 ], [ 22.777750348651089, 56.692792709522358 ], [ 22.77783467556997, 56.692747934800373 ], [ 22.77778091972629, 56.692701805352144 ], [ 22.777645299521865, 56.692624471264686 ], [ 22.777587468521698, 56.692661301201461 ], [ 22.777552083244803, 56.692704584272896 ], [ 22.777481681535484, 56.692767303293486 ], [ 22.777422924073964, 56.692772100893983 ], [ 22.777345161291745, 56.692760589243917 ], [ 22.777326678479437, 56.692728162451495 ], [ 22.777348121945909, 56.692669256364631 ], [ 22.777349166878508, 56.69263702123046 ], [ 22.777278347618243, 56.692581769998732 ], [ 22.777243996271046, 56.69252150244786 ], [ 22.77719625233409, 56.692501057015946 ], [ 22.777125391912744, 56.69244708998896 ], [ 22.777115668182269, 56.692373746289057 ], [ 22.777177452052399, 56.692334399186315 ], [ 22.777238156775727, 56.692328336118784 ], [ 22.777334291674133, 56.692349256491298 ], [ 22.777516578387193, 56.692308230841157 ], [ 22.777561887156224, 56.692208358300661 ], [ 22.777510559771677, 56.692061237224053 ], [ 22.777363847821832, 56.691828296238143 ], [ 22.777159560122247, 56.691641090130332 ], [ 22.776966542186283, 56.691538878085041 ], [ 22.776912966723785, 56.691461185015342 ], [ 22.77684537231465, 56.691383354271615 ], [ 22.776733218995769, 56.691382253006864 ], [ 22.776607296725825, 56.691373299713753 ], [ 22.776566740519872, 56.691326601173742 ], [ 22.776644653987404, 56.691295555843098 ], [ 22.776645525688675, 56.691268678788148 ], [ 22.776598076738228, 56.691225195823783 ], [ 22.77624029597791, 56.691108762009158 ], [ 22.776153249705771, 56.691081021241601 ], [ 22.776054690645836, 56.691106938534439 ], [ 22.775975494431677, 56.691138423131612 ], [ 22.77590676458129, 56.691148502030991 ], [ 22.775780294726719, 56.691131127851619 ], [ 22.775723427194766, 56.691076797737892 ], [ 22.77572881821191, 56.691000775222001 ], [ 22.775661983468531, 56.690981558159812 ], [ 22.775593793664541, 56.691004088198163 ], [ 22.77554908575755, 56.691082529619479 ], [ 22.775439048651251, 56.691095368136985 ], [ 22.775295744706941, 56.691093959353175 ], [ 22.775262929801318, 56.691065796430472 ], [ 22.775306783490826, 56.690937066612534 ], [ 22.775291787919844, 56.690896527558884 ], [ 22.775219428037943, 56.690864400429788 ], [ 22.775212731544478, 56.69081945500271 ], [ 22.775191476708951, 56.690720510929602 ], [ 22.775159009376949, 56.690715703740949 ], [ 22.775077622542014, 56.690710415521863 ], [ 22.774937481487189, 56.690741846415655 ], [ 22.774827497318668, 56.690762637420839 ], [ 22.774709887420478, 56.69071226716008 ], [ 22.774542785557767, 56.690655941755857 ], [ 22.774466333036056, 56.69056223080311 ], [ 22.774450550056816, 56.690436307692757 ], [ 22.774420520475545, 56.690394561833578 ], [ 22.774340065213796, 56.690359228236659 ], [ 22.774235294925301, 56.690299475918692 ], [ 22.77424358985871, 56.690237381909341 ], [ 22.77434455324018, 56.690221104328792 ], [ 22.774432966248355, 56.69020470319218 ], [ 22.774471402429555, 56.690180901924428 ], [ 22.774442158360522, 56.690114984383939 ], [ 22.774265083761776, 56.689998317569554 ], [ 22.774163115420414, 56.689888419988804 ], [ 22.774040539898678, 56.689803728160349 ], [ 22.77402900277951, 56.689752797322718 ], [ 22.774070100324657, 56.689706014298245 ], [ 22.774149582941025, 56.689695907070323 ], [ 22.774255002807411, 56.689704700255703 ], [ 22.774331361826928, 56.689740352793336 ], [ 22.774380675397012, 56.689740837992694 ], [ 22.774452130955321, 56.689710517727782 ], [ 22.774453894247614, 56.689656244324631 ], [ 22.774492266779621, 56.689559674068732 ], [ 22.774545609176545, 56.689539489539186 ], [ 22.774658069566755, 56.689553021405573 ], [ 22.774718263662965, 56.689553613500273 ], [ 22.774765157570442, 56.689500230568868 ], [ 22.774736136485235, 56.689466810239381 ], [ 22.774703021483923, 56.689428675325679 ], [ 22.774773548371517, 56.689372655248604 ], [ 22.77483334110801, 56.689382695638621 ], [ 22.774849438303136, 56.689415936997435 ], [ 22.774892059779539, 56.68942580847564 ], [ 22.774945108187165, 56.689379068701015 ], [ 22.77494633567127, 56.689341271585008 ], [ 22.774993673429051, 56.68929629440543 ], [ 22.774931269165045, 56.689240139616864 ], [ 22.774877873618131, 56.689189122586178 ], [ 22.774888357520151, 56.689148832174446 ], [ 22.774999574381759, 56.689114581599362 ], [ 22.775075792002468, 56.689062599435097 ], [ 22.775046904129873, 56.688968570183931 ], [ 22.774931155439265, 56.688926418381826 ], [ 22.774858171755916, 56.688878828004249 ], [ 22.774861405592798, 56.688779255547786 ], [ 22.774863498064423, 56.688714826310324 ], [ 22.774800207272452, 56.688696626597149 ], [ 22.774705176075337, 56.688672255569074 ], [ 22.77465309976613, 56.688636588866423 ], [ 22.774696815502892, 56.688601864436258 ], [ 22.774781020205459, 56.688458837759001 ], [ 22.774785081711737, 56.688333786462898 ], [ 22.774719347280737, 56.688258085144462 ], [ 22.774595178958172, 56.688231845467108 ], [ 22.774379303294111, 56.688229721631444 ], [ 22.774219221196788, 56.688259419278772 ], [ 22.774061983564319, 56.688201580833429 ], [ 22.774030539544793, 56.688119962047381 ], [ 22.774086838038457, 56.68804320713631 ], [ 22.7742121467973, 56.687987800006347 ], [ 22.774245957649093, 56.687897508251552 ], [ 22.77400325314138, 56.687764847072714 ], [ 22.773750629481057, 56.687620759703002 ], [ 22.773495246421277, 56.687561605088256 ], [ 22.773164527205491, 56.687603660530201 ], [ 22.773010377093968, 56.687596478187402 ], [ 22.772837822100247, 56.687414160501881 ], [ 22.772654694605468, 56.687297383878807 ], [ 22.772482954001568, 56.687168616833134 ], [ 22.772398954158145, 56.687046765452628 ], [ 22.772509069620309, 56.686891621341452 ] ] ] } },
{ "type": "Feature", "properties": { "fid": 117, "nosaukums": "Sesava", "posmaID": 40, "gadsAvotos": 1971, "kolhozs": "Īle", "regulets1940": false, "garums": null, "udenskratuve": false, "piezimes": null }, "geometry": { "type": "MultiLineString", "coordinates": [ [ [ 23.095458895856645, 56.558165736092093 ], [ 23.095526952355574, 56.55796231810529 ], [ 23.095631048273752, 56.557843256059435 ], [ 23.095804980152408, 56.55782854520524 ], [ 23.095847225129685, 56.557876780136311 ], [ 23.095846082382931, 56.557924699535327 ], [ 23.095946939782984, 56.557941408853061 ], [ 23.096049891841034, 56.557870265852927 ], [ 23.096066258543637, 56.55779050533264 ], [ 23.09611078863162, 56.557742901369465 ], [ 23.096257698495361, 56.557648113914027 ], [ 23.096417166742636, 56.557633297071646 ], [ 23.096461696204656, 56.557585692979622 ], [ 23.09646283815874, 56.557537773569855 ], [ 23.096521829897299, 56.557490274556969 ], [ 23.096666644656231, 56.557483338863619 ], [ 23.096883581344088, 56.557484914861028 ], [ 23.096957605564732, 56.557413560983619 ], [ 23.097061315083071, 56.557310470850403 ], [ 23.097250466988093, 56.557263916714909 ], [ 23.097395090630567, 56.557264966740199 ], [ 23.09748319557988, 56.557209690677929 ], [ 23.09746949367976, 56.55717763940936 ], [ 23.097351219416915, 56.557123653160566 ], [ 23.097351833386998, 56.557097863525662 ], [ 23.097375337163509, 56.557091585642063 ], [ 23.097468891775101, 56.557085816289778 ], [ 23.097540016842245, 56.557041192922384 ], [ 23.097552612716768, 56.557002593212758 ], [ 23.097339240747818, 56.556928287165739 ], [ 23.09734011671592, 56.556891492581777 ], [ 23.097394820797572, 56.556833008227699 ], [ 23.09751545214656, 56.556804443181747 ], [ 23.097583306290826, 56.556753414388623 ], [ 23.097504228452539, 56.556716039444041 ], [ 23.097344846907873, 56.556692801824504 ], [ 23.097266645462344, 56.556618632144207 ], [ 23.097267871901334, 56.556567119725067 ], [ 23.097348642530985, 56.556422513340088 ], [ 23.097474174935666, 56.556346557886087 ], [ 23.097723409411781, 56.556271500109027 ], [ 23.097817405438889, 56.556220937702555 ], [ 23.097787902152021, 56.556160938325512 ], [ 23.097619843861573, 56.556074311102172 ], [ 23.097561041467095, 56.555945772967043 ], [ 23.097659710827436, 56.555698807231607 ], [ 23.097802328201617, 56.555554649406218 ], [ 23.097879844016898, 56.555546671137805 ], [ 23.098034469296259, 56.555547793018782 ], [ 23.098128260000951, 56.555505769646132 ], [ 23.098114828579156, 56.555420264659929 ], [ 23.098055416132972, 56.555317344589177 ], [ 23.098056634857084, 56.55526610889747 ], [ 23.098088778363092, 56.555215097551788 ], [ 23.098274733229591, 56.555199364903878 ], [ 23.098570751654805, 56.555107563255078 ], [ 23.098680408966633, 56.555048573000612 ], [ 23.098699118875828, 56.554912056555018 ], [ 23.098686295287976, 56.554800933766707 ], [ 23.098688933953337, 56.55468992307226 ], [ 23.09879899576444, 56.554613854135987 ], [ 23.098862670772732, 56.554537448886002 ], [ 23.098894000865393, 56.55452059446062 ], [ 23.099033768573388, 56.554495985159328 ], [ 23.099110673339936, 56.554513623970657 ], [ 23.099140583210293, 56.554556544481173 ], [ 23.09915421952892, 56.55463351008931 ], [ 23.099246181102998, 56.554668339425604 ], [ 23.099416670654232, 56.554652493030666 ], [ 23.099570684028699, 56.554679230848159 ], [ 23.099770070548605, 56.554749000802182 ], [ 23.099986541501742, 56.554750568076514 ], [ 23.100218474690013, 56.554752246880831 ], [ 23.100343388009119, 56.554701906337705 ], [ 23.100344198412539, 56.554667749185079 ], [ 23.100284173222072, 56.554590448016427 ], [ 23.100331977884711, 56.554531008682176 ], [ 23.100486801694345, 56.554523588212035 ], [ 23.100655467328679, 56.554584593713436 ], [ 23.100779164507276, 56.554585488462394 ], [ 23.101151065758906, 56.554554014810101 ], [ 23.101336611405053, 56.554555356147333 ], [ 23.10144423931639, 56.554581756338862 ], [ 23.101553283673283, 56.55454838139967 ], [ 23.101631808212577, 56.554497704325357 ], [ 23.101803509655991, 56.554430618901655 ], [ 23.101899082137056, 56.554376293858475 ] ] ] } },
{ "type": "Feature", "properties": { "fid": 118, "nosaukums": "Rūšu strauts", "posmaID": null, "gadsAvotos": null, "kolhozs": null, "regulets1940": false, "garums": null, "udenskratuve": true, "piezimes": null }, "geometry": { "type": "MultiLineString", "coordinates": [ [ [ 22.997447987223644, 56.737269846943327 ], [ 22.997532031294956, 56.73725126718935 ], [ 22.997704674578699, 56.737203197026936 ], [ 22.997869083783083, 56.737140855177437 ], [ 22.998060103589047, 56.737049788183093 ], [ 22.998461562110567, 56.736857285889144 ], [ 22.998532482658867, 56.736818395182098 ], [ 22.99857201784609, 56.736807662840356 ], [ 22.998663296065605, 56.736795242857234 ], [ 22.998698017747163, 56.736785524785972 ], [ 22.998989679849604, 56.736653699195593 ], [ 22.999055052087339, 56.736607396422677 ], [ 22.999118886173147, 56.736546876007694 ], [ 22.999214216432769, 56.736453986897409 ], [ 22.999291240428192, 56.73640146419153 ], [ 22.999418454606122, 56.736333559567363 ], [ 22.99975912583621, 56.73615845499797 ], [ 22.999870423773775, 56.736113046766299 ], [ 23.000311434460805, 56.735944533408244 ], [ 23.000710395120297, 56.735809917450752 ], [ 23.000955728910576, 56.735727137400147 ], [ 23.001046799588313, 56.735686300811452 ], [ 23.001112872518178, 56.735649473956023 ], [ 23.001206582128997, 56.735581299058126 ], [ 23.00136839561592, 56.73543579995188 ], [ 23.001452198915697, 56.735380173109156 ], [ 23.001522406960717, 56.735331803641962 ], [ 23.001561583366168, 56.735298443833081 ], [ 23.001590147786175, 56.735268156144983 ], [ 23.001631020902387, 56.735206924077879 ], [ 23.001655505000613, 56.735186074168425 ], [ 23.001691293695547, 56.735172154618155 ], [ 23.001787617124741, 56.735149775811628 ], [ 23.001832102190516, 56.73513276873279 ], [ 23.001896177609339, 56.735099081697477 ], [ 23.002369149680035, 56.734843476838826 ], [ 23.002516604818027, 56.734769943307654 ], [ 23.002604561556737, 56.734738025559118 ], [ 23.002693226700575, 56.734715584785668 ], [ 23.00285987377757, 56.734676404459087 ], [ 23.002940021815757, 56.734650211774465 ], [ 23.003023401619682, 56.734610365216447 ], [ 23.003287858629236, 56.734492517349928 ], [ 23.003341443757449, 56.734457168041537 ], [ 23.003369050053728, 56.734426872291088 ], [ 23.003379399951729, 56.734397490651091 ], [ 23.003387891606678, 56.734338509378226 ], [ 23.003384432186078, 56.734332539430149 ], [ 23.003458202220507, 56.73433063330404 ], [ 23.003575371641883, 56.73433983556906 ] ] ] } },
{ "type": "Feature", "properties": { "fid": 119, "nosaukums": "Bikstupe", "posmaID": null, "gadsAvotos": null, "kolhozs": null, "regulets1940": false, "garums": null, "udenskratuve": false, "piezimes": null }, "geometry": { "type": "MultiLineString", "coordinates": [ [ [ 23.031344197173418, 56.733506918337142 ], [ 23.031600130300049, 56.733494182788036 ], [ 23.03167879633946, 56.733431269756892 ], [ 23.031815508846332, 56.733358220164902 ], [ 23.031969302353453, 56.733370001883344 ], [ 23.032236741197888, 56.733456777184209 ], [ 23.032483019423001, 56.733617499129934 ], [ 23.032770807025241, 56.733662081797121 ], [ 23.033118544544354, 56.733622429991605 ], [ 23.033545759377272, 56.733488107264193 ], [ 23.033703356286011, 56.733351693428702 ], [ 23.033766019236278, 56.7331616068466 ], [ 23.033752735796742, 56.732928582178829 ], [ 23.033853098923924, 56.732770549811939 ], [ 23.034068193730608, 56.732645168486627 ], [ 23.034532281545044, 56.732574652233858 ], [ 23.035015896632721, 56.732493698074158 ], [ 23.035458283297107, 56.732518296537968 ], [ 23.035880328864845, 56.73258508550375 ], [ 23.036111422782223, 56.732586872600841 ], [ 23.036247311056343, 56.732545573860861 ], [ 23.036307522144408, 56.732450753217478 ], [ 23.03627334039048, 56.732281091390142 ], [ 23.036391323855817, 56.732186717330933 ], [ 23.036603970031621, 56.73215659887704 ], [ 23.03675667731169, 56.732210715703218 ], [ 23.036773227773473, 56.732316717068642 ], [ 23.036712205862944, 56.732443293710261 ], [ 23.036749367744722, 56.732496517610066 ], [ 23.036996741728288, 56.732614889683916 ], [ 23.037110123795568, 56.732700464302795 ], [ 23.037107417507187, 56.732806316865094 ], [ 23.037163297044938, 56.732880859905734 ], [ 23.037432367757997, 56.732904112557087 ], [ 23.037550350300059, 56.732809737407159 ], [ 23.037823206754716, 56.732684795604349 ], [ 23.037979432925695, 56.732601302577471 ], [ 23.03815275354264, 56.732602640022421 ], [ 23.038305735161895, 56.732646169700772 ], [ 23.03857291341598, 56.732743516709903 ], [ 23.038901108484186, 56.732714285452616 ], [ 23.039171799415247, 56.732674022776955 ], [ 23.039231463303878, 56.732600371225423 ], [ 23.039256391646944, 56.732378229118822 ], [ 23.039374367975476, 56.732283852213996 ], [ 23.03952842950989, 56.732285039337775 ], [ 23.039700129374864, 56.7323498862146 ], [ 23.03991250405279, 56.732330347377172 ], [ 23.04012595761947, 56.732268467111574 ], [ 23.04020568590445, 56.732163207565257 ], [ 23.040498056147531, 56.73202782285481 ], [ 23.041018280032844, 56.732021238666896 ], [ 23.04171020588868, 56.732079496425769 ], [ 23.042037854347562, 56.732071427423882 ], [ 23.042558616816763, 56.732043666262605 ], [ 23.042807351331497, 56.732109100492778 ], [ 23.042921283127935, 56.73217349932164 ], [ 23.042918324233341, 56.732289937347971 ], [ 23.04280143283016, 56.732341976537853 ], [ 23.042683464870134, 56.732436356712952 ], [ 23.042567379964307, 56.732456639857929 ], [ 23.042163504670228, 56.732432362559081 ], [ 23.041968503512948, 56.732526150138455 ], [ 23.041964195317057, 56.732695514482906 ], [ 23.042242565820029, 56.733110559797346 ], [ 23.042256709414765, 56.733311827913305 ], [ 23.042194089014316, 56.733501918899179 ], [ 23.041590346446288, 56.733761962151604 ], [ 23.04102430410676, 56.734054054546675 ], [ 23.040959789283583, 56.734318241725219 ], [ 23.041109007833445, 56.734509961701413 ], [ 23.041337149869658, 56.734628177073553 ], [ 23.041585360474681, 56.734714784297111 ], [ 23.041720173104554, 56.734715820678531 ], [ 23.041798824881749, 56.734652901226283 ], [ 23.041953973362197, 56.734611744313526 ], [ 23.042396658853932, 56.734625732975232 ], [ 23.042742781053455, 56.734649565943933 ], [ 23.042914497237245, 56.734714408422953 ], [ 23.043064534242593, 56.734874370272337 ], [ 23.042963127957297, 56.735074751192712 ], [ 23.042787105150794, 56.735179273095852 ], [ 23.042783607383281, 56.735316881600021 ], [ 23.042877482385084, 56.735412888393611 ], [ 23.043393719381744, 56.735565073498115 ], [ 23.043855138544512, 56.735600375345548 ], [ 23.044083833222253, 56.735697415176276 ], [ 23.044484790364926, 56.735838124373451 ], [ 23.044811397036987, 56.735872389288886 ], [ 23.045255708741795, 56.735822856196513 ], [ 23.045703774709175, 56.735625127627536 ], [ 23.046230213788043, 56.735375060445762 ], [ 23.046388577033305, 56.735206874649208 ], [ 23.046436744627933, 56.734826099168011 ], [ 23.046518336841714, 56.734646738614167 ], [ 23.046912088228016, 56.734310955000339 ], [ 23.047209003968593, 56.733995604735235 ], [ 23.047214359991695, 56.733783899025021 ], [ 23.047298891704767, 56.733488099762816 ], [ 23.047296416912555, 56.733264963467995 ] ] ] } },
{ "type": "Feature", "properties": { "fid": 120, "nosaukums": "Auce", "posmaID": null, "gadsAvotos": null, "kolhozs": null, "regulets1940": false, "garums": null, "udenskratuve": false, "piezimes": null }, "geometry": { "type": "MultiLineString", "coordinates": [ [ [ 23.614447631635628, 56.678091011197488 ], [ 23.613951376993416, 56.678001453908728 ], [ 23.61347362571335, 56.677818462044691 ], [ 23.613236188984004, 56.677586711919773 ], [ 23.613222300383569, 56.677479412699725 ], [ 23.613209003671336, 56.677314362029954 ], [ 23.613240584958671, 56.677157701175275 ], [ 23.613406799223394, 56.677026209639408 ], [ 23.613602649249597, 56.676927811694469 ], [ 23.613813063550104, 56.676870710945096 ], [ 23.614142785587035, 56.676871732765697 ], [ 23.61459316474345, 56.676798872872993 ], [ 23.614939220150895, 56.67666793561358 ], [ 23.615210589298361, 56.676512015290641 ], [ 23.615241909304061, 56.676380104525975 ], [ 23.615242750270674, 56.676297602426501 ], [ 23.615168823922875, 56.676198368414475 ], [ 23.615019457791952, 56.676148404037086 ], [ 23.614569845407441, 56.676147013604769 ], [ 23.613984168172607, 56.676260706541292 ], [ 23.613684172412228, 56.676284527899874 ], [ 23.613444547287209, 56.676267283549642 ], [ 23.613265293495107, 56.676208973839707 ], [ 23.613190949802171, 56.67615098970105 ], [ 23.613176808198972, 56.676068441076993 ], [ 23.613207712234331, 56.675977781865754 ], [ 23.613358427401, 56.675895745074961 ], [ 23.613823783354203, 56.675822934458516 ], [ 23.614064586769725, 56.675724675143172 ], [ 23.614351192438814, 56.675544052469107 ], [ 23.61444322019079, 56.675338075582111 ], [ 23.614385295897851, 56.675139884955307 ], [ 23.614162856925535, 56.674908182907139 ], [ 23.613820444327715, 56.674684359011835 ], [ 23.613535869825512, 56.67466697544576 ], [ 23.613325889958197, 56.674682824711795 ], [ 23.613115148908829, 56.674772925513778 ], [ 23.612859870219104, 56.674821635176798 ], [ 23.612724991274622, 56.674821215885252 ], [ 23.612620508755462, 56.674779638621374 ], [ 23.612577411986706, 56.674597994177141 ], [ 23.612521785105368, 56.674177047002729 ], [ 23.612283190731528, 56.674060797908759 ], [ 23.611878816565312, 56.67403478710429 ], [ 23.611623541287486, 56.674083494243874 ], [ 23.611156332964363, 56.6743378012767 ], [ 23.61092966692846, 56.674518603888352 ], [ 23.610836771489918, 56.674807080260827 ], [ 23.610728632729828, 56.675120260334801 ], [ 23.610591625019499, 56.675326093906783 ], [ 23.610365290967437, 56.675473894624943 ], [ 23.610064873089996, 56.675538958306092 ], [ 23.609810096996465, 56.675538160465088 ], [ 23.609525773977865, 56.675496017116409 ], [ 23.609421207764001, 56.675462687381199 ], [ 23.60939208789263, 56.675380091335128 ], [ 23.609513432891038, 56.675240213758833 ], [ 23.609754158472612, 56.675150212983674 ], [ 23.609860088425151, 56.675051539138991 ], [ 23.609860770574699, 56.674985537487252 ], [ 23.60974190123477, 56.674886159425981 ], [ 23.609397466252666, 56.674860328365256 ], [ 23.609037190717636, 56.674916951372303 ], [ 23.608842194191372, 56.67493284011352 ], [ 23.608692670422155, 56.674899368568738 ], [ 23.608618250796123, 56.674849631907307 ], [ 23.608455110218156, 56.674684109697836 ], [ 23.608275957286491, 56.674617542608175 ], [ 23.607797847784475, 56.674475779999142 ], [ 23.607602938785448, 56.674483416598761 ], [ 23.607392271042333, 56.674565257498969 ], [ 23.60730115084208, 56.67468047690393 ], [ 23.607270491205508, 56.674746384037775 ], [ 23.60728453357617, 56.674837183535708 ], [ 23.607403396282457, 56.674936563933812 ], [ 23.607537246239129, 56.675035991438996 ], [ 23.607536131140826, 56.675143244092077 ], [ 23.607415036549401, 56.675258369123483 ], [ 23.606978789795836, 56.675413752406314 ], [ 23.606648736887031, 56.675445712450731 ], [ 23.606483882240674, 56.675445191739541 ], [ 23.606364504160595, 56.67539531168854 ], [ 23.606335993311564, 56.675254963517759 ], [ 23.606443566782232, 56.674999538737104 ], [ 23.60631195697767, 56.674685604775242 ], [ 23.606223070825326, 56.674586318096644 ], [ 23.606118423971449, 56.674561235794819 ], [ 23.605908613897352, 56.674560572146959 ], [ 23.605398643971562, 56.674600209972667 ], [ 23.605157825261834, 56.674698452530961 ], [ 23.605006579138095, 56.674829980608543 ], [ 23.604975224687138, 56.674961888784409 ], [ 23.605003816589353, 56.675093987064429 ], [ 23.605182016778038, 56.675251311068038 ], [ 23.605226459204051, 56.675300954780688 ], [ 23.605270988019569, 56.675342348275784 ], [ 23.605255224790252, 56.675416552594633 ], [ 23.605180118343998, 56.675432815499143 ], [ 23.604459369819224, 56.675562536430213 ], [ 23.603829576699237, 56.675593536819122 ], [ 23.603650341018518, 56.675535213291262 ], [ 23.603546386458287, 56.675444127233703 ], [ 23.603547079657339, 56.675378125636136 ], [ 23.603697726748827, 56.67530435075264 ], [ 23.603832607274235, 56.675304779821616 ], [ 23.603892900471045, 56.675271969671243 ], [ 23.603923566432059, 56.675206063383122 ], [ 23.603658223943469, 56.6747844450787 ], [ 23.603556004331704, 56.674528355004085 ], [ 23.603481418894692, 56.674495115682838 ], [ 23.603256709562508, 56.674486149658847 ], [ 23.603121224792478, 56.674543471373497 ], [ 23.602969538339163, 56.674716247972817 ], [ 23.60275625466241, 56.675045587004398 ], [ 23.602665379686016, 56.67513605239013 ], [ 23.602560212500304, 56.675160468297207 ], [ 23.602485279172615, 56.675160229178523 ], [ 23.602261435425607, 56.675068759365118 ], [ 23.602055797399945, 56.674672079668191 ], [ 23.602011707816555, 56.67458943402908 ], [ 23.601892512383845, 56.674523049298593 ], [ 23.601757895796993, 56.67449786753528 ], [ 23.601652642746767, 56.674530532879281 ], [ 23.601636611558945, 56.674629487337079 ], [ 23.601454596507903, 56.674835167009228 ], [ 23.601303336951592, 56.674966690568461 ], [ 23.601197907876934, 56.675015855919298 ], [ 23.601107988243196, 56.675015567988495 ], [ 23.601003082005946, 56.675015231987189 ], [ 23.600913685719952, 56.674965442730013 ], [ 23.600885108230568, 56.674833343528512 ], [ 23.600887201729773, 56.674635338777996 ], [ 23.600813229151381, 56.674544346475678 ], [ 23.600604204916522, 56.674469422110178 ], [ 23.600125339688457, 56.674401881872271 ], [ 23.599525097593681, 56.674474207731663 ], [ 23.599089791403578, 56.674538811208123 ], [ 23.598849833462111, 56.674554539586616 ], [ 23.59871521880801, 56.674529354537711 ], [ 23.59853634707596, 56.674438022874924 ], [ 23.59804610142535, 56.674032168303825 ], [ 23.59758566250639, 56.673642909020884 ], [ 23.597317057611207, 56.673534784678047 ], [ 23.597047573618564, 56.67350916171376 ], [ 23.596492209796153, 56.673589868611877 ], [ 23.596161193254538, 56.673712553028928 ], [ 23.595846132294295, 56.673744533052997 ], [ 23.595397168556122, 56.673685322097519 ], [ 23.595203145898825, 56.673610437359201 ], [ 23.595114556979201, 56.673486392200189 ], [ 23.595055586520953, 56.673395445197762 ], [ 23.594876374876343, 56.673337109057933 ], [ 23.594487006640659, 56.673311090557952 ], [ 23.594307618954506, 56.673269253987563 ], [ 23.594099413095975, 56.673120066979209 ], [ 23.59392073671539, 56.673012228306092 ], [ 23.593711557101653, 56.672953792773242 ], [ 23.593487037026737, 56.672928308752226 ], [ 23.593321660380298, 56.672977271792938 ], [ 23.592885471229309, 56.673124355534654 ], [ 23.592615548062302, 56.673139973947627 ], [ 23.592465422419661, 56.673164234285892 ], [ 23.592269626136293, 56.673254348812129 ], [ 23.592148402009865, 56.673377709168534 ], [ 23.592056792446289, 56.673534168333354 ], [ 23.59187544413545, 56.673673832453957 ], [ 23.591755466469422, 56.673681689754702 ], [ 23.59150097130847, 56.673656103912009 ], [ 23.591366900630881, 56.673581409790195 ], [ 23.59105237300863, 56.673563876546808 ], [ 23.590857733708351, 56.673546736377865 ], [ 23.590693603294678, 56.673480193265547 ], [ 23.590619747034573, 56.673380944741965 ], [ 23.590515203439868, 56.67334759915682 ], [ 23.590200319931654, 56.673363064521098 ], [ 23.589255039514757, 56.673467207149962 ], [ 23.588818828917002, 56.673614276607857 ], [ 23.588757896175281, 56.673704830763896 ], [ 23.588800787420951, 56.673894733490975 ], [ 23.588844487821344, 56.674010384518844 ], [ 23.588754121328865, 56.674051338606112 ], [ 23.588513892483633, 56.674091797631121 ], [ 23.587479753575362, 56.674096627428661 ], [ 23.587269405346571, 56.674145433498339 ], [ 23.58722363472533, 56.674219536177596 ], [ 23.587252344352837, 56.674335138086676 ], [ 23.587371513379932, 56.67440153679042 ], [ 23.587625560093706, 56.674468381994558 ], [ 23.587654992100557, 56.674517982330947 ], [ 23.587593604431412, 56.674649786820893 ], [ 23.5875032350522, 56.674690739992279 ], [ 23.587413316345188, 56.674690442176427 ], [ 23.587264263691807, 56.674615694015216 ], [ 23.587174525617137, 56.674598895658882 ], [ 23.587084336397268, 56.674623348158107 ], [ 23.587038113551312, 56.674738701681385 ], [ 23.586644309631758, 56.675116917645738 ], [ 23.586493991565678, 56.675157671127579 ], [ 23.586239490076252, 56.675132074531504 ], [ 23.585746017978256, 56.675031428531476 ], [ 23.585506142060915, 56.67503888100768 ], [ 23.585295695402188, 56.675095933907187 ], [ 23.585175077226729, 56.675161536129011 ], [ 23.585143834562384, 56.675276938840049 ], [ 23.585247381586047, 56.675401040916128 ], [ 23.585411782541353, 56.675442840639143 ], [ 23.585485810297623, 56.675525591841541 ], [ 23.585394711595789, 56.675632544918997 ], [ 23.585229040677504, 56.675706247703317 ], [ 23.58512404205004, 56.675714148506316 ], [ 23.584959912374227, 56.675647597862948 ], [ 23.584781522491888, 56.675514995602811 ], [ 23.584646732314184, 56.675506295723068 ], [ 23.584195311650699, 56.675669799264476 ], [ 23.584059521049671, 56.675751850723344 ], [ 23.584028365396279, 56.675859002958788 ], [ 23.584042261332595, 56.675958055156514 ], [ 23.583951248430953, 56.676056756984487 ], [ 23.583860871737016, 56.676097707493334 ], [ 23.5837556897838, 56.67612210749764 ], [ 23.583695832725116, 56.676113656975708 ], [ 23.583666313693797, 56.676072305900824 ], [ 23.583667223663461, 56.675989804115304 ], [ 23.583548420258243, 56.675890401172374 ], [ 23.583369305712079, 56.675823798329958 ], [ 23.583191193897733, 56.675666443266898 ], [ 23.583071390381011, 56.675657791831412 ], [ 23.583011078517998, 56.675690591873021 ], [ 23.582918696176389, 56.675913045618984 ], [ 23.582885622627906, 56.676193451291688 ], [ 23.582733654602499, 56.676382703408017 ], [ 23.582583327289687, 56.676423452148676 ], [ 23.582403755557305, 56.676398098806828 ], [ 23.582330098024936, 56.676282345084573 ], [ 23.582211388545609, 56.676174690697962 ], [ 23.582122197044008, 56.67610838764265 ], [ 23.582002575096897, 56.676083234824461 ], [ 23.581912470374263, 56.676099433386256 ], [ 23.581867143812314, 56.676132283172286 ], [ 23.581881034173279, 56.676231335598587 ], [ 23.58193869799625, 56.676437791224075 ], [ 23.581848226815648, 56.676486990441695 ], [ 23.581578092235951, 56.676519085237061 ], [ 23.58121821719914, 56.676534376800632 ], [ 23.58102283451608, 56.676583222657321 ], [ 23.580917924184693, 56.676582869733792 ], [ 23.58081319710082, 56.676566016372277 ], [ 23.580768968608805, 56.67649986365582 ], [ 23.580756180683458, 56.676301809013083 ], [ 23.580697607073262, 56.676177854598336 ], [ 23.580608326562732, 56.676119800638219 ], [ 23.580473443514521, 56.676119346416712 ], [ 23.580338010121192, 56.676168393098571 ], [ 23.580097942405406, 56.676192335495685 ], [ 23.579902743694475, 56.676224679249643 ], [ 23.579842336343688, 56.676265727922861 ], [ 23.57984160167279, 56.676331729316232 ], [ 23.579855303125328, 56.676447282305567 ], [ 23.579764553659224, 56.676521230527328 ], [ 23.579629301666575, 56.676553776084596 ], [ 23.579538275797258, 56.676652474659583 ], [ 23.579327903106922, 56.676701267261734 ], [ 23.579208189184147, 56.676684361935443 ], [ 23.579118909775254, 56.676626306914073 ], [ 23.579195685318492, 56.676461556630507 ], [ 23.579197432847703, 56.676304803336336 ], [ 23.579137852493851, 56.676271600104933 ], [ 23.578973270874403, 56.676246292458451 ], [ 23.578868085367343, 56.676270688329673 ], [ 23.578807124459232, 56.676361237537215 ], [ 23.578805099121613, 56.676542741340413 ], [ 23.57871471569668, 56.676583688102248 ], [ 23.578565120179654, 56.676558430604267 ], [ 23.578505816364256, 56.676500476554594 ], [ 23.578296088403945, 56.676491516207811 ], [ 23.578146032508752, 56.676507509068308 ], [ 23.578041122426484, 56.676507153722177 ], [ 23.577966186654905, 56.676506899849421 ], [ 23.577877094106682, 56.676432343595827 ], [ 23.577832963194162, 56.67635793967127 ], [ 23.577654410430039, 56.676241827595469 ], [ 23.577309800718162, 56.676232408169327 ], [ 23.576935124634989, 56.676231136158925 ], [ 23.576800426249349, 56.676214177617211 ], [ 23.57666646820563, 56.676131217562101 ], [ 23.576667208422695, 56.676065216193521 ], [ 23.576744548562807, 56.675850966391586 ], [ 23.576685526218942, 56.675768260959757 ], [ 23.576521226125564, 56.67571819956239 ], [ 23.576176528858621, 56.675717027178905 ], [ 23.575847652796892, 56.675641653339241 ], [ 23.575759030092676, 56.675525844714969 ], [ 23.575715924468959, 56.67536068815609 ], [ 23.575567356230739, 56.675244675181034 ], [ 23.575389558123611, 56.675062558486481 ], [ 23.575254957439881, 56.6750373481064 ], [ 23.575045052649923, 56.675044882638602 ], [ 23.574834590234286, 56.675101917839804 ], [ 23.574715069314088, 56.675068507860466 ], [ 23.574701012268434, 56.67498595498617 ], [ 23.574791953795803, 56.674895510103156 ], [ 23.574763096046439, 56.674796405730959 ], [ 23.574569387726022, 56.674696738405991 ], [ 23.573620589493455, 56.674341898473031 ], [ 23.573245352407326, 56.674227548759745 ], [ 23.57316105942272, 56.674114195278278 ], [ 23.5731790258756, 56.674038880412006 ], [ 23.573333692538029, 56.673982877992067 ], [ 23.573557134607839, 56.673898844703253 ], [ 23.573609754034695, 56.673785960193186 ], [ 23.573611137484491, 56.673663478220092 ], [ 23.573389187572399, 56.673615607950758 ], [ 23.573029687023261, 56.673623798172763 ], [ 23.572771804077181, 56.673726556499943 ], [ 23.572652005736412, 56.673726145531639 ], [ 23.572498512786467, 56.673678508529946 ], [ 23.572413796395796, 56.673602841294112 ], [ 23.572175588611575, 56.673479536600887 ], [ 23.571970328216672, 56.673469409343561 ], [ 23.57179822707981, 56.673553616306251 ], [ 23.571678108600647, 56.67358146946669 ], [ 23.571387315869327, 56.673580349741194 ], [ 23.570658498398071, 56.673327590972896 ], [ 23.570091011657194, 56.673011231903473 ], [ 23.568801794105969, 56.672249353130496 ], [ 23.567435905771664, 56.67138715763636 ], [ 23.565783252787444, 56.670638275447565 ], [ 23.565603700192465, 56.670451866433041 ], [ 23.565397206896314, 56.67035110910988 ], [ 23.565261750150555, 56.670393100737073 ], [ 23.565260650008643, 56.670488641716688 ], [ 23.565125192617536, 56.670530633193465 ], [ 23.564817182801285, 56.670487093006003 ], [ 23.564837320484639, 56.670412850727566 ], [ 23.564992548146861, 56.670328464250105 ], [ 23.565012807706299, 56.670243606276387 ], [ 23.564725917205116, 56.670040898235037 ], [ 23.564417544427258, 56.670029204055325 ], [ 23.564262194199799, 56.670124205483681 ], [ 23.563991402119704, 56.670197570459891 ], [ 23.563663133843029, 56.670238885226581 ], [ 23.563317057184989, 56.670152743581788 ], [ 23.563048720252119, 56.670013793263067 ], [ 23.563050440257026, 56.669865173993081 ], [ 23.562978477644887, 56.669419045571779 ], [ 23.562808270874893, 56.669131813670994 ], [ 23.562367772834179, 56.668875480345761 ], [ 23.56180913544646, 56.668831051763775 ], [ 23.561423528891936, 56.668829694487648 ], [ 23.561153357552932, 56.668849975006722 ], [ 23.560769109267302, 56.668731843430322 ], [ 23.560345314069139, 56.668698499839429 ], [ 23.560076256291133, 56.668623237079679 ], [ 23.559999753963766, 56.668569886347001 ], [ 23.560001238460451, 56.66844249842368 ], [ 23.560194534332371, 56.668400716766925 ], [ 23.560483612340082, 56.668412353345872 ], [ 23.560638717930523, 56.668338587931167 ], [ 23.560640323785236, 56.668200584330478 ], [ 23.560431456967233, 56.667923828788524 ], [ 23.560338271523634, 56.667647481306794 ], [ 23.559994700321887, 56.667349017194105 ], [ 23.558807429760893, 56.666654770433908 ], [ 23.557004774085122, 56.665830931525441 ], [ 23.555948186109902, 56.665508685586843 ], [ 23.555308954594054, 56.665280231293451 ] ] ] } }
]
}
