{
"type": "FeatureCollection",
"name": "reguleti_pirms_1940_svete",
"crs": { "type": "name", "properties": { "name": "urn:ogc:def:crs:OGC:1.3:CRS84" } },
"features": [
{ "type": "Feature", "properties": { "fid": 70, "nosaukums": "Dorupīte", "garums": 11942, "posmaID": 50, "gadsAvotos": 1952, "regulets1940": true, "kolhozs": "Nākotne", "udenskratuve": null, "piezimes": "iespējams arī posmaID 51, 52 - attiecīgi 1962, 1964 gads" }, "geometry": { "type": "MultiLineString", "coordinates": [ [ [ 23.542762675847644, 56.660029533498765 ], [ 23.542743848888087, 56.659733212060594 ], [ 23.542958703895223, 56.659536916715048 ], [ 23.543259469661876, 56.659463435159211 ], [ 23.544362721026481, 56.659221804880175 ], [ 23.547029331572141, 56.658592356296907 ], [ 23.54710136102214, 56.658561920534666 ], [ 23.547164744419746, 56.658495858309053 ], [ 23.547201147735052, 56.658426033337633 ], [ 23.547197451190563, 56.65837909776846 ], [ 23.547167332736709, 56.658319556666655 ], [ 23.546902582062582, 56.658038803766487 ], [ 23.545941263923428, 56.657144379950154 ], [ 23.545529582918043, 56.656719425286788 ], [ 23.545177610201922, 56.65635609452567 ], [ 23.544705232494572, 56.655706834828621 ], [ 23.54456859418265, 56.655470722648218 ], [ 23.544156990269542, 56.654938481702544 ], [ 23.543953321012342, 56.654846877033421 ], [ 23.543503452183199, 56.654753508111931 ], [ 23.542113288547476, 56.654479767580973 ], [ 23.541999199175486, 56.654457301904692 ], [ 23.541757192152467, 56.654356599044483 ], [ 23.541672061293283, 56.654256846078908 ], [ 23.541042358375307, 56.653268119663558 ], [ 23.540176983332938, 56.651962820922343 ], [ 23.539964493403456, 56.651642293442173 ], [ 23.538920318476169, 56.650152940167622 ], [ 23.538873427828118, 56.650078033990894 ], [ 23.538381245520991, 56.649291775115707 ], [ 23.537302844912354, 56.647723025383399 ], [ 23.536631482531437, 56.646742203337176 ], [ 23.53626800356227, 56.646211157288569 ], [ 23.535556139351403, 56.645231809744025 ], [ 23.534787485182395, 56.644353703382095 ], [ 23.534539214809246, 56.644087815734707 ], [ 23.53426780821556, 56.643797145472213 ], [ 23.534245783838127, 56.643773557922117 ], [ 23.534119279423756, 56.643635657180241 ], [ 23.533970837479675, 56.643473840210383 ], [ 23.533245582143785, 56.642683219247644 ], [ 23.532192785964511, 56.641509539992128 ], [ 23.532111483430796, 56.641418898170187 ], [ 23.532107218497899, 56.641414247230351 ], [ 23.531022407825564, 56.640231280735819 ], [ 23.529336684037599, 56.638392863342858 ], [ 23.526402689554129, 56.635976454742242 ], [ 23.524760325666552, 56.635981323307654 ], [ 23.524665053098545, 56.635981604611985 ], [ 23.524569778887908, 56.635981886735536 ], [ 23.524418207177028, 56.635982334645746 ], [ 23.521104062018711, 56.635992083128471 ], [ 23.520357970854512, 56.635749879429078 ], [ 23.52033883448766, 56.635708776920751 ], [ 23.520279635481494, 56.635581624453209 ], [ 23.519774363567404, 56.634496326207319 ], [ 23.518701205564099, 56.631991959549346 ], [ 23.519233389054545, 56.63112045517336 ], [ 23.520505204515246, 56.629090246391073 ], [ 23.520882929827362, 56.628595881835558 ], [ 23.52406585812059, 56.627549049572387 ], [ 23.524087241375362, 56.626862338812778 ], [ 23.524094101068162, 56.626642071846994 ], [ 23.524102058681184, 56.626386487877092 ], [ 23.524102967299768, 56.626357283872579 ], [ 23.52410387592812, 56.626328078969529 ], [ 23.524156943818557, 56.624623564805802 ], [ 23.522581092998561, 56.623061872135871 ], [ 23.522737953428692, 56.622681850011233 ], [ 23.522753380932066, 56.622644472182841 ], [ 23.522768808393444, 56.6226070952507 ], [ 23.522995338167835, 56.622058265226137 ], [ 23.520068516919796, 56.618289497528941 ], [ 23.519095531223446, 56.616863708610254 ], [ 23.520508097971373, 56.614655198421154 ], [ 23.5212966557106, 56.613422190202172 ], [ 23.521321204679396, 56.613383804526727 ], [ 23.521345753620928, 56.613345417049366 ], [ 23.521395143859571, 56.613268187706623 ], [ 23.520803280121786, 56.611631624940152 ], [ 23.522747309548116, 56.609512810238556 ], [ 23.522453514649381, 56.607006946933438 ], [ 23.520836027674836, 56.606061922038926 ], [ 23.519085437146281, 56.605434362939022 ], [ 23.517292749877956, 56.603792209300074 ], [ 23.516576472291806, 56.603421434223485 ], [ 23.516640411148064, 56.603285567671847 ], [ 23.516791163299764, 56.602965219111447 ], [ 23.516912157960995, 56.602708101447973 ], [ 23.514814259789947, 56.602431704480004 ], [ 23.512186486035706, 56.599864950897818 ], [ 23.511754939371386, 56.599661221506103 ], [ 23.511389590331252, 56.599521563551974 ], [ 23.511086623342088, 56.599386718138803 ], [ 23.510734896406611, 56.599218751356041 ], [ 23.510636531365297, 56.5991651618669 ], [ 23.510573703869333, 56.599123236134474 ], [ 23.510451459869948, 56.599031569163586 ], [ 23.510062078295348, 56.598713886030573 ], [ 23.509525798335051, 56.598243636002785 ], [ 23.509313429839636, 56.598055080015705 ], [ 23.508905115942976, 56.597684614475796 ], [ 23.508669381043955, 56.597454405101388 ], [ 23.508477429540797, 56.597267472658629 ], [ 23.508356127794599, 56.59713858395164 ], [ 23.508329325436886, 56.597103990373114 ], [ 23.508221489444107, 56.597023544560116 ], [ 23.507818625086628, 56.596723006566691 ], [ 23.505983115028457, 56.596228987963343 ], [ 23.503733327660402, 56.594916129856578 ], [ 23.502353079294835, 56.593550428460517 ], [ 23.500835752598849, 56.592440999271886 ], [ 23.498288535445372, 56.591743196738392 ], [ 23.496139740810502, 56.590723560228945 ], [ 23.494220614075559, 56.589777053315679 ], [ 23.491879363515146, 56.587755814173761 ], [ 23.491836401549236, 56.587665646388089 ], [ 23.492487242774722, 56.586258427787875 ], [ 23.492440983774092, 56.586160747602463 ], [ 23.491666567478788, 56.585636380573156 ], [ 23.491152258219447, 56.585225563583876 ], [ 23.490669234148175, 56.585015479591718 ], [ 23.490720443410076, 56.583986403736425 ], [ 23.490663874657326, 56.583898054772156 ], [ 23.490392995198444, 56.583703837306352 ], [ 23.490293332018162, 56.583662182338209 ], [ 23.489854651730312, 56.583548008264344 ], [ 23.48978961031645, 56.583531079333291 ], [ 23.489724565705025, 56.583514150354922 ], [ 23.489546823710327, 56.583467888072867 ], [ 23.485080199052447, 56.581649633255779 ], [ 23.484867887273037, 56.581273787084889 ], [ 23.484794214684172, 56.578697453246093 ], [ 23.481905630213632, 56.576263024984094 ], [ 23.481871107017863, 56.57623392673424 ], [ 23.481836582259689, 56.576204827569633 ], [ 23.48012642659479, 56.574763364450988 ], [ 23.478990230084129, 56.573530588403827 ] ] ] } },
{ "type": "Feature", "properties": { "fid": 73, "nosaukums": "Auce", "garums": 2739, "posmaID": null, "gadsAvotos": null, "regulets1940": true, "kolhozs": null, "udenskratuve": null, "piezimes": null }, "geometry": { "type": "MultiLineString", "coordinates": [ [ [ 23.435150431899395, 56.583941164724678 ], [ 23.43513283480393, 56.584027487745452 ], [ 23.435122129064204, 56.584071786348126 ], [ 23.435101763835799, 56.584156051597887 ], [ 23.435042020668412, 56.584252308976247 ], [ 23.434908498237519, 56.584408561386269 ], [ 23.434814037914443, 56.584490137866538 ], [ 23.434449055894717, 56.584805334998556 ], [ 23.434435941833851, 56.584816660229166 ], [ 23.434426135762013, 56.584825387876116 ], [ 23.434405226705294, 56.584843996240288 ], [ 23.434332526642933, 56.584908697331407 ], [ 23.434199840032029, 56.585008643915415 ], [ 23.434081007072855, 56.585156918641168 ], [ 23.434079024122966, 56.585289636817194 ], [ 23.434034272751141, 56.585357807930627 ], [ 23.433879657866861, 56.585461676650155 ], [ 23.433790816801356, 56.585553778731594 ], [ 23.433760100733547, 56.585658212121288 ], [ 23.433761456702083, 56.585668793668212 ], [ 23.433779682004111, 56.585811137919556 ], [ 23.434187000806855, 56.586355965956692 ], [ 23.434251034578629, 56.586460829508326 ], [ 23.434373375925507, 56.586565959072992 ], [ 23.434575890231606, 56.58667145207319 ], [ 23.434727506995568, 56.586768669845959 ], [ 23.434849789027499, 56.586877820015786 ], [ 23.4349063565903, 56.586994716050711 ], [ 23.434940159345597, 56.587171838842835 ], [ 23.434944868193767, 56.587344807210101 ], [ 23.434943128117528, 56.587461438337932 ], [ 23.434896035400744, 56.587686457961375 ], [ 23.434797143249046, 56.587963528792258 ], [ 23.434696568095116, 56.588306675591603 ], [ 23.434635855660702, 56.588513813822161 ], [ 23.434556301907545, 56.588959897010689 ], [ 23.434347609154038, 56.589755309953539 ], [ 23.434289796235603, 56.589927750493047 ], [ 23.434263697293098, 56.590005598963721 ], [ 23.434233167204095, 56.590096661082455 ], [ 23.434107346913134, 56.590711459000794 ], [ 23.433968506014935, 56.591221624381646 ], [ 23.433867553383816, 56.591635434296911 ], [ 23.433762434238378, 56.591840078932549 ], [ 23.433747222341566, 56.591866176326619 ], [ 23.433687616190575, 56.591968443165698 ], [ 23.433671893680426, 56.592044789845076 ], [ 23.433734552269634, 56.592242154536279 ], [ 23.433740098068245, 56.59235881873051 ], [ 23.433716544253855, 56.592471328212326 ], [ 23.433649255368774, 56.592583638586689 ], [ 23.433618232315506, 56.592708179891822 ], [ 23.433645165009676, 56.592857117649388 ], [ 23.433695049103019, 56.592933762986966 ], [ 23.43376722290099, 56.592982355812346 ], [ 23.434115442685385, 56.593096556980548 ], [ 23.435152226223948, 56.593479338621762 ], [ 23.435587381105766, 56.593643118198322 ], [ 23.435833685580516, 56.593735819063539 ], [ 23.435855719274244, 56.593744644486179 ], [ 23.437326597392975, 56.594333817570352 ], [ 23.437609290379854, 56.594443690237256 ], [ 23.437684358409264, 56.594476449224729 ], [ 23.437935247880009, 56.594585934811079 ], [ 23.438312237301005, 56.594728408041725 ], [ 23.438630849864687, 56.594874638959283 ], [ 23.438825712665608, 56.595008245056647 ], [ 23.43904896250119, 56.595194264452367 ], [ 23.439438518713168, 56.595473540072504 ], [ 23.439865481945535, 56.595777821611208 ], [ 23.439972395458497, 56.595854014051184 ], [ 23.440318401273046, 56.596121024962599 ], [ 23.440418741816799, 56.596238115155572 ], [ 23.440546875701632, 56.596447836498683 ], [ 23.440722658355305, 56.596887026392281 ], [ 23.44077961524146, 56.596979789563363 ], [ 23.440886120219993, 56.597173325217526 ], [ 23.44093531195869, 56.597298228673665 ], [ 23.4409409399792, 56.597410870518949 ], [ 23.440879943207918, 56.597591587517016 ], [ 23.440866370747315, 56.597622090904281 ], [ 23.44081207070127, 56.597744118766478 ], [ 23.440816450956611, 56.597941217635714 ], [ 23.440904850334181, 56.598217089674286 ], [ 23.440924061131913, 56.598277040684735 ], [ 23.440924751633762, 56.598279139810643 ], [ 23.440945153989027, 56.598341123015906 ], [ 23.440981270137442, 56.598450847195608 ], [ 23.441003278644075, 56.598630515858225 ], [ 23.440966385773013, 56.598790875071117 ], [ 23.440915739843486, 56.598880432373157 ], [ 23.440761121463876, 56.59899672930834 ], [ 23.440362419691464, 56.599275174654601 ], [ 23.439864791449878, 56.599572218167822 ], [ 23.439750147067922, 56.599653324665042 ], [ 23.439600171501109, 56.599788686752461 ], [ 23.439539736922491, 56.599872758546105 ], [ 23.439518800916112, 56.599954286929027 ], [ 23.439517713360594, 56.600027741647025 ], [ 23.439564979255984, 56.600166713416876 ], [ 23.439574189895172, 56.600192894544186 ], [ 23.439640712071601, 56.600381994318916 ], [ 23.440062910408674, 56.601183796716917 ], [ 23.440258056286766, 56.601583212781158 ], [ 23.440369325234641, 56.601810948863786 ], [ 23.440646033684217, 56.60244612879562 ], [ 23.440724742953392, 56.602598593775554 ], [ 23.440952948813411, 56.603040632877317 ], [ 23.441076293605576, 56.603373118458578 ], [ 23.441147951257726, 56.603531243870556 ], [ 23.441240545595981, 56.603607840622608 ], [ 23.441362855963529, 56.603676409452568 ], [ 23.441843441439204, 56.603869018495971 ], [ 23.442519372828738, 56.604195818056091 ], [ 23.442832821028016, 56.604349584719493 ], [ 23.443057641079978, 56.604492070404497 ], [ 23.443140184005319, 56.604533716096107 ], [ 23.443351442214201, 56.604640306050101 ], [ 23.443842035911807, 56.604824789890664 ], [ 23.444337726325703, 56.604998411946077 ], [ 23.444450380505803, 56.605053329761397 ] ] ] } },
{ "type": "Feature", "properties": { "fid": 82, "nosaukums": "Bramberģes strauts", "garums": 14371, "posmaID": 1962, "gadsAvotos": null, "regulets1940": true, "kolhozs": "Zaļenieku", "udenskratuve": null, "piezimes": null }, "geometry": { "type": "MultiLineString", "coordinates": [ [ [ 23.506989635492872, 56.457499900390772 ], [ 23.50801879990378, 56.460824824652057 ], [ 23.506272241557667, 56.461134756037126 ], [ 23.507221111221181, 56.462857069520339 ], [ 23.507805034124921, 56.463881244825075 ], [ 23.508668268709084, 56.465446140643941 ], [ 23.508777794939267, 56.465768485675838 ], [ 23.508780032034178, 56.465776735010607 ], [ 23.50878375142311, 56.465784819506013 ], [ 23.509732710021932, 56.467485703447217 ], [ 23.510338314974351, 56.468567454147944 ], [ 23.510338559358456, 56.468567887260654 ], [ 23.510338808623164, 56.468568319494231 ], [ 23.510481346686184, 56.468813418547377 ], [ 23.510498431826974, 56.468842795665537 ], [ 23.510515516994079, 56.468872172781218 ], [ 23.510557181106559, 56.468943815895656 ], [ 23.510260038351198, 56.469001766065233 ], [ 23.510259750332519, 56.469001822429369 ], [ 23.510259460702347, 56.469001877888658 ], [ 23.509746180830088, 56.469100680611149 ], [ 23.507641538225158, 56.469527273118196 ], [ 23.508155627605799, 56.470669810914202 ], [ 23.508789580201132, 56.47191520024905 ], [ 23.509904439396969, 56.47427479518597 ], [ 23.510728798512929, 56.475816295307339 ], [ 23.511110582042733, 56.476457142360211 ], [ 23.512020816822005, 56.478239408268898 ], [ 23.512185178616761, 56.478529646357934 ], [ 23.512201033723308, 56.478557643742938 ], [ 23.512216888864632, 56.478585640227429 ], [ 23.512928342376043, 56.479841905900777 ], [ 23.513747729913835, 56.481498054503092 ], [ 23.514194856883879, 56.482636110044091 ], [ 23.514535875144489, 56.483504046501295 ], [ 23.51453697911187, 56.483506858430033 ], [ 23.51478576420147, 56.484076793255014 ], [ 23.514920667175701, 56.484244140950487 ], [ 23.515254489256854, 56.484574031144298 ], [ 23.515416158123028, 56.484703260573248 ], [ 23.515434858857386, 56.484718208043148 ], [ 23.515454763541825, 56.48473411973692 ], [ 23.515489630162673, 56.484761989581315 ], [ 23.515607361669808, 56.484843331405564 ], [ 23.515932114111585, 56.485009872035093 ], [ 23.516204575053781, 56.48513731303629 ], [ 23.516431165947576, 56.485279740451162 ], [ 23.516566915961644, 56.485381371702928 ], [ 23.516674809639508, 56.485518282000811 ], [ 23.516953009841565, 56.485913667137304 ], [ 23.518708480472863, 56.488483546296003 ], [ 23.519530270587257, 56.48988963188917 ], [ 23.520048068574958, 56.490805221825461 ], [ 23.520958294960046, 56.492423572472781 ], [ 23.521390033860598, 56.493218807891864 ], [ 23.523314186932868, 56.496555610946999 ], [ 23.523440979866571, 56.496608976558328 ], [ 23.52395114788677, 56.496737311781551 ], [ 23.524151878636022, 56.496763357397938 ], [ 23.524361999039073, 56.496769216690659 ], [ 23.524627331312725, 56.496744956691124 ], [ 23.524951837603577, 56.496671898484159 ], [ 23.524982975450158, 56.496664887584132 ], [ 23.52501101839502, 56.496658573706839 ], [ 23.526392983418987, 56.496347428066635 ], [ 23.527573915467169, 56.496069420381716 ], [ 23.527870029104303, 56.495928777795875 ], [ 23.528173911567528, 56.495775532033491 ], [ 23.528314502714721, 56.495693251014387 ], [ 23.528576840139106, 56.495615642884445 ], [ 23.530447317869683, 56.495327870297565 ], [ 23.530580204388873, 56.49531442794234 ], [ 23.530828807029014, 56.495320981451592 ], [ 23.533089972672531, 56.495696769073788 ], [ 23.534956727696354, 56.496004638095755 ], [ 23.536143162491047, 56.496183202082648 ], [ 23.537003391100846, 56.496312662708277 ], [ 23.537606098383478, 56.496415969688044 ], [ 23.537874464495115, 56.496467499814258 ], [ 23.538010674639548, 56.496535380867563 ], [ 23.538342938205695, 56.496758391668251 ], [ 23.539148054396993, 56.497331260875775 ], [ 23.540230468270213, 56.498059550667428 ], [ 23.541512964882411, 56.498614518772065 ], [ 23.543180918087121, 56.499343510083868 ], [ 23.543340935462211, 56.499413190565704 ], [ 23.543344548754117, 56.499414764425353 ], [ 23.543395207665924, 56.499436823873069 ], [ 23.543444070152258, 56.499460089581838 ], [ 23.543447529878787, 56.499461736545591 ], [ 23.543579085143961, 56.499524376213991 ], [ 23.544132659997754, 56.499908953308662 ], [ 23.544313785469758, 56.499983442021659 ], [ 23.544643454601488, 56.500066864595141 ], [ 23.544967419745799, 56.500120064591357 ], [ 23.547015973891106, 56.500305401241619 ], [ 23.547264206461396, 56.500349929507003 ], [ 23.5475659632374, 56.500485254615313 ], [ 23.548792131153427, 56.501088052851259 ], [ 23.548842797357018, 56.501112960812009 ], [ 23.548815672638717, 56.50114502257891 ], [ 23.548074291425181, 56.502021326804574 ], [ 23.547887968257129, 56.502249124623184 ], [ 23.54781159425912, 56.502355007178281 ], [ 23.547743322333304, 56.502481290226058 ], [ 23.547741428633341, 56.502640390236984 ], [ 23.547838770828033, 56.502876676368842 ], [ 23.548124892034195, 56.503380825741694 ], [ 23.548264083869817, 56.503607499555855 ], [ 23.548520148139293, 56.503832289902462 ], [ 23.548883756776583, 56.504138245550131 ], [ 23.549098865010954, 56.50429826625578 ], [ 23.549360154120549, 56.504435376984304 ], [ 23.54986156136297, 56.504705429509244 ], [ 23.550704535282538, 56.505091054561618 ], [ 23.55082015638839, 56.505195325916333 ], [ 23.551038334270213, 56.505449975300195 ], [ 23.552270154326447, 56.506809119153104 ], [ 23.55310206673451, 56.507756017584512 ], [ 23.55367931705803, 56.508295807029512 ], [ 23.553944924262158, 56.50854602690044 ], [ 23.554017359600206, 56.508608057637673 ], [ 23.554675620098269, 56.509171751928555 ], [ 23.555059333011783, 56.509551611185756 ], [ 23.555557944740002, 56.510100352156584 ], [ 23.556019680690994, 56.510591262986843 ], [ 23.55679243230977, 56.511436379293059 ], [ 23.556931503181136, 56.511501494876548 ], [ 23.559078141647859, 56.512118397776334 ], [ 23.559146423586927, 56.512169412138419 ], [ 23.559205752757268, 56.512272321259864 ], [ 23.559633448637914, 56.513005419388783 ], [ 23.560108388938701, 56.513805610813939 ], [ 23.560223793474005, 56.513932950363106 ], [ 23.560397985154118, 56.514030495635488 ], [ 23.56148157352473, 56.51454204592455 ], [ 23.561999648674604, 56.514864661936954 ], [ 23.562342732388231, 56.515158964546572 ], [ 23.564107689899014, 56.516686026756489 ], [ 23.565045850210627, 56.517513208598587 ], [ 23.565140490228615, 56.517633546575446 ], [ 23.565147702216279, 56.517732808678332 ], [ 23.565128995459968, 56.517908138097219 ], [ 23.56511694714872, 56.518231191616096 ], [ 23.565158528037237, 56.518393030059784 ], [ 23.565196110421248, 56.518462106993802 ], [ 23.565581126600126, 56.518892854005571 ], [ 23.565676018512846, 56.519007672472327 ], [ 23.566782577266125, 56.520346551425476 ], [ 23.567867423714745, 56.521594057987734 ], [ 23.567993513597393, 56.521887589716556 ], [ 23.568289236971783, 56.52268481696246 ], [ 23.568568680248141, 56.523375527643388 ], [ 23.568644168606767, 56.523487163305255 ], [ 23.568812097060434, 56.523621687297783 ], [ 23.568849322652174, 56.523651508595179 ], [ 23.568885622087183, 56.523680588160559 ], [ 23.569048872828422, 56.523811363529092 ], [ 23.571205166338064, 56.525870477837643 ], [ 23.57237872381485, 56.526963813310935 ], [ 23.5725441623105, 56.527105159694848 ], [ 23.572526784228302, 56.527165103180899 ], [ 23.572470837474821, 56.527312611268165 ], [ 23.57230017381988, 56.527635119139752 ], [ 23.572236082969027, 56.527764137306967 ], [ 23.572125799361572, 56.527916073416037 ], [ 23.570950685167933, 56.528633260643524 ], [ 23.569371756869934, 56.529632553978701 ], [ 23.569277224761194, 56.529726127298467 ], [ 23.56924757879117, 56.530092238656145 ], [ 23.569195878307436, 56.530210320296142 ], [ 23.569179283463626, 56.53024821771718 ], [ 23.569177791352011, 56.530251627465653 ], [ 23.569158140258725, 56.530284926023356 ], [ 23.569047829937436, 56.530471844028085 ], [ 23.56877417391431, 56.530751352279516 ], [ 23.566611023430632, 56.532071310512961 ], [ 23.565767204063839, 56.532634145979699 ], [ 23.565056335420611, 56.533889480195242 ], [ 23.563905398284774, 56.535962126023868 ], [ 23.563845892248512, 56.536073033703133 ], [ 23.563845473532844, 56.536073813864746 ], [ 23.563276909474041, 56.537133458167368 ], [ 23.563287112472679, 56.537375799553928 ], [ 23.563326956250719, 56.538360451007279 ], [ 23.563372925507679, 56.539063505022249 ], [ 23.56382532378586, 56.540047939693288 ], [ 23.563866470960882, 56.54016545979686 ], [ 23.563847259045243, 56.540357889081925 ], [ 23.563530724936619, 56.541965995751141 ], [ 23.56343660251375, 56.542520330643129 ], [ 23.564992471848502, 56.543306689943222 ], [ 23.566468946657594, 56.544052874293094 ], [ 23.568122809070296, 56.544902828806649 ], [ 23.570586157840644, 56.546158160965106 ], [ 23.570812341585938, 56.546287033125125 ], [ 23.570909696944064, 56.546702063967643 ], [ 23.571211430388374, 56.548140547157978 ], [ 23.573309371455046, 56.549270726299682 ], [ 23.573402631896101, 56.549330273150616 ], [ 23.573483883780678, 56.549410212487118 ], [ 23.57471697179896, 56.552271116803489 ], [ 23.57502387026641, 56.552932577505402 ], [ 23.574989216571065, 56.552990919456647 ], [ 23.574908864315656, 56.553063117868177 ], [ 23.574872648337845, 56.553095659812094 ], [ 23.574836430661055, 56.553128202637971 ], [ 23.574817437723976, 56.553145267925018 ], [ 23.574774242338197, 56.553206155485363 ], [ 23.574832705850419, 56.553300255936641 ], [ 23.575006997835274, 56.553546903024646 ], [ 23.575334898719731, 56.554010920738989 ], [ 23.576128525146249, 56.55492646720932 ], [ 23.576386760034097, 56.555224361457761 ], [ 23.576612771030927, 56.555503514825503 ], [ 23.576753576070878, 56.555661464397751 ], [ 23.57678290280386, 56.555771230214575 ], [ 23.576719825560367, 56.555948169207092 ], [ 23.576007777633748, 56.557697592899096 ], [ 23.575268816237465, 56.559570647356047 ], [ 23.578262506363796, 56.561610398013322 ], [ 23.578269230369877, 56.561640867882083 ] ] ] } },
{ "type": "Feature", "properties": { "fid": 83, "nosaukums": "Bramberģes strauts", "garums": 998, "posmaID": null, "gadsAvotos": null, "regulets1940": true, "kolhozs": null, "udenskratuve": null, "piezimes": null }, "geometry": { "type": "MultiLineString", "coordinates": [ [ [ 23.583144744024359, 56.569095911137751 ], [ 23.583585059016762, 56.57037212352143 ], [ 23.583725655892753, 56.570835815292661 ], [ 23.584032333664034, 56.571723620018929 ], [ 23.584130630302958, 56.571882053647663 ], [ 23.584457368036528, 56.572393270579319 ], [ 23.584461660414796, 56.572466395655177 ], [ 23.584429741075436, 56.57259001492443 ], [ 23.584079030332319, 56.573599049371083 ], [ 23.583734877052979, 56.574568023443874 ], [ 23.584871291230513, 56.575934787396854 ], [ 23.583871826835839, 56.577616388243193 ], [ 23.583850262478375, 56.577652667937663 ], [ 23.583828698069581, 56.577688948526493 ], [ 23.583816718673472, 56.577709102876121 ] ] ] } },
{ "type": "Feature", "properties": { "fid": 84, "nosaukums": "Bramberģes strauts", "garums": 4821, "posmaID": null, "gadsAvotos": null, "regulets1940": true, "kolhozs": null, "udenskratuve": null, "piezimes": null }, "geometry": { "type": "MultiLineString", "coordinates": [ [ [ 23.588076753934548, 56.581139828189364 ], [ 23.588373448766994, 56.581158085563324 ], [ 23.590924511608556, 56.582444861487872 ], [ 23.592532382034459, 56.583571164673245 ], [ 23.592837004574239, 56.583773995414482 ], [ 23.592993414659304, 56.583878836104304 ], [ 23.593306042010472, 56.584150994938632 ], [ 23.593427084420934, 56.584307202374653 ], [ 23.593570043821128, 56.584690037154246 ], [ 23.593922984437604, 56.585499252943706 ], [ 23.59419188147881, 56.586101427107451 ], [ 23.594220801870769, 56.586259186570992 ], [ 23.594200943219167, 56.586394609462417 ], [ 23.594093797047911, 56.586658462047019 ], [ 23.593726983577906, 56.587237640526169 ], [ 23.593609341263701, 56.587335485628493 ], [ 23.59295266925335, 56.587670474240902 ], [ 23.591259855677709, 56.588733485064118 ], [ 23.591239769891445, 56.589153303432845 ], [ 23.591201613661724, 56.589950770501623 ], [ 23.59159686112578, 56.590781582734806 ], [ 23.591611094180411, 56.59081149913569 ], [ 23.591625327238049, 56.590841417331575 ], [ 23.591673179125227, 56.590941997678001 ], [ 23.591855496078971, 56.59173127587772 ], [ 23.592212159131467, 56.592119127779263 ], [ 23.59290258316117, 56.59233005715911 ], [ 23.594705967145853, 56.593100301395054 ], [ 23.59479152114741, 56.59315286075315 ], [ 23.594876873621153, 56.593224430789938 ], [ 23.595171528738732, 56.593699000179683 ], [ 23.595221978623147, 56.593813230898483 ], [ 23.595245222378249, 56.594055697507166 ], [ 23.595297030086453, 56.595461592150976 ], [ 23.595312866420894, 56.595589841382271 ], [ 23.595312796405722, 56.59558984025611 ], [ 23.595389171758665, 56.595704282771734 ], [ 23.595732700363399, 56.595982334549348 ], [ 23.596132030760543, 56.596305544822791 ], [ 23.597792447273648, 56.597671289189286 ], [ 23.59787797047446, 56.597718920245597 ], [ 23.597980968266853, 56.597752522345999 ], [ 23.599082159196772, 56.597870142247601 ], [ 23.603319340177666, 56.598392358674431 ], [ 23.603821705737378, 56.598454263741473 ], [ 23.607212605474579, 56.598853530554535 ], [ 23.607965921133971, 56.598946883670315 ], [ 23.608017690832021, 56.598953298858348 ], [ 23.608069458919061, 56.598959714019742 ], [ 23.608180960607381, 56.598973530668033 ], [ 23.608912624432403, 56.599064193666642 ], [ 23.609089888873687, 56.599086159088905 ], [ 23.609684700132128, 56.599159860230678 ], [ 23.612072176199241, 56.599452183248317 ], [ 23.613396012718798, 56.599603649349135 ], [ 23.614415945034366, 56.59972033365478 ], [ 23.618223582416224, 56.600212480556827 ], [ 23.618476853485749, 56.600245212274594 ], [ 23.620375393847361, 56.600445381707118 ], [ 23.62238418793196, 56.600695389981723 ], [ 23.624006094042965, 56.600897220009728 ], [ 23.625849220824957, 56.601110796008548 ], [ 23.625988763010181, 56.601129250324469 ], [ 23.626159504524502, 56.601151831212746 ], [ 23.626248836184207, 56.601167529857115 ], [ 23.626326739726796, 56.601207882536805 ], [ 23.626709414258293, 56.601536152817054 ], [ 23.627572775167593, 56.602284862175765 ], [ 23.628151492721337, 56.60278670776583 ], [ 23.629521360631998, 56.603973052767671 ], [ 23.630033330942013, 56.604435568306407 ], [ 23.631255394891777, 56.605539532322389 ], [ 23.631580052293817, 56.605813180438453 ], [ 23.632857626334474, 56.606889972824227 ], [ 23.632948574106621, 56.607029114240021 ], [ 23.632999020973539, 56.607195855772822 ], [ 23.633070526495736, 56.607432203734788 ], [ 23.633143666367147, 56.607624598436566 ] ] ] } },
{ "type": "Feature", "properties": { "fid": 87, "nosaukums": "Svēpaine", "garums": 10490, "posmaID": null, "gadsAvotos": null, "regulets1940": true, "kolhozs": null, "udenskratuve": null, "piezimes": null }, "geometry": { "type": "MultiLineString", "coordinates": [ [ [ 23.184617019357102, 56.404589841974243 ], [ 23.185020988746132, 56.404664591620097 ], [ 23.185205713031873, 56.404698771769688 ], [ 23.187983452971565, 56.404855478725338 ], [ 23.188337296283635, 56.404859262558276 ], [ 23.188612233828245, 56.40492125330104 ], [ 23.189399375406825, 56.405195403112565 ], [ 23.189793906748815, 56.405332808543484 ], [ 23.189967671077014, 56.405388203724648 ], [ 23.191146966916158, 56.405789501340458 ], [ 23.193515545600814, 56.406970061493801 ], [ 23.193697037679108, 56.407090158179791 ], [ 23.193695112086409, 56.407181226198581 ], [ 23.192900795229399, 56.40828077473958 ], [ 23.192990354447389, 56.409057007635212 ], [ 23.193245509204719, 56.409558136945464 ], [ 23.193378079739002, 56.409642735404944 ], [ 23.19521366175459, 56.410507894845523 ], [ 23.196041543897866, 56.410754454756486 ], [ 23.198586669997905, 56.41137166680997 ], [ 23.198782000362037, 56.411397076590333 ], [ 23.198956458779087, 56.411380091840307 ], [ 23.199893117454494, 56.411071692046953 ], [ 23.201597113409417, 56.410419826873401 ], [ 23.201717041274769, 56.410408524115205 ], [ 23.201981731891539, 56.410415265643621 ], [ 23.20244456656452, 56.410457906661492 ], [ 23.202704471773615, 56.410574161605879 ], [ 23.202887481327707, 56.410692859940525 ], [ 23.203131631647228, 56.41143628985197 ], [ 23.203217225237243, 56.411524982005297 ], [ 23.203329929903962, 56.411584466498105 ], [ 23.204348729102229, 56.411906846585282 ], [ 23.204893706646008, 56.412077810398038 ], [ 23.20553408870682, 56.412292828178884 ], [ 23.205594014736409, 56.412312949451412 ], [ 23.205653948894643, 56.412333072543653 ], [ 23.205683175624337, 56.412342885854017 ], [ 23.206846034853928, 56.412748432986767 ], [ 23.208785560841161, 56.412890092504398 ], [ 23.210749720761896, 56.413378568941248 ], [ 23.211271841717025, 56.413503819415439 ], [ 23.21278178104382, 56.413826466749249 ], [ 23.213721469121129, 56.414099635051613 ], [ 23.215382651113202, 56.414636064648157 ], [ 23.216143521936992, 56.414880326226907 ], [ 23.217644334150496, 56.415356950441961 ], [ 23.222389775225576, 56.417763761487919 ], [ 23.224179511512475, 56.418387168908559 ], [ 23.224461335858948, 56.418443262783164 ], [ 23.225600996891842, 56.418595268471805 ], [ 23.225775108833684, 56.41859635504948 ], [ 23.225971473674203, 56.418573432162987 ], [ 23.226747157179851, 56.418427344618145 ], [ 23.226888867096459, 56.418416154124223 ], [ 23.227030093029722, 56.418424349327381 ], [ 23.227654440483327, 56.418607088483924 ], [ 23.227911709817874, 56.418733927589322 ], [ 23.228937906400734, 56.419758344162567 ], [ 23.229148709310081, 56.41995062802971 ], [ 23.229350248685311, 56.420076746766981 ], [ 23.229561194637977, 56.420130942196792 ], [ 23.231138993671518, 56.420225932400136 ], [ 23.231482936577159, 56.420273135560407 ], [ 23.232304251036425, 56.420494737219656 ], [ 23.233616046177129, 56.421022025863159 ], [ 23.233773117186995, 56.421059218397694 ], [ 23.234130093349414, 56.421084714095521 ], [ 23.234564884633738, 56.421080052100244 ], [ 23.234918663989415, 56.421048243339428 ], [ 23.235316731526076, 56.421008437957667 ], [ 23.235371776104344, 56.421010959545789 ], [ 23.235424292444691, 56.42101336580108 ], [ 23.235476812033635, 56.421015772054112 ], [ 23.2355450873366, 56.421018900687869 ], [ 23.237071767787238, 56.421569855181644 ], [ 23.237166669777562, 56.421664587774522 ], [ 23.238051999271917, 56.422627995379933 ], [ 23.238716959182227, 56.423659366380072 ], [ 23.238813638752603, 56.423741619916655 ], [ 23.239272424380502, 56.423997105554918 ], [ 23.239829972319171, 56.424351619372771 ], [ 23.239976759073578, 56.424434783600034 ], [ 23.240153054373835, 56.424500500506497 ], [ 23.243015842298636, 56.424966918415727 ], [ 23.243215104110121, 56.425017212364686 ], [ 23.243522506268732, 56.425155706110004 ], [ 23.244853595094494, 56.426341970252992 ], [ 23.245258451629944, 56.426647052527642 ], [ 23.245429027202263, 56.42673476184752 ], [ 23.245592787501604, 56.426765138151801 ], [ 23.245820687427624, 56.426769461432642 ], [ 23.253657498168117, 56.426337942734115 ], [ 23.253956992493823, 56.426341212679368 ], [ 23.258226146250458, 56.426964697769591 ], [ 23.25830228182916, 56.426977796904147 ], [ 23.258356450180401, 56.426987116951501 ], [ 23.258410615333464, 56.426996436057564 ], [ 23.258633037080443, 56.427034704423271 ], [ 23.258733678404148, 56.427039712604213 ], [ 23.258904264508164, 56.426992253226082 ], [ 23.260055662957861, 56.426639691307599 ], [ 23.260277697928469, 56.426571493968545 ], [ 23.261371211732548, 56.426442272766799 ], [ 23.262279353958171, 56.426483896492329 ], [ 23.262491073224371, 56.426512321755709 ], [ 23.267307055703018, 56.427864803772444 ], [ 23.270370279142629, 56.428642245301475 ], [ 23.270797060465707, 56.428748710204104 ], [ 23.27092242560024, 56.428779871361115 ], [ 23.270993371224659, 56.428785657356194 ], [ 23.271090286925233, 56.42878443692819 ], [ 23.271310334354837, 56.428762463634179 ], [ 23.273303960633015, 56.42854865617128 ], [ 23.274099623856479, 56.428488884482604 ], [ 23.274455335306254, 56.428465909396735 ], [ 23.274581588326157, 56.428450540813216 ], [ 23.274753597841208, 56.428406804716325 ], [ 23.276033017222016, 56.428105986122212 ], [ 23.276952938053768, 56.427917780049548 ], [ 23.277390833493108, 56.427785673211247 ], [ 23.27861763075969, 56.427373362420241 ], [ 23.278654412285618, 56.427360999599145 ], [ 23.278713793470573, 56.427355440090956 ], [ 23.278782322455235, 56.427349023581854 ], [ 23.278850851417129, 56.427342607034909 ], [ 23.279105782972586, 56.427318737350241 ], [ 23.280369039743249, 56.427177385370122 ], [ 23.280612229360056, 56.427167574574206 ], [ 23.280804108911063, 56.427193934404514 ], [ 23.281662947158864, 56.427557994435787 ], [ 23.28334544852428, 56.428274672452226 ], [ 23.283451225715602, 56.428303336768138 ], [ 23.283537019076419, 56.428317859772449 ], [ 23.283633148134982, 56.428321219731259 ], [ 23.283972840709882, 56.428295126753255 ], [ 23.285751822070754, 56.428190358997824 ], [ 23.285883332197738, 56.428196726739579 ], [ 23.285958896509648, 56.428216799179751 ], [ 23.286054552505355, 56.428245403032712 ], [ 23.286189496993313, 56.428338755636105 ], [ 23.286892976223061, 56.428892649763149 ], [ 23.287032356779616, 56.429019692165717 ], [ 23.287111412086084, 56.429123944373536 ], [ 23.287115266616489, 56.429188489326556 ], [ 23.287113534667235, 56.429281056558317 ], [ 23.287050529809097, 56.429401324355965 ], [ 23.286871585348067, 56.429764992204525 ], [ 23.286843648329111, 56.429905099915032 ], [ 23.286891069572413, 56.430076499134898 ], [ 23.286985733536302, 56.430158398495557 ], [ 23.287096057238585, 56.43021513926179 ], [ 23.288351134857145, 56.430786219057865 ], [ 23.289299368134866, 56.431251731133727 ], [ 23.289374889616951, 56.431274606199977 ], [ 23.289531514624237, 56.431292334692401 ], [ 23.289829683854432, 56.431322095707991 ], [ 23.290032136069019, 56.431326059080291 ], [ 23.291370431594487, 56.431238326092569 ], [ 23.292992434779155, 56.431140974489061 ], [ 23.29339759656996, 56.431134865328147 ], [ 23.29352390025646, 56.431149611143397 ], [ 23.29365975741155, 56.431195270539284 ], [ 23.2941476055022, 56.431371977837948 ], [ 23.294288578110457, 56.431414859750639 ], [ 23.294454915948961, 56.431455080728306 ], [ 23.296233016774366, 56.431678383728723 ], [ 23.296879626694125, 56.432032717824057 ], [ 23.296886554085159, 56.432036845952709 ], [ 23.296955099850724, 56.432077695426898 ], [ 23.297023645763225, 56.432118544863307 ], [ 23.297345386585025, 56.432310280207545 ], [ 23.29759697061813, 56.432395864710742 ], [ 23.297959731111693, 56.432493299404037 ], [ 23.298409023818369, 56.432565974706421 ], [ 23.299606010521408, 56.432729834755818 ], [ 23.300543664751924, 56.43287144594288 ], [ 23.300586764408447, 56.43287804184056 ], [ 23.301312652916952, 56.432989131505138 ], [ 23.301731787393983, 56.433050402314784 ], [ 23.301923351591416, 56.433096366022049 ], [ 23.302043832099756, 56.43315315050635 ], [ 23.302144009582836, 56.433212626586972 ], [ 23.303622000725337, 56.434348678952283 ], [ 23.304414279776395, 56.434496194978983 ], [ 23.304951369197607, 56.434476760645488 ], [ 23.30717121799286, 56.43436573764059 ], [ 23.307936242463473, 56.434341952695021 ], [ 23.308230253893242, 56.434323954318046 ], [ 23.308493376945265, 56.434333837440469 ], [ 23.308786115627107, 56.434385964156064 ], [ 23.310285970453453, 56.434607514987107 ], [ 23.312508344869158, 56.434917212325288 ], [ 23.31262474461213, 56.43492066294867 ], [ 23.31286336721795, 56.434885514229258 ], [ 23.313640496411843, 56.434752352551087 ], [ 23.313812893500323, 56.434739279166543 ], [ 23.314014960932425, 56.43476564464671 ], [ 23.315013766800313, 56.434975951847846 ], [ 23.315432743867827, 56.435048397071036 ], [ 23.315978300144302, 56.435121538586444 ], [ 23.316104525232255, 56.435141871764039 ], [ 23.31619986891447, 56.435190088046838 ], [ 23.316414511900522, 56.43536239664094 ], [ 23.317957730328278, 56.436560353144344 ], [ 23.318207633314945, 56.436744074022997 ], [ 23.318333111995763, 56.436806480859211 ], [ 23.318533938976852, 56.436902964634264 ], [ 23.319387643608732, 56.437303203094622 ], [ 23.319589427919212, 56.437346389539073 ], [ 23.319761183547627, 56.43736977354088 ], [ 23.31979224005747, 56.437367282530232 ], [ 23.320121237196425, 56.43734088809407 ], [ 23.322413546066464, 56.437148633941575 ], [ 23.323244989453979, 56.437094258761448 ], [ 23.323472791485528, 56.437098305695464 ] ] ] } },
{ "type": "Feature", "properties": { "fid": 89, "nosaukums": "Igate", "garums": 7864, "posmaID": null, "gadsAvotos": null, "regulets1940": true, "kolhozs": null, "udenskratuve": null, "piezimes": null }, "geometry": { "type": "MultiLineString", "coordinates": [ [ [ 23.394473285967493, 56.395543232821822 ], [ 23.396284758813675, 56.398853538033002 ], [ 23.39632777919266, 56.398906434629744 ], [ 23.396422094970788, 56.398951475854801 ], [ 23.396509356240465, 56.398980270058239 ], [ 23.400306902104937, 56.399672247918062 ], [ 23.400381460948758, 56.399685469738216 ], [ 23.400432277379632, 56.39969448159767 ], [ 23.400483093834662, 56.39970349343637 ], [ 23.400534695547027, 56.399712643817359 ], [ 23.402849718071618, 56.400090235878238 ], [ 23.403188278913593, 56.40015008512642 ], [ 23.403759898195045, 56.400306936992344 ], [ 23.405327388804487, 56.400728828758901 ], [ 23.405657684750125, 56.400735326304698 ], [ 23.406952026951419, 56.401878135165006 ], [ 23.40774019384796, 56.402573989006626 ], [ 23.407773603508947, 56.402603485737281 ], [ 23.40810283313871, 56.402868744388044 ], [ 23.40819500240908, 56.402896586986657 ], [ 23.408318568089214, 56.402890321218926 ], [ 23.408565736066496, 56.402874375363588 ], [ 23.410924271829014, 56.402450683228565 ], [ 23.411178031674613, 56.402407369619034 ], [ 23.411295528072635, 56.402394225862352 ], [ 23.411424841686689, 56.402415387129274 ], [ 23.412235356867342, 56.402696618802615 ], [ 23.413671774881539, 56.403223944631726 ], [ 23.414666622601818, 56.40356425120288 ], [ 23.415637703736234, 56.403846217990775 ], [ 23.416639842298995, 56.404114621765601 ], [ 23.416775390262778, 56.404132383635655 ], [ 23.416880334263897, 56.404132876982246 ], [ 23.418224148525667, 56.403858374888358 ], [ 23.420558623169295, 56.403389868557902 ], [ 23.422110630935975, 56.404353490048663 ], [ 23.422145756075402, 56.404375298303499 ], [ 23.422180881254985, 56.40439710654843 ], [ 23.422207479208886, 56.404413620015028 ], [ 23.423033424792497, 56.404907165994977 ], [ 23.424275185345188, 56.405666341696339 ], [ 23.424550735591847, 56.405814876583186 ], [ 23.42469210534194, 56.405856618509539 ], [ 23.42479695084511, 56.40586395988278 ], [ 23.424920610551808, 56.405850831789508 ], [ 23.425063168117706, 56.405813820441651 ], [ 23.42585668928642, 56.405594903881109 ], [ 23.42697893468652, 56.405274754078469 ], [ 23.428262283568973, 56.404914250519987 ], [ 23.428808067292902, 56.404745537649994 ], [ 23.428950873235838, 56.404691407470899 ], [ 23.429048061264197, 56.404684374300295 ], [ 23.429114913394276, 56.404679536531049 ], [ 23.429395224597133, 56.404727572678091 ], [ 23.429593818552974, 56.404781000538421 ], [ 23.429796901234113, 56.40486761508415 ], [ 23.431551527981593, 56.405873437617359 ], [ 23.432124435516229, 56.406232605039285 ], [ 23.432286873059301, 56.406371543916457 ], [ 23.432389494509383, 56.406510208904692 ], [ 23.432457305973347, 56.406643186381139 ], [ 23.432505220340513, 56.406773309160734 ], [ 23.432503328452629, 56.406900440451764 ], [ 23.432166731307081, 56.408079086946771 ], [ 23.432061599453039, 56.408443440938711 ], [ 23.432094806528156, 56.408556912883682 ], [ 23.432682396506664, 56.409272688929633 ], [ 23.432799695225778, 56.409351536109909 ], [ 23.432874177644837, 56.409389347439955 ], [ 23.432980176682406, 56.409417191600021 ], [ 23.433069430322419, 56.409430424896129 ], [ 23.436970478559054, 56.409859672116987 ], [ 23.437641793254073, 56.409928920193643 ], [ 23.437734683147475, 56.409952921069234 ], [ 23.437814273616112, 56.409991371597343 ], [ 23.437870936417394, 56.41003153216343 ], [ 23.439292708131756, 56.411463613824964 ], [ 23.439625704589229, 56.411624732636639 ], [ 23.439738530055731, 56.411649024185671 ], [ 23.439827920055382, 56.41166827013685 ], [ 23.441184086142631, 56.411781400455574 ], [ 23.441314926924996, 56.411783803689673 ], [ 23.441436109636228, 56.411775279471357 ], [ 23.441531254238441, 56.41175756986631 ], [ 23.441692203363488, 56.411714763418232 ], [ 23.441764550187191, 56.411689696050587 ], [ 23.441823785784514, 56.411666382727319 ], [ 23.44307645755709, 56.41080138827882 ], [ 23.44320811453381, 56.410747564542959 ], [ 23.443319772405523, 56.410719044746592 ], [ 23.443454065252702, 56.410708765214963 ], [ 23.443591524054131, 56.410705753828836 ], [ 23.445850437903481, 56.410835574615675 ], [ 23.445925538284587, 56.410845886434664 ], [ 23.44811358417353, 56.41137875191589 ], [ 23.450150016462587, 56.411906756823846 ], [ 23.451254986667195, 56.412183097771134 ], [ 23.45240499425411, 56.412463543059744 ], [ 23.454862382853417, 56.413138215086228 ], [ 23.454966924490591, 56.413149557303591 ], [ 23.456057773311954, 56.41306002714613 ], [ 23.456942445545842, 56.412973212169248 ], [ 23.457322564771253, 56.41293315858497 ], [ 23.459632339867216, 56.412487975921799 ], [ 23.462129655362798, 56.4120231597581 ], [ 23.462139008361305, 56.412020637928073 ], [ 23.463563272839654, 56.411636679570847 ], [ 23.464249903570042, 56.411436500807625 ], [ 23.464966158917345, 56.411572905456815 ], [ 23.465144247608645, 56.411589090728114 ], [ 23.466654800512377, 56.41189759118307 ], [ 23.468113395778566, 56.412179550133381 ], [ 23.469950426048623, 56.412542916652363 ], [ 23.470263429971844, 56.412622246051704 ], [ 23.472067648478795, 56.413219414137295 ], [ 23.472123185158729, 56.413237795513666 ], [ 23.472178448936393, 56.413256576412216 ], [ 23.472885250217193, 56.413496780761704 ], [ 23.473025036436415, 56.41356267112711 ], [ 23.473688375361601, 56.414100556107527 ], [ 23.476142703403518, 56.415182830702896 ], [ 23.476192693464888, 56.415204873154813 ], [ 23.476238435924092, 56.415229588508168 ], [ 23.476273894370372, 56.415248747556248 ], [ 23.476322201435043, 56.41530517904463 ], [ 23.476376878844956, 56.415374334268833 ], [ 23.476969506147668, 56.416301868934873 ], [ 23.477461835957193, 56.41702855513924 ], [ 23.477538937033469, 56.417133172556525 ], [ 23.477606831718141, 56.417193313928287 ], [ 23.477686266386122, 56.41724715540834 ], [ 23.479321817100185, 56.41836883798365 ], [ 23.479340195346424, 56.418381441261154 ], [ 23.479354940994103, 56.418391553171546 ], [ 23.479380465647992, 56.41840905781288 ], [ 23.479388780714917, 56.418413962287865 ], [ 23.47942433724273, 56.418434935690826 ], [ 23.479530156433736, 56.418497352733574 ], [ 23.480360781652063, 56.418912968215125 ], [ 23.480599349219275, 56.419016749488627 ], [ 23.480910470732336, 56.41913292515585 ], [ 23.48166864512044, 56.419372155431333 ], [ 23.482709912024898, 56.419700700147771 ], [ 23.482923859071636, 56.419743914158452 ], [ 23.483246995412948, 56.419779520813371 ], [ 23.483606792007635, 56.41979311091427 ], [ 23.485347113510358, 56.41989707636651 ], [ 23.487596022333737, 56.420037380050957 ], [ 23.487948334814224, 56.420067049276597 ], [ 23.488035245299649, 56.420093607512818 ], [ 23.489256787916229, 56.420652855722629 ], [ 23.489394146938306, 56.420713881113095 ], [ 23.489470396890237, 56.420722255725124 ], [ 23.489656024391572, 56.42070891192477 ], [ 23.491801476732924, 56.420431541533986 ], [ 23.491867168402177, 56.420413672725239 ], [ 23.492579994167631, 56.420028402427896 ], [ 23.492621537198591, 56.420005948520881 ], [ 23.492664711324657, 56.419982613603743 ], [ 23.49293297363311, 56.419837619137581 ], [ 23.493016949856319, 56.41981176267938 ], [ 23.49308190276108, 56.419806035130875 ] ] ] } },
{ "type": "Feature", "properties": { "fid": 91, "nosaukums": "Rukūze", "garums": 4610, "posmaID": 62, "gadsAvotos": 1966, "regulets1940": true, "kolhozs": "Vilce", "udenskratuve": null, "piezimes": null }, "geometry": { "type": "MultiLineString", "coordinates": [ [ [ 23.40631839081184, 56.372400007833022 ], [ 23.406403754126853, 56.372370839267319 ], [ 23.409140602927845, 56.37143559639415 ], [ 23.409214640908431, 56.371379682214759 ] ], [ [ 23.409292648195855, 56.371320770151257 ], [ 23.409492670277722, 56.371169709952611 ], [ 23.418008960626842, 56.370458702670085 ] ], [ [ 23.418074536132551, 56.370459010454816 ], [ 23.418203441293539, 56.370468963839024 ], [ 23.418461049751681, 56.370514857159186 ], [ 23.418850142984265, 56.370584173648169 ], [ 23.420825290683769, 56.370936020031344 ], [ 23.420990188223083, 56.370948749549164 ], [ 23.421143855700315, 56.370936876058011 ], [ 23.421414919990141, 56.370867019310033 ], [ 23.421669855149318, 56.370803795526015 ], [ 23.421746320608403, 56.37079296636017 ], [ 23.424523705537496, 56.370399605523922 ], [ 23.425346923352148, 56.370275690768032 ], [ 23.427781377732089, 56.370195263992429 ], [ 23.428032937851981, 56.370172506861337 ], [ 23.429651406224131, 56.369762253262394 ], [ 23.430019404825686, 56.369632396951459 ], [ 23.431446958695531, 56.369042920839284 ], [ 23.432067961347588, 56.36878648107578 ], [ 23.432250828173871, 56.368697027187267 ], [ 23.432552371146333, 56.368549518828353 ], [ 23.432739740729467, 56.368498554085548 ], [ 23.432762139026011, 56.368497370866905 ], [ 23.432948048917723, 56.368487547588828 ], [ 23.433141646929315, 56.368500392225442 ], [ 23.433405903413465, 56.368544771888239 ], [ 23.437066624884757, 56.369270795652746 ], [ 23.438146307149285, 56.369496026973877 ], [ 23.438315580979342, 56.369523985725721 ], [ 23.439562636920218, 56.369729948749644 ], [ 23.440181429242926, 56.369796242626784 ], [ 23.440911049989506, 56.369877230619174 ], [ 23.44220138341349, 56.369983375606637 ], [ 23.44367692703856, 56.370125989055168 ], [ 23.443800371274026, 56.370137919127522 ], [ 23.44427857336909, 56.370191750660418 ], [ 23.444582433830369, 56.370243260441569 ], [ 23.444791113892535, 56.370252182335179 ], [ 23.445081747188336, 56.370243643511898 ], [ 23.445442495287345, 56.370219452050314 ], [ 23.445845965755183, 56.370142205259633 ], [ 23.446300423422237, 56.370069589995005 ], [ 23.446508816343783, 56.36999083094026 ], [ 23.44668055626985, 56.369930161913736 ], [ 23.446680679612076, 56.369930140901218 ], [ 23.446882390986868, 56.369896338917428 ], [ 23.447017197317287, 56.369893378734986 ], [ 23.447215709374952, 56.369922755776606 ], [ 23.447369715163948, 56.369923442288062 ], [ 23.447543538601451, 56.36988504061511 ], [ 23.447698677342593, 56.369807380073425 ], [ 23.447788564609844, 56.369804218956176 ], [ 23.447916749276494, 56.369815474231068 ], [ 23.448012487284966, 56.369851514399294 ], [ 23.448120956470746, 56.369894735021397 ], [ 23.448268186654122, 56.36992032062733 ], [ 23.448390004698638, 56.369927985599674 ], [ 23.448538004975717, 56.369900152092548 ], [ 23.448660594241122, 56.369854398011455 ], [ 23.448782824992993, 56.369833573482467 ], [ 23.448879283382933, 56.369819756343993 ], [ 23.448949818551895, 56.36982363132752 ], [ 23.449039551620217, 56.369831153061547 ], [ 23.449193043444843, 56.369867448937505 ], [ 23.449327491657691, 56.369889415020182 ], [ 23.449449309822906, 56.369897078952043 ], [ 23.449583910657992, 56.369908360990806 ], [ 23.449711786692305, 56.369940981922902 ], [ 23.450003454588757, 56.370083937459057 ], [ 23.450265126389272, 56.370186147290148 ], [ 23.45044997200112, 56.370225999237107 ], [ 23.450635125885878, 56.370244561555786 ], [ 23.450841155940914, 56.370236451948443 ], [ 23.450958215693632, 56.370222169189852 ], [ 23.450997697792705, 56.370217352192071 ], [ 23.451113919313062, 56.370168006016677 ], [ 23.451243690992797, 56.37006885987585 ], [ 23.451340355368053, 56.370040796712253 ], [ 23.451455859741444, 56.370041307770393 ], [ 23.451539025015329, 56.370059482178696 ], [ 23.451570547442749, 56.370098797896645 ], [ 23.451563567838537, 56.370137943308599 ], [ 23.451498425820191, 56.370205322381331 ], [ 23.451471990418153, 56.37025862674124 ], [ 23.451522354874523, 56.370326517667259 ], [ 23.451669331741364, 56.370369904605028 ], [ 23.451867747665375, 56.370406396716334 ], [ 23.452060104597827, 56.370417931372472 ], [ 23.45220800195791, 56.370397215994004 ], [ 23.452298809633518, 56.370329949928255 ], [ 23.452331967427504, 56.370255305309406 ], [ 23.452327082599169, 56.370148440226593 ], [ 23.452346997578054, 56.370102229846928 ], [ 23.452411371950927, 56.370088268245993 ], [ 23.452507319120535, 56.370110060831216 ], [ 23.452636182433643, 56.370168333121924 ], [ 23.452643818935293, 56.37017183307745 ], [ 23.452745809040341, 56.37019357308936 ], [ 23.452892856730546, 56.370194222026306 ], [ 23.453142807780836, 56.370152744156421 ], [ 23.453456742854073, 56.370107999836712 ], [ 23.453551071127528, 56.370106642044668 ], [ 23.45365316148861, 56.370121284846931 ], [ 23.453733054175608, 56.370123411309841 ], [ 23.453796937243041, 56.370127240748573 ], [ 23.453838113466659, 56.370154035299386 ], [ 23.453847272067367, 56.370184235913207 ], [ 23.453824641302237, 56.370201878038621 ], [ 23.45377011965655, 56.370214057217133 ], [ 23.453690101492057, 56.370220801580878 ], [ 23.45364522047219, 56.370229475178576 ], [ 23.453628779288866, 56.370261337452675 ], [ 23.453634919841956, 56.370279106323103 ], [ 23.453676172267258, 56.370300577910626 ], [ 23.453749645567427, 56.370304450527328 ], [ 23.453845698972206, 56.370294228755291 ], [ 23.453900168355101, 56.370285597316226 ], [ 23.453954512488913, 56.370285836656628 ], [ 23.45398632733864, 56.370296621670484 ], [ 23.454005228226436, 56.370316221164515 ], [ 23.453985490262443, 56.370355165871473 ], [ 23.453968670417673, 56.370413639687733 ], [ 23.453929573165929, 56.370464919385043 ], [ 23.453916280196946, 56.370500344462094 ], [ 23.453935206534119, 56.370518168729021 ], [ 23.453995893060085, 56.370521984883943 ], [ 23.454079464080415, 56.370490417250153 ], [ 23.454144007110688, 56.370448121784499 ], [ 23.454147660773884, 56.370416202250631 ], [ 23.454138552606647, 56.370382452981588 ], [ 23.454113358667787, 56.370355728898225 ], [ 23.45407862712641, 56.370325415712017 ], [ 23.4540629725016, 56.370302281621562 ], [ 23.454056782631408, 56.370288061457039 ], [ 23.454069771055888, 56.370273924837527 ], [ 23.454105188882149, 56.370256338966392 ], [ 23.454140555950662, 56.370242301763049 ], [ 23.454166407521676, 56.370222899308523 ], [ 23.454185969353791, 56.370196373155018 ], [ 23.454211668741017, 56.370187614928291 ], [ 23.454262866257203, 56.370184292279959 ], [ 23.454301126172343, 56.370191557577812 ], [ 23.454371123327356, 56.37021492989097 ], [ 23.454485671965969, 56.370252691093434 ], [ 23.454581268953369, 56.370274402362909 ], [ 23.454677068738594, 56.37028191974396 ], [ 23.454782534487837, 56.370284158000253 ], [ 23.454926258768658, 56.37029366126508 ], [ 23.455069934127607, 56.370306711252269 ], [ 23.455125749517293, 56.370315827899518 ], [ 23.455181564946578, 56.370324943623245 ], [ 23.455251689417185, 56.370339445540594 ], [ 23.455309003098009, 56.370355664692902 ], [ 23.455366644132017, 56.370348820993819 ], [ 23.455427686344166, 56.370327799297677 ], [ 23.455460007597466, 56.370303102537186 ], [ 23.455511432815126, 56.370283813014119 ], [ 23.455556210685963, 56.370282235192441 ], [ 23.455623341973187, 56.370282529949399 ], [ 23.455696436152472, 56.37031301201241 ], [ 23.455708641730563, 56.370353871664449 ], [ 23.455711409066261, 56.370384044977833 ], [ 23.455730058046527, 56.370421384011159 ], [ 23.455790415935599, 56.370448262106834 ], [ 23.455889135547345, 56.370475307624076 ], [ 23.456326049355734, 56.370549965857478 ], [ 23.456421824927016, 56.370559256231694 ], [ 23.456495425267931, 56.370554256423119 ], [ 23.456623799266261, 56.37051933546006 ], [ 23.45676201540735, 56.370466715678447 ], [ 23.456858017955859, 56.370460040251757 ], [ 23.456918553326577, 56.370474498319929 ], [ 23.456969322129719, 56.370501333838448 ], [ 23.456984928162523, 56.37052801444753 ], [ 23.457000683952511, 56.370544050805755 ], [ 23.457019611741067, 56.370561875503007 ], [ 23.457070607733804, 56.37057274461737 ], [ 23.457137714337719, 56.370574811996775 ], [ 23.457201623720334, 56.370576866241798 ], [ 23.457252695440268, 56.370582412261911 ], [ 23.457300319454387, 56.370605684977285 ], [ 23.457357380694802, 56.370639643880537 ], [ 23.457407897952855, 56.370684219922929 ], [ 23.457484267180771, 56.370709391905962 ], [ 23.457588556884367, 56.370720890197489 ], [ 23.457618328096313, 56.370724172214004 ], [ 23.4577524663083, 56.370733630262961 ], [ 23.457883305007403, 56.370750169743907 ], [ 23.458023584447179, 56.370777395256731 ], [ 23.458147602620844, 56.370824065803262 ], [ 23.45821483477285, 56.370858626696418 ], [ 23.458255512282836, 56.370879537195826 ], [ 23.458327980598174, 56.370954369024332 ], [ 23.458361910854833, 56.371041451820055 ], [ 23.458383005119, 56.371132027435664 ], [ 23.458436344097116, 56.371203227633082 ], [ 23.458521827262203, 56.371262148833154 ], [ 23.458604490703738, 56.371294444507214 ], [ 23.458709733176804, 56.371312645793566 ], [ 23.458831136525941, 56.371318498174297 ], [ 23.458930261114268, 56.37131715721695 ], [ 23.459010458227592, 56.371297990898171 ], [ 23.459078268240219, 56.371250383784101 ], [ 23.459078621626869, 56.371249323351236 ], [ 23.459098303030711, 56.371190149774314 ], [ 23.459131527245216, 56.371101585691761 ], [ 23.45917396456813, 56.371039674041278 ], [ 23.459238327057605, 56.371009793605232 ], [ 23.45933412961331, 56.371017308290909 ], [ 23.459423338399208, 56.371038987957043 ], [ 23.459509299826614, 56.371064200505941 ], [ 23.459579100923694, 56.371101762810866 ], [ 23.45958806343284, 56.371146155931164 ], [ 23.45958743576276, 56.371190508150931 ], [ 23.459573468265329, 56.371273833834238 ], [ 23.459601535928407, 56.371323632672429 ], [ 23.459655304210067, 56.371364673055204 ], [ 23.459686343404687, 56.371430453073046 ], [ 23.459727274181745, 56.371474985482386 ], [ 23.459787437402948, 56.371516053670597 ], [ 23.459860537276473, 56.371546533283663 ], [ 23.459924322990283, 56.37155745603318 ], [ 23.460017055185947, 56.371556086362048 ], [ 23.460139160179732, 56.371512263113445 ], [ 23.460200927292885, 56.371439791276046 ], [ 23.460223957089742, 56.371393763030824 ], [ 23.460313743954519, 56.371374637617244 ], [ 23.460455793114445, 56.37139033189991 ], [ 23.460456590131788, 56.371390870847549 ], [ 23.460692857872157, 56.371440586027653 ], [ 23.461164093301882, 56.371531312333254 ], [ 23.462003695418495, 56.371690688331235 ], [ 23.462389412898233, 56.371770425422753 ], [ 23.462588922211932, 56.371851711033841 ], [ 23.46267550362634, 56.371886986761396 ], [ 23.462757630946331, 56.371924015781467 ], [ 23.462777124720024, 56.371932805376602 ], [ 23.462799020433824, 56.371942678130729 ], [ 23.462840409974422, 56.371961339567804 ], [ 23.462890139577066, 56.371983761215482 ], [ 23.462928529259997, 56.372004259547509 ], [ 23.46294149917189, 56.372009895132656 ], [ 23.463284399941863, 56.372143706166348 ], [ 23.463950778415594, 56.372403742888153 ], [ 23.464489936768196, 56.37260299508943 ], [ 23.465043360267103, 56.372807514815776 ], [ 23.465064355730679, 56.372815273709435 ], [ 23.466129915828898, 56.373164540416226 ], [ 23.466264139046213, 56.373222188105693 ], [ 23.466722431883024, 56.373555842548669 ], [ 23.467153377173897, 56.373866952313193 ], [ 23.46770006116715, 56.374318680440531 ], [ 23.468409413368061, 56.374919375526183 ], [ 23.468936794753734, 56.375374582164532 ], [ 23.469228001606115, 56.37570395353255 ], [ 23.469361194879834, 56.375837721220606 ] ] ] } },
{ "type": "Feature", "properties": { "fid": 92, "nosaukums": "Rukūze", "garums": 4044, "posmaID": null, "gadsAvotos": null, "regulets1940": true, "kolhozs": null, "udenskratuve": null, "piezimes": null }, "geometry": { "type": "MultiLineString", "coordinates": [ [ [ 23.46918731373086, 56.381460230566027 ], [ 23.469671535930246, 56.381695857959222 ], [ 23.471586158478132, 56.382627488252268 ], [ 23.471590623925547, 56.382629432664586 ], [ 23.472305554585922, 56.382940788266517 ], [ 23.472572623576504, 56.383109361917981 ], [ 23.472668192551556, 56.383156443871357 ], [ 23.477083726295046, 56.384445160584335 ], [ 23.477153828134902, 56.384491825292351 ], [ 23.477209062921208, 56.384602212036953 ], [ 23.477226715289092, 56.384637490519353 ], [ 23.477288005033721, 56.384835453363038 ], [ 23.477295097852373, 56.384904691062552 ], [ 23.477229052625372, 56.385029433256776 ], [ 23.477179934372913, 56.385124044392519 ], [ 23.476604170795266, 56.38623302585389 ], [ 23.476596364778935, 56.386256373338291 ], [ 23.476492715437299, 56.386566381723405 ], [ 23.476472252760267, 56.3866518909064 ], [ 23.476464746945581, 56.386730321069365 ], [ 23.476465104123442, 56.387171822064722 ], [ 23.476525485237023, 56.387427528490932 ], [ 23.4765758626822, 56.387506202952366 ], [ 23.476675490976799, 56.387590199211068 ], [ 23.476977976745108, 56.387819190623446 ], [ 23.477018110010491, 56.387842637863102 ], [ 23.47728462141589, 56.387998341004057 ], [ 23.477493928596505, 56.38814084150625 ], [ 23.477537384690056, 56.388170426423706 ], [ 23.477586497764271, 56.388244428571433 ], [ 23.477606996768849, 56.388355518672704 ], [ 23.47760703290912, 56.388355718281275 ], [ 23.477612533503763, 56.388385527831964 ], [ 23.477618034119157, 56.388415336483867 ], [ 23.477618047650289, 56.38841541290931 ], [ 23.477683657650996, 56.388770956945173 ], [ 23.477730598882957, 56.38886715242576 ], [ 23.477937535427746, 56.389026531261713 ], [ 23.478413473790113, 56.389560857507156 ], [ 23.478406431040039, 56.389590252187524 ], [ 23.478379348087422, 56.389630595574012 ], [ 23.47831136404281, 56.389751672508929 ], [ 23.478288086395263, 56.389865536022945 ], [ 23.47829922703421, 56.390227248370657 ], [ 23.478326212871679, 56.390541078771577 ], [ 23.478340875437116, 56.390676489499825 ], [ 23.478865748355499, 56.391821996324538 ], [ 23.478948025096948, 56.391963982877606 ], [ 23.479088747484955, 56.392093700318796 ], [ 23.479371234766116, 56.392318136314458 ], [ 23.479570076687413, 56.392458845316732 ], [ 23.479920371518812, 56.392702983661316 ], [ 23.479923675698814, 56.392705031609964 ], [ 23.480119780706691, 56.392826607395904 ], [ 23.481336771641519, 56.393494541108225 ], [ 23.481393388077219, 56.393525614485633 ], [ 23.481828737432494, 56.393734804601891 ], [ 23.482663062737188, 56.394188109406961 ], [ 23.483800113817022, 56.394747870156088 ], [ 23.485616186528866, 56.395644177508544 ], [ 23.48614887448274, 56.395916641153903 ], [ 23.486249376682235, 56.395982354152778 ], [ 23.486485913330377, 56.396146575801524 ], [ 23.487280614168647, 56.396635961800371 ], [ 23.488231026580387, 56.397222116641487 ], [ 23.488937906432742, 56.397678480691326 ], [ 23.489349794911902, 56.397943793070084 ], [ 23.489479866748102, 56.39799025724534 ], [ 23.489776109928702, 56.398099105069562 ], [ 23.490434275801501, 56.398339379615258 ], [ 23.490462006626501, 56.398349503161491 ], [ 23.490487388408681, 56.398358768915912 ], [ 23.490635384285127, 56.39841279587003 ], [ 23.491452783309519, 56.398679151162234 ], [ 23.491973777730085, 56.398853597021699 ], [ 23.492494796987327, 56.399130164863742 ], [ 23.493016580012178, 56.399453449397264 ], [ 23.493412728559907, 56.399665592585151 ], [ 23.49356142149653, 56.399797894484436 ], [ 23.49366240439954, 56.399962893700071 ], [ 23.493810639650455, 56.400196987749936 ], [ 23.493829741395153, 56.400256844033315 ], [ 23.493843663277307, 56.400300471148576 ], [ 23.493864659329105, 56.400343218793985 ], [ 23.493879542260093, 56.400373521328 ], [ 23.493879677918674, 56.400373798603916 ], [ 23.493892308101326, 56.400399512547814 ], [ 23.493903942801545, 56.400423202714435 ], [ 23.493905174240425, 56.400425516753685 ], [ 23.493972572437055, 56.400552226909753 ], [ 23.494093611249408, 56.400797583114183 ], [ 23.494150390987475, 56.401037848895768 ], [ 23.494162104360704, 56.401305726204512 ], [ 23.494174249112536, 56.401623189775997 ], [ 23.49423388561339, 56.40190511205094 ], [ 23.494234663068575, 56.401924683444804 ], [ 23.494235029170888, 56.401926155698831 ], [ 23.494239187307013, 56.401942856854134 ], [ 23.494243723772605, 56.401961086016954 ], [ 23.494313259530227, 56.402240448483568 ], [ 23.494383032362602, 56.402652464281054 ], [ 23.49449975311088, 56.402977609818102 ], [ 23.494630953153472, 56.403197613918692 ], [ 23.494791474466261, 56.403426806229767 ], [ 23.494923998748757, 56.403547056111876 ], [ 23.495141521544568, 56.403671279735811 ], [ 23.495503234380784, 56.403776138494862 ], [ 23.495868746347405, 56.403841107026324 ], [ 23.496207950109017, 56.403916850549692 ], [ 23.496357290661372, 56.404002705368043 ], [ 23.496553398691855, 56.404262874573313 ], [ 23.496801080764797, 56.404581293347327 ], [ 23.496930273837936, 56.404706969431459 ], [ 23.49696148121938, 56.404871442007497 ], [ 23.496959751088418, 56.404901874431964 ], [ 23.496701054336739, 56.405592079824707 ], [ 23.496700336264613, 56.405646490549742 ], [ 23.496729225772786, 56.405688324515587 ], [ 23.496865418318492, 56.405779567242355 ], [ 23.497112449802216, 56.405900279062557 ], [ 23.497536467774914, 56.406116678749441 ], [ 23.497986571639654, 56.406346386129087 ], [ 23.498938875215913, 56.406817462463636 ], [ 23.500636915080211, 56.407806304808595 ], [ 23.500832002352347, 56.407862313026129 ], [ 23.500881690474948, 56.407876577247201 ], [ 23.50093055686515, 56.407890606342981 ], [ 23.501107881075896, 56.407941514051778 ], [ 23.501248194088266, 56.407969285026958 ], [ 23.501428213085255, 56.407962753651226 ], [ 23.501608044011554, 56.407970731193288 ], [ 23.501820515795469, 56.407984281451938 ], [ 23.501947744404461, 56.408011999091329 ], [ 23.502601999800412, 56.408266741000716 ], [ 23.503181565966969, 56.408479463620957 ], [ 23.503334235426113, 56.408563509266557 ], [ 23.503516255054333, 56.408654928046531 ], [ 23.503845157274508, 56.408772326894805 ] ] ] } },
{ "type": "Feature", "properties": { "fid": 95, "nosaukums": "Kānupe", "garums": 1793, "posmaID": null, "gadsAvotos": null, "regulets1940": true, "kolhozs": null, "udenskratuve": null, "piezimes": null }, "geometry": { "type": "MultiLineString", "coordinates": [ [ [ 23.500517223964209, 56.358842136916522 ], [ 23.498979141767609, 56.357812128316539 ], [ 23.498285370186657, 56.356599988818914 ], [ 23.49729900339543, 56.355271915318376 ], [ 23.496825670387036, 56.354557842859784 ], [ 23.496478267560139, 56.354055147691568 ], [ 23.496276223840535, 56.353678772201491 ], [ 23.496296881696473, 56.35350251616444 ], [ 23.496496964643921, 56.352680406066753 ], [ 23.496456593538536, 56.352556183240488 ], [ 23.496106927025689, 56.351872242802827 ], [ 23.495490139607188, 56.351707848316337 ], [ 23.493070649802917, 56.351112318331381 ], [ 23.492537982862501, 56.350951417433592 ], [ 23.492064176364522, 56.350742616128997 ], [ 23.490528686817729, 56.350106083013117 ], [ 23.488999779853494, 56.349469944167332 ], [ 23.487423427530548, 56.348806591447804 ], [ 23.487314776053989, 56.348707796958386 ], [ 23.487266975327611, 56.348627331060833 ], [ 23.487116324756364, 56.348416267520932 ], [ 23.487096944669243, 56.348389114112983 ], [ 23.487077564609539, 56.348361960701936 ], [ 23.4869533107683, 56.348187874379612 ], [ 23.486507157258114, 56.347903547376937 ], [ 23.486308797075985, 56.347806562659301 ], [ 23.484091143042598, 56.347416400640739 ], [ 23.48392561673294, 56.347352836597935 ], [ 23.483784802007591, 56.347268100456283 ] ] ] } },
{ "type": "Feature", "properties": { "fid": 249, "nosaukums": "Ālave", "garums": 2396, "posmaID": null, "gadsAvotos": null, "regulets1940": true, "kolhozs": null, "udenskratuve": null, "piezimes": null }, "geometry": { "type": "MultiLineString", "coordinates": [ [ [ 23.393100382074394, 56.58335203500571 ], [ 23.393297462027171, 56.584441170918907 ], [ 23.393348375387919, 56.584539163812991 ], [ 23.395435157602403, 56.585870685155406 ], [ 23.395845388863275, 56.586200906601597 ], [ 23.395875078527087, 56.586258973381668 ], [ 23.395865447391209, 56.586314436007108 ], [ 23.393892807715222, 56.588779827460797 ], [ 23.39405570533771, 56.588986970263868 ], [ 23.394402938930494, 56.589975759661421 ], [ 23.395127556091243, 56.591986063012797 ], [ 23.395177053827894, 56.592082259346476 ], [ 23.395191634700026, 56.592110596567906 ], [ 23.395206215579545, 56.592138934685856 ], [ 23.395288778440353, 56.592299388241834 ], [ 23.396803487507341, 56.594423330025684 ], [ 23.39812212297322, 56.596507689357658 ], [ 23.399994261081492, 56.59928579626802 ], [ 23.400338405519879, 56.599796434629091 ], [ 23.401178444637271, 56.601042808983252 ], [ 23.402161876775722, 56.60277073254688 ], [ 23.402306873672323, 56.602991694392784 ], [ 23.402531624651704, 56.603334189056035 ] ] ] } },
{ "type": "Feature", "properties": { "fid": 250, "nosaukums": "Apguldes ezera grāvis", "garums": 11190, "posmaID": null, "gadsAvotos": null, "regulets1940": true, "kolhozs": null, "udenskratuve": null, "piezimes": null }, "geometry": { "type": "MultiLineString", "coordinates": [ [ [ 23.256384802053081, 56.544090500654299 ], [ 23.256521407937552, 56.544081329754796 ], [ 23.256717577351704, 56.544079651217935 ], [ 23.256823067528739, 56.544095964288793 ], [ 23.25716447749258, 56.544189247381624 ], [ 23.257613237291295, 56.544335920157472 ], [ 23.258451610973566, 56.544618928069859 ], [ 23.258507740745937, 56.54465205251752 ], [ 23.258560661650034, 56.545245442937173 ], [ 23.260671970257679, 56.546161885721922 ], [ 23.2617716302472, 56.546681658788778 ], [ 23.262314036392176, 56.547058401265012 ], [ 23.262530539666876, 56.547339114383284 ], [ 23.262672957773905, 56.547713482607989 ], [ 23.262804398100403, 56.548154790557909 ], [ 23.262952417462802, 56.548241207238853 ], [ 23.263033504928252, 56.548318673791506 ], [ 23.263114371176602, 56.54840754381901 ], [ 23.263226760895154, 56.548468087622474 ], [ 23.263390929897248, 56.548520384061163 ], [ 23.26389981449859, 56.548631748782789 ], [ 23.264125315587304, 56.548715772044758 ], [ 23.264939087214017, 56.549077000621715 ], [ 23.26571701966278, 56.549423755625256 ], [ 23.267462024314607, 56.550157485458513 ], [ 23.268030027611431, 56.550375672991713 ], [ 23.269003971982254, 56.55074978393796 ], [ 23.270173887007548, 56.55119895353009 ], [ 23.270582327396895, 56.551355762313975 ], [ 23.272852038586358, 56.552198380764111 ], [ 23.272928103147088, 56.55221062487221 ], [ 23.27300143786416, 56.552205996399337 ], [ 23.274236789088164, 56.551923288718456 ], [ 23.275853122537978, 56.55150625409285 ], [ 23.277625310417388, 56.551557018201031 ], [ 23.278997049292428, 56.5518026531226 ], [ 23.279285253610777, 56.551893661665531 ], [ 23.279648531586169, 56.552049158047133 ], [ 23.280080912847406, 56.552262364218969 ], [ 23.280509702361265, 56.552504202970859 ], [ 23.280944729627361, 56.55273933438967 ], [ 23.281459106181199, 56.552974922888552 ], [ 23.282666996067704, 56.553496431780069 ], [ 23.283127140025961, 56.553413041254537 ], [ 23.283197236326682, 56.553459907402861 ], [ 23.283201448756106, 56.553462622520911 ], [ 23.283205835268507, 56.553465250595295 ], [ 23.283335780666157, 56.553540343031045 ], [ 23.283337171202678, 56.553541136284196 ], [ 23.283338576514335, 56.553541922434988 ], [ 23.283655502467003, 56.553717054607503 ], [ 23.283656373513782, 56.553717533104766 ], [ 23.283657251134866, 56.553718008046133 ], [ 23.283896135342257, 56.5538464354659 ], [ 23.283896610423604, 56.553846690664251 ], [ 23.283897088792077, 56.553846944084633 ], [ 23.284394086982651, 56.554110204479223 ], [ 23.284550735467523, 56.554195493888074 ], [ 23.28460471692356, 56.55418715702276 ], [ 23.284713190438563, 56.554170404401539 ], [ 23.284789953117055, 56.554158549053419 ], [ 23.284866759802114, 56.554146686723684 ], [ 23.285142972062285, 56.554104027884236 ], [ 23.285314445652741, 56.554078135950483 ], [ 23.285458482314208, 56.5540469380296 ], [ 23.286551444615078, 56.553702514702216 ], [ 23.286785056552883, 56.553614517706379 ], [ 23.286939894349452, 56.553495727250024 ], [ 23.287074476595706, 56.553317824331089 ], [ 23.287346172753217, 56.552827183771022 ], [ 23.287561350417715, 56.552420498786525 ], [ 23.287580710783846, 56.552407641632918 ], [ 23.287649429810578, 56.552362007369332 ], [ 23.287773317630293, 56.552378968161165 ], [ 23.28898581419563, 56.552544961192027 ], [ 23.29023739448434, 56.55269370339834 ], [ 23.291391013942651, 56.553022235716398 ], [ 23.291983135690032, 56.553184057269107 ], [ 23.292062291436743, 56.553194620872546 ], [ 23.292163123667422, 56.553188453096922 ], [ 23.29256585326933, 56.553032298188938 ], [ 23.293194713619545, 56.55269706674801 ], [ 23.293771616196718, 56.552201404358293 ], [ 23.293922463348341, 56.552131465848895 ], [ 23.294333042775595, 56.552044459671876 ], [ 23.294522463560003, 56.552033735474296 ], [ 23.294939094172765, 56.552113637073099 ], [ 23.296169996805364, 56.552390309075072 ], [ 23.296174147820416, 56.552391293007716 ], [ 23.297139317317061, 56.552619978868499 ], [ 23.298340640868076, 56.552847579697975 ], [ 23.300137998429207, 56.553193146706953 ], [ 23.301488024956516, 56.553468750823392 ], [ 23.301584685862117, 56.553523233492264 ], [ 23.301947246342518, 56.55388936147579 ], [ 23.302288666740385, 56.554243570517315 ], [ 23.302696274053389, 56.554650403055035 ], [ 23.303237008626727, 56.554955158445452 ], [ 23.303367463601912, 56.554998029874668 ], [ 23.303711675511316, 56.555035355680715 ], [ 23.304917668935463, 56.555097728916166 ], [ 23.305633634478145, 56.555418624358673 ], [ 23.306423180814377, 56.555805664004069 ], [ 23.306515583377401, 56.555835283471922 ], [ 23.306576857920437, 56.555854924600183 ], [ 23.306638134137394, 56.555874566605738 ], [ 23.306717523534754, 56.555900014671302 ], [ 23.307732592126413, 56.556558000208412 ], [ 23.309437857095737, 56.557784492073239 ], [ 23.311451065475637, 56.559204824534667 ], [ 23.312650811139822, 56.560040781181279 ], [ 23.313832110817518, 56.560886736997993 ], [ 23.314460966567044, 56.56130823622329 ], [ 23.315195638851765, 56.561871905184546 ], [ 23.316008944960029, 56.562139336429517 ], [ 23.316877327280135, 56.562400322128696 ], [ 23.317053824119021, 56.562431632779855 ], [ 23.317188011871629, 56.562439111599325 ], [ 23.317475793281361, 56.562393494869752 ], [ 23.317702888822861, 56.562327317076324 ], [ 23.31791850254524, 56.562220621052631 ], [ 23.318343299582125, 56.561834910995024 ], [ 23.318601250604011, 56.561600690792453 ], [ 23.319783482654106, 56.560363187545057 ], [ 23.320036975146827, 56.560185900010765 ], [ 23.320276746258003, 56.560092817570442 ], [ 23.320454443625412, 56.560056704960736 ], [ 23.32109518129872, 56.560073689769602 ], [ 23.321657837447599, 56.560092596527966 ], [ 23.323371041140412, 56.560150148608578 ], [ 23.32354741265647, 56.560188192157945 ], [ 23.32369864331336, 56.560266552642624 ], [ 23.324170871643723, 56.56083211149668 ], [ 23.324792011902904, 56.561607493139604 ], [ 23.325155090600454, 56.562066759582059 ], [ 23.325207931287466, 56.562133598956613 ], [ 23.325260772176012, 56.562200437410048 ], [ 23.325645872114627, 56.562687542200429 ], [ 23.326923791531062, 56.564302530882323 ], [ 23.330662963345048, 56.565549833332817 ], [ 23.331847512595267, 56.566243929416785 ], [ 23.332756988680057, 56.566780162029481 ], [ 23.332868852380258, 56.566846116215082 ], [ 23.333711440201778, 56.567545100978975 ], [ 23.334214691360081, 56.567888949369561 ], [ 23.33461653661697, 56.568163505758797 ], [ 23.335309491173891, 56.568693119632037 ], [ 23.339520623142935, 56.568128968263217 ], [ 23.340124927826331, 56.567791684887361 ], [ 23.340823043512749, 56.567677395996164 ], [ 23.343264441896256, 56.567283811329354 ], [ 23.343333670712731, 56.567272650006608 ], [ 23.344843002413356, 56.567563792355259 ], [ 23.345231678148547, 56.567687202731392 ], [ 23.345915352738821, 56.56805488943936 ], [ 23.34688791666311, 56.568071551461507 ], [ 23.347050813604938, 56.568074342123751 ], [ 23.347550670806736, 56.568059413921233 ], [ 23.347603690528114, 56.568057830533192 ], [ 23.347656711872496, 56.568056247131061 ], [ 23.348394920238036, 56.568034194952425 ], [ 23.34906075924069, 56.567895242553966 ], [ 23.350118587598431, 56.567674476838455 ], [ 23.356696390661206, 56.568316603301227 ], [ 23.356815206085972, 56.5683612258686 ], [ 23.356961141544556, 56.568516010743096 ], [ 23.357918956218921, 56.569513151204639 ], [ 23.359178999860571, 56.569783701139777 ], [ 23.359959939473249, 56.569991836159929 ], [ 23.363983465030284, 56.572000087409471 ], [ 23.365937561271558, 56.572678193171058 ], [ 23.367424076182289, 56.573153700924038 ], [ 23.370208699243403, 56.572699896154553 ], [ 23.372763776374345, 56.572282231155597 ], [ 23.373076714972296, 56.572391179811447 ], [ 23.373135272822086, 56.572411566627189 ], [ 23.373193830734923, 56.572431953415425 ], [ 23.374018734440764, 56.572719132326128 ], [ 23.376213858440909, 56.57661759937573 ], [ 23.378748865665123, 56.576991057431343 ], [ 23.380664056088662, 56.577945767424289 ], [ 23.380819348512599, 56.578002542508628 ], [ 23.388141766128548, 56.580679193810965 ], [ 23.388156294519483, 56.581569560594723 ], [ 23.391432584897533, 56.582785457635907 ], [ 23.393100382074394, 56.58335203500571 ] ] ] } },
{ "type": "Feature", "properties": { "fid": 252, "nosaukums": "Aurupīte", "garums": 6229, "posmaID": null, "gadsAvotos": null, "regulets1940": true, "kolhozs": null, "udenskratuve": null, "piezimes": null }, "geometry": { "type": "MultiLineString", "coordinates": [ [ [ 23.275113652916222, 56.531991988924894 ], [ 23.278775904871313, 56.532215568801696 ], [ 23.279012909690866, 56.532264141886756 ], [ 23.279317259761516, 56.532380528808247 ], [ 23.280127984587491, 56.532737521628036 ], [ 23.281852038783239, 56.533512765906096 ], [ 23.283800286294813, 56.534373558344349 ], [ 23.283939704637636, 56.534421558691236 ], [ 23.284046015776752, 56.534445769650752 ], [ 23.284131389065564, 56.534447947779832 ], [ 23.284232109135193, 56.534445155992337 ], [ 23.284743970854574, 56.534316624409286 ], [ 23.286335067555378, 56.533897624416078 ], [ 23.286616695638859, 56.533845301332796 ], [ 23.286742038139149, 56.533830850477244 ], [ 23.286854860978639, 56.533833183363001 ], [ 23.287131760018458, 56.533870169625899 ], [ 23.287548270666683, 56.533945039789891 ], [ 23.289309470114127, 56.534250233689889 ], [ 23.289361121236208, 56.534259183726213 ], [ 23.289412772382875, 56.534268133741151 ], [ 23.289701032254136, 56.534318082654401 ], [ 23.291498157517999, 56.534625008614753 ], [ 23.291795694946821, 56.534700870815442 ], [ 23.291889497521371, 56.534741860362949 ], [ 23.291949464229035, 56.534797827302704 ], [ 23.292014650659546, 56.534901020960341 ], [ 23.292087071153311, 56.535107079003886 ], [ 23.292217385690311, 56.53548034170413 ], [ 23.292414559307261, 56.536030975444241 ], [ 23.292527834786764, 56.536336716196494 ], [ 23.292652966981912, 56.536661067262521 ], [ 23.29299732001245, 56.536845072537304 ], [ 23.294133546230157, 56.537428010665849 ], [ 23.29622145907388, 56.538515272269358 ], [ 23.297369830155574, 56.539106676490931 ], [ 23.297571279837143, 56.539431453678034 ], [ 23.297996503451571, 56.54019406722179 ], [ 23.298527736617263, 56.541164608159868 ], [ 23.298914770779302, 56.541849465404134 ], [ 23.298959878333982, 56.541885117507249 ], [ 23.299399879546261, 56.542015704295927 ], [ 23.299936888428924, 56.542180549001877 ], [ 23.300015277136826, 56.542231559227822 ], [ 23.300677612950565, 56.542880876636808 ], [ 23.30101942008724, 56.543208122004572 ], [ 23.301110108205062, 56.543254143353799 ], [ 23.301201263854274, 56.543274883330554 ], [ 23.301310878848184, 56.543287298718184 ], [ 23.301420681759641, 56.543289601312033 ], [ 23.302160337807589, 56.543221274981036 ], [ 23.303283117641328, 56.543059011096886 ], [ 23.303499979570301, 56.543046741678857 ], [ 23.303756162845033, 56.543053234156218 ], [ 23.304017983734688, 56.54308504069995 ], [ 23.304853554851139, 56.543276819212707 ], [ 23.305110969141101, 56.543382766899782 ], [ 23.305564473049177, 56.543611172835817 ], [ 23.305807916674596, 56.543730525712419 ], [ 23.305943343864151, 56.543749823049531 ], [ 23.306540592841365, 56.543793611266388 ], [ 23.30786092245787, 56.543841424776396 ], [ 23.308897820735577, 56.543870792271079 ], [ 23.309382435569447, 56.543900454973432 ], [ 23.30969601007504, 56.54393927983201 ], [ 23.310347050886964, 56.544045716378264 ], [ 23.310961022346788, 56.544177227044017 ], [ 23.311206593484506, 56.544264554361348 ], [ 23.311475898875983, 56.544389095775031 ], [ 23.311668962309913, 56.544511528976628 ], [ 23.312108635168034, 56.544832543391934 ], [ 23.312542671975944, 56.545128240243542 ], [ 23.312596170945611, 56.545153188388696 ], [ 23.312653403581919, 56.545179876769417 ], [ 23.31271063790879, 56.545206566031148 ], [ 23.312787762763708, 56.545242531112152 ], [ 23.313233648430735, 56.545558519379654 ], [ 23.313872739954576, 56.545990192809256 ], [ 23.314424184927717, 56.546375869076719 ], [ 23.315205158603227, 56.546894284201421 ], [ 23.315636222511323, 56.547188268156738 ], [ 23.316095136837017, 56.547291930124025 ], [ 23.316748209768317, 56.54745902553514 ], [ 23.316991430552083, 56.547509244366012 ], [ 23.31721386961371, 56.54752732280658 ], [ 23.31794584203098, 56.547549882915384 ], [ 23.318772101020507, 56.547589811042947 ], [ 23.31943899625611, 56.547837876947455 ], [ 23.319820861772225, 56.547984929134174 ], [ 23.320396746248736, 56.548374083165506 ], [ 23.320960587282229, 56.548754740429871 ], [ 23.321054456188758, 56.548795707131994 ], [ 23.321513193843451, 56.548911147199199 ], [ 23.322443213374282, 56.549123549509552 ], [ 23.322956554136443, 56.549257823783321 ], [ 23.323357055389415, 56.549388109970081 ], [ 23.323987184413003, 56.549647751191735 ], [ 23.32446936200115, 56.549818932761866 ], [ 23.32466393558235, 56.549860443882359 ], [ 23.324883370969616, 56.549876806751598 ], [ 23.325176342187142, 56.549876711913058 ], [ 23.325968168608075, 56.549796726813334 ], [ 23.326653191415673, 56.549716158248351 ], [ 23.327035310796035, 56.549679458804682 ], [ 23.327386884309252, 56.549644278398311 ], [ 23.327466162241436, 56.549648078236821 ], [ 23.327882627844239, 56.549739667623733 ], [ 23.329135982389626, 56.549963880129603 ], [ 23.330093981814116, 56.550151092095668 ], [ 23.330279884140737, 56.550165578358715 ], [ 23.33039302633556, 56.550152703152698 ], [ 23.330623554867849, 56.55005955019913 ], [ 23.33190202676818, 56.549552317681062 ], [ 23.332164453697736, 56.549458963146833 ], [ 23.332209181959545, 56.549443051296805 ], [ 23.332253910183944, 56.54942713943062 ], [ 23.332368812709316, 56.549386264878216 ], [ 23.332478872667213, 56.549375056698594 ], [ 23.332792961205467, 56.549388541964838 ], [ 23.334220573796124, 56.549509131068803 ], [ 23.334944825454819, 56.549225821045681 ], [ 23.335377078680217, 56.548922913550904 ], [ 23.336667588705129, 56.548537977589071 ], [ 23.337644281565808, 56.548278264616343 ], [ 23.337726122053628, 56.548275671099972 ], [ 23.337771986420663, 56.548276547925241 ], [ 23.339177749195589, 56.548303402295851 ], [ 23.33984487837316, 56.54802039359307 ], [ 23.34159415918581, 56.547276204678397 ], [ 23.34199174945401, 56.547049068010928 ], [ 23.342199134840527, 56.546879918782928 ], [ 23.342378578392449, 56.54656228932447 ], [ 23.342822128556215, 56.545619010247414 ], [ 23.343334914437897, 56.544645747827438 ], [ 23.345592945304091, 56.544726771223452 ], [ 23.346736755378164, 56.545283980644385 ], [ 23.348370659455664, 56.546089846654404 ], [ 23.34942625217754, 56.546599531730337 ], [ 23.349560031917921, 56.546664125034454 ], [ 23.349706941648709, 56.546732377930461 ], [ 23.353229981617243, 56.547626661316301 ] ] ] } },
{ "type": "Feature", "properties": { "fid": 253, "nosaukums": "Ālave", "garums": 1415, "posmaID": null, "gadsAvotos": null, "regulets1940": true, "kolhozs": null, "udenskratuve": null, "piezimes": null }, "geometry": { "type": "MultiLineString", "coordinates": [ [ [ 23.342855182720385, 56.536752891427511 ], [ 23.342949074963091, 56.536792157242338 ], [ 23.343233393048493, 56.536933564817765 ], [ 23.34342027372519, 56.537064344239475 ], [ 23.343494814729421, 56.537164188886436 ], [ 23.343529175239496, 56.537294161565605 ], [ 23.343495753767129, 56.5374625465817 ], [ 23.34357939642841, 56.537918102477242 ], [ 23.343679681142596, 56.538469825203435 ], [ 23.34379027704373, 56.539131167732243 ], [ 23.343835367007426, 56.539170174295293 ], [ 23.34392028835763, 56.53919927825914 ], [ 23.344108406206892, 56.539259267017229 ], [ 23.344692863079722, 56.539688808804598 ], [ 23.346306786480142, 56.540752496696122 ], [ 23.347497800838138, 56.54157458747337 ], [ 23.348472343550771, 56.542234548258655 ], [ 23.348776771720015, 56.542409009243563 ], [ 23.349046949472427, 56.542602727819698 ], [ 23.349142760686387, 56.54268444470506 ], [ 23.349278116510078, 56.542816083586807 ], [ 23.349487338327311, 56.54303745133771 ], [ 23.349701416911657, 56.543263955341402 ], [ 23.350679162608827, 56.544171017835261 ], [ 23.352473798137378, 56.545820471821294 ], [ 23.35309017114653, 56.546382060447705 ], [ 23.353118818695481, 56.546438280978577 ], [ 23.353201833744279, 56.547522762480646 ], [ 23.353229981617243, 56.547626661316301 ] ] ] } },
{ "type": "Feature", "properties": { "fid": 255, "nosaukums": "Ālave", "garums": 8543, "posmaID": 1957, "gadsAvotos": null, "regulets1940": true, "kolhozs": null, "udenskratuve": null, "piezimes": null }, "geometry": { "type": "MultiLineString", "coordinates": [ [ [ 23.166906518797227, 56.494373271106362 ], [ 23.167051311613427, 56.4943635404749 ], [ 23.167357914401514, 56.494337549806197 ], [ 23.16785909590395, 56.494295064495304 ], [ 23.168755929001527, 56.494215705004336 ], [ 23.169807554022093, 56.49415118752421 ], [ 23.170100072600153, 56.494095962533436 ], [ 23.170549010137588, 56.493978104984123 ], [ 23.171225271951673, 56.493777943756321 ], [ 23.171422997365521, 56.49367757438889 ], [ 23.171545413056926, 56.493533250270218 ], [ 23.171777630490382, 56.493226080287656 ], [ 23.171967128886088, 56.492938848511031 ], [ 23.172184866139624, 56.492649205405435 ], [ 23.172376614148618, 56.492500804405893 ], [ 23.172592391633884, 56.492436198937185 ], [ 23.173656524472811, 56.49254659584237 ], [ 23.174080330072339, 56.492394770066205 ], [ 23.174596385257026, 56.492213667775516 ], [ 23.174913376757143, 56.491787580039492 ], [ 23.175984976705738, 56.491119589093074 ], [ 23.176107150112941, 56.49106715597997 ], [ 23.176158498095322, 56.491045118654803 ], [ 23.176209847642102, 56.491023081318943 ], [ 23.176280185763883, 56.490992894187137 ], [ 23.17715754014775, 56.490723209710971 ], [ 23.179150729054943, 56.490777982397034 ], [ 23.179766283174718, 56.490555931113867 ], [ 23.180733582408546, 56.490253027998236 ], [ 23.181158234051502, 56.490161869282716 ], [ 23.182002731937118, 56.49000408601264 ], [ 23.182661065299818, 56.489866771667963 ], [ 23.184146881086406, 56.489590644501476 ], [ 23.184371315125027, 56.489531040416807 ], [ 23.186013782967517, 56.488687619551222 ], [ 23.186610196879585, 56.488420332552586 ], [ 23.186853188017167, 56.488371242498523 ], [ 23.187097762435425, 56.488357898513456 ], [ 23.187351079039743, 56.488375150743337 ], [ 23.187953206750251, 56.488500594652677 ], [ 23.188021935455815, 56.488514912587171 ], [ 23.188077541283274, 56.488524639829649 ], [ 23.188143359653257, 56.488536154349518 ], [ 23.188209181310924, 56.488547668855844 ], [ 23.188888951312691, 56.488666586112558 ], [ 23.189705956856759, 56.488751557309477 ], [ 23.191894248171259, 56.488928855615939 ], [ 23.195966324822638, 56.489222106828699 ], [ 23.196185670790516, 56.489247070640069 ], [ 23.196356370970936, 56.489224631166245 ], [ 23.196499200628487, 56.489178468883118 ], [ 23.197382336783551, 56.488670149890176 ], [ 23.198595028748255, 56.48834052624683 ], [ 23.198730099853666, 56.488325701654354 ], [ 23.199602776810757, 56.488311709773114 ], [ 23.201135218137459, 56.488290184590682 ], [ 23.20130492200305, 56.488314819168792 ], [ 23.203090457023503, 56.488738296418141 ], [ 23.204015603830101, 56.488928651483491 ], [ 23.204269426906016, 56.489000907377736 ], [ 23.204367807588309, 56.489044700387822 ], [ 23.204472869120458, 56.489108155709374 ], [ 23.205153750555272, 56.489787422909806 ], [ 23.205215608235342, 56.489881991371341 ], [ 23.205220976907469, 56.489964427667289 ], [ 23.204916834431348, 56.49060207435528 ], [ 23.204915603492903, 56.490660924359304 ], [ 23.204956842438371, 56.490723970674466 ], [ 23.205626814384061, 56.491587587670139 ], [ 23.20576701849512, 56.491666961718316 ], [ 23.206189027225648, 56.491838386837514 ], [ 23.208067455445995, 56.492580219325006 ], [ 23.209197910736844, 56.492795387196189 ], [ 23.209290194493224, 56.492792050239075 ], [ 23.210293977474223, 56.492617938145415 ], [ 23.210387075744951, 56.492575367296432 ], [ 23.211911176866561, 56.491937606078899 ], [ 23.212368740889261, 56.491763934004354 ], [ 23.21252712753504, 56.491651146149728 ], [ 23.213355969096991, 56.491016805527401 ], [ 23.21410818444788, 56.49065664598541 ], [ 23.214659052844212, 56.490428621579156 ], [ 23.216695363318561, 56.490951938508779 ], [ 23.217022671436048, 56.491036050054845 ], [ 23.217502513282014, 56.491156789547283 ], [ 23.218782481452152, 56.49134534533686 ], [ 23.218923195994375, 56.491401164533151 ], [ 23.218936574632423, 56.491440487794321 ], [ 23.219167956131404, 56.492262032623408 ], [ 23.219697439429801, 56.494046491089648 ], [ 23.219698697233223, 56.494050731611381 ], [ 23.220386939280136, 56.494388582911093 ], [ 23.221440945029283, 56.494907646135353 ], [ 23.221534092727275, 56.494953517427767 ], [ 23.221576527542236, 56.494974414571367 ], [ 23.221618441396217, 56.49499505507147 ], [ 23.222388466382377, 56.495374249499278 ], [ 23.222487366081594, 56.495394488132156 ], [ 23.224465464083739, 56.495795316769616 ], [ 23.225061197163438, 56.495802959170781 ], [ 23.228031739770476, 56.495892084844129 ], [ 23.228094392681019, 56.495904234954182 ], [ 23.228533435029924, 56.495989374916185 ], [ 23.228942365141972, 56.496113553792583 ], [ 23.231384305511458, 56.497086111931154 ], [ 23.231943770249142, 56.497327225855088 ], [ 23.23200320157374, 56.497352838943883 ], [ 23.234238209921216, 56.498460957091517 ], [ 23.234391376465592, 56.498536893249401 ], [ 23.235109550778635, 56.498858956431079 ], [ 23.235862645697765, 56.499107065640516 ], [ 23.23614489439759, 56.499183355118937 ], [ 23.236171840996292, 56.499189160398579 ], [ 23.236632308644747, 56.499288371476467 ], [ 23.237296910841536, 56.499402321905976 ], [ 23.241844158737369, 56.500132529657186 ], [ 23.241970988040755, 56.500176466172988 ], [ 23.242230722086397, 56.500315385484257 ], [ 23.244378437306949, 56.501486007878995 ], [ 23.244611139245322, 56.501558052156639 ], [ 23.244937450464409, 56.501666875282687 ], [ 23.245302507108054, 56.50174537839019 ], [ 23.245509575743586, 56.501789906496867 ], [ 23.24648325635399, 56.50203177832082 ], [ 23.247168783122891, 56.502174366100334 ], [ 23.24726676185891, 56.502189090655406 ], [ 23.247318391466354, 56.502196848945431 ], [ 23.247370021095005, 56.502204607214082 ], [ 23.247452383943354, 56.502216984596807 ], [ 23.247549083302978, 56.502217570336285 ], [ 23.247748357452362, 56.502209338936595 ], [ 23.247981884269819, 56.502195021816455 ], [ 23.248306983365257, 56.502152942791383 ], [ 23.248478189126764, 56.502125663023115 ], [ 23.248626828634411, 56.502088808304784 ], [ 23.248873037458651, 56.502008496809481 ], [ 23.249417080477357, 56.501826161454268 ], [ 23.24966322383003, 56.50174899348292 ], [ 23.249891557060014, 56.501709472203402 ], [ 23.251583968246628, 56.501565518038987 ], [ 23.251726232648441, 56.50156322865552 ], [ 23.251874061636986, 56.501567265371285 ], [ 23.25222567273342, 56.501622867126187 ], [ 23.253234694924249, 56.501805122001116 ], [ 23.254090517811953, 56.501967571532944 ], [ 23.254408314821585, 56.502007233074053 ], [ 23.254709418652041, 56.502027917203073 ], [ 23.254959637409563, 56.502032564465068 ], [ 23.255141658400579, 56.502033655965072 ], [ 23.255506196776818, 56.50201067194218 ], [ 23.257033888927054, 56.501853070810625 ], [ 23.25721022223021, 56.501854125266362 ], [ 23.257306613432419, 56.501870432541395 ], [ 23.258377562519993, 56.502087623152384 ], [ 23.2610417173711, 56.502581716170432 ], [ 23.263189706485868, 56.503000329447694 ], [ 23.263342558584583, 56.503038989676362 ], [ 23.263432841454421, 56.50307727965766 ], [ 23.263528384801539, 56.503137622663182 ], [ 23.264150897438416, 56.503600651143799 ], [ 23.265221205587281, 56.504443865916947 ], [ 23.26545145551443, 56.504599388873096 ], [ 23.26553278552586, 56.504649202683296 ], [ 23.265568980410357, 56.504671372969391 ], [ 23.265605176961557, 56.504693543254518 ], [ 23.26739133009572, 56.505787508332141 ], [ 23.267504014640991, 56.505844802919761 ], [ 23.267577481877563, 56.505870406112521 ], [ 23.268881938316945, 56.506171919203027 ], [ 23.269784144845765, 56.506381172289096 ], [ 23.270051105264706, 56.506448007104396 ], [ 23.27019993882773, 56.506520081751475 ], [ 23.271195371227808, 56.507765990115544 ], [ 23.271269334759968, 56.507825756618303 ], [ 23.271386671557401, 56.507862044927599 ], [ 23.27170740432744, 56.507923259006503 ], [ 23.27247762074396, 56.508046437768179 ], [ 23.272637421499226, 56.508106706954116 ], [ 23.272807041744439, 56.508214499336539 ], [ 23.273884514763719, 56.509104866224732 ], [ 23.274096607291995, 56.509236638424625 ], [ 23.274489856220665, 56.509434735102971 ], [ 23.275102849423686, 56.50967753120301 ], [ 23.276542017806147, 56.510285232008336 ], [ 23.276665753770267, 56.510355104173115 ], [ 23.277443068951349, 56.511155714189691 ] ] ] } },
{ "type": "Feature", "properties": { "fid": 280, "nosaukums": "Auce", "garums": 983, "posmaID": null, "gadsAvotos": null, "regulets1940": true, "kolhozs": null, "udenskratuve": null, "piezimes": null }, "geometry": { "type": "MultiLineString", "coordinates": [ [ [ 23.549018034445581, 56.663318365122109 ], [ 23.546674109650187, 56.662632596704064 ] ], [ [ 23.546674109650187, 56.662632596704064 ], [ 23.546298017571971, 56.662284197796801 ] ], [ [ 23.546298017571971, 56.662284197796801 ], [ 23.544761803768008, 56.661302345249538 ] ], [ [ 23.544761803768008, 56.661302345249538 ], [ 23.543392747143304, 56.660427269448917 ] ], [ [ 23.543392747143304, 56.660427269448917 ], [ 23.543027552740384, 56.660193833903598 ] ], [ [ 23.543027552740384, 56.660193833903598 ], [ 23.542955722999274, 56.660147919421306 ] ], [ [ 23.542955722999274, 56.660147919421306 ], [ 23.542950358222701, 56.660144629521412 ] ], [ [ 23.542950358222701, 56.660144629521412 ], [ 23.542870693102696, 56.660095775385102 ] ], [ [ 23.542870693102696, 56.660095775385102 ], [ 23.542762675847644, 56.660029533498765 ] ], [ [ 23.549018034445581, 56.663318365122109 ], [ 23.555308954594054, 56.665280231293451 ] ] ] } },
{ "type": "Feature", "properties": { "fid": 281, "nosaukums": "Eglone", "garums": 7635, "posmaID": null, "gadsAvotos": null, "regulets1940": true, "kolhozs": null, "udenskratuve": null, "piezimes": null }, "geometry": { "type": "MultiLineString", "coordinates": [ [ [ 23.429767294302959, 56.511356635537624 ], [ 23.429772187462518, 56.511389401534458 ], [ 23.430451253682943, 56.512354601126347 ], [ 23.430812408212081, 56.512748553144014 ], [ 23.431251377733499, 56.513093237818921 ], [ 23.431826704849055, 56.513573723281269 ], [ 23.43188032529368, 56.513802358240802 ], [ 23.43197674461442, 56.51421348520163 ], [ 23.432146103593446, 56.514663261034741 ], [ 23.432295101946771, 56.514781918261498 ], [ 23.433356184764413, 56.515209176769027 ], [ 23.433940677823603, 56.515643958133019 ], [ 23.433962069463583, 56.515659869856002 ], [ 23.433983461121514, 56.515675781575261 ], [ 23.434047634564259, 56.515723517601884 ], [ 23.43411722001748, 56.515775278079481 ], [ 23.4341352750045, 56.51578870836908 ], [ 23.434157603875246, 56.515805317019989 ], [ 23.437380611594879, 56.518202527512415 ], [ 23.437424204404667, 56.518234948171781 ], [ 23.439171913515448, 56.519154032591665 ], [ 23.439826152347056, 56.519498065568946 ], [ 23.4414152518174, 56.520683349491911 ], [ 23.441428459645596, 56.520762878136452 ], [ 23.441390851885508, 56.521364688391728 ], [ 23.441389536647446, 56.521454085741844 ], [ 23.441506239431416, 56.521583747731427 ], [ 23.44171621144034, 56.521725749091665 ], [ 23.441844952452154, 56.521770035357633 ], [ 23.442619102830065, 56.521920528120482 ], [ 23.444991217639885, 56.522173525630834 ], [ 23.446537862800842, 56.523084385203376 ], [ 23.447087022051321, 56.523384838629596 ], [ 23.452858406004914, 56.525216318298448 ], [ 23.458036605365223, 56.526838322779504 ], [ 23.458190148642426, 56.526910514735022 ], [ 23.458990234668473, 56.528196319330156 ], [ 23.459140396669095, 56.528981870823515 ], [ 23.459175060748112, 56.529285190630624 ], [ 23.459432208793224, 56.531535124776575 ], [ 23.45947588821652, 56.531615338121306 ], [ 23.45954435260014, 56.531649930814432 ], [ 23.459668033274419, 56.531680954176871 ], [ 23.461638972188503, 56.532147272663465 ], [ 23.461768232935718, 56.532194564445085 ], [ 23.461866077098918, 56.532252814809681 ], [ 23.462076939784048, 56.532491632439324 ], [ 23.462106851074566, 56.532548602099077 ], [ 23.461390200970168, 56.533234362401394 ], [ 23.458721282021973, 56.534241379007121 ], [ 23.458648035349903, 56.53430012382902 ], [ 23.458636930901875, 56.534353424360283 ], [ 23.458663453110791, 56.534427847395499 ], [ 23.458731052266877, 56.53452340703609 ], [ 23.458924458889438, 56.534743358728726 ], [ 23.459892259237463, 56.535791676998983 ], [ 23.459956496726221, 56.535881505508051 ], [ 23.459955602000711, 56.53594437657128 ], [ 23.459927122346961, 56.536007127778873 ], [ 23.459811303350204, 56.536149522750705 ], [ 23.459598068955497, 56.536352463494246 ], [ 23.459105183681995, 56.53682093072279 ], [ 23.459031442081383, 56.536913969435936 ], [ 23.459040592853519, 56.536997842819638 ], [ 23.459164789403545, 56.537131110381452 ], [ 23.459197089487549, 56.53716576956068 ], [ 23.459228333610898, 56.537200593042321 ], [ 23.459917599949101, 56.537968779499558 ], [ 23.460625646957514, 56.538757860121095 ], [ 23.46097687751233, 56.539107220358623 ], [ 23.461978306697915, 56.540032719469224 ], [ 23.465048195280428, 56.542897281541514 ], [ 23.465146515407028, 56.542952800862629 ], [ 23.466171472026403, 56.543531557885935 ], [ 23.467059020105243, 56.54406105653716 ], [ 23.467309362030832, 56.544222663737465 ], [ 23.467915265312683, 56.54471130302273 ], [ 23.46940154134932, 56.545945635078077 ], [ 23.469317872301509, 56.546684764667248 ], [ 23.469257713559205, 56.547216197611881 ], [ 23.469292514698637, 56.547324697690364 ], [ 23.469428893607013, 56.547441656991161 ], [ 23.472294669253586, 56.548956910772795 ], [ 23.473939576673807, 56.550094131821965 ], [ 23.474059540704015, 56.55022122442265 ], [ 23.474159315458046, 56.550518009410915 ], [ 23.474901259577717, 56.552724812042364 ], [ 23.475087194013188, 56.55297327416379 ], [ 23.476369274895838, 56.554277311872482 ], [ 23.476429147881017, 56.554303271643995 ], [ 23.476506482379577, 56.554336803190999 ], [ 23.476687046527296, 56.55441509228578 ], [ 23.478988830464829, 56.555108406385415 ], [ 23.479776637727515, 56.556543304024956 ], [ 23.480093011920903, 56.55669878495786 ], [ 23.48112955484816, 56.557208173178346 ], [ 23.482209613553902, 56.558363012226643 ], [ 23.486156750957758, 56.559271585152516 ], [ 23.486264542342433, 56.559360316279296 ], [ 23.486631865137475, 56.560212751417311 ], [ 23.486627729932248, 56.561935748624826 ], [ 23.487583081988078, 56.562742686590582 ], [ 23.488636664108789, 56.563572828460977 ], [ 23.488944744279863, 56.563670416183307 ], [ 23.489017417816044, 56.563693436038669 ] ] ] } },
{ "type": "Feature", "properties": { "fid": 282, "nosaukums": "Tērvete", "garums": 3839, "posmaID": null, "gadsAvotos": null, "regulets1940": true, "kolhozs": null, "udenskratuve": false, "piezimes": null }, "geometry": { "type": "MultiLineString", "coordinates": [ [ [ 23.55750532002169, 56.580607519348 ], [ 23.557328227507391, 56.581001229889161 ], [ 23.557223430415135, 56.581274220956885 ], [ 23.557128055977248, 56.581465468588391 ], [ 23.557108564269694, 56.581553925904473 ], [ 23.557111651158078, 56.581652067724448 ], [ 23.557166976468107, 56.581757661956914 ], [ 23.557347159499379, 56.581917181714047 ], [ 23.557812360732679, 56.582323040024114 ], [ 23.557959525609366, 56.582410010872707 ], [ 23.558116634020084, 56.58250584654067 ], [ 23.558300111262511, 56.582598787503812 ], [ 23.55844735073374, 56.582692116148962 ], [ 23.558758404566937, 56.582884807995143 ], [ 23.558918247727519, 56.582974159456832 ], [ 23.559280381283664, 56.583143666799344 ], [ 23.559402695386805, 56.58318381925654 ], [ 23.559643685959795, 56.583212710542227 ], [ 23.560176773219005, 56.583244970440724 ], [ 23.560375292825444, 56.58328539137554 ], [ 23.560484961505384, 56.583320825389507 ], [ 23.560665274329917, 56.583470994456434 ], [ 23.560803387245347, 56.583609332108445 ], [ 23.560874717883806, 56.58370733828928 ], [ 23.560875318810304, 56.583708165159898 ], [ 23.560901567922404, 56.583744229646172 ], [ 23.560927510994951, 56.58377987438277 ], [ 23.560927815466762, 56.583780293222631 ], [ 23.561028432882196, 56.583918535986271 ], [ 23.56129223629009, 56.584171802183967 ], [ 23.56148520385797, 56.584326687338873 ], [ 23.56252864781537, 56.584895779045127 ], [ 23.562894969515376, 56.585072299939689 ], [ 23.563122600892619, 56.585159547331394 ], [ 23.563570178421536, 56.585266257809621 ], [ 23.563701213547592, 56.585285409100173 ], [ 23.563798538965848, 56.585290424010722 ], [ 23.563942491399882, 56.58529092873237 ], [ 23.564014466804625, 56.585291181027877 ], [ 23.564090676728341, 56.585291448121239 ], [ 23.564149871194179, 56.585298664116237 ], [ 23.56421728953034, 56.585326938192388 ], [ 23.564359602968437, 56.585469959209121 ], [ 23.564405074762718, 56.585565912394202 ], [ 23.564404322439938, 56.585631329945315 ], [ 23.564401372742573, 56.585635396641862 ], [ 23.56435699643017, 56.585696584392423 ], [ 23.564016239632306, 56.585872959459877 ], [ 23.563951922126897, 56.585942826874167 ], [ 23.563847752408147, 56.586164423288807 ], [ 23.563765637772878, 56.586308994635957 ], [ 23.563637326367672, 56.586420693338965 ], [ 23.563462146151725, 56.586518408853891 ], [ 23.563458339482303, 56.586520531935214 ], [ 23.563376924475111, 56.586604357976341 ], [ 23.563363656495774, 56.586653376762484 ], [ 23.563363198621182, 56.586693094260227 ], [ 23.563451063533847, 56.586784523899787 ], [ 23.563564735989484, 56.586840996700104 ], [ 23.563606861030127, 56.586859836097595 ], [ 23.563801304718044, 56.586888555055069 ], [ 23.563999741341284, 56.586938316097424 ], [ 23.564159882809943, 56.58700429746925 ], [ 23.564201685739981, 56.587051172494782 ], [ 23.564201094313542, 56.58710257256309 ], [ 23.564196026215662, 56.587174984441845 ], [ 23.564207357766666, 56.587294182338148 ], [ 23.564251433589465, 56.587511624738966 ], [ 23.564271502129852, 56.587607488947214 ], [ 23.564264794448501, 56.587822417546491 ], [ 23.564220974430643, 56.587950767580182 ], [ 23.564048676523093, 56.588204835942932 ], [ 23.56342626047336, 56.588936293737653 ], [ 23.563289199844785, 56.589071325624033 ], [ 23.563237418712532, 56.589155255581339 ], [ 23.563219619922819, 56.58922995859033 ], [ 23.563202739959927, 56.589592046480945 ], [ 23.563199724533337, 56.590220537175654 ], [ 23.563099104674503, 56.591234196387354 ], [ 23.5630941686534, 56.59129492650824 ], [ 23.563143716022626, 56.59140491239215 ], [ 23.56321473453804, 56.591489273488541 ], [ 23.563357146417029, 56.591625286358052 ], [ 23.563423391876757, 56.591756359109198 ], [ 23.563498025879834, 56.59189447071482 ], [ 23.563542237481947, 56.592100232446008 ], [ 23.563569052222942, 56.592345652191277 ], [ 23.563568352125046, 56.5924063962809 ], [ 23.563605601826424, 56.592481293316212 ], [ 23.56381451119135, 56.592727351629811 ], [ 23.564077047884954, 56.59309742826396 ], [ 23.564086134825576, 56.593119896299314 ], [ 23.564110965260536, 56.593181288655742 ], [ 23.564135795785926, 56.593242680108318 ], [ 23.564229405706293, 56.593474127877535 ], [ 23.56435394933234, 56.59369185185119 ], [ 23.564398490174121, 56.593869576531368 ], [ 23.564371629090846, 56.593995649999556 ], [ 23.564272372352441, 56.594156516300814 ], [ 23.564214253509903, 56.594422665778261 ], [ 23.56424627770069, 56.594583991847969 ], [ 23.564385749791793, 56.5949770008272 ], [ 23.564477252183256, 56.595122180273194 ], [ 23.564640778144451, 56.595265274926454 ], [ 23.565163475237924, 56.595479718915826 ], [ 23.565298111567831, 56.595557291631948 ], [ 23.565381873225192, 56.595639359151413 ], [ 23.565567463181637, 56.596074583634717 ], [ 23.565564487517651, 56.596333916739979 ], [ 23.565550280584855, 56.596464707265056 ], [ 23.565437833902752, 56.596667584195018 ], [ 23.565291506017317, 56.596870342638155 ], [ 23.564953034530891, 56.597207941951041 ], [ 23.563898506779168, 56.598671529041475 ], [ 23.562508043168823, 56.600608221240925 ], [ 23.561238586704036, 56.602325700073308 ], [ 23.560646353374153, 56.603191075664071 ], [ 23.559997552573083, 56.604139059898017 ], [ 23.559598680873773, 56.604697939972517 ], [ 23.559368817328298, 56.605020005402956 ], [ 23.559029131020999, 56.605451041883335 ], [ 23.558972159446743, 56.605530920625867 ], [ 23.558934384829577, 56.605583881937662 ], [ 23.558925041608955, 56.605658615038216 ], [ 23.558930661379115, 56.605689644198371 ], [ 23.558944942693937, 56.605768497232063 ], [ 23.559015704779352, 56.605876223804714 ], [ 23.559179419578104, 56.60600530801505 ], [ 23.559570665931584, 56.606240336563594 ], [ 23.559595648848731, 56.606277807197834 ], [ 23.559603550034446, 56.60632690037594 ], [ 23.559589237018393, 56.606464699127152 ], [ 23.559555769243222, 56.606625091726066 ], [ 23.559365027371303, 56.607539179350887 ], [ 23.559311057128859, 56.607797814733047 ], [ 23.559322023842395, 56.607947385057798 ], [ 23.559312898428313, 56.608003427382528 ], [ 23.559278381083278, 56.60805704299333 ], [ 23.559054376631568, 56.608455891832271 ], [ 23.559036105193737, 56.608488423415345 ], [ 23.558965327769833, 56.608745179760589 ], [ 23.558955001941381, 56.608904019950565 ], [ 23.558966949394311, 56.608969482255524 ], [ 23.558996169029768, 56.609006968905909 ], [ 23.559635908545754, 56.609371380632247 ], [ 23.559834670997279, 56.609527719160781 ], [ 23.560832458368491, 56.610312516902624 ], [ 23.561028808273807, 56.610488651212535 ], [ 23.561065140597478, 56.61087065287613 ] ] ] } },
{ "type": "Feature", "properties": { "fid": 285, "nosaukums": "Ellītes grāvis", "garums": 2981, "posmaID": null, "gadsAvotos": null, "regulets1940": true, "kolhozs": null, "udenskratuve": null, "piezimes": null }, "geometry": { "type": "MultiLineString", "coordinates": [ [ [ 23.503233791343895, 56.533284448964388 ], [ 23.503241745452208, 56.533221446025081 ], [ 23.503310373651502, 56.533194225648529 ], [ 23.504017398148218, 56.532913783119326 ], [ 23.504271034293332, 56.532797098901852 ], [ 23.504510034517796, 56.532687147052684 ], [ 23.50462956386102, 56.532584985990255 ], [ 23.504748728932412, 56.532510815737879 ], [ 23.504951888070224, 56.532469636973303 ], [ 23.504913857885352, 56.53231086411985 ], [ 23.504875826389199, 56.532152091244768 ], [ 23.504821299148077, 56.531874225950737 ], [ 23.504823726303961, 56.531874613859735 ], [ 23.504824209786637, 56.53187469125411 ], [ 23.505030978439237, 56.531907779276807 ], [ 23.50519951457785, 56.53193177717484 ], [ 23.505309382820194, 56.531922883425146 ], [ 23.505461583049712, 56.531904827828512 ], [ 23.505605766093431, 56.531854083129588 ], [ 23.505749523505244, 56.531835993596999 ], [ 23.505994159655028, 56.531850961923766 ], [ 23.506128988842566, 56.531870159036586 ], [ 23.506347935683255, 56.531913016961745 ], [ 23.506549937516308, 56.531960471873539 ], [ 23.506819417135322, 56.532012860670669 ], [ 23.506987712491455, 56.532055516468319 ], [ 23.507198521781216, 56.532075013781117 ], [ 23.507383400035739, 56.532141060720534 ], [ 23.507602349866502, 56.532183916439259 ], [ 23.507779452360936, 56.532198614576359 ], [ 23.508074865918609, 56.532204448791589 ], [ 23.508378539142594, 56.532224311610705 ], [ 23.508682071954581, 56.532266599731948 ], [ 23.508794397979866, 56.53228224872975 ], [ 23.509062793791482, 56.532341915527034 ], [ 23.509444600657549, 56.532483339981276 ], [ 23.509557390306192, 56.532544588110369 ], [ 23.509927927569212, 56.531415417376827 ], [ 23.510265737451512, 56.530884125656357 ], [ 23.510715682144046, 56.530661298438041 ], [ 23.511206179037206, 56.530445044771952 ], [ 23.511595045572371, 56.530030650839954 ], [ 23.511681322811995, 56.529948420563578 ], [ 23.511731570776998, 56.529900530422552 ], [ 23.511781731404334, 56.52985272167512 ], [ 23.511781761024171, 56.529852693940171 ], [ 23.511781818638138, 56.529852638463801 ], [ 23.511851529096287, 56.529786198478838 ], [ 23.512184287598487, 56.529610699400699 ], [ 23.512290583415904, 56.529556924177506 ], [ 23.51260528985361, 56.529397712642933 ], [ 23.513061866585101, 56.529160329524665 ], [ 23.513262675075858, 56.529055923464568 ], [ 23.513603790928336, 56.52888222592577 ], [ 23.513722346769885, 56.528821856267619 ], [ 23.513878339866253, 56.528638491443829 ], [ 23.513947273597296, 56.528423401123703 ], [ 23.513978660297198, 56.528368044026536 ], [ 23.513998968223909, 56.528332225776566 ], [ 23.514095861799159, 56.528168451610966 ], [ 23.514182077411899, 56.52809612274725 ], [ 23.514249184542273, 56.528039823496734 ], [ 23.514387567996639, 56.527957340376986 ], [ 23.51465983442241, 56.527903414618685 ], [ 23.514735825656857, 56.527888363475611 ], [ 23.515133848232288, 56.527760929357669 ], [ 23.515458487656595, 56.5275779283918 ], [ 23.515634259864747, 56.527330040457556 ], [ 23.515940174543168, 56.527128660643172 ], [ 23.516067631165015, 56.527045333493732 ], [ 23.516294814181322, 56.526931934923823 ], [ 23.516562540243697, 56.526751359921455 ], [ 23.516771636549038, 56.526613475289018 ], [ 23.516956184904998, 56.526512906419185 ], [ 23.517096453175245, 56.526415658322748 ], [ 23.517332016889469, 56.526235807501202 ], [ 23.51745574870634, 56.526101409379244 ], [ 23.51751784915368, 56.526033956477335 ], [ 23.517740972012771, 56.525793273293331 ], [ 23.517917333262126, 56.525615832095653 ], [ 23.518067425702618, 56.525464905671676 ], [ 23.518216952783572, 56.52528350212404 ], [ 23.518231864095991, 56.525265415235062 ], [ 23.518239914323182, 56.525251148825156 ], [ 23.518335439626206, 56.525070794481998 ], [ 23.518389115747297, 56.524927683131168 ], [ 23.5185085640944, 56.524682575360956 ], [ 23.518536362067941, 56.52404424415667 ], [ 23.518538710118541, 56.523990342045657 ], [ 23.518731146218805, 56.523568644598541 ], [ 23.519279344435631, 56.522235330428622 ], [ 23.519512582021921, 56.521481959573428 ], [ 23.519566765470241, 56.521398703959676 ], [ 23.519514993508785, 56.521237837446407 ], [ 23.519322319860652, 56.520948882057432 ], [ 23.519256294081814, 56.520849861263315 ], [ 23.519225656346947, 56.520803912885654 ], [ 23.519195018697388, 56.520757963601774 ], [ 23.519124248326865, 56.520651827671237 ], [ 23.518807274601578, 56.520162024136006 ], [ 23.51863048264401, 56.519946798632759 ], [ 23.518442399144178, 56.519762922980838 ], [ 23.518289306499859, 56.519344729933991 ], [ 23.517322689567997, 56.518759293522237 ], [ 23.51723913803454, 56.518652854359019 ], [ 23.517018733414407, 56.517986738356917 ], [ 23.516332669466323, 56.516204603419219 ], [ 23.515839527392082, 56.514929302523761 ], [ 23.515766908157431, 56.514834267340568 ], [ 23.51570428252349, 56.514752309105297 ], [ 23.515622483695861, 56.514587847675635 ], [ 23.515435275617772, 56.514211450167274 ], [ 23.515347839078256, 56.514121318977779 ], [ 23.515204127028664, 56.514102392610347 ], [ 23.514668970690398, 56.514098263156491 ], [ 23.514598437715854, 56.514079385608653 ], [ 23.514540779952902, 56.514020216034659 ], [ 23.51400617952239, 56.513200090398399 ] ] ] } },
{ "type": "Feature", "properties": { "fid": 287, "nosaukums": "Ailes strauts", "garums": 1518, "posmaID": 61, "gadsAvotos": 1965, "regulets1940": true, "kolhozs": "Zaļenieku", "udenskratuve": null, "piezimes": null }, "geometry": { "type": "MultiLineString", "coordinates": [ [ [ 23.473971822746122, 56.468089225379771 ], [ 23.473990280948971, 56.468517225504435 ], [ 23.475516662279343, 56.469692414014361 ], [ 23.475647922826781, 56.469779868218417 ], [ 23.475735220031279, 56.469838030798357 ], [ 23.475958580972652, 56.469931668426881 ], [ 23.47682116131039, 56.470174954794643 ], [ 23.477122097320507, 56.470271177610044 ], [ 23.477325165086587, 56.470355684505748 ], [ 23.477564684806115, 56.470462951885871 ], [ 23.477819952801578, 56.470613241246895 ], [ 23.478135744413038, 56.470818044843 ], [ 23.479098052546494, 56.471536512288914 ], [ 23.479421780521836, 56.471759432335553 ], [ 23.479717662365708, 56.471927974475285 ], [ 23.480204531907511, 56.472169663268382 ], [ 23.480574067343291, 56.472329467929818 ], [ 23.480890875239588, 56.472461921785111 ], [ 23.481093839733056, 56.472555464804863 ], [ 23.481251659490422, 56.472664644923377 ], [ 23.481490217109801, 56.472844247466469 ], [ 23.482151727403597, 56.473461957390299 ], [ 23.48320994023695, 56.474348094212381 ], [ 23.483723002131455, 56.474770744596491 ], [ 23.48398944278027, 56.475004718474821 ], [ 23.484162548024411, 56.475193087453881 ], [ 23.484271583144245, 56.475286234983585 ], [ 23.484595868406341, 56.475623316317808 ], [ 23.484859595295106, 56.476058492310123 ], [ 23.485016314412796, 56.476401659590373 ], [ 23.485055725882972, 56.476508082291119 ], [ 23.485242981014167, 56.476859289316764 ], [ 23.485387963857992, 56.477013627453744 ], [ 23.485553677471053, 56.477145442979797 ], [ 23.485715462253598, 56.477265937852422 ], [ 23.485775913421541, 56.477327230804327 ], [ 23.485791551491229, 56.477379294496878 ], [ 23.485786640141857, 56.477440316785888 ], [ 23.485760968546085, 56.477526122794387 ], [ 23.485731424722331, 56.477596085864818 ], [ 23.48572197020259, 56.477691002702535 ], [ 23.485806475450687, 56.477786307709913 ], [ 23.486375857741969, 56.478279266199614 ], [ 23.486485122397479, 56.478356586660034 ], [ 23.486607068470168, 56.478402307456392 ], [ 23.486774380378776, 56.478416564527194 ], [ 23.486929343966853, 56.478437551771755 ], [ 23.487072206437404, 56.478447185587669 ], [ 23.487145465773146, 56.478467835978094 ], [ 23.487214488212608, 56.478499772085947 ], [ 23.487282931674279, 56.478574662805485 ], [ 23.487363996509664, 56.478622474539584 ], [ 23.487469848207418, 56.478650041581012 ], [ 23.487555089411416, 56.478691089011001 ], [ 23.487587224442073, 56.478731916376503 ], [ 23.48758670662134, 56.478770348539307 ], [ 23.487602132913501, 56.478838237104313 ] ] ] } },
{ "type": "Feature", "properties": { "fid": 288, "nosaukums": "Plepju grāvis", "garums": 6544, "posmaID": null, "gadsAvotos": null, "regulets1940": true, "kolhozs": null, "udenskratuve": null, "piezimes": null }, "geometry": { "type": "MultiLineString", "coordinates": [ [ [ 23.473971822746122, 56.468089225379771 ], [ 23.4723392578701, 56.468046828083416 ], [ 23.472235060557271, 56.468062619181033 ], [ 23.470886317175101, 56.468616200925418 ], [ 23.469778523897471, 56.469095532980909 ], [ 23.469652008526204, 56.469182064185439 ], [ 23.469597392279859, 56.469274805156019 ], [ 23.469007465067779, 56.47021480578168 ], [ 23.468978630748165, 56.470244701178927 ], [ 23.468919606503846, 56.47027101294919 ], [ 23.468831342739684, 56.470296700086578 ], [ 23.467270753341289, 56.470459083276047 ], [ 23.466374724677184, 56.470552307969001 ], [ 23.464218846679536, 56.470758142833468 ], [ 23.462625323911357, 56.47091259004052 ], [ 23.461868241628757, 56.470963789289442 ], [ 23.461154238625653, 56.470923798516452 ], [ 23.460091332356715, 56.470857198136621 ], [ 23.45872276072226, 56.47108411515795 ], [ 23.456688207747991, 56.471482845554931 ], [ 23.454078974524151, 56.47196283853124 ], [ 23.451012029270686, 56.472527293789419 ], [ 23.449585529625431, 56.472004985218838 ], [ 23.447488374539514, 56.471182513777556 ], [ 23.446775966628064, 56.47015957166284 ], [ 23.445920687432153, 56.468857356559596 ], [ 23.445510756460109, 56.468201466945651 ], [ 23.445423546694574, 56.467867021310177 ], [ 23.445074654151174, 56.466590697465008 ], [ 23.444863292857413, 56.466072703393273 ], [ 23.444325451750341, 56.465509773490808 ], [ 23.443854340830267, 56.465061701437044 ], [ 23.443484130937708, 56.464858335934501 ], [ 23.442713056091542, 56.464481071274896 ], [ 23.441914020357643, 56.463577208123183 ], [ 23.441339357842928, 56.462786049257232 ], [ 23.440774210843241, 56.462087004722669 ], [ 23.440315584664678, 56.461497517758112 ], [ 23.439103838898145, 56.459990185579606 ], [ 23.437029268561606, 56.459561848732896 ], [ 23.436743169578204, 56.459502773951733 ], [ 23.435822725346306, 56.457887745995613 ], [ 23.435528772252162, 56.456104893029455 ], [ 23.435425850883462, 56.455190967214349 ], [ 23.435413684516234, 56.455082923303586 ], [ 23.433968143083913, 56.45389294050706 ], [ 23.432159143248434, 56.452354285328894 ], [ 23.431906413191019, 56.452154370433071 ], [ 23.431761728064924, 56.452086424549265 ], [ 23.431655291596751, 56.452059023466838 ], [ 23.431543556074953, 56.452061203605254 ], [ 23.43144178955794, 56.452073424508249 ], [ 23.42870025841631, 56.45267159516537 ], [ 23.425364843714657, 56.453375083113357 ], [ 23.423422451891206, 56.452923448536545 ], [ 23.420973140149819, 56.453454455632595 ], [ 23.420839325792322, 56.453314929870807 ], [ 23.419652960117929, 56.452007150988287 ], [ 23.419048055062564, 56.45133625755502 ], [ 23.419017018566564, 56.451301835674847 ], [ 23.418984764473304, 56.451268214892572 ], [ 23.418335050477793, 56.450590971720288 ], [ 23.418089545599507, 56.450326652635923 ], [ 23.417388786053007, 56.449572163646849 ], [ 23.417388573766178, 56.449571936241917 ], [ 23.41738835987087, 56.449571707931007 ], [ 23.416760922741265, 56.448905513703586 ], [ 23.416759987072957, 56.448904535390938 ], [ 23.416759030206528, 56.448903564166265 ], [ 23.416412535495247, 56.448556764041797 ], [ 23.416409844852645, 56.448553437919784 ], [ 23.416280414400056, 56.448591202927645 ], [ 23.416233675523277, 56.448604839883728 ], [ 23.416186956161532, 56.448618471523311 ], [ 23.415412873245263, 56.448844326919698 ], [ 23.413546165593388, 56.449393304837763 ], [ 23.41211626546794, 56.45005873243165 ], [ 23.4107986859945, 56.450914527619119 ], [ 23.41040121692312, 56.45090130205017 ], [ 23.408576181672331, 56.450588379352887 ], [ 23.407945174886414, 56.450484164066395 ], [ 23.407884690205254, 56.450474174144077 ], [ 23.407334473279139, 56.450383298479139 ], [ 23.406638874300455, 56.450268406337322 ], [ 23.402974407675348, 56.449650223259567 ] ] ] } },
{ "type": "Feature", "properties": { "fid": 292, "nosaukums": "Svētaine", "garums": 1172, "posmaID": null, "gadsAvotos": null, "regulets1940": true, "kolhozs": null, "udenskratuve": null, "piezimes": null }, "geometry": { "type": "MultiLineString", "coordinates": [ [ [ 23.175509475618373, 56.417621427700091 ], [ 23.17797017402313, 56.417884183858128 ], [ 23.179353184426414, 56.418219373785867 ], [ 23.179507930257184, 56.418256876849632 ], [ 23.180006782475363, 56.41837777354074 ], [ 23.18370184819743, 56.419034636548069 ], [ 23.183747181390554, 56.419042694863094 ], [ 23.185741304404303, 56.419400230820202 ], [ 23.186532899633296, 56.419491852270156 ], [ 23.189485664285453, 56.41983469282787 ], [ 23.190618951039003, 56.419966011883567 ], [ 23.190823493196799, 56.42003673465689 ], [ 23.191368484312502, 56.420362740528887 ], [ 23.192554396113024, 56.421303329856229 ], [ 23.192594088910401, 56.421334810792466 ], [ 23.192633781792281, 56.421366290817716 ] ] ] } },
{ "type": "Feature", "properties": { "fid": 297, "nosaukums": "Reņģe", "garums": 5413, "posmaID": 12, "gadsAvotos": 1965, "regulets1940": true, "kolhozs": "Suvorova", "udenskratuve": null, "piezimes": null }, "geometry": { "type": "MultiLineString", "coordinates": [ [ [ 23.24380010939673, 56.380087152287729 ], [ 23.245907573237265, 56.379835324770958 ], [ 23.246158053354911, 56.379831702202516 ], [ 23.246609760704878, 56.379914579582788 ], [ 23.246630908353929, 56.37991845961615 ], [ 23.247202284536971, 56.380023291266703 ], [ 23.247358816559441, 56.380080844966109 ], [ 23.248703590097513, 56.380875201112346 ], [ 23.248868996167918, 56.380953388759323 ], [ 23.249053068273469, 56.380985314766306 ], [ 23.255181947562889, 56.381904291469276 ], [ 23.255413291344109, 56.38193140927816 ], [ 23.255719326820685, 56.381933246439999 ], [ 23.258663285667062, 56.381955488079704 ], [ 23.258830015704746, 56.38196677574836 ], [ 23.259042214571952, 56.382024646392857 ], [ 23.260520964070086, 56.382724376681999 ], [ 23.261353053413934, 56.383118094411252 ], [ 23.261591096462709, 56.383279028613657 ], [ 23.261718047414853, 56.383429010882573 ], [ 23.264259992470986, 56.38653190294476 ], [ 23.264360231582007, 56.386625120496454 ], [ 23.264544144944441, 56.386708542270007 ], [ 23.265670672771652, 56.387294806752607 ], [ 23.265721303842991, 56.387321155770167 ], [ 23.265771229389571, 56.387347137609453 ], [ 23.265771844581213, 56.387347573413884 ], [ 23.26583916531057, 56.387395289684001 ], [ 23.265844439960578, 56.387399027980614 ], [ 23.265879957393281, 56.387481569188068 ], [ 23.266226854875157, 56.388643265248888 ], [ 23.266326215649347, 56.388782786484299 ], [ 23.267144585910259, 56.390081448292555 ], [ 23.267187803159072, 56.390246366382286 ], [ 23.267195827881856, 56.390321505770608 ], [ 23.267266433423149, 56.390982667202103 ], [ 23.267282884248008, 56.391069309097432 ], [ 23.267354720897558, 56.391193230272982 ], [ 23.267764218328672, 56.391671926088556 ], [ 23.267877004455684, 56.391770447386932 ], [ 23.269326003253724, 56.392457603185441 ], [ 23.271046968703679, 56.393264441067473 ], [ 23.271518018834655, 56.393493568832675 ], [ 23.271876642741876, 56.393676992986443 ], [ 23.272156296120489, 56.39378184644265 ], [ 23.272446486921915, 56.393861655270022 ], [ 23.272611405897464, 56.393896093973289 ], [ 23.272982517448309, 56.39397358904197 ], [ 23.273167953477248, 56.394008149957763 ], [ 23.273403838551214, 56.394034637844818 ], [ 23.273680168522205, 56.394050203200557 ], [ 23.274022354042771, 56.394041048522332 ], [ 23.274188205877355, 56.394047598642729 ], [ 23.274333623396505, 56.394070765588047 ], [ 23.274484015858594, 56.394096751195967 ], [ 23.275438667598515, 56.39430409813432 ], [ 23.275892859324937, 56.394417025425192 ], [ 23.276080932657141, 56.394468741863903 ], [ 23.276223239496947, 56.394527421799204 ], [ 23.276339129898872, 56.394604025449262 ], [ 23.276774053583093, 56.395045855623842 ], [ 23.276943710112722, 56.395209545873861 ], [ 23.277027526752022, 56.395258845329948 ], [ 23.277150350197942, 56.395313795191761 ], [ 23.277404660513337, 56.395411885289249 ], [ 23.277797549664388, 56.395563424647065 ], [ 23.278632872243367, 56.395862955791408 ], [ 23.279021529624462, 56.395995376952946 ], [ 23.279118558172602, 56.396035712325201 ], [ 23.279205570317547, 56.396088644279175 ], [ 23.279365770018266, 56.39623600589934 ], [ 23.27975054325908, 56.396574490040848 ], [ 23.2798952698211, 56.396678374280953 ], [ 23.279943683842149, 56.396703965072874 ], [ 23.280005305470084, 56.396720592169444 ], [ 23.280073682760857, 56.396724605379802 ], [ 23.280409638776675, 56.396713900012251 ], [ 23.282354509989347, 56.39660404599524 ], [ 23.28304644785614, 56.396557428937875 ], [ 23.283531992794412, 56.396565658573465 ], [ 23.283570143346555, 56.39664573618068 ], [ 23.283882040273276, 56.397300389666995 ], [ 23.284096503609714, 56.397719973816173 ], [ 23.284212460511053, 56.397887980935998 ], [ 23.284353809362102, 56.397972465940718 ], [ 23.284543292383017, 56.398030806420074 ], [ 23.284717473501889, 56.39805823209155 ], [ 23.284963198557964, 56.398081667493287 ], [ 23.285360853262532, 56.398048730448885 ], [ 23.286625682759343, 56.397928305479027 ], [ 23.288718466229376, 56.397693720098616 ], [ 23.288980808778355, 56.39767760982987 ], [ 23.289139523101383, 56.397682922891555 ], [ 23.289558939683104, 56.3977601875958 ], [ 23.291520660850683, 56.398167735294344 ], [ 23.292288709550661, 56.398286614529809 ], [ 23.293595867121965, 56.39845259674339 ], [ 23.294007930608437, 56.398498979110123 ], [ 23.295701094554058, 56.398966057535809 ], [ 23.297138922391856, 56.399375984822413 ], [ 23.298357341282681, 56.399702290608914 ], [ 23.298425424528801, 56.399742853130377 ], [ 23.300280269638822, 56.401318230531942 ], [ 23.300383216839926, 56.401433315649768 ], [ 23.300689966175185, 56.401893064904691 ], [ 23.301991548005965, 56.403619977138391 ], [ 23.301990334843708, 56.403686263273812 ], [ 23.301955856576505, 56.40378852079639 ], [ 23.301425798498869, 56.405162542762589 ], [ 23.301402299341195, 56.405233203769079 ], [ 23.3014072849843, 56.405264011324043 ], [ 23.301428869019603, 56.40529798957904 ], [ 23.301538868785482, 56.405354012569084 ], [ 23.303856567113847, 56.406416619641192 ], [ 23.305794678806304, 56.40729546155751 ], [ 23.30608613775366, 56.407447911351881 ], [ 23.306168115373129, 56.407519162259447 ] ] ] } },
{ "type": "Feature", "properties": { "fid": 298, "nosaukums": "Cērpaine", "garums": 7107, "posmaID": 9, "gadsAvotos": 1962, "regulets1940": true, "kolhozs": "Suvorova", "udenskratuve": null, "piezimes": null }, "geometry": { "type": "MultiLineString", "coordinates": [ [ [ 23.191256550223027, 56.395488445857126 ], [ 23.191316478711578, 56.395516833634332 ], [ 23.191377312659036, 56.395545650696405 ], [ 23.191961768959622, 56.396284044258529 ], [ 23.192900971784162, 56.397470556902931 ], [ 23.19296036258465, 56.397545582908108 ], [ 23.194982365467975, 56.398672695813893 ], [ 23.196116275326347, 56.399272745538624 ], [ 23.198398500320959, 56.399550297252567 ], [ 23.198737978439265, 56.399592747505054 ], [ 23.199075880133766, 56.399634999764629 ], [ 23.201144541194569, 56.399741024218415 ], [ 23.202985791146375, 56.400074173195812 ], [ 23.20633393877705, 56.402078022766531 ], [ 23.208517310040772, 56.402220309701114 ], [ 23.208949739613953, 56.402294111846075 ], [ 23.209645268872727, 56.402436048832008 ], [ 23.210132897961852, 56.402609059723751 ], [ 23.212247235815656, 56.403589440160268 ], [ 23.212391461213574, 56.403615071036249 ], [ 23.214525066096385, 56.403719765280321 ], [ 23.214813392350344, 56.403777200426418 ], [ 23.216955535533952, 56.4046557913192 ], [ 23.217277907255728, 56.404682541780538 ], [ 23.217312111669347, 56.404682120584376 ], [ 23.218937475910039, 56.404662107474905 ], [ 23.2191035969919, 56.404706405556915 ], [ 23.219254456942338, 56.404779136404805 ], [ 23.220215125320873, 56.405782402306976 ], [ 23.221059009953684, 56.406928388127987 ], [ 23.221144931816781, 56.407083401052539 ], [ 23.221198963953601, 56.407164065924597 ], [ 23.221273135410069, 56.4072053336293 ], [ 23.221429344544436, 56.40724756452493 ], [ 23.223596986097466, 56.407767427800231 ], [ 23.22366826810115, 56.407784522490154 ], [ 23.223739546946614, 56.407801616220638 ], [ 23.229469251029183, 56.409175506102947 ], [ 23.229701216719022, 56.409269630602701 ], [ 23.229843354079183, 56.409400270441445 ], [ 23.231381515280116, 56.411218206704916 ], [ 23.232908298917852, 56.4130225072538 ], [ 23.233137163759761, 56.413165845475781 ], [ 23.236367205106102, 56.414795921044785 ], [ 23.236517190921589, 56.414852870570904 ], [ 23.236566602890175, 56.414871632687841 ], [ 23.236616013304793, 56.414890393876817 ], [ 23.236793560472371, 56.414957808151911 ], [ 23.243375684957527, 56.417183073702894 ], [ 23.243552781765946, 56.417239763971338 ], [ 23.243739062579817, 56.417272884859599 ], [ 23.246110550567003, 56.417429711921109 ], [ 23.246418234262954, 56.417495080886404 ], [ 23.246784161707087, 56.417640933942089 ], [ 23.248526315614182, 56.418335296680766 ], [ 23.24970929286355, 56.419178545852198 ], [ 23.249895792993811, 56.419311482492532 ], [ 23.251647270736424, 56.420640172701475 ], [ 23.251750508880381, 56.420686977192204 ], [ 23.2519647679005, 56.420696549310378 ], [ 23.255174410303542, 56.420657546626565 ], [ 23.255390282897071, 56.420626130168067 ], [ 23.258328910157982, 56.419306375598062 ], [ 23.258520622499304, 56.419267112173316 ], [ 23.261271559405987, 56.419156377137469 ], [ 23.261566392349533, 56.419144505192541 ], [ 23.261619835643476, 56.419142353373147 ], [ 23.261673282173273, 56.419140201550015 ], [ 23.261897515841053, 56.419131171906756 ], [ 23.267947593055656, 56.419032526865522 ], [ 23.268325641190561, 56.419052075522835 ], [ 23.270107382472105, 56.419426282038181 ], [ 23.270545577949491, 56.419485211372468 ], [ 23.270881769241583, 56.41952479698611 ], [ 23.271098333274356, 56.41951298959664 ], [ 23.272049260723087, 56.419357245445333 ], [ 23.274030125689269, 56.419026577060173 ], [ 23.274152379225921, 56.419009851376039 ], [ 23.274207439245746, 56.419010173464955 ], [ 23.274277610231078, 56.419043285203315 ], [ 23.276082244203259, 56.419912782042559 ], [ 23.277279349522317, 56.420464783059543 ], [ 23.278175989922129, 56.420890759627255 ], [ 23.278328555705439, 56.42093524846161 ], [ 23.278786875537488, 56.421036017080965 ], [ 23.279265235598327, 56.421117279826341 ], [ 23.279477089235428, 56.421146851255131 ], [ 23.279539812764483, 56.421158116488435 ], [ 23.279582429978444, 56.421165848108387 ], [ 23.279649587784728, 56.421178032101096 ], [ 23.279716748876151, 56.421190216076354 ], [ 23.279763261306524, 56.421198654872292 ], [ 23.279821764285238, 56.421225155813168 ], [ 23.280676610523738, 56.421783856217921 ], [ 23.281224780541379, 56.422127126069498 ], [ 23.282546739966129, 56.422950129202498 ] ] ] } },
{ "type": "Feature", "properties": { "fid": 535, "nosaukums": "Ailes strauts", "garums": 4365, "posmaID": null, "gadsAvotos": null, "regulets1940": true, "kolhozs": null, "udenskratuve": null, "piezimes": null }, "geometry": { "type": "MultiLineString", "coordinates": [ [ [ 23.34057524183908, 56.416914123318044 ], [ 23.346273046373987, 56.41769496294711 ], [ 23.348185485788363, 56.417935188180451 ], [ 23.348402554899106, 56.417943409960849 ], [ 23.348664582977428, 56.417937704123347 ], [ 23.349604821241574, 56.417871816457307 ], [ 23.350429832565734, 56.417819482638059 ], [ 23.350596038404742, 56.417813271031967 ], [ 23.350653952642762, 56.417788786643015 ], [ 23.350818113877509, 56.417527613749598 ], [ 23.350912402518066, 56.417356860482755 ], [ 23.350956540177439, 56.417276928458577 ], [ 23.351007702513563, 56.41727365436919 ], [ 23.351634656627386, 56.417300480692816 ], [ 23.352174747471633, 56.417337101720655 ], [ 23.352253018517658, 56.41733067312078 ], [ 23.352331987254686, 56.417283179704604 ], [ 23.352361564014075, 56.41723770152732 ], [ 23.352635975530802, 56.41634031847245 ], [ 23.352992869087242, 56.415187385798866 ], [ 23.353448449392999, 56.415219409775908 ], [ 23.354372995545809, 56.415308634199306 ], [ 23.355970417575655, 56.415474345834468 ], [ 23.357182004458032, 56.41559013278691 ], [ 23.359379175930698, 56.41580681195537 ], [ 23.360976755809066, 56.415965613581129 ], [ 23.361983159133995, 56.4160529206737 ], [ 23.363301673797931, 56.416223221658655 ], [ 23.363419438646755, 56.416238431215902 ], [ 23.363420365418939, 56.416238550973148 ], [ 23.363436277459993, 56.416240605619173 ], [ 23.364538666447004, 56.416246256593098 ], [ 23.364716261713099, 56.416203824582247 ], [ 23.366683742034994, 56.415641279685346 ], [ 23.367514461185429, 56.415408271249404 ], [ 23.367736921425536, 56.41538887540208 ], [ 23.36835663166551, 56.415476432721135 ], [ 23.369332767265973, 56.415652500071694 ], [ 23.370292876054116, 56.415803375547974 ], [ 23.370559668052753, 56.415838951454951 ], [ 23.370712022417546, 56.415830595982101 ], [ 23.370914819810256, 56.415756342879583 ], [ 23.371477542858127, 56.415558444087083 ], [ 23.371981961948144, 56.415403589097536 ], [ 23.372267397887285, 56.41530694029764 ], [ 23.372454452623188, 56.415189263587806 ], [ 23.372494148375299, 56.41514231975119 ], [ 23.373297672803734, 56.414192054242442 ], [ 23.373893187588319, 56.413498345197567 ], [ 23.374304771558378, 56.41298257918401 ], [ 23.37483275367185, 56.412391182450605 ], [ 23.375094386253252, 56.412065957114912 ], [ 23.376068655471386, 56.41210799372476 ], [ 23.377909029720275, 56.412168447314883 ], [ 23.377936561253183, 56.412173688583266 ], [ 23.378015711623505, 56.412184956718271 ], [ 23.37814976170834, 56.41228827713077 ], [ 23.378679749654779, 56.412831595449724 ], [ 23.379589431879875, 56.413804322230405 ], [ 23.380540329323143, 56.414774058333734 ], [ 23.381709602992046, 56.415979838957661 ], [ 23.382013400203597, 56.416271067924121 ], [ 23.383045711715834, 56.416391111330725 ], [ 23.383097309902311, 56.416397111706125 ], [ 23.383148908119708, 56.416403111161728 ], [ 23.38320211448978, 56.41640929828111 ], [ 23.383260014768716, 56.416416100790947 ], [ 23.38516888179355, 56.416640340070153 ], [ 23.386741509256879, 56.416810222004663 ], [ 23.387357646548789, 56.416868017586985 ], [ 23.387525609527813, 56.416912188214837 ], [ 23.387777710116488, 56.417095935242081 ], [ 23.388367116232029, 56.417539138153522 ], [ 23.388960636897721, 56.417982349474201 ], [ 23.390270054581066, 56.418937799975282 ], [ 23.390895919753667, 56.419419946963721 ], [ 23.391729521322876, 56.420033142316306 ], [ 23.39222578648334, 56.420389178119123 ], [ 23.39382711663135, 56.421568149305436 ] ] ] } },
{ "type": "Feature", "properties": { "fid": 536, "nosaukums": "Ailes strauts", "garums": 6849, "posmaID": null, "gadsAvotos": null, "regulets1940": true, "kolhozs": null, "udenskratuve": null, "piezimes": null }, "geometry": { "type": "MultiLineString", "coordinates": [ [ [ 23.403743139276475, 56.432219710572475 ], [ 23.404172551574614, 56.432188571863122 ], [ 23.404444052919622, 56.432196721254087 ], [ 23.404698866693835, 56.43221847339904 ], [ 23.40519956199855, 56.432307565583798 ], [ 23.40547038811868, 56.432359050718489 ], [ 23.405700295253727, 56.432394373859587 ], [ 23.405938582144046, 56.432420608434555 ], [ 23.406267553783355, 56.432438148184303 ], [ 23.40642829431086, 56.432422951635708 ], [ 23.406650976762865, 56.432394358667516 ], [ 23.407026604161349, 56.432323154951902 ], [ 23.407154783531254, 56.432284981252813 ], [ 23.407390903788492, 56.432185734160285 ], [ 23.407927523589915, 56.431949217918934 ], [ 23.408138536303245, 56.431877225391489 ], [ 23.408320629225095, 56.43181193183355 ], [ 23.408498355102243, 56.431762591634282 ], [ 23.408671482607172, 56.431745169164508 ], [ 23.408861051228488, 56.431727824769084 ], [ 23.409206687955059, 56.431731752730634 ], [ 23.409710613199216, 56.431745551992044 ], [ 23.411195477345373, 56.431798229109177 ], [ 23.411713626242591, 56.431823507011558 ], [ 23.413828926932958, 56.431906515234779 ], [ 23.415301518052555, 56.431954521096742 ], [ 23.416344144139696, 56.431995932953463 ], [ 23.416636118299291, 56.432010989149568 ], [ 23.416738754230995, 56.432027445992247 ], [ 23.416919017732731, 56.432080762508789 ], [ 23.41714830583749, 56.432157120644035 ], [ 23.417438223566258, 56.432306761976072 ], [ 23.417527877451633, 56.43236421635261 ], [ 23.417774972142372, 56.432623158879643 ], [ 23.418228261944869, 56.433124885238726 ], [ 23.418819256685676, 56.433773252770457 ], [ 23.419293023760467, 56.434282366372059 ], [ 23.419495390464601, 56.434506883105783 ], [ 23.419709960702182, 56.434740575810764 ], [ 23.419856350882938, 56.434857600328975 ], [ 23.41998633617461, 56.434969992868602 ], [ 23.420810937245388, 56.435416419658992 ], [ 23.421573753902798, 56.435867108085077 ], [ 23.42282248577742, 56.436574178555176 ], [ 23.423524234280666, 56.436983511693839 ], [ 23.423765848552165, 56.437130391653909 ], [ 23.423859690879091, 56.437187439431277 ], [ 23.423897815421203, 56.437210614878751 ], [ 23.423935940009635, 56.437233790314536 ], [ 23.424072861995857, 56.437317026384349 ], [ 23.425487518760093, 56.438114462340266 ], [ 23.42560382086948, 56.438167699099793 ], [ 23.425783525133401, 56.438203188262207 ], [ 23.427133223679249, 56.438476884245112 ], [ 23.427499932062364, 56.438597578388865 ], [ 23.427697447717097, 56.438698057974968 ], [ 23.429703802523036, 56.440017772282495 ], [ 23.431162361714602, 56.440944867201672 ], [ 23.432230887901394, 56.441668005175693 ], [ 23.432317567998162, 56.441729667647841 ], [ 23.432402423028588, 56.441798772533083 ], [ 23.432509738517393, 56.441934232428608 ], [ 23.432600432375398, 56.442137100390084 ], [ 23.433031525631254, 56.442976570996919 ], [ 23.433504673224903, 56.443930436128852 ], [ 23.433899118079655, 56.44471609346985 ], [ 23.434145828056554, 56.445142890625036 ], [ 23.434240765957771, 56.445271370854705 ], [ 23.434361417807995, 56.445351517670218 ], [ 23.434503885200105, 56.445435224569614 ], [ 23.434904614446797, 56.445589321819838 ], [ 23.435800013379865, 56.445888956759553 ], [ 23.437684575459041, 56.446519566297752 ], [ 23.439364524459759, 56.447063835648585 ], [ 23.439371612196314, 56.447066565692815 ], [ 23.439776155328797, 56.447222379439872 ], [ 23.439924991770955, 56.447299187162443 ], [ 23.440781777895406, 56.447887915638731 ], [ 23.441053984238774, 56.448074290601475 ], [ 23.441167699778273, 56.448202849945588 ], [ 23.441294349431118, 56.448396251605821 ], [ 23.441318118210315, 56.448432547069217 ], [ 23.44134188704782, 56.448468841629548 ], [ 23.441442732032019, 56.448622837970809 ], [ 23.441916170638834, 56.449321932777352 ], [ 23.44229625624132, 56.449907450706377 ], [ 23.442663661316519, 56.450461644566325 ], [ 23.443207704236109, 56.451315434487405 ], [ 23.443597263620742, 56.451896291770375 ], [ 23.443831033900583, 56.452280314003133 ], [ 23.444456531921677, 56.452991701017098 ], [ 23.444695264696396, 56.453258251430015 ], [ 23.444840870337753, 56.453420821236598 ], [ 23.44495216941128, 56.453502646110508 ], [ 23.445079447105329, 56.45356031754838 ], [ 23.445241347250455, 56.453600839535397 ], [ 23.445412897467872, 56.45362236997542 ], [ 23.445590900463987, 56.453630086661221 ], [ 23.445753582414262, 56.453616969841825 ], [ 23.447232724498054, 56.453325941589732 ], [ 23.448341765797913, 56.453128422084163 ], [ 23.449384874424169, 56.453167660205814 ], [ 23.451064455127398, 56.4532754599933 ], [ 23.451448580668291, 56.453291001160949 ], [ 23.45380433349294, 56.453068593285145 ], [ 23.456341995635697, 56.452833016150095 ], [ 23.457710071881618, 56.452674813742533 ], [ 23.457966480788876, 56.452662091229477 ], [ 23.458175826593667, 56.452663005110857 ], [ 23.45976642342654, 56.452875850626675 ], [ 23.462446634723214, 56.453598666257015 ], [ 23.46423948001134, 56.454099570291731 ], [ 23.464354337154568, 56.454153707478518 ], [ 23.464434678024531, 56.45421807716999 ], [ 23.464492853825217, 56.454303116020768 ], [ 23.464590505066287, 56.454519226484678 ], [ 23.464608015351814, 56.454557977288076 ], [ 23.464712682400428, 56.45492071238511 ], [ 23.464918403424992, 56.455819020819924 ], [ 23.465193305615312, 56.456938021126732 ], [ 23.465503294625037, 56.458230208111608 ], [ 23.465694363733959, 56.458443719777705 ], [ 23.466828373170298, 56.459858026567524 ], [ 23.467417254682285, 56.460604401377488 ], [ 23.468605052720761, 56.462147223855908 ], [ 23.468707424185279, 56.462228148877614 ], [ 23.469296403520712, 56.462551625365734 ], [ 23.469658937617318, 56.462778120902165 ], [ 23.47002685781538, 56.463066932706759 ], [ 23.470814112047158, 56.463719718304262 ], [ 23.472038501150479, 56.464733189512536 ], [ 23.473321823133023, 56.465792708034542 ], [ 23.473633115824004, 56.466053304688153 ], [ 23.473719318086729, 56.466148840152776 ], [ 23.473789676746247, 56.466259881090501 ], [ 23.473850873907068, 56.46635531048625 ], [ 23.473895774340672, 56.466499121028363 ], [ 23.473940194573697, 56.467355837896939 ], [ 23.473971822746122, 56.468089225379771 ] ] ] } },
{ "type": "Feature", "properties": { "fid": 557, "nosaukums": "Bērze", "garums": 2088, "posmaID": null, "gadsAvotos": null, "regulets1940": true, "kolhozs": null, "udenskratuve": null, "piezimes": null }, "geometry": { "type": "MultiLineString", "coordinates": [ [ [ 23.515440749741416, 56.686314862023352 ], [ 23.5157278725571, 56.686320917023501 ], [ 23.515983916182556, 56.686300920793471 ], [ 23.516321364407283, 56.686231845703105 ], [ 23.516447324893402, 56.686207638373816 ], [ 23.516640434723559, 56.686196040076112 ], [ 23.516880297667157, 56.686213023239013 ], [ 23.517256864563358, 56.686242883448386 ], [ 23.517575318405886, 56.686255230345893 ], [ 23.518580923338007, 56.686223310843005 ], [ 23.518993578216786, 56.686238487827758 ], [ 23.519408304955068, 56.686267254450271 ], [ 23.519971049208721, 56.686301529562527 ], [ 23.520406268164322, 56.686306909926024 ], [ 23.521049456690726, 56.686367421436884 ], [ 23.521637150124409, 56.686380792761213 ], [ 23.521895058493108, 56.686390426390957 ], [ 23.522271443600086, 56.686435089050526 ], [ 23.522757238328975, 56.686522154087129 ], [ 23.523686561349333, 56.686667715540189 ], [ 23.524159131918683, 56.686736201186449 ], [ 23.524560032327066, 56.686794533558697 ], [ 23.52488759264687, 56.686797018521659 ], [ 23.525208609076344, 56.686784659367916 ], [ 23.525748082950201, 56.686707685891697 ], [ 23.526240452669366, 56.686629295652224 ], [ 23.527269905674682, 56.686485027620037 ], [ 23.527696709460294, 56.68644589742744 ], [ 23.528875750157415, 56.686360219320413 ], [ 23.530030583974117, 56.686236160351534 ], [ 23.530805851922093, 56.686141530967483 ], [ 23.534698523906815, 56.685825925363197 ], [ 23.538362580334397, 56.685474058311577 ], [ 23.543758929177184, 56.685004014277219 ], [ 23.547988552742762, 56.684607274827108 ], [ 23.548977903418336, 56.684519113712788 ] ] ] } },
{ "type": "Feature", "properties": { "fid": 558, "nosaukums": "Auce", "garums": 2444, "posmaID": 26, "gadsAvotos": 1973, "regulets1940": true, "kolhozs": null, "udenskratuve": null, "piezimes": null }, "geometry": { "type": "MultiLineString", "coordinates": [ [ [ 23.508023024016115, 56.650185093690546 ], [ 23.509482464722968, 56.650621508545285 ], [ 23.509615934908226, 56.650661417992843 ], [ 23.5096612812006, 56.650674977534827 ], [ 23.509700298478741, 56.650689122160038 ], [ 23.509784087653717, 56.650719499480516 ], [ 23.509894536270043, 56.650759541691357 ], [ 23.510723281762957, 56.651059987789743 ], [ 23.512990342191575, 56.651864229196484 ], [ 23.513568721566831, 56.652069397330258 ], [ 23.513835274488994, 56.652163949587404 ], [ 23.514363135253628, 56.652351191971931 ], [ 23.516687749021781, 56.652342287455028 ], [ 23.520470781638092, 56.652961224374344 ], [ 23.522975927281845, 56.653281977521132 ], [ 23.524286297846331, 56.653598120388082 ], [ 23.526176640157136, 56.654442985898974 ], [ 23.527074480540762, 56.654795459678894 ], [ 23.527992672542997, 56.655155909192821 ], [ 23.52961985391017, 56.65552354843183 ], [ 23.532921545651064, 56.656269432924987 ], [ 23.533864315993117, 56.656458446972287 ], [ 23.538874594032038, 56.658050699934108 ], [ 23.540443074541582, 56.658606957491642 ], [ 23.542235960716798, 56.659706520366072 ], [ 23.542762675847644, 56.660029533498765 ] ] ] } },
{ "type": "Feature", "properties": { "fid": 561, "nosaukums": "Ālave", "garums": 1979, "posmaID": 42, "gadsAvotos": 1957, "regulets1940": true, "kolhozs": null, "udenskratuve": null, "piezimes": null }, "geometry": { "type": "MultiLineString", "coordinates": [ [ [ 23.402531624651704, 56.603334189056035 ], [ 23.402569884155319, 56.603392491921682 ], [ 23.402618386610218, 56.603451806168231 ], [ 23.402691582434773, 56.603541318229468 ], [ 23.402818088722842, 56.603696019832739 ], [ 23.404139010750047, 56.604879004284754 ], [ 23.408609221133496, 56.607342565544386 ], [ 23.408692999385583, 56.607537931719392 ], [ 23.407261388767875, 56.609843374683578 ], [ 23.407251497003074, 56.609861123552747 ], [ 23.406180288168986, 56.611783100237126 ], [ 23.406170013156242, 56.611801534483071 ], [ 23.40503666498638, 56.613660289646695 ], [ 23.405042561861681, 56.613741401497009 ], [ 23.405210321164201, 56.616048770724234 ], [ 23.405285386727375, 56.617174323135018 ], [ 23.405245563625357, 56.617793718809189 ], [ 23.405229418896702, 56.618044814749823 ], [ 23.40519361767193, 56.618557125822392 ], [ 23.404827773539107, 56.619453289594453 ], [ 23.404812544749166, 56.619490593859943 ] ] ] } },
{ "type": "Feature", "properties": { "fid": 562, "nosaukums": "Ālave", "garums": 1355, "posmaID": 41, "gadsAvotos": 1952, "regulets1940": true, "kolhozs": null, "udenskratuve": null, "piezimes": null }, "geometry": { "type": "MultiLineString", "coordinates": [ [ [ 23.404812544749166, 56.619490593859943 ], [ 23.404792760005517, 56.61953905720938 ], [ 23.404666925012787, 56.61984728555862 ], [ 23.404253751510851, 56.620008429685655 ], [ 23.403039540429013, 56.621038437485268 ], [ 23.402921560447997, 56.621301354724856 ], [ 23.403599097598907, 56.622822004486373 ], [ 23.403869620764578, 56.623429124892574 ], [ 23.404036122187662, 56.62380278292104 ], [ 23.404049094436989, 56.623831894630918 ], [ 23.404061076216696, 56.623860980034465 ], [ 23.40460228055888, 56.62517464703771 ], [ 23.404333884299703, 56.626269256443351 ], [ 23.404157073821739, 56.626518942332027 ], [ 23.403704485800947, 56.627158059574391 ], [ 23.403126776381733, 56.627973833858093 ], [ 23.402904733844171, 56.628287365701418 ], [ 23.401377788155507, 56.628993932683592 ], [ 23.400120338370353, 56.629775484862584 ], [ 23.399946645236618, 56.629905229668353 ], [ 23.399441490758264, 56.630282561710615 ] ] ] } },
{ "type": "Feature", "properties": { "fid": 563, "nosaukums": "Ālave", "garums": 5073, "posmaID": null, "gadsAvotos": null, "regulets1940": true, "kolhozs": null, "udenskratuve": null, "piezimes": null }, "geometry": { "type": "MultiLineString", "coordinates": [ [ [ 23.353229981617243, 56.547626661316301 ], [ 23.353273459331671, 56.547787138994067 ], [ 23.353962502630754, 56.548554695677481 ], [ 23.354858393573839, 56.549596671256815 ], [ 23.356620930825841, 56.550421178397706 ], [ 23.358282152381125, 56.551238127699285 ], [ 23.358698514560981, 56.551380454613927 ], [ 23.358929367895051, 56.551486779295857 ], [ 23.359084286789169, 56.551581030643689 ], [ 23.359133266306664, 56.551686417203953 ], [ 23.359175253919567, 56.551955309082302 ], [ 23.359593643101885, 56.553230755005799 ], [ 23.359630262409407, 56.553567371821543 ], [ 23.359696677241963, 56.553642476302819 ], [ 23.359780408516357, 56.553694306102322 ], [ 23.359927034522176, 56.553779168103944 ], [ 23.360213144304325, 56.554121741661454 ], [ 23.361497267965525, 56.555490412266288 ], [ 23.36261197077372, 56.556624568917933 ], [ 23.362769343364274, 56.556826297972293 ], [ 23.362835413506541, 56.557051676543082 ], [ 23.36241451609893, 56.558838084165131 ], [ 23.362366829185913, 56.559157914139682 ], [ 23.362398567629899, 56.559251821358593 ], [ 23.362439929752419, 56.559308104756873 ], [ 23.364559237770582, 56.560087598479441 ], [ 23.365302404826878, 56.560365499336882 ], [ 23.366510224105543, 56.560817136594217 ], [ 23.366876345480588, 56.56093581665715 ], [ 23.367228294077066, 56.561143203160498 ], [ 23.367449682138265, 56.561327086341379 ], [ 23.367474517213697, 56.561347714043443 ], [ 23.367557457689387, 56.561448597016209 ], [ 23.367581321642007, 56.56153983486378 ], [ 23.367548159545546, 56.561752269788172 ], [ 23.367517124185834, 56.562090876287975 ], [ 23.367437736091151, 56.562791363989199 ], [ 23.367377899057622, 56.563080761316755 ], [ 23.367448384429675, 56.563167563594611 ], [ 23.367766392578559, 56.563381784451785 ], [ 23.370808495609641, 56.564415843209567 ], [ 23.37094456488866, 56.564462074117571 ], [ 23.371189546129685, 56.564545306010807 ], [ 23.374124289867066, 56.565542321107671 ], [ 23.375054078599469, 56.56586940722741 ], [ 23.376350622973636, 56.56628243300905 ], [ 23.376593581682489, 56.566433174705665 ], [ 23.377033879038983, 56.566678356940223 ], [ 23.37753349854178, 56.566919161804087 ], [ 23.37757489145724, 56.566975440164811 ], [ 23.377569740031557, 56.567031485548036 ], [ 23.377492154383724, 56.567117540753202 ], [ 23.377334662003506, 56.567313786563069 ], [ 23.377202699946885, 56.56747821807118 ], [ 23.377201855451382, 56.567529612259882 ], [ 23.377260558752752, 56.567562614578087 ], [ 23.37740762445371, 56.567626430803131 ], [ 23.377651860179611, 56.56770007868603 ], [ 23.378056471853601, 56.567800227948673 ], [ 23.378157146004437, 56.567854466653465 ], [ 23.378190550679889, 56.567955567165441 ], [ 23.37820830730395, 56.568009311224912 ], [ 23.378226063977795, 56.568063055281485 ], [ 23.378270033490995, 56.568196130786475 ], [ 23.378519100444699, 56.568491749781337 ], [ 23.378925716672359, 56.568986741036206 ], [ 23.3790098126603, 56.569019869326823 ], [ 23.379106911078889, 56.569034371499953 ], [ 23.379204390578916, 56.569025513571354 ], [ 23.379319334329129, 56.568984033519612 ], [ 23.379458901714965, 56.568989402788269 ], [ 23.38116188086293, 56.56940206928423 ], [ 23.381624148851323, 56.569509517675364 ], [ 23.38186467256104, 56.569602554755342 ], [ 23.381895560064073, 56.569706119574462 ], [ 23.382346120713759, 56.570211925582115 ], [ 23.382895915609911, 56.570793156929021 ], [ 23.383100652288825, 56.571057945914475 ], [ 23.383328871841425, 56.571243032545901 ], [ 23.383399179505236, 56.571378431577905 ], [ 23.383425822154749, 56.571429740123442 ], [ 23.383473482896118, 56.571479838457741 ], [ 23.383855582930853, 56.571881482888926 ], [ 23.383965718772405, 56.571953966795675 ], [ 23.384968734259186, 56.572215210550809 ], [ 23.385701823444002, 56.572401541516221 ], [ 23.385720405295935, 56.572406263815161 ], [ 23.385759447122222, 56.572416417558713 ], [ 23.385863109258636, 56.572443378426826 ], [ 23.385966771557584, 56.572470338310389 ], [ 23.386536900586933, 56.572618615150418 ], [ 23.386657974806994, 56.572686653953561 ], [ 23.386762484403178, 56.572782624934248 ], [ 23.392085261028559, 56.578219419084192 ], [ 23.392178990624867, 56.578757379886703 ], [ 23.392509716869384, 56.580655454849769 ], [ 23.392707303406539, 56.581557548930107 ], [ 23.393100382074394, 56.58335203500571 ] ] ] } },
{ "type": "Feature", "properties": { "fid": 564, "nosaukums": "Reņģe", "garums": 2937, "posmaID": 13, "gadsAvotos": null, "regulets1940": true, "kolhozs": "Brīvais ceļš", "udenskratuve": null, "piezimes": null }, "geometry": { "type": "MultiLineString", "coordinates": [ [ [ 23.306168115373129, 56.407519162259447 ], [ 23.306278864863966, 56.40783988776321 ], [ 23.30629304610056, 56.407875260381275 ], [ 23.306308827133492, 56.407914625716067 ], [ 23.306324608198715, 56.407953991048643 ], [ 23.306455530587236, 56.408280551454098 ], [ 23.306459429405013, 56.408290277519406 ], [ 23.306916510850158, 56.409507385635109 ], [ 23.306941856450251, 56.409566098737713 ], [ 23.306967580679448, 56.409603895105178 ], [ 23.30733726530708, 56.410024328488326 ], [ 23.308468508688062, 56.41131293727436 ], [ 23.308590248152019, 56.41146632068893 ], [ 23.308619635722572, 56.411510412849545 ], [ 23.308626574086961, 56.411543920932843 ], [ 23.308649268095255, 56.412165324098254 ], [ 23.308689347307745, 56.412868405082932 ], [ 23.30856156822059, 56.413463867533174 ], [ 23.308485705265507, 56.413693547338255 ], [ 23.308480602943117, 56.413766733449449 ], [ 23.30849837012671, 56.413827495550706 ], [ 23.30851624954602, 56.413881983434599 ], [ 23.308789383582432, 56.414427383225586 ], [ 23.308677245186701, 56.414784462875325 ], [ 23.308394649791033, 56.415463322442704 ], [ 23.308393156708831, 56.415466910651425 ], [ 23.308297775126892, 56.415732042488166 ], [ 23.308292748036614, 56.415801045764006 ], [ 23.308299650536799, 56.415836645253698 ], [ 23.30836258425413, 56.415903934884248 ], [ 23.308448311502577, 56.415962984181974 ], [ 23.309035928417977, 56.416231921579346 ], [ 23.311318558526981, 56.417307266446073 ], [ 23.312463280150883, 56.417867952207224 ], [ 23.312602150217831, 56.417910558365016 ], [ 23.312730191106315, 56.417925910742312 ], [ 23.312933893660833, 56.417931222133859 ], [ 23.313092650057477, 56.417917458070775 ], [ 23.313264605767525, 56.417888405919086 ], [ 23.31472734366028, 56.41767756867695 ], [ 23.315075156326234, 56.417643928202047 ], [ 23.315149025182009, 56.417641305455675 ], [ 23.315177119741783, 56.417640307803104 ], [ 23.315335274658771, 56.417660006922567 ], [ 23.31556811201434, 56.417724046149381 ], [ 23.318805139195931, 56.418628799047895 ], [ 23.323356401304327, 56.419921354962554 ], [ 23.323423624470678, 56.419961466590934 ], [ 23.323483337996965, 56.419999444730529 ], [ 23.323505425131618, 56.420030942877219 ], [ 23.323508493239228, 56.420070704660617 ], [ 23.323689678446414, 56.420707609620813 ], [ 23.324042329097818, 56.422104784786463 ], [ 23.324251899334186, 56.423057711064295 ], [ 23.324339846508529, 56.423206710280738 ], [ 23.324384172624015, 56.423261338817454 ], [ 23.324466241595108, 56.42331617371773 ], [ 23.324732245510052, 56.423428488452487 ], [ 23.325076791530396, 56.423560790139263 ], [ 23.32579324144389, 56.423835890379372 ], [ 23.326921643956247, 56.424275025581245 ], [ 23.328338853461869, 56.424854385333042 ], [ 23.329151516921723, 56.425186588563101 ], [ 23.331129645938478, 56.425977530183033 ] ] ] } },
{ "type": "Feature", "properties": { "fid": 575, "nosaukums": "Vecbērze", "garums": 4557, "posmaID": null, "gadsAvotos": null, "regulets1940": true, "kolhozs": null, "udenskratuve": false, "piezimes": null }, "geometry": { "type": "MultiLineString", "coordinates": [ [ [ 23.529161947144189, 56.686329475449263 ], [ 23.529242880441171, 56.686664187979872 ] ] ] } },
{ "type": "Feature", "properties": { "fid": 576, "nosaukums": "Tērvete", "garums": 5327, "posmaID": null, "gadsAvotos": null, "regulets1940": true, "kolhozs": null, "udenskratuve": false, "piezimes": null }, "geometry": { "type": "MultiLineString", "coordinates": [ [ [ 23.478599239658962, 56.516305333595916 ], [ 23.478767496983572, 56.516310269455658 ], [ 23.47886315688746, 56.516328955603406 ], [ 23.479220615968412, 56.5165516979893 ], [ 23.47939437319457, 56.516663963012299 ], [ 23.479643924068256, 56.516796657536851 ], [ 23.47984735012697, 56.516916359402352 ], [ 23.480014945774915, 56.516995685440989 ], [ 23.480192389856114, 56.51708053648629 ], [ 23.480366779453568, 56.517147091383954 ], [ 23.480541268093972, 56.5172063314048 ], [ 23.480731667615473, 56.517311349954255 ], [ 23.480889197281019, 56.517401602605837 ], [ 23.481036578282904, 56.517508269272021 ], [ 23.481141091046258, 56.517605614313233 ], [ 23.48130458617905, 56.51774343192973 ], [ 23.481436008302044, 56.517807976735902 ], [ 23.481686547096579, 56.51786936078701 ], [ 23.481861340470896, 56.517906659570322 ], [ 23.481976149802954, 56.51796534233015 ], [ 23.482045284131871, 56.518000678392468 ], [ 23.482196353448668, 56.518079931668161 ], [ 23.482381368514524, 56.518172971565058 ], [ 23.482487521906524, 56.518241786254698 ], [ 23.482539618268298, 56.518292865298207 ], [ 23.482553540741101, 56.518377971639715 ], [ 23.482467921268793, 56.518462663446492 ], [ 23.482463948863586, 56.518532686044473 ], [ 23.482381663353976, 56.51859404499637 ], [ 23.482269643370124, 56.518623595874061 ], [ 23.482214617689145, 56.518676729930682 ], [ 23.482158388242443, 56.518818243190111 ], [ 23.482187666101176, 56.518883401859895 ], [ 23.482250354134987, 56.518932023916165 ], [ 23.482391562392248, 56.518974302166512 ], [ 23.482520546597851, 56.519028203588441 ], [ 23.482679082688744, 56.519127252870177 ], [ 23.482849868274144, 56.519213011196797 ], [ 23.483051182897771, 56.519272215530897 ], [ 23.4832373467205, 56.519336359006537 ], [ 23.483578650899055, 56.519527886251041 ], [ 23.484022839087164, 56.519696492210024 ], [ 23.484194558967335, 56.519713881815797 ], [ 23.484340348988013, 56.519681367952614 ], [ 23.484434148070378, 56.519648916738738 ], [ 23.484520666785638, 56.519610877549198 ], [ 23.484650032657079, 56.519583986763195 ], [ 23.484719566405079, 56.519578790179736 ], [ 23.484792184149505, 56.519590062037558 ], [ 23.484874351714442, 56.519628800794564 ], [ 23.485005191298015, 56.519737222408686 ], [ 23.485231207862487, 56.519900891991639 ], [ 23.485533126192664, 56.520077674484256 ], [ 23.485785930867493, 56.520217684108871 ], [ 23.48611693398697, 56.520359682305077 ], [ 23.4861345332009, 56.520367231837625 ], [ 23.486338417697404, 56.520455840843127 ], [ 23.486535045578602, 56.520591960082129 ], [ 23.486931416941005, 56.520878837849693 ], [ 23.487108277189524, 56.52100938871768 ], [ 23.487403846694928, 56.521167855494035 ], [ 23.487642963784317, 56.521342546302044 ], [ 23.487825631268691, 56.521533458783644 ], [ 23.48789279917688, 56.521703782769769 ], [ 23.487973669317277, 56.521839422594034 ], [ 23.488162610754404, 56.522055959434077 ], [ 23.488241134586481, 56.522120279050988 ], [ 23.488308299291852, 56.52215681994015 ], [ 23.488349501781553, 56.522179235665867 ], [ 23.488537011375051, 56.522256803727174 ], [ 23.488619287037217, 56.52228822627805 ], [ 23.488697885994682, 56.52234706008371 ], [ 23.488750195704455, 56.5223929866238 ], [ 23.488845506642729, 56.522439090920791 ], [ 23.488950742046217, 56.522485235058873 ], [ 23.489049065745036, 56.522553292196974 ], [ 23.489146848578056, 56.522661573428728 ], [ 23.489199208455396, 56.522703843363082 ], [ 23.489284547243685, 56.522753562946818 ], [ 23.489373342992174, 56.522792325023829 ], [ 23.489471987847935, 56.522836613324607 ], [ 23.489901998150184, 56.523085222412718 ], [ 23.49031868549697, 56.523341087686134 ], [ 23.490689581830683, 56.523558366702034 ], [ 23.491002937716825, 56.523749810815545 ], [ 23.491226221487715, 56.523874146301537 ], [ 23.491332689708663, 56.523952291987975 ], [ 23.491402793635267, 56.524028460455376 ], [ 23.491440454635768, 56.524056955607655 ], [ 23.491479917279669, 56.524074487370825 ], [ 23.491582048617605, 56.52410598918253 ], [ 23.491854944310155, 56.5242314401846 ], [ 23.492097506688243, 56.52439882219889 ], [ 23.492278101637382, 56.524500125191508 ], [ 23.492380056078471, 56.524570886180584 ], [ 23.492402655400518, 56.524586571667484 ], [ 23.492437430220892, 56.524707392825469 ], [ 23.492478576322025, 56.52484652397073 ], [ 23.492426414723568, 56.525036470263565 ], [ 23.492431587996219, 56.525144370556305 ], [ 23.492440730690788, 56.525202919146466 ], [ 23.492509612164643, 56.525247083435438 ], [ 23.49263166911193, 56.525273179912709 ], [ 23.492757154517623, 56.525290148722959 ], [ 23.492898838651119, 56.525332781614026 ], [ 23.49309941061216, 56.52542502245764 ], [ 23.493198164279367, 56.525461994968239 ], [ 23.493379351179001, 56.525519415755689 ], [ 23.493465264487501, 56.525527080085908 ], [ 23.493541374765748, 56.525525561969445 ], [ 23.493640933912911, 56.525502196959941 ], [ 23.493707436103556, 56.525476869794701 ], [ 23.493780482282599, 56.525457054173579 ], [ 23.493840051816761, 56.525455468497569 ], [ 23.493938830670224, 56.525490611313899 ], [ 23.494365592466995, 56.525739190588055 ], [ 23.494818582514252, 56.526006159865986 ], [ 23.495192572186117, 56.526210459067705 ], [ 23.495449197670528, 56.526350643925973 ], [ 23.495550802298467, 56.52642236666113 ], [ 23.495661725329857, 56.526539838404695 ], [ 23.495668115815437, 56.526556700937228 ], [ 23.495767202388194, 56.526818192466685 ], [ 23.495795641220617, 56.526918872830919 ], [ 23.495801261412112, 56.526993862516612 ], [ 23.495770919234729, 56.527021418279546 ], [ 23.495768316112869, 56.527023783169781 ], [ 23.495747724139392, 56.527039356579564 ], [ 23.495667987184945, 56.527064632025322 ], [ 23.495598295418763, 56.527080804857015 ], [ 23.495515590521077, 56.527080469163444 ], [ 23.495456140008386, 56.527072913696557 ], [ 23.495353511344998, 56.527077982828189 ], [ 23.495277179228111, 56.527095957722025 ], [ 23.495177252197049, 56.527146748056062 ], [ 23.495126997579828, 56.527194084392363 ], [ 23.495109264659867, 56.527283606593549 ], [ 23.495108024442136, 56.527376853306954 ], [ 23.495125733925629, 56.527537829755374 ], [ 23.495181026110135, 56.527609364626429 ], [ 23.495285771407609, 56.527693899362127 ], [ 23.495495823933307, 56.527820915290313 ], [ 23.495630272949292, 56.527911056124125 ], [ 23.495666494252216, 56.527924002162457 ], [ 23.495689627655004, 56.527925924342576 ], [ 23.495729521325096, 56.527911458863358 ], [ 23.495772773178274, 56.527893349483733 ], [ 23.495835727321264, 56.527886290755781 ], [ 23.495918094059025, 56.527912223852866 ], [ 23.495976987626523, 56.527961830589867 ], [ 23.496068891948038, 56.528017056972196 ], [ 23.496141019576665, 56.52806671818837 ], [ 23.49621258766128, 56.528158431744231 ], [ 23.496218210471447, 56.528233421404465 ], [ 23.496237793419098, 56.528253613056236 ], [ 23.496299280611414, 56.528279716416577 ], [ 23.4963858902894, 56.528312724468002 ], [ 23.496435858678769, 56.528336465826968 ], [ 23.496472404077203, 56.528353830525553 ], [ 23.496561706828054, 56.528396962999913 ], [ 23.496652204764924, 56.528487163648798 ], [ 23.496747237574805, 56.528549741471203 ], [ 23.496879750603803, 56.528614773630544 ], [ 23.497112045777651, 56.52869863715047 ], [ 23.497302937883692, 56.528761602382993 ], [ 23.497402506463295, 56.528796556026087 ], [ 23.497485221765817, 56.528845262904731 ], [ 23.497567540953607, 56.528923911922433 ], [ 23.497766070109787, 56.529039885969659 ], [ 23.497939410917535, 56.529169578504018 ], [ 23.49810414426652, 56.529319967317974 ], [ 23.498249073612286, 56.529391958865951 ], [ 23.498335868076456, 56.529447591465917 ], [ 23.49841387004005, 56.529537739463436 ], [ 23.498434039363971, 56.529588496835814 ], [ 23.498458589914289, 56.529623146853424 ], [ 23.498512315721921, 56.529657915489764 ], [ 23.498599200836516, 56.529706637539483 ], [ 23.498743830043534, 56.529801662149097 ], [ 23.498797128952162, 56.529868676303714 ], [ 23.498808660157906, 56.529942432736291 ], [ 23.498782538822212, 56.530035562018071 ], [ 23.49876473608068, 56.530072812819888 ], [ 23.498743296101328, 56.530162292679933 ], [ 23.498767140551596, 56.530274345854515 ], [ 23.498811057763934, 56.530400473920118 ], [ 23.498937673209724, 56.530784438112718 ], [ 23.499001296718991, 56.530952630089516 ], [ 23.499110131059055, 56.531148993038649 ], [ 23.499183368661306, 56.53135640958812 ], [ 23.499198161742527, 56.531454242663131 ], [ 23.499198185703154, 56.531454398188103 ], [ 23.499204953406817, 56.531499162790524 ], [ 23.499206659591103, 56.531510444066114 ], [ 23.499219302448534, 56.531543417982633 ], [ 23.499219362174991, 56.531543573651668 ], [ 23.499250727368562, 56.531625377212663 ], [ 23.499310286392614, 56.531717982070546 ], [ 23.499470584477706, 56.531852976271828 ], [ 23.499672860077258, 56.531981358796976 ], [ 23.499766305560328, 56.532055992872657 ], [ 23.499902616979213, 56.532184988172553 ], [ 23.500032407340399, 56.532257762083063 ], [ 23.500220332087192, 56.532328762540594 ], [ 23.500369046093308, 56.532343409194745 ], [ 23.500409879238447, 56.532349683555587 ], [ 23.500503156537128, 56.532364018260523 ], [ 23.500691265893533, 56.532420969095035 ], [ 23.500962379280981, 56.532518392996032 ], [ 23.501450345036293, 56.532696965530164 ], [ 23.502068846010392, 56.532892114990062 ], [ 23.502640116021535, 56.533089079454463 ], [ 23.503179125828261, 56.533253800650144 ], [ 23.503233791343895, 56.533284448964388 ], [ 23.503269262892918, 56.533304335522089 ], [ 23.503330110922128, 56.533372816221657 ], [ 23.503332981295774, 56.533431030664644 ], [ 23.503303453947652, 56.533467037631119 ], [ 23.503204870232764, 56.533506783673261 ], [ 23.503124180509303, 56.533566670295713 ], [ 23.503079705867091, 56.533634730027011 ], [ 23.503086363969295, 56.533680917065666 ], [ 23.503067706061795, 56.53371897542101 ], [ 23.503009097121772, 56.533756873134458 ], [ 23.502899537296916, 56.533802596321628 ], [ 23.502808030764015, 56.533856418201012 ], [ 23.502767396011645, 56.533908437342788 ], [ 23.502770134093318, 56.533976685827362 ], [ 23.502758186080474, 56.534056917212084 ], [ 23.502735737795902, 56.534107002005413 ], [ 23.502669758532051, 56.534152898438968 ], [ 23.50259943844781, 56.53425296625052 ], [ 23.502598991293127, 56.534287083225088 ], [ 23.502620493000368, 56.534309245482532 ], [ 23.502649390443697, 56.534321403667661 ], [ 23.502693000453405, 56.534319571070533 ], [ 23.50275132134167, 56.534303748567332 ], [ 23.502794903406272, 56.534303922914461 ], [ 23.502859962663251, 56.534328266455596 ], [ 23.502903019008286, 56.534368578700288 ], [ 23.502887834969492, 56.534418692570789 ], [ 23.502810958969725, 56.534464545495865 ], [ 23.502708477048209, 56.534524344671965 ], [ 23.502627891198195, 56.53457620391621 ], [ 23.502591222277537, 56.534620315615584 ], [ 23.502590414089358, 56.534664361485561 ], [ 23.502585414129165, 56.534768703954271 ], [ 23.502610337819679, 56.534806936638681 ], [ 23.502675371517064, 56.534833287262167 ], [ 23.502733035786662, 56.534867636734909 ], [ 23.502815492687571, 56.53495025285747 ], [ 23.502933507820369, 56.535091213189801 ], [ 23.50300817560122, 56.53521393806237 ], [ 23.503125719287485, 56.535391022165989 ], [ 23.503228868120019, 56.535558014061777 ], [ 23.503263717713782, 56.535670544163914 ], [ 23.503342676591686, 56.535743110483772 ], [ 23.503407187156469, 56.535809598653039 ], [ 23.503446324645861, 56.535871971244347 ], [ 23.503503387279835, 56.535952478347077 ], [ 23.503549449929761, 56.536040969852131 ], [ 23.503642701368079, 56.536131656878752 ], [ 23.503776302136252, 56.536192399456752 ], [ 23.503920877307209, 56.536247164416743 ], [ 23.504159494511924, 56.536332409857479 ], [ 23.50424635032287, 56.536356840501597 ], [ 23.504294313940413, 56.536373915974004 ], [ 23.50450284856732, 56.536443951656416 ], [ 23.504604540668637, 56.536464638140195 ], [ 23.504647941849743, 56.536478859848579 ], [ 23.504680369138306, 56.536499059084285 ], [ 23.504719956339947, 56.536527314306177 ], [ 23.504792231273729, 56.536555700647533 ], [ 23.504872059027644, 56.536562039033896 ], [ 23.504890274416923, 56.536566715143081 ], [ 23.505118865562924, 56.536625351342707 ], [ 23.505321161295658, 56.536662169236671 ], [ 23.505480609836074, 56.536690902077581 ], [ 23.505607498288203, 56.536709468858575 ], [ 23.505701672872448, 56.536729913408976 ], [ 23.505781395809393, 56.536754576950187 ], [ 23.505948462910773, 56.536820534445276 ], [ 23.50612533467276, 56.536876188854016 ], [ 23.506180742328972, 56.536893622894425 ], [ 23.50633224108568, 56.53696123581382 ], [ 23.506499354746172, 56.537023756255891 ], [ 23.506877208010089, 56.53714209476415 ], [ 23.507131237198681, 56.537216986404111 ], [ 23.507196415239157, 56.537235659929237 ], [ 23.507295443628767, 56.537264029582481 ], [ 23.50751497918289, 56.537361120440238 ], [ 23.507784469458272, 56.537442944974927 ], [ 23.507901743803689, 56.537512139127855 ], [ 23.508012088017388, 56.537636287788636 ], [ 23.5080849368412, 56.537774034825127 ], [ 23.508111165368231, 56.537909878640036 ], [ 23.50810694121358, 56.537995774179393 ], [ 23.508028531007568, 56.538047010316639 ], [ 23.507900320527355, 56.538101486646021 ], [ 23.507875063969685, 56.538130596371197 ], [ 23.507893343493933, 56.538159878458472 ], [ 23.507936679094716, 56.538175513773268 ], [ 23.507989588150572, 56.538172286720773 ], [ 23.508061177809314, 56.538167415782667 ], [ 23.508104624847878, 56.53817446070375 ], [ 23.508160265831307, 56.53820045410616 ], [ 23.508221747788937, 56.538255681207062 ], [ 23.508276697123929, 56.538334936965796 ], [ 23.508350796533243, 56.53837646795396 ], [ 23.508443753272065, 56.538402608817414 ], [ 23.508577026387069, 56.538437499783427 ], [ 23.508666785493627, 56.538470501715437 ], [ 23.508731533286394, 56.538513713304766 ], [ 23.508817472072515, 56.538601682066862 ], [ 23.508927731852303, 56.538732703423328 ], [ 23.508976443181169, 56.538813652911507 ], [ 23.508991214712527, 56.538873849379939 ], [ 23.508968689462115, 56.538932179823618 ], [ 23.508927484776763, 56.538992155162546 ], [ 23.508889388944187, 56.53905214277048 ], [ 23.50882603648439, 56.539141240279655 ], [ 23.508803334494964, 56.539213316849406 ], [ 23.508874103186191, 56.539272015901147 ], [ 23.508954624837425, 56.539298107240889 ], [ 23.509041609153567, 56.539305323811995 ], [ 23.509135125937, 56.53928851159224 ], [ 23.509219445733798, 56.539261352624166 ], [ 23.509287994960872, 56.539251313788562 ], [ 23.509368848474274, 56.53925163294948 ], [ 23.5095366657185, 56.539260885996754 ], [ 23.509691799557302, 56.539288989928188 ], [ 23.509818857286156, 56.539323855930107 ], [ 23.509945515827262, 56.539389647730893 ], [ 23.509991563295749, 56.539436221413837 ], [ 23.509981657704724, 56.539480856722264 ], [ 23.509962488345781, 56.539520300326906 ], [ 23.509878101925437, 56.539552613819581 ], [ 23.509790338332358, 56.539605532870581 ], [ 23.509665657627544, 56.539627377838954 ], [ 23.509587734683485, 56.539640816390865 ], [ 23.509534335099982, 56.53968184357057 ], [ 23.509493417604876, 56.539719483493826 ], [ 23.509465029935733, 56.539750298973921 ], [ 23.509420936615033, 56.53979308062469 ], [ 23.509383196204663, 56.539825578766006 ], [ 23.509370291835108, 56.539861610517292 ], [ 23.509369714198414, 56.539906281694641 ], [ 23.509399633801326, 56.539997466290039 ], [ 23.509436152587263, 56.540059466316372 ], [ 23.509522474052588, 56.540118227261452 ], [ 23.509703401148862, 56.540196261575304 ], [ 23.509901100933728, 56.540300134969542 ], [ 23.510111285800956, 56.540400620761467 ], [ 23.510272023604102, 56.540476855976877 ], [ 23.510489006612371, 56.540532694455997 ], [ 23.510904669367974, 56.54061680545302 ], [ 23.511567795116537, 56.540744843307152 ], [ 23.511761756719672, 56.54077739257653 ], [ 23.511969201983533, 56.540798394874273 ], [ 23.512145925360304, 56.540811304503393 ], [ 23.512179081620253, 56.540813726515616 ], [ 23.512389041336966, 56.540822840094883 ], [ 23.512662772492018, 56.540832203350206 ], [ 23.512894930131722, 56.540854480619039 ], [ 23.513134252329717, 56.540886953924691 ], [ 23.513239658603155, 56.540896640297973 ], [ 23.51339911722393, 56.540900314772564 ], [ 23.513558574250592, 56.540903989036259 ], [ 23.513750493316014, 56.540890294093423 ], [ 23.513899795918313, 56.540863538867548 ], [ 23.514041915663363, 56.540825463039724 ], [ 23.514096442961069, 56.540802025076459 ], [ 23.51415987491454, 56.540751815493884 ], [ 23.514186144812935, 56.540706191768976 ], [ 23.514206838402842, 56.540660571401844 ], [ 23.514213539517225, 56.540600654466594 ], [ 23.51424404535453, 56.540558595175384 ], [ 23.51428502038921, 56.540534708861173 ], [ 23.514326683153318, 56.540519595675846 ], [ 23.514462983406396, 56.540483370751772 ], [ 23.514669168193315, 56.540428988198251 ], [ 23.514806457995299, 56.540405872132901 ], [ 23.514951924412067, 56.540412747704337 ], [ 23.515119900543791, 56.54044493787427 ], [ 23.515362963527014, 56.540523652795919 ], [ 23.515639161256306, 56.540627829329942 ], [ 23.515843555112998, 56.540734368772625 ], [ 23.516019175228699, 56.54084608309703 ], [ 23.516350771986726, 56.541109087576721 ], [ 23.516531112038244, 56.541226106776456 ], [ 23.516763783374888, 56.541367121323361 ], [ 23.517276173525705, 56.541712776973213 ], [ 23.517593600456816, 56.541962505369874 ], [ 23.517739983764553, 56.542116400831922 ], [ 23.517857859648341, 56.542254324707208 ], [ 23.517917675797815, 56.542468507362145 ], [ 23.51789046875539, 56.542615393593991 ], [ 23.517812004428354, 56.542807577377793 ], [ 23.517689286439815, 56.542992590664404 ], [ 23.517598906945004, 56.543125231506771 ], [ 23.517502326211769, 56.543247349188093 ], [ 23.517487608867032, 56.54340828309288 ], [ 23.517585675199477, 56.54366764800897 ], [ 23.517697479140139, 56.543843071252276 ], [ 23.517785102051789, 56.543927406061805 ], [ 23.517961146204733, 56.544033082651467 ], [ 23.518092670358492, 56.544152584806795 ], [ 23.518160844238956, 56.544271842184834 ], [ 23.518182639278734, 56.544394482935807 ], [ 23.518166989986575, 56.544440496330459 ], [ 23.518132021329652, 56.544465246326759 ], [ 23.518038999959401, 56.544503182080732 ], [ 23.517936374470391, 56.544549205000955 ], [ 23.517869456272425, 56.544580443449682 ], [ 23.517799525654723, 56.544599421917461 ], [ 23.517707175970958, 56.544637561276872 ], [ 23.51764012393814, 56.544679298105223 ], [ 23.517601556609016, 56.54472289557259 ], [ 23.517588396707449, 56.544761342116196 ], [ 23.517594154175164, 56.544806861717234 ], [ 23.517647245669814, 56.544866564284078 ], [ 23.517738326389743, 56.544928164345123 ], [ 23.51785180432914, 56.544972351640816 ], [ 23.517984597060174, 56.54499211540999 ], [ 23.518026087512904, 56.545001330629212 ], [ 23.518088839766968, 56.545015268636355 ], [ 23.518316593853864, 56.545040649649721 ], [ 23.51861416994484, 56.545055801619405 ], [ 23.518816940406627, 56.545053086380548 ], [ 23.518994880174148, 56.545010027891799 ], [ 23.519084037645339, 56.544973625365841 ], [ 23.519151332603286, 56.544912639000692 ], [ 23.519190120122925, 56.54485154324157 ], [ 23.519197343250624, 56.544781574711685 ], [ 23.519160063991482, 56.544723684109897 ], [ 23.519113082853142, 56.544681505396191 ], [ 23.519100030772869, 56.544645111725252 ], [ 23.519138511473425, 56.544616545946504 ], [ 23.519266819412962, 56.544609384900454 ], [ 23.519447009401862, 56.544610081587876 ], [ 23.519537268731284, 56.544620761483856 ], [ 23.519547353300958, 56.54462195493884 ], [ 23.519643746888608, 56.544672099421462 ], [ 23.519710383140122, 56.544729311788572 ], [ 23.519742878016682, 56.54478980804604 ], [ 23.519770013436951, 56.544898406945329 ], [ 23.519777045816543, 56.544968429676395 ], [ 23.519776137629254, 56.545040171868159 ], [ 23.519776806880259, 56.545107300440243 ], [ 23.519780349013075, 56.545173218248486 ], [ 23.519795614876223, 56.545199120476397 ], [ 23.519830122766628, 56.545210740161338 ], [ 23.519906357393314, 56.545211034599014 ], [ 23.519993809871579, 56.54519199502856 ], [ 23.520038805565001, 56.545185552742396 ], [ 23.520102510750828, 56.545157800100895 ], [ 23.520185510130993, 56.545107373722708 ], [ 23.520265851843874, 56.545016689293234 ], [ 23.520311149112402, 56.544941618119822 ], [ 23.520315135791812, 56.544876887450378 ], [ 23.52033513624156, 56.544798219278142 ], [ 23.52037994639695, 56.544761644702213 ], [ 23.520453198856199, 56.54473042934179 ], [ 23.520532498064849, 56.544721985437029 ], [ 23.520627480817414, 56.544725852015951 ], [ 23.520725454744515, 56.54474372844831 ], [ 23.520810426832476, 56.544787803133858 ], [ 23.520882395573739, 56.544858076991012 ], [ 23.520906852467526, 56.544928166809065 ], [ 23.520902667907798, 56.545008645261397 ], [ 23.520885151452397, 56.545141570122773 ], [ 23.520844421391658, 56.545356650217897 ], [ 23.520845445557491, 56.545526393992084 ], [ 23.520873356569631, 56.545573748050437 ], [ 23.520933099821978, 56.545608976521102 ], [ 23.521046693987838, 56.545644412448453 ], [ 23.521286903734538, 56.545687334655696 ], [ 23.52150518509341, 56.545710924095594 ], [ 23.521621946572115, 56.545746370787555 ], [ 23.521845017476409, 56.545892470490706 ], [ 23.521916837490139, 56.545974991410219 ], [ 23.521928626176745, 56.546045033188243 ], [ 23.521918285465709, 56.546111488693199 ], [ 23.521882117779917, 56.546216343360328 ], [ 23.521877443239458, 56.546226681548866 ], [ 23.521856048185008, 56.546273989483197 ], [ 23.521874083283741, 56.54635105403333 ], [ 23.52192703092971, 56.546423003336912 ] ] ] } },
{ "type": "Feature", "properties": { "fid": 577, "nosaukums": "Govainis", "garums": 1447, "posmaID": null, "gadsAvotos": null, "regulets1940": true, "kolhozs": null, "udenskratuve": null, "piezimes": null }, "geometry": { "type": "MultiLineString", "coordinates": [ [ [ 23.280476960621719, 56.492947302290567 ], [ 23.280756707120759, 56.492929602180574 ], [ 23.280956108696554, 56.492939036750904 ], [ 23.281110295318612, 56.492964769555137 ], [ 23.281209188111617, 56.493012262514284 ], [ 23.281297423268597, 56.493095575124265 ], [ 23.281650212938317, 56.493437102358016 ], [ 23.28394857280545, 56.495652897668627 ], [ 23.284154589289049, 56.495841768447342 ], [ 23.284273241057534, 56.495900413817552 ], [ 23.284382435848642, 56.495931403330758 ], [ 23.284601863318706, 56.495938187320213 ], [ 23.286551196079351, 56.496029440522676 ], [ 23.286675463081568, 56.496054994506878 ], [ 23.286744486644658, 56.496099551424564 ], [ 23.28733141105544, 56.496732212666736 ], [ 23.287335520695564, 56.496779156842962 ], [ 23.287174222672444, 56.497131518551996 ], [ 23.287163155035987, 56.497189415777981 ], [ 23.287181665176494, 56.497266803876002 ], [ 23.287989966309318, 56.499402200428555 ], [ 23.288094882898314, 56.499662246700993 ], [ 23.288133767355362, 56.499717670206529 ], [ 23.288222498438785, 56.499776139349208 ], [ 23.290408792227918, 56.500818146400313 ], [ 23.292258293656317, 56.501728473757844 ], [ 23.292417361193532, 56.501762500253477 ], [ 23.292537123271121, 56.501763182332375 ], [ 23.29272721052611, 56.501739424410061 ], [ 23.293824097550875, 56.501527620153283 ], [ 23.293983883564476, 56.501523008284529 ] ] ] } },
{ "type": "Feature", "properties": { "fid": 578, "nosaukums": "Govainis", "garums": 10160, "posmaID": 29, "gadsAvotos": 1957, "regulets1940": true, "kolhozs": "Penkule", "udenskratuve": null, "piezimes": null }, "geometry": { "type": "MultiLineString", "coordinates": [ [ [ 23.148458226171758, 56.459778676629043 ], [ 23.149986620982897, 56.45995953801485 ], [ 23.150089675432763, 56.459975548916759 ], [ 23.150185423977458, 56.459997745973396 ], [ 23.150887842261604, 56.460250501641667 ], [ 23.151592200169326, 56.460503947581294 ], [ 23.151766410821498, 56.460589034867105 ], [ 23.151885473033595, 56.460665213352357 ], [ 23.152299536760058, 56.461002484203625 ], [ 23.152392742439545, 56.461055377111315 ], [ 23.153534371229629, 56.461361774479876 ], [ 23.153715349314485, 56.4614291999739 ], [ 23.153827044861401, 56.461499637265824 ], [ 23.153860638380017, 56.461536545160229 ], [ 23.153905669521677, 56.461586021454067 ], [ 23.15395298304513, 56.461668539961558 ], [ 23.153967347124539, 56.461759337893135 ], [ 23.153952970470794, 56.461853340659779 ], [ 23.153895682170539, 56.462127316313605 ], [ 23.15388723117638, 56.462185079435017 ], [ 23.15389256628367, 56.462221395810296 ], [ 23.153915446069096, 56.462251595504561 ], [ 23.153963806339604, 56.462287071214206 ], [ 23.156310740104797, 56.463530319600878 ], [ 23.156423353402889, 56.463577567763764 ], [ 23.15661255034167, 56.463634406973235 ], [ 23.156791888678391, 56.463674171902511 ], [ 23.158474391820977, 56.463920309227632 ], [ 23.158541197187652, 56.463930081781371 ], [ 23.158608102963495, 56.463939571963245 ], [ 23.158785013342481, 56.463964666286834 ], [ 23.161598433581752, 56.464666159851433 ], [ 23.165780132666544, 56.466108956917381 ], [ 23.167089855299576, 56.466567828696711 ], [ 23.16837364915186, 56.467017592003508 ], [ 23.170940365687372, 56.467253871394661 ], [ 23.17199919306838, 56.467319839159408 ], [ 23.173143949698897, 56.467348369673992 ], [ 23.173719900591749, 56.467317441417364 ], [ 23.174084670472194, 56.46729956219145 ], [ 23.174403171688091, 56.467272575608078 ], [ 23.174540021083434, 56.46724333128531 ], [ 23.176159402180229, 56.466239852915116 ], [ 23.17633759259574, 56.46621013160766 ], [ 23.176769906147356, 56.466325196919556 ], [ 23.177784096923549, 56.466611637220154 ], [ 23.17778462446427, 56.466611785366013 ], [ 23.177785155270072, 56.466611932635018 ], [ 23.178369610376482, 56.466773788064579 ], [ 23.178373886943586, 56.466774925964948 ], [ 23.178378228431285, 56.466775988823919 ], [ 23.178635798206813, 56.46683637782526 ], [ 23.178641123934288, 56.466837561290632 ], [ 23.178646528418096, 56.4668386302736 ], [ 23.178767266215051, 56.466861089036506 ], [ 23.17885375674971, 56.466920194077993 ], [ 23.179152613551601, 56.46762895613039 ], [ 23.178958097595011, 56.467916687284443 ], [ 23.1789386437354, 56.467971850890812 ], [ 23.178937904068821, 56.468002514099624 ], [ 23.178951932395417, 56.468032388181484 ], [ 23.179017934029282, 56.468090357613022 ], [ 23.179164610569455, 56.468206392471835 ], [ 23.179318049497663, 56.468292352711522 ], [ 23.179513835218337, 56.468399235651731 ], [ 23.179916214094764, 56.468565692485882 ], [ 23.18017622254024, 56.468643217211124 ], [ 23.185757655649098, 56.469358829278164 ], [ 23.186649820635733, 56.470011072532351 ], [ 23.186815099087756, 56.470116390902533 ], [ 23.186939689514364, 56.470180153856703 ], [ 23.187035556924581, 56.470214624786301 ], [ 23.187141395901904, 56.470240361392953 ], [ 23.187277945434136, 56.470259529917193 ], [ 23.187388007616569, 56.470259234994856 ], [ 23.187479401602253, 56.470245619427892 ], [ 23.187628400429528, 56.470197183479698 ], [ 23.187825632900743, 56.470123343512611 ], [ 23.188006397062264, 56.470018935921722 ], [ 23.188068122985907, 56.469973144295054 ], [ 23.188272293281265, 56.469821679742608 ], [ 23.188423969346843, 56.469681101622726 ], [ 23.18914219316731, 56.469007775828366 ], [ 23.189169031193245, 56.468982615388747 ], [ 23.189195869183639, 56.468957454943165 ], [ 23.189251521001662, 56.468905279934091 ], [ 23.189395250287852, 56.468827577846227 ], [ 23.192128953639187, 56.468953425257929 ], [ 23.192425883312453, 56.468952676716768 ], [ 23.193614447564951, 56.468764590882351 ], [ 23.197149786117102, 56.469540419013221 ], [ 23.198176461294896, 56.469607355019278 ], [ 23.199148981564981, 56.469646176228224 ], [ 23.199909768012176, 56.469569150196513 ], [ 23.200400053987831, 56.469555920525792 ], [ 23.200632817020161, 56.469603600954414 ], [ 23.200682469303235, 56.469613772206557 ], [ 23.200732121613012, 56.469623943438926 ], [ 23.200822564511697, 56.469642469623601 ], [ 23.200959418131688, 56.46967968138982 ], [ 23.201290581321555, 56.469872986294853 ], [ 23.201533909816046, 56.470028538264401 ], [ 23.204583325709923, 56.470981187009485 ], [ 23.20551169320969, 56.471320989847108 ], [ 23.205715526915792, 56.471522460686415 ], [ 23.206284645801603, 56.472126926351741 ], [ 23.206776722172759, 56.472643495083275 ], [ 23.2068501509846, 56.472716225374725 ], [ 23.206971050172204, 56.47278128407477 ], [ 23.20807060781587, 56.472968992272818 ], [ 23.208660203219022, 56.473110393113615 ], [ 23.209302949141652, 56.473257126814744 ], [ 23.209930958809501, 56.473403134487874 ], [ 23.212669113182688, 56.474882155574257 ], [ 23.213856964159525, 56.475508299182508 ], [ 23.215957851754698, 56.475964982932254 ], [ 23.218025921949593, 56.476134094898633 ], [ 23.218377277607726, 56.476224523747767 ], [ 23.218424742707853, 56.476254715070674 ], [ 23.218595137898848, 56.476363098243695 ], [ 23.219304015896022, 56.477915276000729 ], [ 23.219392031319487, 56.478046340059294 ], [ 23.219650999005395, 56.478267301652195 ], [ 23.219828395634416, 56.478324817781697 ], [ 23.220723961609036, 56.478361432175788 ], [ 23.221740543541404, 56.478431737786543 ], [ 23.224072221688655, 56.47936281153838 ], [ 23.224986299430846, 56.479743643797633 ], [ 23.226753194245191, 56.480479743393303 ], [ 23.228874578269437, 56.480976472874815 ], [ 23.228964285568658, 56.480997476914943 ], [ 23.229012898064354, 56.481008859372821 ], [ 23.229061512212738, 56.481020241821852 ], [ 23.229206451465764, 56.481054178600367 ], [ 23.229384251277928, 56.481140976712389 ], [ 23.229701713430018, 56.481361760602738 ], [ 23.230054626575512, 56.481703610229445 ], [ 23.230264711118647, 56.481781879607048 ], [ 23.230532851969837, 56.481830391214601 ], [ 23.231713972699652, 56.481859997871361 ], [ 23.233350149674401, 56.481908347225755 ], [ 23.233626575385525, 56.481814383106276 ], [ 23.233914861040468, 56.481613703828103 ], [ 23.234227633576594, 56.481398115865431 ], [ 23.234449995258736, 56.481317500024545 ], [ 23.234727983057052, 56.48132757973287 ], [ 23.237101711414446, 56.482109720821086 ], [ 23.237515623767454, 56.482244583601968 ], [ 23.237636866949153, 56.482289056621006 ], [ 23.238102775218699, 56.482701374884201 ], [ 23.238216200895391, 56.482777602872396 ], [ 23.238323157823764, 56.48281801191591 ], [ 23.23846627322218, 56.482846716500077 ], [ 23.238945043251512, 56.482888759251786 ], [ 23.239021933967297, 56.482895511509092 ], [ 23.239098824710844, 56.482902263718877 ], [ 23.23914760416125, 56.48290654721459 ], [ 23.240666406216505, 56.483122560849765 ], [ 23.241261620191271, 56.483177877717495 ], [ 23.241690579840057, 56.483283855818591 ], [ 23.241847511740048, 56.483340468679593 ], [ 23.241911373110259, 56.483380612422394 ], [ 23.242101267020175, 56.483946268492488 ], [ 23.242157152995969, 56.484026116441484 ], [ 23.242228277883488, 56.48406232867324 ], [ 23.242299642164369, 56.484086616241591 ], [ 23.24333261367418, 56.484168445195429 ], [ 23.245276604572531, 56.484323385833839 ], [ 23.246343776716369, 56.484492854825127 ], [ 23.24660840181836, 56.48455408983984 ], [ 23.249128089297361, 56.48539224355288 ], [ 23.25026978831535, 56.485792698374794 ], [ 23.25041245381826, 56.485845238535106 ], [ 23.25055566818023, 56.485869954943261 ], [ 23.25072059057333, 56.485886850836827 ], [ 23.250921592119127, 56.485896014603227 ], [ 23.251174058504379, 56.485845857100671 ], [ 23.251542330145959, 56.485752669290314 ], [ 23.253338450613537, 56.485028044117477 ], [ 23.253446758467334, 56.485000868307822 ], [ 23.253633466423199, 56.485005965226279 ], [ 23.255066550303802, 56.485081510118093 ], [ 23.256016393349576, 56.485131571903828 ], [ 23.256186215408224, 56.48514001388817 ], [ 23.256289156329665, 56.485145131601023 ], [ 23.258785784769483, 56.485704676187915 ], [ 23.262326614959424, 56.486516847239429 ], [ 23.262562850361427, 56.486561978676029 ], [ 23.262676720548367, 56.486618309352394 ], [ 23.262711562908397, 56.486674170819185 ], [ 23.2627243140854, 56.486757728904173 ], [ 23.262708325332323, 56.486841115483827 ], [ 23.262531967628366, 56.487042810502246 ], [ 23.262450548211742, 56.487165561443931 ], [ 23.262448311907068, 56.487280833065363 ], [ 23.262489876962011, 56.487360586618742 ], [ 23.262560564923806, 56.487420635717314 ], [ 23.262681391516967, 56.48748893373039 ], [ 23.263429606853983, 56.487811399189667 ], [ 23.263742726801638, 56.487968293496074 ], [ 23.263848418736679, 56.488076253546851 ], [ 23.26389678639336, 56.488175923378911 ], [ 23.263909155835002, 56.488279355502954 ], [ 23.26382589080583, 56.488497504790004 ], [ 23.263644448107165, 56.488961541626978 ], [ 23.263432105713523, 56.489536705040507 ], [ 23.263423535500056, 56.489608209617408 ], [ 23.263465028085953, 56.489691938019114 ], [ 23.263542291396149, 56.489783828006715 ], [ 23.263677265774334, 56.489864134928624 ], [ 23.264240493779582, 56.490094066589485 ], [ 23.26763261876766, 56.49156510567969 ], [ 23.269143361457743, 56.492581992507937 ], [ 23.269473003722233, 56.492797510519914 ], [ 23.270725020727113, 56.493003036248417 ], [ 23.270791210292874, 56.493013901675162 ], [ 23.270857398290001, 56.49302476615884 ], [ 23.273884838632707, 56.493521673927923 ], [ 23.274024584533517, 56.493519730719193 ], [ 23.27461434136718, 56.493467975391475 ], [ 23.280476960621719, 56.492947302290567 ] ] ] } },
{ "type": "Feature", "properties": { "fid": 585, "nosaukums": "Padruvju strauts", "garums": null, "posmaID": null, "gadsAvotos": null, "regulets1940": true, "kolhozs": null, "udenskratuve": false, "piezimes": null }, "geometry": { "type": "MultiLineString", "coordinates": [ [ [ 22.980521673045917, 56.749348677750518 ], [ 22.980526329975259, 56.749386173298603 ], [ 22.980489037760705, 56.749453114954903 ], [ 22.980422796270854, 56.749572022945316 ], [ 22.980288715984589, 56.749673308432129 ], [ 22.980086600667484, 56.749671206139183 ], [ 22.979107460493164, 56.74966101902362 ], [ 22.979071609599405, 56.749666703720834 ], [ 22.978854648161722, 56.749701105552106 ], [ 22.978520683116102, 56.749770205008417 ], [ 22.978474762268423, 56.749789914374531 ], [ 22.978208619284672, 56.74990414302053 ], [ 22.977737569573868, 56.750251853147539 ], [ 22.977569001931929, 56.750727572464569 ], [ 22.977527017516739, 56.75104529549391 ], [ 22.977530819065944, 56.75114680657348 ], [ 22.977584638823895, 56.751605980595109 ], [ 22.977690622171362, 56.752510179690887 ], [ 22.977579146132488, 56.752767271187246 ], [ 22.974865704057372, 56.753048069875973 ], [ 22.973547788020536, 56.753475462114288 ], [ 22.973292976423277, 56.753561886927841 ], [ 22.974496790720995, 56.755481156778885 ], [ 22.974845291087224, 56.755985767723729 ], [ 22.974920270670189, 56.756123537479681 ], [ 22.974910345954346, 56.756166767061934 ], [ 22.974615443399401, 56.756384790390115 ], [ 22.974569550114634, 56.756418719102754 ], [ 22.974523656722461, 56.756452648696225 ], [ 22.974500626557454, 56.756469674343542 ], [ 22.972862250408774, 56.756826342743608 ], [ 22.972443899224615, 56.757332932508099 ], [ 22.971838806032935, 56.758173719986253 ], [ 22.971172524382343, 56.759086378198994 ], [ 22.971103983582005, 56.759428091953232 ], [ 22.971010262822244, 56.760329174111455 ], [ 22.971261869138928, 56.760695468988608 ], [ 22.971568965034564, 56.761000469268339 ], [ 22.971450658371165, 56.761159036071192 ], [ 22.971236347181058, 56.761258452595854 ], [ 22.971031510830205, 56.761347828687434 ], [ 22.970781237054066, 56.761416592079627 ], [ 22.970273013605944, 56.761498403642044 ], [ 22.967875589525264, 56.761770378436026 ], [ 22.967652485725296, 56.761854538712683 ], [ 22.967494215680496, 56.76225796556502 ], [ 22.967518306166394, 56.763060890021954 ], [ 22.967517889671086, 56.763076064841272 ], [ 22.967388422620118, 56.763100288558533 ], [ 22.966811250074198, 56.763123461540303 ], [ 22.964280674908391, 56.763142945324894 ], [ 22.963785372600956, 56.763088238829589 ], [ 22.96316436481213, 56.763255090467936 ], [ 22.963058382321968, 56.764546157687334 ], [ 22.963053552687541, 56.764604980729899 ], [ 22.963051879476502, 56.764665677211582 ], [ 22.962944966456813, 56.764788716584562 ], [ 22.962368346491907, 56.765217211051372 ], [ 22.962890925970864, 56.765944742913049 ], [ 22.96287318375866, 56.765970783146372 ], [ 22.961392537183141, 56.766783351497715 ], [ 22.961233616904874, 56.766839712432365 ], [ 22.960446976538989, 56.766833158249483 ], [ 22.960373556614027, 56.766832546271196 ], [ 22.960320316965337, 56.766860945145112 ], [ 22.958865757855875, 56.768003505712329 ], [ 22.958769122466162, 56.768083457225558 ], [ 22.958767685520108, 56.768135361676507 ], [ 22.958848882153553, 56.768234103504312 ], [ 22.95886810419924, 56.768297716396582 ], [ 22.958813743770925, 56.768366483938905 ], [ 22.957198458608229, 56.769526211139031 ], [ 22.957160697033828, 56.769553321246342 ], [ 22.956946753175632, 56.769701511820543 ], [ 22.956731686105346, 56.769890072195295 ], [ 22.956727846485862, 56.770028483634199 ], [ 22.95675611638136, 56.770144088970703 ], [ 22.957104054949642, 56.770839213701784 ], [ 22.957099736801549, 56.770994925105271 ], [ 22.957054740262866, 56.771104149728714 ], [ 22.956883704830098, 56.771218089223069 ], [ 22.956608730884067, 56.771296547504051 ], [ 22.956334556069901, 56.771346169205465 ], [ 22.956166720587639, 56.771344764741926 ], [ 22.956088428896535, 56.771332013795146 ], [ 22.956037966509879, 56.771323794770176 ], [ 22.955117668213756, 56.770961031732845 ], [ 22.950714907552808, 56.770503353959526 ], [ 22.949875394092491, 56.770449760116584 ], [ 22.948875249803759, 56.771399525189416 ], [ 22.947501166871351, 56.771391935069829 ], [ 22.947275693373062, 56.771394030332182 ], [ 22.947098188207942, 56.771349768885351 ], [ 22.946847555220405, 56.771211731144575 ], [ 22.945968285268886, 56.770672610041714 ], [ 22.944973162065843, 56.770376362514696 ], [ 22.944279329943409, 56.770226574613481 ], [ 22.94324391583514, 56.770417769196129 ], [ 22.942757723978435, 56.770641517502959 ], [ 22.940743791765541, 56.7708922760715 ], [ 22.938925871558823, 56.771177153998622 ], [ 22.938151419568168, 56.771943598429488 ], [ 22.936489138949337, 56.771486655210474 ], [ 22.936160961550826, 56.771395692275902 ], [ 22.935797478087792, 56.771006871636132 ], [ 22.935320253555425, 56.770479320621483 ], [ 22.934963661952992, 56.770103700476511 ], [ 22.934087001318762, 56.768273429908398 ], [ 22.934053038496266, 56.76823875438518 ], [ 22.933648887524072, 56.767826113889484 ], [ 22.933629347544095, 56.76756604478944 ], [ 22.933594095834017, 56.767176923518974 ], [ 22.93229096145496, 56.766622395062662 ], [ 22.931013504459141, 56.766355009237166 ], [ 22.930145110074683, 56.766420337144346 ], [ 22.926535749056381, 56.765588826414422 ], [ 22.925302378370787, 56.764180132842242 ] ] ] } },
{ "type": "Feature", "properties": { "fid": 586, "nosaukums": "Rūšu strauts", "garums": null, "posmaID": null, "gadsAvotos": null, "regulets1940": true, "kolhozs": null, "udenskratuve": false, "piezimes": null }, "geometry": { "type": "MultiLineString", "coordinates": [ [ [ 22.869412803815813, 56.753717982799671 ], [ 22.87258791538455, 56.754337350094815 ], [ 22.872743931184694, 56.754358176177895 ], [ 22.875583721779872, 56.754737210791873 ], [ 22.876608622906335, 56.754878134680013 ], [ 22.881103237454681, 56.755511263944435 ], [ 22.886013421139431, 56.753352877264682 ], [ 22.88700113220083, 56.752931967727328 ], [ 22.888110536869743, 56.751351182749154 ], [ 22.889736887029603, 56.749031334201824 ], [ 22.890269853884572, 56.748259411749828 ], [ 22.891189119171088, 56.746942885005616 ], [ 22.89162792230719, 56.746292596386773 ], [ 22.891720019211782, 56.746239121584608 ], [ 22.892375213108846, 56.746063986574669 ], [ 22.893616845263928, 56.745812608775999 ], [ 22.894270265824105, 56.745670008051349 ], [ 22.894741140946824, 56.745606314091873 ], [ 22.895030406460577, 56.745570339842423 ], [ 22.895082884327927, 56.745562482555542 ], [ 22.895135310837325, 56.745554034508395 ], [ 22.895408121906655, 56.74551007098183 ], [ 22.895681729254793, 56.745462630615137 ], [ 22.896213925977005, 56.74559879583822 ], [ 22.897057392788025, 56.745810226783611 ], [ 22.897366934510305, 56.745944408188869 ], [ 22.898524099335393, 56.745152920997207 ], [ 22.898562396668996, 56.744804668994028 ], [ 22.89857306705445, 56.744728340941286 ], [ 22.899379750018252, 56.744334252102561 ], [ 22.900173120295189, 56.744260931708908 ], [ 22.903102881973293, 56.743460337374266 ], [ 22.904605877269322, 56.742397521398537 ], [ 22.905230368306228, 56.741955901317027 ], [ 22.907764274992118, 56.739964277278858 ], [ 22.907790006204269, 56.739944051259947 ], [ 22.908455411018942, 56.739381527657571 ], [ 22.908538978748254, 56.738589923920685 ], [ 22.908327023051072, 56.738340733306373 ], [ 22.908217854787743, 56.737283997703038 ], [ 22.907712736755933, 56.736536445402599 ], [ 22.906269685690333, 56.736296367849242 ], [ 22.906261384624472, 56.736164554977961 ], [ 22.906244155475097, 56.735891004811009 ], [ 22.906650319724832, 56.73534130989816 ], [ 22.906683278385504, 56.735137369985466 ], [ 22.906688020823623, 56.735108026798834 ], [ 22.906692763306193, 56.735078681815345 ], [ 22.906093904942949, 56.734613989266855 ], [ 22.906114993498758, 56.734209036064222 ], [ 22.906324990440737, 56.733798967830197 ], [ 22.906508181882273, 56.733669141210022 ], [ 22.906591385683342, 56.733610174272748 ], [ 22.906767784178779, 56.73352570985633 ], [ 22.906837899616345, 56.73350721106975 ], [ 22.906916155846673, 56.733507897307042 ], [ 22.907037472032158, 56.733523295853431 ], [ 22.907278439688643, 56.733611419925936 ], [ 22.907339166477708, 56.733616731102757 ], [ 22.907460898948962, 56.733617798075208 ], [ 22.90771458196112, 56.733567458141522 ], [ 22.907844454005833, 56.733587709737122 ], [ 22.908126406947616, 56.733762202769839 ], [ 22.908221085392029, 56.73379648140503 ], [ 22.90831673176703, 56.733797319066447 ], [ 22.908369734413977, 56.733769112716843 ], [ 22.908784496993967, 56.733562493743705 ], [ 22.9090042278658, 56.73348318347184 ], [ 22.909187793792217, 56.733451341436279 ], [ 22.909490967486828, 56.733412226766617 ], [ 22.909657418327555, 56.733370677480735 ], [ 22.909745199619024, 56.733342774750021 ], [ 22.909789643402153, 56.73330971407902 ], [ 22.909825944779517, 56.733257469410745 ], [ 22.909836437972949, 56.73319544129761 ], [ 22.909840586552662, 56.733052125042214 ], [ 22.909911944090332, 56.732990630087585 ], [ 22.909965772387892, 56.732933759779954 ], [ 22.910276456059336, 56.732716668914982 ], [ 22.910539617880303, 56.732411544904288 ], [ 22.910832939433931, 56.73198760660911 ], [ 22.911063813816551, 56.731547286000598 ], [ 22.911122035279465, 56.730984978931652 ], [ 22.909764040314581, 56.730703871463113 ], [ 22.90943243209065, 56.730240434654377 ], [ 22.911384625863938, 56.729082291901229 ], [ 22.911783935753828, 56.728845387789839 ], [ 22.912836323062205, 56.728451483067644 ], [ 22.913787201828583, 56.728177355245286 ], [ 22.914049575838568, 56.727861679092968 ], [ 22.914434462171538, 56.727641162569377 ], [ 22.915408380584868, 56.727401200829085 ], [ 22.915618681652777, 56.727311675949096 ], [ 22.915622099468624, 56.727192948257041 ], [ 22.915512913199802, 56.726945337205549 ], [ 22.915324211141677, 56.726861477847102 ], [ 22.914973729503537, 56.726718053178544 ], [ 22.914828207475132, 56.726196806925458 ], [ 22.914691571719978, 56.724468144308929 ], [ 22.914675168046106, 56.724423484032677 ], [ 22.914545281089033, 56.724069853050331 ], [ 22.914759974931332, 56.723662171834569 ], [ 22.914831699875403, 56.723529942102189 ], [ 22.914910502566801, 56.723419759090504 ], [ 22.915619595387582, 56.722900919483372 ], [ 22.916300100035791, 56.722660033264148 ], [ 22.91746359689829, 56.722509977190484 ], [ 22.91818749605606, 56.72228633058733 ], [ 22.919713772624164, 56.722235042211217 ], [ 22.921226594665221, 56.722265413810518 ], [ 22.921967864078422, 56.722393190556517 ], [ 22.922130152271215, 56.722616952097233 ], [ 22.922262699142422, 56.722679687208831 ], [ 22.922511789431539, 56.722657968990397 ], [ 22.922909289755381, 56.722505045363427 ], [ 22.923054321217982, 56.722449248716877 ], [ 22.923145044695406, 56.722409323738873 ], [ 22.924430426942255, 56.721902060982622 ], [ 22.924738428549258, 56.721733455670048 ], [ 22.925690556117285, 56.721231049169532 ], [ 22.92624121496263, 56.720934193173647 ], [ 22.926502856956851, 56.720328626325028 ], [ 22.926508612047694, 56.720126624818768 ], [ 22.926520850707025, 56.719697043740169 ], [ 22.926612445178236, 56.719577997097964 ], [ 22.92679333904151, 56.719499592694625 ], [ 22.927816532609903, 56.719522927323304 ], [ 22.929214861812049, 56.718808443062926 ], [ 22.929828295438561, 56.71867623993343 ], [ 22.93027599952503, 56.718563392594533 ], [ 22.93162390775251, 56.717982506787635 ], [ 22.931993055006338, 56.717938286438674 ], [ 22.934355797893282, 56.718071303413765 ], [ 22.934622124614997, 56.718184398077696 ], [ 22.936152426375529, 56.718834209040729 ], [ 22.93678604985238, 56.718969173644851 ], [ 22.937230944414594, 56.719063935509872 ], [ 22.937959892432531, 56.719393142500486 ], [ 22.938445390212788, 56.719628067373435 ], [ 22.938859399402141, 56.719893179654662 ], [ 22.938894167009718, 56.720726533410158 ], [ 22.93895189323219, 56.720880168451373 ], [ 22.9393751451634, 56.721163868343332 ], [ 22.940199039625163, 56.72165898517796 ], [ 22.940204673452122, 56.72166237172479 ], [ 22.940257236108373, 56.721677621531626 ], [ 22.942951327064669, 56.722459193003878 ], [ 22.943194427053776, 56.722461254516958 ], [ 22.943449238200316, 56.722422720450098 ], [ 22.943737387194499, 56.722326333312196 ], [ 22.944579250906358, 56.721973912720813 ], [ 22.945005121524485, 56.721867062001543 ], [ 22.945419606320726, 56.721789181038005 ], [ 22.945737176991969, 56.721774427009066 ], [ 22.946011818639533, 56.721782562816536 ], [ 22.946222069798186, 56.721825035022484 ], [ 22.946657223749469, 56.722048658367662 ], [ 22.946992685922805, 56.722150322470497 ], [ 22.9472634828475, 56.722207445113135 ], [ 22.947557123710961, 56.722202793115784 ], [ 22.947677273184503, 56.722187330057984 ], [ 22.947878133233235, 56.722139594913017 ], [ 22.947999047325766, 56.722096676899184 ], [ 22.94831511810607, 56.721938833677868 ], [ 22.948415628332125, 56.721903157095589 ], [ 22.948504403706291, 56.721891731202632 ], [ 22.948891140730019, 56.721901081234989 ], [ 22.94915559908759, 56.721933748021662 ], [ 22.949353561323505, 56.721971940708734 ], [ 22.949529414949925, 56.722009947640679 ], [ 22.949649318584029, 56.722071831691871 ], [ 22.949899332650904, 56.722226122195146 ], [ 22.950070162402877, 56.722318103475686 ], [ 22.950287321205572, 56.722388868817866 ], [ 22.950494326526581, 56.722441621527899 ], [ 22.950497135219496, 56.722442337882697 ], [ 22.9505471965103, 56.722446903959913 ], [ 22.950600348233511, 56.722451752095417 ], [ 22.950809385651489, 56.722470817874118 ], [ 22.9512148093023, 56.722525932214353 ], [ 22.951386824405681, 56.722531687622585 ], [ 22.951489258244848, 56.722506698327017 ], [ 22.951577346332829, 56.722477353885061 ], [ 22.951725065865148, 56.722398572456498 ], [ 22.951869877082054, 56.722321340479553 ], [ 22.952327619954442, 56.722027265225172 ], [ 22.952502131040138, 56.72196322559018 ] ] ] } },
{ "type": "Feature", "properties": { "fid": 587, "nosaukums": "Blīdene", "garums": null, "posmaID": null, "gadsAvotos": null, "regulets1940": true, "kolhozs": null, "udenskratuve": false, "piezimes": null }, "geometry": { "type": "MultiLineString", "coordinates": [ [ [ 22.77423803255866, 56.703895330025858 ], [ 22.773560500805281, 56.704185076688844 ], [ 22.772308056614222, 56.704720663705579 ], [ 22.771918339451432, 56.705899250085096 ], [ 22.770636174050669, 56.70632552845656 ], [ 22.770317038277998, 56.70625516450874 ], [ 22.769887422221025, 56.70640455656892 ], [ 22.769801092823631, 56.706434575808359 ], [ 22.769754332020312, 56.706450836513945 ], [ 22.769707571206091, 56.706467096303548 ], [ 22.769621241523314, 56.706497115416887 ], [ 22.76946387301787, 56.706551836366415 ], [ 22.769667050948176, 56.707467500448686 ], [ 22.770391847064751, 56.708402131004085 ], [ 22.769871406301725, 56.709437556408247 ], [ 22.769815842472614, 56.709446934194446 ], [ 22.769448254187122, 56.709508973120464 ], [ 22.768879448030042, 56.70966189826494 ], [ 22.76880232982726, 56.709682631383508 ], [ 22.768428817993964, 56.709783048175559 ], [ 22.768180972957197, 56.710095953456445 ], [ 22.768092970682122, 56.710412376606726 ], [ 22.768275635112907, 56.710807853754993 ], [ 22.768346515494407, 56.7109238491363 ], [ 22.768449758589689, 56.711092806764306 ], [ 22.768506306484468, 56.711185345014819 ], [ 22.767832472548914, 56.711647471158912 ], [ 22.767695086429445, 56.71176218632943 ], [ 22.76767714484636, 56.711786531824409 ], [ 22.767437490927122, 56.712111732283276 ], [ 22.767352364152899, 56.71220132515446 ], [ 22.767262678768123, 56.712295717438884 ], [ 22.766934323926431, 56.712443367274091 ], [ 22.765397194186587, 56.712776377796892 ], [ 22.764885661307297, 56.713938695921925 ] ] ] } },
{ "type": "Feature", "properties": { "fid": 588, "nosaukums": "Blīdene", "garums": null, "posmaID": null, "gadsAvotos": null, "regulets1940": true, "kolhozs": null, "udenskratuve": false, "piezimes": null }, "geometry": { "type": "MultiLineString", "coordinates": [ [ [ 22.792361590853385, 56.659818248494958 ], [ 22.792329605931776, 56.659867344113408 ], [ 22.792223253647627, 56.660231022338508 ], [ 22.792209743386021, 56.660283110772461 ], [ 22.792188339276695, 56.660335122633079 ], [ 22.791545570284786, 56.661193382604402 ], [ 22.791073799937688, 56.661869875568136 ], [ 22.79103279717253, 56.661917348319349 ], [ 22.790948290592347, 56.661966572960473 ], [ 22.790903921789035, 56.662002476542199 ], [ 22.79093313041318, 56.662076740752006 ], [ 22.79186484438943, 56.663288575000017 ], [ 22.792130628877636, 56.663643042698808 ], [ 22.793155107109325, 56.66500928808712 ], [ 22.793469847762001, 56.665367945950834 ], [ 22.7935463790905, 56.665853900475497 ], [ 22.79355793935941, 56.666975031959026 ], [ 22.79347596938571, 56.667102405375203 ], [ 22.79339216739022, 56.667172716752866 ], [ 22.790224061545697, 56.66861862464269 ], [ 22.786964714625753, 56.670056484223274 ], [ 22.786123493552314, 56.670430103813523 ], [ 22.785994463648763, 56.670516088095205 ], [ 22.785741470253505, 56.67068467348394 ], [ 22.785724751134889, 56.670781833427107 ], [ 22.785748198896101, 56.670898100278514 ], [ 22.785806214250108, 56.670995997880055 ], [ 22.786171413834662, 56.671215488806872 ], [ 22.787210197939487, 56.671674811536782 ], [ 22.787430231985546, 56.671807969922227 ], [ 22.787601612929915, 56.671974338127512 ], [ 22.787736179007418, 56.67244506583269 ], [ 22.787682475747488, 56.672635451221019 ], [ 22.787532694495994, 56.672854847429541 ], [ 22.787042093270014, 56.673193763181779 ], [ 22.786706258190623, 56.673425758631502 ], [ 22.784767242856706, 56.67499226793808 ], [ 22.783651134581497, 56.67587602085591 ], [ 22.783339732089892, 56.676112001624247 ], [ 22.783204206019477, 56.676214702253638 ], [ 22.780797132335131, 56.678038635463764 ], [ 22.780504178524414, 56.678278113317056 ], [ 22.780129373281376, 56.678755027844403 ], [ 22.779958246182677, 56.678972769379961 ], [ 22.779431008605595, 56.679641864956245 ], [ 22.778966891136154, 56.680230831110457 ], [ 22.778334649897747, 56.681094338151382 ], [ 22.777112186628724, 56.682790928585199 ], [ 22.77615151366566, 56.683900742437004 ], [ 22.775695686724617, 56.684430164177137 ], [ 22.775394984327615, 56.684746931706876 ], [ 22.77518151178818, 56.684971804841823 ], [ 22.774376926817158, 56.685666624560511 ], [ 22.773951119451567, 56.686043306999437 ], [ 22.773859920533962, 56.686123981928397 ], [ 22.773788286033813, 56.686159150212092 ], [ 22.773392195786361, 56.686336815310653 ], [ 22.773122178120332, 56.686417765540845 ], [ 22.772678684941638, 56.686600682090585 ], [ 22.772573131807405, 56.686740303827818 ], [ 22.772572243006419, 56.686741478362507 ], [ 22.772509069620309, 56.686891621341452 ] ] ] } },
{ "type": "Feature", "properties": { "fid": 589, "nosaukums": null, "garums": null, "posmaID": null, "gadsAvotos": null, "regulets1940": null, "kolhozs": null, "udenskratuve": null, "piezimes": null }, "geometry": { "type": "MultiLineString", "coordinates": [ [ [ 22.826339220056695, 56.605139969405606 ], [ 22.8239466045057, 56.605057726809456 ], [ 22.823451324986692, 56.605021911609768 ], [ 22.823249482990949, 56.604982643809358 ], [ 22.822789596800508, 56.604788240149048 ], [ 22.822184516154934, 56.604532454313464 ], [ 22.821963222952242, 56.604393367701448 ], [ 22.821822029733156, 56.604217689415222 ], [ 22.82186304096653, 56.603987689295963 ], [ 22.821823743759378, 56.603800522945406 ], [ 22.821683708237394, 56.603622806897548 ], [ 22.821532994214419, 56.603390999796424 ], [ 22.821454476549679, 56.603313319064114 ], [ 22.821316395635979, 56.603132059507494 ], [ 22.821238758825508, 56.603071003487777 ], [ 22.821120086684534, 56.603050685654516 ], [ 22.820867232831294, 56.603029096004036 ], [ 22.82080390964671, 56.602987368728094 ], [ 22.820741609885058, 56.602912747836378 ], [ 22.820738262465234, 56.602860620363124 ], [ 22.820784099229201, 56.602825411192853 ], [ 22.820873723003803, 56.602820777246848 ], [ 22.820983054969432, 56.602821813445829 ], [ 22.8210729332604, 56.602808955274007 ], [ 22.821108916375053, 56.602770910443496 ], [ 22.821114911074591, 56.602738064865534 ], [ 22.821066666035197, 56.60269099627115 ], [ 22.821028532164149, 56.602638539148806 ], [ 22.821034868430878, 56.602594729947882 ], [ 22.821125002270726, 56.602573649464951 ], [ 22.82120613814314, 56.602522322540082 ], [ 22.821212047335269, 56.602492218311518 ], [ 22.821163546359237, 56.6024533729232 ], [ 22.821082564944547, 56.60234018935369 ], [ 22.821053242026682, 56.602164432676396 ], [ 22.820976160127341, 56.602046525827348 ], [ 22.820957775035783, 56.601945320047562 ], [ 22.820910124436217, 56.601664668013555 ], [ 22.820812696232309, 56.601532988555739 ], [ 22.820635562912003, 56.601425459335609 ], [ 22.820357706841339, 56.601292068899113 ], [ 22.820094847768758, 56.60121011438428 ], [ 22.819973963587969, 56.601196794274131 ], [ 22.819723869459114, 56.601169236426436 ], [ 22.819342594154531, 56.601097127242163 ], [ 22.819050935421405, 56.601044547070266 ], [ 22.81857068971112, 56.600890551718585 ], [ 22.818191152350259, 56.600762417162557 ], [ 22.817876944796254, 56.600709611015326 ], [ 22.817847574924077, 56.600708030926121 ], [ 22.817783014153953, 56.600702870195413 ], [ 22.817557701570308, 56.600684858027492 ], [ 22.817432973090142, 56.600662708144924 ], [ 22.817402904850923, 56.600651940622264 ], [ 22.817215220340426, 56.600576781775025 ], [ 22.817090402270576, 56.600543860588949 ], [ 22.817083287347316, 56.600541984290388 ], [ 22.817011161421412, 56.600539202280373 ], [ 22.81698076589371, 56.600538913234239 ], [ 22.816896325789187, 56.600565362972134 ], [ 22.816857609897575, 56.60058805610722 ], [ 22.816776116930111, 56.600641787451572 ], [ 22.816702942541994, 56.600672537426348 ], [ 22.816649814887768, 56.600669935914915 ], [ 22.816533274833311, 56.600628995790501 ], [ 22.816239567383768, 56.600523826486949 ], [ 22.816064852862741, 56.600437587026533 ], [ 22.815720140114376, 56.600278643861643 ], [ 22.815233231377466, 56.600137384409173 ], [ 22.815019165115373, 56.600129119033461 ], [ 22.814907569744197, 56.600090697087971 ], [ 22.814875096481337, 56.600046802348793 ], [ 22.814811335881661, 56.599921665240373 ], [ 22.814644147496505, 56.599857798477522 ], [ 22.814542456917128, 56.599863055960846 ], [ 22.814473043678305, 56.599918441820087 ], [ 22.814491502423646, 56.600049373886769 ], [ 22.81448760328113, 56.600173866401519 ], [ 22.814451231162696, 56.600254464066467 ], [ 22.814278955558855, 56.600352445899212 ], [ 22.813760697449815, 56.600399378101784 ], [ 22.813482848613109, 56.600399731084742 ], [ 22.813252460937473, 56.600353508739289 ], [ 22.813248131351898, 56.600352055920418 ], [ 22.812853792449438, 56.600219726856814 ], [ 22.81258320416627, 56.60018281694942 ], [ 22.812358034908005, 56.600152102935297 ], [ 22.811887840922331, 56.599996670759694 ], [ 22.810214222113625, 56.599798286889452 ], [ 22.809867748821848, 56.599779958139337 ], [ 22.808706517371768, 56.599784974677775 ], [ 22.807939157563805, 56.599691728865139 ], [ 22.807721691900213, 56.599682449768132 ], [ 22.807266330185254, 56.599700701287169 ], [ 22.806577677490306, 56.599701276464423 ], [ 22.80474218226766, 56.600203804520383 ], [ 22.804380827907185, 56.600215902800237 ], [ 22.804233144482094, 56.600248724547676 ], [ 22.804159753080953, 56.600251136814975 ], [ 22.803980886895335, 56.600199605347804 ], [ 22.80372153679053, 56.600197111635048 ], [ 22.803596405785768, 56.600230149497534 ], [ 22.803424790984067, 56.60030633457005 ], [ 22.803283445509862, 56.600317427923841 ], [ 22.803101807124634, 56.600306201463546 ], [ 22.802876064497575, 56.600310255826777 ], [ 22.802162545094763, 56.600489185050328 ], [ 22.802031087912862, 56.600543957658275 ], [ 22.801934256264445, 56.600574157620855 ], [ 22.801770931143086, 56.600566358100714 ], [ 22.801647488493764, 56.600546489566959 ], [ 22.801569727080935, 56.600508381505918 ], [ 22.801458144416682, 56.600469947550991 ], [ 22.80115298046433, 56.600488795333327 ], [ 22.800904190419168, 56.600508194747995 ], [ 22.800700917271293, 56.600515570505436 ], [ 22.800543637660216, 56.600495374661421 ], [ 22.800346392995426, 56.600490363957888 ], [ 22.800055892199655, 56.600516277767788 ], [ 22.79979486613756, 56.600433012926409 ], [ 22.799571857721055, 56.600306133581746 ], [ 22.799391375951096, 56.600273779606248 ], [ 22.796445768615826, 56.601882023939851 ], [ 22.795978390451754, 56.602173499059376 ], [ 22.795923251238513, 56.602207884999302 ], [ 22.794882043243625, 56.602738571389168 ], [ 22.794710758204264, 56.60282430314593 ], [ 22.794138524580188, 56.603110711450746 ], [ 22.793849888608158, 56.603251688917659 ], [ 22.793772962478485, 56.60330893487621 ], [ 22.793401685580427, 56.603765126858534 ], [ 22.792365261436739, 56.605059888706052 ], [ 22.792056115701328, 56.605457098604774 ], [ 22.791954094557255, 56.60558817985892 ], [ 22.791616429624337, 56.606048835876337 ], [ 22.791508156839548, 56.606161118152656 ], [ 22.791478124718537, 56.606192263506635 ], [ 22.791196955661363, 56.606483842273562 ], [ 22.791123892808326, 56.606550322844441 ], [ 22.790841112428264, 56.606807625047551 ], [ 22.790581635676425, 56.607053639073619 ], [ 22.790492404706036, 56.60710369863979 ], [ 22.79022600099621, 56.607253153636634 ], [ 22.790045952733134, 56.60734712731346 ], [ 22.789446873414963, 56.607659802646317 ], [ 22.789192761291716, 56.607798383894554 ], [ 22.789133451653093, 56.607830728955591 ], [ 22.788921527925165, 56.607998499610822 ], [ 22.78874924739609, 56.608147746354902 ], [ 22.788647278933283, 56.608236081845952 ], [ 22.7874714008809, 56.609185636112699 ], [ 22.78715430731727, 56.609470434318688 ], [ 22.78707589815998, 56.609573226604411 ], [ 22.786668090561179, 56.609875779174814 ], [ 22.785902264214837, 56.610450298417149 ], [ 22.785805408224025, 56.610542554873483 ], [ 22.785779292192153, 56.610654141592448 ], [ 22.785874690403983, 56.611075513966334 ], [ 22.786058274988164, 56.611557809457572 ], [ 22.786177101052179, 56.611834429726159 ], [ 22.786469880143091, 56.612191451128993 ], [ 22.787149725242397, 56.612893982097667 ], [ 22.787518349621436, 56.613228957303839 ], [ 22.787597986800751, 56.613308766674557 ], [ 22.787888859762447, 56.613640760237459 ], [ 22.788060514816543, 56.614149617539638 ], [ 22.788421588469589, 56.615219948700677 ], [ 22.786483276081771, 56.617035623078337 ], [ 22.786331473355769, 56.617205608285119 ], [ 22.785610872779035, 56.618504736817812 ], [ 22.784607467059704, 56.618734767206668 ], [ 22.783331095054102, 56.618634105128045 ], [ 22.782701572375284, 56.61858445634747 ], [ 22.782453139037663, 56.618598275761634 ], [ 22.780991061753895, 56.618805297556555 ], [ 22.780364518103866, 56.619098259992825 ], [ 22.778822275159818, 56.619809461171975 ], [ 22.777771980790124, 56.620312363015259 ], [ 22.777615646634189, 56.620389319011785 ], [ 22.776993028475133, 56.620637975618756 ], [ 22.776989184796605, 56.620639510190216 ], [ 22.776919497043018, 56.620671502248477 ], [ 22.776846078692358, 56.62070520694823 ], [ 22.77600788763003, 56.621089993865773 ], [ 22.775934286146942, 56.621084993111531 ], [ 22.775826238507836, 56.621064666731897 ], [ 22.774374004354804, 56.620017491693595 ], [ 22.773524992988758, 56.61878538986668 ], [ 22.77317628002897, 56.617942174060261 ], [ 22.772927751619953, 56.617167843629055 ], [ 22.770516531667166, 56.616743614134791 ], [ 22.769142235987356, 56.617630533198223 ], [ 22.767490518143944, 56.616882347983442 ], [ 22.766685480465071, 56.616517665988844 ], [ 22.766665757661162, 56.61652811397223 ], [ 22.764971079948619, 56.617425815329263 ], [ 22.763982439804835, 56.617949484283329 ], [ 22.760641524975888, 56.619623486555597 ], [ 22.755628498228262, 56.621137957094781 ], [ 22.755383760896173, 56.621233848955931 ], [ 22.755353967025343, 56.621259794875812 ], [ 22.754641726279598, 56.621880019808124 ], [ 22.754617802516229, 56.621900850810846 ], [ 22.754435878409069, 56.622053068472376 ], [ 22.753746339063202, 56.622630009040769 ], [ 22.75259428086779, 56.623598653011655 ], [ 22.752276755668749, 56.623862286385382 ], [ 22.751435623681154, 56.62456063708099 ], [ 22.750804429450501, 56.625084668133766 ], [ 22.750131378679047, 56.625617649587987 ], [ 22.748875592821417, 56.626606116740625 ], [ 22.748748900657841, 56.626682202771583 ], [ 22.748167913210001, 56.626947110216108 ], [ 22.745620663240665, 56.628131410049477 ], [ 22.744907539730065, 56.628349821562367 ], [ 22.744837173893739, 56.628355068882342 ], [ 22.744756530849532, 56.628345324563917 ], [ 22.743025934357011, 56.627655841464595 ], [ 22.74189328851395, 56.627204560357043 ], [ 22.740154454353608, 56.626518314571669 ], [ 22.738058360734062, 56.625740163252928 ], [ 22.737979851405381, 56.62575070604592 ], [ 22.73788831014857, 56.625781521309847 ], [ 22.736040879187801, 56.626834165916677 ], [ 22.735402388212012, 56.627147892961098 ], [ 22.735269671814855, 56.62721310347321 ], [ 22.735203342478769, 56.627228296698846 ], [ 22.734487134037263, 56.627308169205989 ] ] ] } },
{ "type": "Feature", "properties": { "fid": 590, "nosaukums": "Līčupe", "garums": null, "posmaID": null, "gadsAvotos": null, "regulets1940": true, "kolhozs": null, "udenskratuve": false, "piezimes": null }, "geometry": { "type": "MultiLineString", "coordinates": [ [ [ 22.670588700849699, 56.563950228416111 ], [ 22.675061762475902, 56.56442080491415 ], [ 22.6764092120535, 56.5644781503497 ], [ 22.676990223035414, 56.564509052185791 ], [ 22.680002805773114, 56.564669235587388 ], [ 22.680334811701524, 56.564686884490904 ], [ 22.686733629305689, 56.565110472351869 ], [ 22.692938787688522, 56.565540814071369 ], [ 22.693029381116379, 56.565528657242361 ], [ 22.693186468174961, 56.565507585265003 ], [ 22.693876061948483, 56.565383856544237 ], [ 22.694356143505399, 56.565267717751624 ], [ 22.697384283098643, 56.56453510641898 ], [ 22.698210839412958, 56.564335116709671 ], [ 22.700955683488829, 56.56369076832636 ], [ 22.70740176353177, 56.564350741402365 ], [ 22.710811946610129, 56.563654561546329 ], [ 22.714925036194355, 56.562040225921734 ], [ 22.716118690509248, 56.561979509959535 ], [ 22.719014054345823, 56.561861572278232 ], [ 22.720263579741381, 56.56192265383099 ], [ 22.721238549055958, 56.562144713714709 ], [ 22.724446482460579, 56.561525365437404 ], [ 22.726076075629219, 56.56266904378846 ], [ 22.727011039788724, 56.563329326002858 ], [ 22.727035125338279, 56.563346335007623 ], [ 22.727677181663502, 56.563324714898222 ], [ 22.728164260880316, 56.563308311464027 ], [ 22.729670300594048, 56.563257578883061 ], [ 22.730126708448708, 56.56325851347809 ], [ 22.732421603133329, 56.563263188155538 ], [ 22.733055707641242, 56.563247919424434 ], [ 22.734966651003855, 56.5629991192802 ], [ 22.735063451389351, 56.562994583797881 ], [ 22.735136593378645, 56.562999928237197 ], [ 22.736322049008322, 56.563129753389802 ], [ 22.736441712150821, 56.563139250133986 ], [ 22.736566585661521, 56.563142359277307 ], [ 22.739392532424759, 56.563148962766554 ], [ 22.739509434996449, 56.563154833674503 ], [ 22.739553645878242, 56.563159605457869 ], [ 22.739594864285181, 56.563175874611566 ], [ 22.739614876325003, 56.563202017105048 ], [ 22.739618751982398, 56.563242407016347 ], [ 22.739530297918432, 56.563626281039902 ], [ 22.739517896435526, 56.56368523960397 ], [ 22.739519308066861, 56.563721280965616 ], [ 22.739545757380245, 56.563789280537343 ], [ 22.739599350804273, 56.563825850898311 ], [ 22.739678989774525, 56.563864126446013 ], [ 22.739777370004209, 56.563888180905359 ], [ 22.739910102801321, 56.563899613642427 ], [ 22.740307171678317, 56.563889226272416 ], [ 22.74040897720786, 56.563888816507117 ], [ 22.740559876578136, 56.563903314971022 ], [ 22.741537378683127, 56.564019853746309 ], [ 22.741623098022171, 56.564032249967667 ], [ 22.741737183871862, 56.564055020634022 ], [ 22.741963083753667, 56.56412582596294 ], [ 22.742113779938101, 56.564035919616614 ], [ 22.742170200629769, 56.564021656236179 ], [ 22.742270566812692, 56.564021377736509 ], [ 22.744321511111622, 56.564329905458074 ], [ 22.745551371165959, 56.564512849419387 ], [ 22.745678375346738, 56.564526375465498 ], [ 22.74576770128818, 56.564527276590809 ], [ 22.745863639035125, 56.564516770545445 ], [ 22.745941185132615, 56.564496900782849 ], [ 22.746029458157267, 56.564466812741024 ], [ 22.748216617231144, 56.56367997393906 ], [ 22.747923799907099, 56.562762410112448 ], [ 22.74728343385506, 56.561715395441055 ], [ 22.747284307614013, 56.560222287763345 ], [ 22.748003627393693, 56.559429997296071 ], [ 22.748159926567013, 56.559011730578476 ], [ 22.748688589518416, 56.558899825831809 ], [ 22.748958497347903, 56.558791712593646 ], [ 22.749508534608566, 56.558561426885248 ], [ 22.751837382615761, 56.558346431718185 ], [ 22.751923323748805, 56.558315326015354 ], [ 22.752112975646973, 56.558155662172709 ], [ 22.752121753589829, 56.558123781777297 ], [ 22.752074589263202, 56.557678292014877 ], [ 22.752127065123737, 56.557608484446355 ], [ 22.754009583904079, 56.557310565297705 ], [ 22.754208754218666, 56.557240088604601 ], [ 22.754321006902057, 56.55723055725867 ], [ 22.754385903041506, 56.557252528816974 ], [ 22.755031431001647, 56.557704458602437 ], [ 22.755049063097463, 56.557716802607196 ], [ 22.755133531137034, 56.557730434045602 ], [ 22.755233994597351, 56.557727172126043 ], [ 22.755882083329332, 56.557674035266615 ], [ 22.75592495471178, 56.557661678689733 ], [ 22.75594466484603, 56.557649081344216 ], [ 22.756467263086591, 56.557014904110765 ], [ 22.756807481885563, 56.556616679039536 ], [ 22.756862421394192, 56.556589518807755 ], [ 22.756924495051443, 56.556579483342567 ], [ 22.757903413746146, 56.556541071602339 ], [ 22.757992661867419, 56.556537569626407 ], [ 22.758081911629066, 56.556534066704344 ], [ 22.758611289306767, 56.556513290399415 ], [ 22.758743817208494, 56.556535872106068 ], [ 22.759483093571454, 56.556678580836348 ], [ 22.76022786138677, 56.556822343518725 ], [ 22.760603802792659, 56.556894909599897 ], [ 22.760659416963822, 56.556910996323573 ], [ 22.760707366867475, 56.556933885501472 ], [ 22.760740296156811, 56.556961107524394 ], [ 22.760774186572192, 56.557000290905677 ], [ 22.76080458198269, 56.557022258409056 ], [ 22.761002308551735, 56.557156827318771 ], [ 22.761054817832054, 56.557192563561301 ], [ 22.761550943060371, 56.557530210692207 ], [ 22.761611994280475, 56.557567323820152 ], [ 22.761701145693007, 56.557613968619371 ], [ 22.761865467655774, 56.557704527523597 ], [ 22.76187894025788, 56.557722791536072 ], [ 22.761878404717134, 56.557739190030063 ], [ 22.761800213094304, 56.557979279887284 ], [ 22.761805533675133, 56.558007822364473 ], [ 22.761832792339074, 56.558034857324458 ], [ 22.761866640056532, 56.558051597351593 ], [ 22.761899234730194, 56.55805882869489 ], [ 22.762053648620746, 56.558069862583771 ], [ 22.762118922608362, 56.558081736542725 ], [ 22.76217129899565, 56.558105567708552 ], [ 22.762387777085721, 56.558226862476282 ], [ 22.762475339746342, 56.558274353440822 ], [ 22.762549230664217, 56.558309621704119 ], [ 22.762609449700548, 56.558332668188399 ], [ 22.762801276043486, 56.558395010087047 ], [ 22.762853765936399, 56.558415389172623 ], [ 22.763371519572559, 56.558646731940641 ], [ 22.763627808083886, 56.558745974286339 ], [ 22.764346089222855, 56.559012977174014 ], [ 22.764496258026441, 56.559058498554535 ], [ 22.764601719671656, 56.559084583124559 ], [ 22.764746420318257, 56.559110980211415 ], [ 22.766084936162923, 56.559268838211004 ], [ 22.766238374170481, 56.559319292998751 ], [ 22.766404624543501, 56.559384547138571 ], [ 22.766483229704292, 56.559419577674198 ], [ 22.766755339879261, 56.559864507116401 ], [ 22.766846917607751, 56.559909450695812 ], [ 22.767925003092195, 56.560003321913953 ], [ 22.768281719639777, 56.560006389284155 ], [ 22.768381484935386, 56.560004427886533 ], [ 22.768530001266818, 56.560001508124664 ], [ 22.768614083203353, 56.560004784851699 ], [ 22.769245106846643, 56.560084431232049 ], [ 22.769460760279934, 56.560088704315852 ], [ 22.769634377910894, 56.560081150159526 ], [ 22.769831666982757, 56.560088744984455 ], [ 22.770007733031182, 56.560120568563136 ], [ 22.770223793968757, 56.560196553142411 ], [ 22.770388489094941, 56.560283494110863 ], [ 22.770477454314864, 56.560409147790978 ], [ 22.770533530341176, 56.560456181422367 ], [ 22.770625685187362, 56.560484011583313 ], [ 22.771091264779997, 56.560626075043473 ], [ 22.771293621339208, 56.560662163926473 ], [ 22.771444828691177, 56.560666353683139 ], [ 22.771626363589224, 56.560638497135201 ], [ 22.771988979872358, 56.560596256171031 ], [ 22.772135219827131, 56.56060309150476 ], [ 22.773251157156032, 56.560754146819221 ], [ 22.773420125204844, 56.560812410027836 ], [ 22.773724979302735, 56.561003471907142 ], [ 22.773883404470475, 56.561085898786487 ], [ 22.774109261723655, 56.561136105520738 ], [ 22.774221414933663, 56.561139906800506 ], [ 22.774427001703501, 56.561123065212563 ], [ 22.774629276179589, 56.561057672013376 ], [ 22.774741951799633, 56.561045305098162 ], [ 22.774902921129666, 56.561049586842614 ], [ 22.775038880936844, 56.561072490322857 ], [ 22.775319993768345, 56.561207865159247 ] ] ] } },
{ "type": "Feature", "properties": { "fid": 591, "nosaukums": "Auce", "garums": null, "posmaID": null, "gadsAvotos": null, "regulets1940": true, "kolhozs": null, "udenskratuve": false, "piezimes": null }, "geometry": { "type": "MultiLineString", "coordinates": [ [ [ 22.912997421145018, 56.540567013861811 ], [ 22.913925754504984, 56.541672680015616 ], [ 22.913926663554513, 56.541673761640588 ], [ 22.914643098018288, 56.542527004456701 ], [ 22.915559502206712, 56.543618339510495 ], [ 22.915560840687242, 56.543619934306349 ], [ 22.915960026710081, 56.544095298772547 ], [ 22.91596601127533, 56.544101014071281 ], [ 22.916071126045942, 56.544201403932028 ], [ 22.916259296019746, 56.544273134941861 ], [ 22.91712402201512, 56.544454957075615 ], [ 22.917459907507446, 56.544533806837784 ], [ 22.917554705787559, 56.544556061097332 ], [ 22.917600688080288, 56.544566855105494 ], [ 22.91765276129227, 56.544579079499535 ], [ 22.918333335269761, 56.544738840160612 ], [ 22.919235389864102, 56.545125176471153 ], [ 22.919516364012019, 56.545292543641345 ], [ 22.921866984781847, 56.546918030047848 ], [ 22.921970164334315, 56.54696016589525 ], [ 22.922014048380301, 56.546978087432528 ], [ 22.923055151892971, 56.547111806696797 ], [ 22.92648521839595, 56.547575492530491 ], [ 22.926762378460591, 56.547640967797427 ], [ 22.927567296597779, 56.547890284897129 ], [ 22.927713455505497, 56.547935554918766 ], [ 22.928780274602108, 56.548265978624137 ], [ 22.929996373588899, 56.548930235393982 ], [ 22.930019239739881, 56.548942726056765 ], [ 22.932668835810521, 56.550389864851212 ], [ 22.93342356871322, 56.550623859864714 ], [ 22.93398707209748, 56.550798561703566 ], [ 22.937152040957589, 56.551779714123278 ], [ 22.937331677987128, 56.551891940975601 ], [ 22.938005583736448, 56.552312949483564 ], [ 22.938646848188068, 56.552713553340766 ], [ 22.939313784814701, 56.553457562041608 ], [ 22.939392100302985, 56.553494780128091 ], [ 22.939609193974512, 56.553494711117644 ], [ 22.942617731037092, 56.55324727692922 ], [ 22.94277177834666, 56.553235570895616 ], [ 22.942806242359911, 56.553235863981655 ], [ 22.942831036746021, 56.553240936470601 ], [ 22.942852808411178, 56.553249222247842 ], [ 22.942880920455675, 56.553266879106864 ], [ 22.943010953747546, 56.553364390971545 ], [ 22.943162801152948, 56.553452702686762 ], [ 22.943199315526606, 56.55347393854094 ], [ 22.943235831542584, 56.55349517529649 ], [ 22.943353056052178, 56.553563350568467 ], [ 22.943865099253454, 56.55382289324448 ], [ 22.94433152015122, 56.554193439984488 ], [ 22.945259734755684, 56.554231698604632 ], [ 22.945352927631237, 56.554230058858678 ], [ 22.945419193675132, 56.554220899520566 ], [ 22.945682616700296, 56.554163993618545 ], [ 22.945723059226001, 56.554160286276847 ], [ 22.945750122806217, 56.554162946153497 ], [ 22.945772707972647, 56.554168403628502 ], [ 22.945803099864307, 56.554183243566314 ], [ 22.945825426109835, 56.554198015103594 ], [ 22.945849536430416, 56.554227789194279 ], [ 22.945893355918493, 56.554287300941773 ], [ 22.945925125148904, 56.554331722174432 ], [ 22.945951412107444, 56.55436232512178 ], [ 22.945999665112232, 56.554394329031929 ], [ 22.946118076209903, 56.554461764180289 ], [ 22.946360291245671, 56.554561032920418 ], [ 22.94662263308118, 56.554648725083602 ], [ 22.946698444391036, 56.554665569579292 ], [ 22.946781034415388, 56.554675990771379 ], [ 22.947151334160658, 56.554705862290078 ], [ 22.947830519858975, 56.554758599776399 ], [ 22.948043591832914, 56.554771744320753 ], [ 22.948132737841796, 56.554783840930838 ], [ 22.948206249965338, 56.554804311051249 ], [ 22.948249696331043, 56.554824526775619 ], [ 22.948307280982743, 56.554863899827005 ], [ 22.948360174006648, 56.554913765959654 ], [ 22.948528851947163, 56.555107747080619 ], [ 22.949261481303566, 56.555950252980821 ], [ 22.949457501026064, 56.55618198675046 ], [ 22.949577556728514, 56.556296419835938 ], [ 22.949607873279163, 56.556314093765607 ], [ 22.94964135978427, 56.556323287733029 ], [ 22.949702800711343, 56.556329477964859 ], [ 22.949868665969277, 56.556326018365041 ], [ 22.950606978212925, 56.556257720654223 ], [ 22.951982735989262, 56.55632036329083 ], [ 22.952957311073575, 56.556355309834203 ], [ 22.953251768244062, 56.556369941211152 ], [ 22.953352653801836, 56.556382131991718 ], [ 22.953435559873203, 56.556407944015177 ], [ 22.953567369008745, 56.556469003162007 ], [ 22.953827222748391, 56.556674533127058 ], [ 22.955483345478545, 56.557903248328643 ], [ 22.955541143108569, 56.557935329543945 ], [ 22.955589797585677, 56.557953156045059 ], [ 22.95563649670061, 56.557962054163013 ], [ 22.955690742267503, 56.557963320243637 ], [ 22.955757634497456, 56.557958210949757 ], [ 22.95724121690121, 56.557730055053526 ], [ 22.957364664398028, 56.557722178443385 ], [ 22.957446576639125, 56.557730966871198 ], [ 22.957570600521247, 56.557755500952169 ], [ 22.959064596310959, 56.558140908318634 ], [ 22.959540812227491, 56.55826375327706 ], [ 22.959678593729421, 56.558294881042023 ], [ 22.959785263349691, 56.558310355747921 ], [ 22.959887245354039, 56.558309589019309 ], [ 22.959976981236679, 56.558300618254123 ], [ 22.961884589124416, 56.557909470317753 ], [ 22.962029624459547, 56.557890023623287 ], [ 22.962148172615386, 56.557900329536601 ], [ 22.962304634507998, 56.557945787296788 ], [ 22.963170606885711, 56.55825003303238 ], [ 22.963216405302045, 56.558266122921211 ], [ 22.963260816488063, 56.55828296492512 ], [ 22.963537344218032, 56.558387830931352 ], [ 22.963629946982206, 56.558443173286612 ], [ 22.963681958040866, 56.558520267026658 ], [ 22.9642869315634, 56.560491167488649 ], [ 22.964271940517023, 56.560609280380021 ], [ 22.964219853003009, 56.560664067334393 ], [ 22.964155393996617, 56.560697962395757 ], [ 22.963025244146415, 56.560938009114345 ], [ 22.962908885769803, 56.560976667417933 ], [ 22.96285750655468, 56.561005474162208 ], [ 22.9628356588678, 56.561029978281887 ], [ 22.962831312970174, 56.561059826047142 ], [ 22.96284354321994, 56.561128792218213 ], [ 22.962952408514241, 56.561622139219992 ], [ 22.962981373785055, 56.561681500145461 ], [ 22.96303630881539, 56.561737828789695 ], [ 22.963086893001705, 56.561781127449102 ], [ 22.963344447944124, 56.561924504732474 ], [ 22.963458906030784, 56.561988221614818 ], [ 22.963989432968642, 56.562293434002619 ], [ 22.96402599172621, 56.562333367432458 ], [ 22.96403455091794, 56.562364621943395 ], [ 22.964018322540507, 56.562441796468114 ], [ 22.963983290987297, 56.562518163823043 ], [ 22.963811150979787, 56.562792323317275 ], [ 22.963085261244245, 56.563948366196705 ], [ 22.963067566143341, 56.563993045082185 ], [ 22.963074593275486, 56.564037280546238 ], [ 22.963159298732826, 56.564123741369599 ], [ 22.963346800376819, 56.564280572925419 ], [ 22.963439383235794, 56.564337215224946 ], [ 22.963532160115829, 56.564386712643241 ], [ 22.964181721390457, 56.564600015268915 ], [ 22.964272857271403, 56.564623512019281 ], [ 22.964357485762619, 56.564626816204814 ], [ 22.964443805169061, 56.56461129350911 ], [ 22.964541068460772, 56.564581460323275 ], [ 22.964683906446339, 56.564508761414636 ], [ 22.96653746597768, 56.563434348747549 ], [ 22.966669894028698, 56.563385779301399 ], [ 22.966764083109123, 56.563365866698646 ], [ 22.966839432574332, 56.563360495543172 ], [ 22.966911084552688, 56.563364989363073 ], [ 22.96698250483454, 56.563377925930794 ], [ 22.967087331174938, 56.563417126408815 ], [ 22.967285973690561, 56.563511027686509 ], [ 22.967427488104082, 56.563585614224436 ], [ 22.967460275309985, 56.563634610497473 ], [ 22.967478823849756, 56.563688036573382 ], [ 22.967677804974308, 56.564547233665827 ], [ 22.967742674205784, 56.564671206614342 ], [ 22.967828585708173, 56.564757024610635 ], [ 22.967906971073951, 56.564816794549365 ], [ 22.968133819896963, 56.564912227719603 ], [ 22.969107426715258, 56.56528281069096 ], [ 22.969935094480167, 56.565611899572652 ], [ 22.970020895775257, 56.565658735925908 ], [ 22.970042560463153, 56.565684251303878 ], [ 22.970052370614635, 56.565712917347781 ], [ 22.970052311438089, 56.565758392854121 ], [ 22.969503574055949, 56.569148944379236 ], [ 22.969523289119294, 56.569289433239909 ], [ 22.969889855924642, 56.569657575602079 ], [ 22.970211073951496, 56.569875921539655 ], [ 22.970431795841812, 56.569981694809464 ], [ 22.970581937660924, 56.570033909730178 ], [ 22.970604174101801, 56.570040278865129 ], [ 22.97074500307837, 56.570057399597211 ], [ 22.970949947129494, 56.570078596121888 ], [ 22.971963225229171, 56.570133068731003 ], [ 22.973428950248763, 56.570200132450886 ], [ 22.973928835689765, 56.570239713580776 ], [ 22.974751355540715, 56.570342225987268 ], [ 22.975037478277208, 56.570389790191641 ], [ 22.975094861797608, 56.570405331363361 ], [ 22.97514711572089, 56.570432353078317 ], [ 22.9751926628856, 56.570469956455874 ], [ 22.975236100871896, 56.570526155986151 ], [ 22.975257473251094, 56.570567105466594 ], [ 22.975264709376386, 56.570596415605586 ], [ 22.975260611137479, 56.570688564598562 ], [ 22.97521192299947, 56.571063986018366 ], [ 22.975075626789732, 56.572303786322109 ], [ 22.974993498715161, 56.5736184887392 ], [ 22.974999798642017, 56.573682359682934 ], [ 22.975016331667216, 56.573724155177928 ], [ 22.975048871984871, 56.573767855279328 ], [ 22.975085076877189, 56.573794745605696 ], [ 22.976826757350629, 56.574768143685937 ], [ 22.977281733213381, 56.575008613315134 ], [ 22.977678541696903, 56.575218335539013 ], [ 22.978090782171385, 56.575414066574574 ], [ 22.978286441009907, 56.575483038540618 ], [ 22.978478995295344, 56.575518302982879 ], [ 22.978676940375376, 56.575532338408024 ], [ 22.978929770559173, 56.575535743382432 ], [ 22.97915722422222, 56.57552741760248 ], [ 22.979395816904862, 56.57549303475723 ], [ 22.980204869308263, 56.575325056770126 ], [ 22.981151693201248, 56.575109450678511 ], [ 22.982633181104347, 56.574693086493227 ], [ 22.982683981679482, 56.574678808562922 ], [ 22.982938360681356, 56.574616791781317 ], [ 22.983008632187197, 56.574592192353094 ], [ 22.983363433724353, 56.574013380608065 ], [ 22.984828270309716, 56.572501672707752 ], [ 22.985022593741984, 56.572302105818856 ], [ 22.986439725547644, 56.570846663208194 ], [ 22.986580059128912, 56.570698699294617 ], [ 22.98708203859082, 56.570169409369768 ], [ 22.988713863227765, 56.568425019727904 ], [ 22.988744157354294, 56.568389620345819 ], [ 22.988768818562537, 56.568345264158559 ], [ 22.988794280946731, 56.568270939847238 ], [ 22.988821131641611, 56.568034601886836 ], [ 22.988886503709601, 56.567784399354302 ], [ 22.989279765649737, 56.566574028003345 ], [ 22.989387859408385, 56.566248419119809 ], [ 22.990335920337991, 56.563392332136395 ], [ 22.990597722156448, 56.562484886718103 ], [ 22.990622028922996, 56.562400630845957 ], [ 22.99062712046387, 56.562319659208455 ], [ 22.990377793164559, 56.561434597181226 ], [ 22.990312648081797, 56.561346574540288 ], [ 22.990154316193436, 56.561231870656563 ], [ 22.989972211796321, 56.561128315700486 ], [ 22.988077747183514, 56.560427544336214 ], [ 22.98802127566189, 56.560399540389859 ], [ 22.987954066680029, 56.560334183277405 ], [ 22.98789333254426, 56.560191106582025 ], [ 22.987855837081355, 56.559506297486891 ], [ 22.987841655554792, 56.559247285871585 ], [ 22.987789949346208, 56.557249504352995 ], [ 22.987796341866655, 56.557119936213049 ], [ 22.987815779818881, 56.557051233180566 ], [ 22.987847081784814, 56.556977766918088 ], [ 22.988142628590239, 56.556787362314196 ], [ 22.988188098011726, 56.556732643702269 ], [ 22.988482705189941, 56.556374184781461 ], [ 22.98897282584576, 56.555777821422566 ], [ 22.989188768711628, 56.555515061138685 ], [ 22.989876478042763, 56.554698813824814 ], [ 22.99017037401515, 56.554349974040072 ], [ 22.990742498671104, 56.553700981685658 ], [ 22.990965976553589, 56.553447470839991 ], [ 22.991512812605649, 56.552744052546053 ], [ 22.991588689872692, 56.552646446604669 ], [ 22.991657009813281, 56.552559507030772 ], [ 22.991727594276139, 56.552497699770804 ], [ 22.99180032579363, 56.552461776784703 ], [ 22.99184055537491, 56.552441907266093 ], [ 22.992780361664988, 56.552016106776556 ], [ 22.992847428466195, 56.551976143596654 ], [ 22.992871709921115, 56.551945556094694 ], [ 22.992878651864782, 56.551905105792422 ], [ 22.992880051720729, 56.551464045592603 ], [ 22.992880972710147, 56.551174303316195 ], [ 22.992881838950179, 56.550901383504744 ], [ 22.992920219157249, 56.550036073121952 ], [ 22.992946174656449, 56.549914764628348 ], [ 22.993092953989311, 56.549468762461437 ], [ 22.993120545103846, 56.549313442169037 ], [ 22.993178916866288, 56.548993104163131 ], [ 22.993308824638856, 56.548519421602229 ], [ 22.993329572151286, 56.548456597981385 ], [ 22.993445979380304, 56.548104126153092 ], [ 22.993496529959533, 56.547912535393692 ], [ 22.993500318147994, 56.547825072283388 ], [ 22.993483211548707, 56.54775121171901 ], [ 22.993455216987403, 56.547700757049455 ], [ 22.993375789826036, 56.547598848374506 ], [ 22.993204024512, 56.547439482260494 ], [ 22.992758245024589, 56.547105338675507 ], [ 22.992270506467293, 56.546694701753815 ], [ 22.992147699343274, 56.546569756026379 ], [ 22.992097193705813, 56.54648347354869 ], [ 22.992088608144535, 56.546420213706377 ], [ 22.992092767851265, 56.546388112789366 ], [ 22.992097834502431, 56.546348996791458 ], [ 22.992129483368821, 56.546261759585583 ], [ 22.992160186781781, 56.546210160568712 ], [ 22.992217217966871, 56.546161205353023 ], [ 22.992969415551489, 56.545669882842944 ], [ 22.993595120436261, 56.545238134407718 ], [ 22.993619266502005, 56.545221473721284 ], [ 22.994447149350865, 56.544695109241047 ], [ 22.996360118603818, 56.544061657565763 ], [ 22.996834565361972, 56.543866195361183 ], [ 22.997355476734754, 56.543577131709277 ], [ 22.998448790811359, 56.542936223512399 ], [ 22.999650209434822, 56.542321698673128 ], [ 22.999709956899526, 56.542291136506691 ], [ 22.999766128798885, 56.542258198738651 ], [ 22.99990784583299, 56.54217509592592 ], [ 22.99997398462132, 56.542123792691946 ], [ 23.0000405119047, 56.542057682188272 ], [ 23.000080335574509, 56.541987654244039 ], [ 23.000100611708753, 56.541896487996162 ], [ 23.000123710292179, 56.541867671233192 ], [ 23.000977408414599, 56.54126176641411 ], [ 23.002088233446269, 56.540452989214401 ] ] ] } },
{ "type": "Feature", "properties": { "fid": 592, "nosaukums": "Sesava", "garums": null, "posmaID": null, "gadsAvotos": null, "regulets1940": true, "kolhozs": null, "udenskratuve": false, "piezimes": null }, "geometry": { "type": "MultiLineString", "coordinates": [ [ [ 23.01984216119499, 56.565080952387497 ], [ 23.021440235038298, 56.563417839494512 ], [ 23.021491272710861, 56.563364721480163 ], [ 23.021542310239766, 56.563311603443935 ], [ 23.022003825223617, 56.562831270719187 ], [ 23.02258610213255, 56.562342589266095 ], [ 23.02304453813019, 56.561933774964572 ], [ 23.023314398860485, 56.561693118534208 ], [ 23.023597207958606, 56.561440912830946 ], [ 23.024699499922814, 56.560441361453471 ], [ 23.024716280196628, 56.560425995481992 ], [ 23.024728946284913, 56.560414394143869 ], [ 23.025149556048358, 56.56002918535863 ], [ 23.025208404762409, 56.559981909588913 ], [ 23.025253694941682, 56.559957600940116 ], [ 23.025382905038168, 56.559919628626041 ], [ 23.025468222088403, 56.559907567949132 ], [ 23.025531607011327, 56.55990806475252 ], [ 23.025681033068519, 56.559924352458133 ], [ 23.025729868528522, 56.559934793443631 ], [ 23.025858718895911, 56.559962342767342 ], [ 23.026007504577574, 56.560013892451451 ], [ 23.026587059325713, 56.560214686177979 ], [ 23.026950538702483, 56.560335425036236 ], [ 23.027348068729022, 56.560467471315015 ], [ 23.027367104718401, 56.560473795369631 ], [ 23.027463940652709, 56.560518310718962 ], [ 23.02756000986178, 56.560588411823765 ], [ 23.028166392578569, 56.561154252257722 ], [ 23.028525454842139, 56.561489298247103 ], [ 23.031015896229277, 56.562090704076752 ], [ 23.031717317051349, 56.562260074987435 ], [ 23.032457874530373, 56.562438890114571 ], [ 23.033210277798776, 56.562619962689631 ], [ 23.03387568474654, 56.562780092606801 ], [ 23.03409862011199, 56.562852634263415 ], [ 23.034424337427343, 56.562972132234243 ], [ 23.034890479162808, 56.563143146478211 ], [ 23.035326269450387, 56.56330302243466 ], [ 23.036143341217475, 56.563608913370139 ], [ 23.037347458369577, 56.564059684695778 ], [ 23.039131263700689, 56.564723887591306 ], [ 23.039185200707195, 56.564743189149233 ], [ 23.039348966691229, 56.564801789818567 ], [ 23.03970521383814, 56.564929266955126 ], [ 23.039894261841305, 56.564996912891637 ], [ 23.041230453609003, 56.565479927820427 ], [ 23.041283718975453, 56.565494856756189 ], [ 23.041330953887869, 56.565498705173162 ], [ 23.041391085232139, 56.565491618994727 ], [ 23.042119876468711, 56.565288176973361 ], [ 23.044103886549117, 56.564692529351397 ], [ 23.044722032274205, 56.564776399282842 ], [ 23.045927778065145, 56.564939986312204 ], [ 23.045969812840511, 56.564941469647927 ], [ 23.045999331007881, 56.564938793199588 ], [ 23.04606390179498, 56.564922446947946 ], [ 23.046750066833305, 56.564655932941989 ], [ 23.047327238151706, 56.564457105741596 ], [ 23.047913510034082, 56.564250484933169 ], [ 23.048022312013238, 56.564212138815599 ], [ 23.049739088040653, 56.563236307540528 ], [ 23.050564988373207, 56.562979731672336 ], [ 23.050819765681165, 56.562900580014713 ], [ 23.051229432495631, 56.562773307705136 ], [ 23.0523655493642, 56.562420334207843 ], [ 23.052938027652534, 56.562242467573839 ], [ 23.054276027408076, 56.560025780629772 ], [ 23.05456957176391, 56.559539421210644 ], [ 23.054645118391683, 56.55941425158548 ], [ 23.056009419294931, 56.5584466000238 ], [ 23.056039571604721, 56.558425212889397 ], [ 23.056037395337857, 56.558424466816277 ], [ 23.056017982466425, 56.557468291593253 ], [ 23.056033417953749, 56.557251059432204 ], [ 23.056062573293421, 56.557187598785497 ], [ 23.056129256402855, 56.557127192097148 ], [ 23.056296609598935, 56.557050936106755 ], [ 23.057277152858479, 56.556734427795071 ], [ 23.057878693093883, 56.556637926923031 ], [ 23.060639111447479, 56.556269107775286 ], [ 23.06081120900091, 56.556253795424539 ], [ 23.060971616122082, 56.556255007073915 ], [ 23.061305729482022, 56.556273472807156 ] ] ] } },
{ "type": "Feature", "properties": { "fid": 593, "nosaukums": "Sesava", "garums": null, "posmaID": null, "gadsAvotos": null, "regulets1940": true, "kolhozs": null, "udenskratuve": false, "piezimes": null }, "geometry": { "type": "MultiLineString", "coordinates": [ [ [ 23.121196218479284, 56.548811349472714 ], [ 23.121907665784988, 56.548817837721181 ], [ 23.122395887688604, 56.548811057309955 ], [ 23.122517671331682, 56.548806802984352 ], [ 23.12264903466221, 56.548788735010966 ], [ 23.123335022244405, 56.548694945666625 ], [ 23.123507326378814, 56.548674534821295 ], [ 23.12364306222776, 56.548658456161242 ], [ 23.124173239993109, 56.548595650254832 ], [ 23.1244839750977, 56.548557967439926 ], [ 23.12487356550475, 56.548510720588027 ], [ 23.125112748630261, 56.548480404747409 ], [ 23.125201221343385, 56.548469191115828 ], [ 23.12528372110441, 56.548459181551088 ], [ 23.125642858378054, 56.548415604728795 ], [ 23.125663438422226, 56.548413107120012 ], [ 23.126003673274699, 56.548371823037328 ], [ 23.126167941395899, 56.548348775246367 ], [ 23.126286312092745, 56.548332167337314 ], [ 23.126504150257727, 56.548292054787204 ], [ 23.12669705875409, 56.548251114448796 ], [ 23.127092792940257, 56.548167127355498 ], [ 23.127220558758655, 56.548140010611938 ], [ 23.127486374311147, 56.548086636857988 ], [ 23.127761090076781, 56.548031475067773 ], [ 23.127835784835064, 56.548016476531991 ], [ 23.128163936936033, 56.547953025843739 ], [ 23.128284085366673, 56.547937885801588 ], [ 23.12847698529221, 56.547913577549764 ], [ 23.128907622804689, 56.547876391833327 ], [ 23.128959865444685, 56.547871880189668 ], [ 23.129012470969975, 56.547868919104765 ], [ 23.129160932494297, 56.547860563162722 ], [ 23.129234709542551, 56.547846390228457 ], [ 23.12937498656299, 56.547804002521893 ], [ 23.129403050270046, 56.547795104902271 ], [ 23.129433487179039, 56.54779321926712 ], [ 23.129467674921628, 56.547793458681944 ], [ 23.129530727697837, 56.547805093165152 ], [ 23.129652825757937, 56.547837426342355 ], [ 23.129815442978899, 56.54787004303936 ], [ 23.130028882848507, 56.547895319936941 ], [ 23.130355929194046, 56.547936781802527 ], [ 23.130533517442057, 56.547979295445209 ], [ 23.130768468621078, 56.548060683580694 ], [ 23.130959024018537, 56.548145258599064 ], [ 23.131010554176868, 56.548162407351199 ], [ 23.131041984161484, 56.548172420211785 ], [ 23.131087455592883, 56.548177634632182 ], [ 23.131174967933948, 56.548171950816297 ], [ 23.131209148029345, 56.548172539196223 ], [ 23.131238878800481, 56.548173796368978 ], [ 23.13127978242489, 56.548184924770638 ], [ 23.13130557162912, 56.54819244985584 ], [ 23.131352542204162, 56.54821516217951 ], [ 23.131480013412503, 56.548289502409432 ], [ 23.13153104592061, 56.548328332571486 ], [ 23.13162294120951, 56.548382011214983 ], [ 23.131716828250717, 56.548400281223834 ], [ 23.132266430483508, 56.548456583149395 ], [ 23.132601835755562, 56.548520481519766 ], [ 23.132803213924987, 56.548575049832827 ], [ 23.13296933235798, 56.548620977639942 ], [ 23.133228100136005, 56.548681975041198 ], [ 23.133490460437439, 56.548743818128528 ], [ 23.134119885501537, 56.548885748236579 ], [ 23.134276398034306, 56.548919086514132 ], [ 23.134320369826757, 56.548923999101767 ], [ 23.134360887092125, 56.5489236226759 ], [ 23.134388437733797, 56.548917234236534 ], [ 23.134431682950311, 56.548901740520861 ], [ 23.134499386197774, 56.54885877612417 ], [ 23.134592534879715, 56.548744913897998 ], [ 23.134657334108187, 56.548620323481273 ], [ 23.134691560656613, 56.548582391787676 ], [ 23.134732783085273, 56.548551089059181 ], [ 23.134776329563739, 56.548522435862601 ], [ 23.134829226093309, 56.548501744239935 ], [ 23.134927389440694, 56.548481367606271 ], [ 23.135095156833614, 56.548439100073125 ], [ 23.136025376468833, 56.548086239820407 ], [ 23.136080744145417, 56.548061617034691 ], [ 23.136123689582174, 56.548059283008307 ], [ 23.136168896023939, 56.548062229621259 ], [ 23.136237479840403, 56.548085081289699 ], [ 23.13639533973911, 56.548163835052591 ], [ 23.136459396860566, 56.548176126163391 ], [ 23.136511812621048, 56.548176490259138 ], [ 23.136552375628359, 56.548174139535689 ], [ 23.136581234041778, 56.548162493855735 ], [ 23.136615098767276, 56.548140353953038 ], [ 23.136634698244052, 56.548116797834282 ], [ 23.136679440987145, 56.548035502860508 ], [ 23.136729096717314, 56.547947660809889 ], [ 23.13677267094884, 56.547917690876886 ], [ 23.136847246171097, 56.547886619051582 ], [ 23.13689757849145, 56.547873806163871 ], [ 23.136959583793701, 56.547871604181218 ], [ 23.13703582267194, 56.547872133447861 ], [ 23.137130822289734, 56.54788595524596 ], [ 23.137185290866675, 56.547900811899453 ], [ 23.137285205317628, 56.547908086513537 ], [ 23.137561843512692, 56.547898159926739 ], [ 23.138541764508652, 56.547873364785573 ], [ 23.138885261979087, 56.547857318280386 ], [ 23.139235428878862, 56.547862375874153 ], [ 23.139482849094758, 56.547879882742642 ], [ 23.139746024992409, 56.547915430394539 ], [ 23.139832059622556, 56.547927051561189 ], [ 23.140038740589734, 56.54795480530376 ], [ 23.140252508128501, 56.547985241081122 ], [ 23.140278387773378, 56.547999898648968 ], [ 23.140323443259547, 56.548114720893913 ], [ 23.140342026278223, 56.548135909163655 ], [ 23.140379697804299, 56.548155913193469 ], [ 23.140427020444434, 56.548170719005185 ], [ 23.140564341183364, 56.548209838364471 ], [ 23.140613867592101, 56.548232556750357 ], [ 23.140649186633233, 56.548251228199284 ], [ 23.140684417907302, 56.54827384683783 ], [ 23.140704996148504, 56.548312159898906 ], [ 23.140734120763682, 56.548393966886174 ], [ 23.140752495470185, 56.548424366398748 ], [ 23.140778046036591, 56.548453500169735 ], [ 23.140803717517503, 56.548477369831005 ], [ 23.140855477943809, 56.548506683834539 ], [ 23.141049028074143, 56.548588310761623 ], [ 23.141446582984784, 56.548710833521405 ], [ 23.141692758963408, 56.548783609231172 ], [ 23.141789490064657, 56.548826395672428 ], [ 23.141949047559066, 56.548936085102312 ], [ 23.142004218794018, 56.548972662800246 ], [ 23.142042131834199, 56.548982137207844 ], [ 23.142095635068262, 56.548987113720287 ], [ 23.142230220774422, 56.548989358669353 ], [ 23.142322812768288, 56.549004476100805 ], [ 23.142684369501026, 56.549138591708292 ], [ 23.142757783889277, 56.549158841494965 ], [ 23.142805404523919, 56.549160486099858 ], [ 23.142881677476911, 56.549159695771067 ], [ 23.143372253499212, 56.549077763640668 ], [ 23.143388773742437, 56.549075004222779 ], [ 23.144082123975924, 56.5489731658487 ], [ 23.144847630469624, 56.54884154750939 ], [ 23.144891885441002, 56.548833954523552 ], [ 23.144923140848263, 56.548821665736206 ], [ 23.144955764743774, 56.548801488049207 ], [ 23.145010217451976, 56.548764350338793 ], [ 23.145090848709454, 56.548728708872041 ], [ 23.145167610158989, 56.548706203086375 ], [ 23.145252427963925, 56.548696256423881 ], [ 23.145335816383533, 56.548696829751023 ], [ 23.145377406795909, 56.548701722949296 ], [ 23.145431716731075, 56.548723813719079 ], [ 23.145466862334125, 56.548750380000108 ], [ 23.145479609906264, 56.54876626153893 ], [ 23.14548266406921, 56.548789317081798 ], [ 23.145478320123086, 56.548823508414458 ], [ 23.145483949608877, 56.54883802568763 ], [ 23.145501419524436, 56.548855914484982 ], [ 23.145524934029812, 56.548869897023167 ], [ 23.145556920210989, 56.548878014281684 ], [ 23.145586686888535, 56.548878876539774 ] ] ] } },
{ "type": "Feature", "properties": { "fid": 594, "nosaukums": "Zušupīte", "garums": null, "posmaID": null, "gadsAvotos": null, "regulets1940": true, "kolhozs": null, "udenskratuve": false, "piezimes": null }, "geometry": { "type": "MultiLineString", "coordinates": [ [ [ 22.949953206281368, 56.660130327958655 ], [ 22.949960357435874, 56.659707896581736 ], [ 22.949969316271829, 56.659432438476358 ], [ 22.951328196769417, 56.65835404573447 ], [ 22.951402009821781, 56.658295467085139 ], [ 22.950930340851855, 56.657390746820049 ], [ 22.950425139660524, 56.65660165825615 ], [ 22.950231210005171, 56.656493146373066 ], [ 22.948188248110021, 56.655731942001381 ], [ 22.947975276916374, 56.655652585978103 ], [ 22.947721737805335, 56.655293121984776 ], [ 22.947692042332143, 56.655227286223749 ], [ 22.947489886887819, 56.654779108202611 ], [ 22.946817464066221, 56.654486289082676 ], [ 22.946716371816454, 56.654362695451773 ], [ 22.946694584871924, 56.654336059611474 ], [ 22.946672799563743, 56.654309424679397 ], [ 22.946604618665177, 56.654226068337103 ], [ 22.94661001080955, 56.654167475135104 ], [ 22.946614581953082, 56.654117791293118 ], [ 22.946619153083777, 56.654068107450563 ], [ 22.946629551658773, 56.65395509740997 ], [ 22.94645257249778, 56.652720522367957 ], [ 22.946336196768517, 56.651985861117829 ], [ 22.946250658652499, 56.6514458549279 ], [ 22.946184109339839, 56.651050164475599 ], [ 22.946083559547791, 56.6504523058789 ], [ 22.945997308312229, 56.649939450155486 ], [ 22.946006840138921, 56.649919382894048 ], [ 22.946037303586571, 56.649855243696464 ], [ 22.946385235146497, 56.649631672633248 ], [ 22.946387095096412, 56.649630771944956 ], [ 22.946860864114115, 56.649401385843085 ], [ 22.94710732541645, 56.649282054405901 ], [ 22.947322364780909, 56.649168703794075 ], [ 22.948145092401756, 56.648991113992992 ], [ 22.948530894794271, 56.648907834253066 ], [ 22.95238096503126, 56.647541825346714 ], [ 22.955725352252841, 56.643638058649522 ], [ 22.956788617325586, 56.642396763603031 ], [ 22.956818102320415, 56.642362986928866 ], [ 22.957613890302476, 56.641451363740089 ], [ 22.957635089512472, 56.641427076202042 ], [ 22.958009305045792, 56.640998364593607 ], [ 22.958042466841992, 56.640960374086532 ], [ 22.958121113726097, 56.640870272676317 ], [ 22.959492741221531, 56.640008145275303 ], [ 22.960082430231164, 56.639637482773161 ], [ 22.960273638573529, 56.6395172929209 ], [ 22.960538468951135, 56.639483702843748 ], [ 22.961502608650072, 56.639361410616324 ] ] ] } },
{ "type": "Feature", "properties": { "fid": 595, "nosaukums": "Balžņa", "garums": null, "posmaID": null, "gadsAvotos": null, "regulets1940": true, "kolhozs": null, "udenskratuve": false, "piezimes": null }, "geometry": { "type": "MultiLineString", "coordinates": [ [ [ 23.070717514236591, 56.642594359452559 ], [ 23.07144807001113, 56.643140190817356 ], [ 23.073003153218565, 56.644301995380971 ], [ 23.076015519673078, 56.645939210650347 ], [ 23.076401552565049, 56.64615137268401 ], [ 23.077417570136554, 56.646709755991061 ], [ 23.077661641087062, 56.646825713808823 ], [ 23.07915894007818, 56.647173412034107 ], [ 23.079396983269348, 56.647189313128258 ], [ 23.079451090991039, 56.647192926960628 ], [ 23.079507212064684, 56.647193558440421 ], [ 23.08062013223849, 56.647206070330952 ], [ 23.082893060990383, 56.647449146687613 ], [ 23.08316962105533, 56.647813282275479 ], [ 23.083326313940255, 56.648388297335657 ], [ 23.084622236026412, 56.648697319977082 ], [ 23.090579220193025, 56.648321761534319 ], [ 23.091836180459879, 56.648644914351529 ], [ 23.091700088420527, 56.649605714246839 ], [ 23.091615328015038, 56.649709332450549 ], [ 23.091424180095679, 56.649789514600577 ], [ 23.089715487581977, 56.650026296015554 ], [ 23.089582349689227, 56.650088770665242 ], [ 23.089264457845385, 56.650648419042916 ], [ 23.087808983302164, 56.651299442103202 ], [ 23.087309050993412, 56.65326268486124 ], [ 23.08686414209679, 56.653968686868446 ], [ 23.087305375579042, 56.654436456197999 ], [ 23.088015877120331, 56.655339006448024 ], [ 23.088246345775151, 56.657040208209622 ], [ 23.088062275316194, 56.657705164784495 ], [ 23.088062225657694, 56.657705329734391 ], [ 23.087824325615216, 56.658500965569864 ], [ 23.088553257222756, 56.659666505216187 ], [ 23.088552631959068, 56.660799474122548 ], [ 23.08853197206026, 56.661718631213468 ], [ 23.088580480704749, 56.66183934076539 ], [ 23.088847288559979, 56.662148078245771 ], [ 23.089419913337565, 56.662766300241657 ], [ 23.089452523105923, 56.66283575111229 ], [ 23.089272714733465, 56.663342931333233 ], [ 23.089060665812038, 56.664139020266369 ], [ 23.088991953622273, 56.664322588697459 ], [ 23.088948195577807, 56.664360026513982 ], [ 23.088848733987778, 56.664397056759654 ], [ 23.088504982430695, 56.664434659296042 ], [ 23.087467957447512, 56.664608775379556 ], [ 23.085617432206408, 56.664927944978423 ], [ 23.084591179062237, 56.665010080720386 ], [ 23.084414756439823, 56.66503946196331 ], [ 23.084293464088891, 56.665092847751744 ], [ 23.084218219341913, 56.665191409742079 ], [ 23.08406165709636, 56.665372184626186 ] ] ] } },
{ "type": "Feature", "properties": { "fid": 596, "nosaukums": "Balžņa", "garums": null, "posmaID": null, "gadsAvotos": null, "regulets1940": true, "kolhozs": null, "udenskratuve": false, "piezimes": null }, "geometry": { "type": "MultiLineString", "coordinates": [ [ [ 23.051623345462385, 56.628697084178668 ], [ 23.05306314650268, 56.629121739871287 ], [ 23.053110547287194, 56.629135719217516 ], [ 23.054362737188924, 56.630353622400229 ], [ 23.055625654656783, 56.631581865781605 ], [ 23.05581764002762, 56.631768571970866 ], [ 23.056426232952564, 56.632360416894237 ], [ 23.057866540225799, 56.632304522111887 ], [ 23.057936636200328, 56.632301801175338 ], [ 23.05800681036029, 56.632298624378457 ], [ 23.062495001273714, 56.632095382813702 ], [ 23.064053693243967, 56.632608570204617 ], [ 23.064129436534099, 56.632675054470532 ], [ 23.064126845518331, 56.632779723205807 ], [ 23.063081164993452, 56.634377703472104 ], [ 23.062671591893128, 56.635003561304224 ], [ 23.061668347168002, 56.636252360600984 ], [ 23.062569139885898, 56.637143640181151 ], [ 23.062491927245937, 56.637270058019169 ], [ 23.061984188628244, 56.638005945665505 ], [ 23.062047023863101, 56.638282702931193 ], [ 23.062218270141098, 56.638347492812379 ], [ 23.064327997409372, 56.638576547226698 ], [ 23.064498912243248, 56.638654938455723 ], [ 23.064568474195838, 56.639119279824399 ], [ 23.064601336780502, 56.639163371744573 ] ] ] } },
{ "type": "Feature", "properties": { "fid": 597, "nosaukums": "Balžņa", "garums": null, "posmaID": null, "gadsAvotos": null, "regulets1940": false, "kolhozs": null, "udenskratuve": false, "piezimes": null }, "geometry": { "type": "MultiLineString", "coordinates": [ [ [ 23.029978713288855, 56.591189418365104 ], [ 23.029979245379753, 56.591190705513512 ], [ 23.030199326601021, 56.591723483400763 ], [ 23.030737396672286, 56.593025991056372 ], [ 23.030744084226502, 56.593042177680452 ], [ 23.030663466603752, 56.593282246497601 ], [ 23.030376143318037, 56.594137839064402 ], [ 23.030248255896446, 56.59451865008608 ], [ 23.030226635748601, 56.594583028577901 ], [ 23.030253136587568, 56.594948029862913 ], [ 23.031284415193223, 56.596017946161439 ], [ 23.031830180604668, 56.596708665184366 ], [ 23.03225914985952, 56.597251550155157 ], [ 23.032301412398475, 56.597325406889354 ], [ 23.032463640278678, 56.597608902997848 ], [ 23.032386383734512, 56.597981886153981 ], [ 23.032231657584408, 56.59826856275739 ], [ 23.031867622254786, 56.598639314330363 ], [ 23.031857745492758, 56.598713954988604 ], [ 23.031889997537636, 56.598854849608216 ], [ 23.031935265241771, 56.598954091485751 ], [ 23.032048103295995, 56.599059353168833 ], [ 23.037089257547972, 56.600738399573807 ], [ 23.037724152063944, 56.601056702600417 ], [ 23.03794224497824, 56.60121398310195 ], [ 23.038233763753855, 56.601462109557175 ], [ 23.037324332495835, 56.603213475328594 ], [ 23.037254240579959, 56.603335218246229 ], [ 23.036995407111128, 56.603784780964915 ], [ 23.036113110610849, 56.605317134358039 ], [ 23.035564280369137, 56.60582958066346 ], [ 23.035454350867649, 56.605967610034199 ], [ 23.03515827041435, 56.606339369457075 ], [ 23.034744250707686, 56.606627460063685 ], [ 23.034628991896497, 56.606709549024288 ], [ 23.0339004296845, 56.60722843512324 ], [ 23.033343273351285, 56.608048924485672 ], [ 23.033333929655075, 56.608156916382569 ], [ 23.033429802872455, 56.608336373979292 ], [ 23.033748050706222, 56.608690909391285 ], [ 23.034230493230233, 56.609087823764909 ], [ 23.03451418149745, 56.609273205248492 ], [ 23.034815350740711, 56.609472126629768 ], [ 23.03498929244671, 56.609640571474422 ], [ 23.035156562921252, 56.609878320610349 ], [ 23.035440627353712, 56.610261673002711 ], [ 23.036075776216318, 56.611118794344137 ], [ 23.036554963505601, 56.611802345077336 ], [ 23.036581446162792, 56.611848295868384 ], [ 23.036587856545843, 56.611868042333434 ], [ 23.036589237993901, 56.611904267958394 ], [ 23.036586077300139, 56.611937918482489 ], [ 23.036574468144305, 56.612031861806457 ], [ 23.036539430031979, 56.61214087319857 ], [ 23.036432231347014, 56.612368774505278 ], [ 23.036404363296761, 56.612467675361131 ], [ 23.036398164891985, 56.612505819786264 ], [ 23.036393431356753, 56.612534939792575 ], [ 23.036397722378819, 56.612637901828968 ], [ 23.036469240506278, 56.613449180083691 ], [ 23.036486374697141, 56.613576004783212 ], [ 23.036515899603593, 56.613794552541577 ], [ 23.036572009861075, 56.614209870964906 ], [ 23.036618687546483, 56.61436780245748 ], [ 23.03685407214742, 56.614880930682808 ], [ 23.036873301863292, 56.614945038712399 ], [ 23.036899217054597, 56.61503142984391 ], [ 23.036907871444789, 56.615060282414667 ], [ 23.036916527431313, 56.615089136793877 ] ] ] } },
{ "type": "Feature", "properties": { "fid": 598, "nosaukums": "Snierājs", "garums": null, "posmaID": null, "gadsAvotos": null, "regulets1940": true, "kolhozs": null, "udenskratuve": false, "piezimes": null }, "geometry": { "type": "MultiLineString", "coordinates": [ [ [ 23.240144383144205, 56.647388042659642 ], [ 23.240193701465504, 56.647460502943694 ], [ 23.240346720600233, 56.64766510024657 ], [ 23.240672712823088, 56.648018677290224 ], [ 23.241056968935052, 56.648335614825491 ], [ 23.241523322317278, 56.648603748111874 ], [ 23.242347165538419, 56.648933610770378 ], [ 23.242463024369588, 56.649037184282513 ], [ 23.242495800676981, 56.649085970836552 ], [ 23.242583515030443, 56.649216527161393 ], [ 23.242610945264552, 56.649257356103021 ], [ 23.242694333502371, 56.649384094649392 ], [ 23.242782620747334, 56.649518277678389 ], [ 23.242833314260238, 56.649600306327415 ], [ 23.243031988602848, 56.649814786534847 ], [ 23.243947232617231, 56.650423066018092 ], [ 23.244262537941623, 56.650663028382226 ], [ 23.24462656196286, 56.650868022116825 ], [ 23.244858328952699, 56.651283819966217 ], [ 23.2450772737701, 56.651540831912854 ], [ 23.245457132819212, 56.651754732755087 ], [ 23.245682988193323, 56.65188669346422 ], [ 23.24596446111148, 56.652023797190388 ], [ 23.246357572735029, 56.652350912977234 ], [ 23.246642654071429, 56.652502514280023 ], [ 23.246757858769129, 56.652588573795001 ], [ 23.246795842593986, 56.652616948688717 ], [ 23.247222243712631, 56.653087663212901 ], [ 23.246657117205952, 56.654776554362734 ], [ 23.245949812748826, 56.656662370978431 ], [ 23.245603550545454, 56.656968075523018 ], [ 23.245850769915656, 56.657108408229803 ], [ 23.245915423509445, 56.65714510890745 ], [ 23.245922210815049, 56.657148962046357 ], [ 23.245975108736921, 56.657186373134003 ], [ 23.246034189978154, 56.657228155661493 ], [ 23.246074842658963, 56.657322027118788 ], [ 23.246249413878527, 56.658056301000286 ], [ 23.246648148761231, 56.659828466306244 ], [ 23.247864015438051, 56.660341784246981 ], [ 23.247901298077277, 56.660388760961276 ], [ 23.247926240759753, 56.660420188602046 ], [ 23.247572580532623, 56.661738593043054 ], [ 23.247539565186365, 56.661861663330761 ], [ 23.247038122701014, 56.662627758999008 ], [ 23.245716657372725, 56.664430014161375 ], [ 23.243734309370545, 56.667229191385722 ], [ 23.243587892276995, 56.667438312418291 ], [ 23.243568148602503, 56.667466510949971 ], [ 23.243548771071996, 56.667494187020544 ], [ 23.243529393530899, 56.667521862189552 ], [ 23.243080864623924, 56.668162461690073 ], [ 23.242084110169291, 56.66961299394324 ], [ 23.242051826046055, 56.669676774515807 ], [ 23.242034271173932, 56.669779034542131 ], [ 23.241894760523987, 56.671320264671422 ], [ 23.241728893725529, 56.673842344596515 ], [ 23.241729826107772, 56.67427574257372 ], [ 23.241729890464512, 56.674305766604874 ], [ 23.241729954839158, 56.674335789737547 ], [ 23.241730395374805, 56.674540198073387 ], [ 23.241720759514422, 56.67463398012432 ], [ 23.241206493695977, 56.675052479151184 ], [ 23.239800811385727, 56.676199180710746 ], [ 23.239708171450566, 56.676274748873944 ], [ 23.239616057112901, 56.676349889830753 ], [ 23.239843549321233, 56.676513402264213 ], [ 23.240614261104351, 56.677067342400434 ], [ 23.242899228518642, 56.678262141413704 ], [ 23.242979531736729, 56.678304129607028 ], [ 23.243673083009838, 56.678666759234282 ], [ 23.243562035133849, 56.678945281682083 ], [ 23.243488376898377, 56.679130026070304 ], [ 23.242742145561728, 56.680995025975008 ], [ 23.24272719377635, 56.681039044207886 ], [ 23.242859659899899, 56.681219677518278 ], [ 23.243179125410052, 56.681681644484975 ], [ 23.243633762039789, 56.682277597883612 ], [ 23.243651680970459, 56.682301086422086 ], [ 23.243711996714293, 56.682381888701684 ], [ 23.243777880419046, 56.682390368229903 ], [ 23.243852864207621, 56.682399670218501 ], [ 23.244815251011921, 56.682562115669711 ], [ 23.245970128777365, 56.682757041693201 ], [ 23.24608110666561, 56.682779347500329 ], [ 23.24612653775344, 56.682801256542021 ], [ 23.246223833725711, 56.682852318879974 ], [ 23.24751702455815, 56.683986924588858 ], [ 23.24789683293292, 56.684331742925124 ], [ 23.247934715893113, 56.684404079248722 ], [ 23.247933566239045, 56.684461760191347 ], [ 23.247840745375182, 56.684853785530002 ], [ 23.247401661029951, 56.686993957288081 ], [ 23.24723577587093, 56.687661041714733 ], [ 23.247210784300254, 56.68770508421585 ], [ 23.247153684166829, 56.687748932677252 ], [ 23.247153438471596, 56.687749055175118 ], [ 23.247048187545989, 56.687801329111345 ], [ 23.2460867139398, 56.688073936072662 ], [ 23.24594917812794, 56.688121717434228 ], [ 23.245875996808842, 56.688165476960663 ], [ 23.245817906420918, 56.688257932588463 ], [ 23.245610079964571, 56.689083252030592 ], [ 23.245460099509216, 56.689678834858348 ], [ 23.244560868717574, 56.693014491292068 ], [ 23.244406401787348, 56.693449956973268 ], [ 23.244049974249027, 56.694454737862131 ], [ 23.243211385829611, 56.696568960894034 ], [ 23.243066709614606, 56.696933690239732 ], [ 23.242812919430026, 56.697101716678631 ], [ 23.242525872712829, 56.697264807529137 ], [ 23.242485262730611, 56.69728666186117 ], [ 23.242404292823064, 56.697317102286256 ], [ 23.242155019606592, 56.697324426833624 ], [ 23.240177445531614, 56.697391136687997 ], [ 23.240024692127218, 56.697394625301357 ], [ 23.23988097790788, 56.697423763176864 ], [ 23.239843097610731, 56.69748210393081 ], [ 23.239792031220425, 56.697623222272973 ], [ 23.239061990363457, 56.699401441108293 ], [ 23.238618592262249, 56.700481373522209 ], [ 23.238485180758595, 56.700738684343214 ], [ 23.237002794377453, 56.702977822095001 ], [ 23.236698901725365, 56.703350558569937 ], [ 23.23633073371035, 56.703670926605483 ], [ 23.235935189209361, 56.703999193538017 ], [ 23.235902162978348, 56.70402345509445 ], [ 23.235894031917049, 56.7040292108465 ], [ 23.235819879463296, 56.704081706496254 ], [ 23.235779712787906, 56.704110141429688 ], [ 23.235739546051839, 56.704138576349948 ], [ 23.235640674961065, 56.704208569812081 ], [ 23.235751709917466, 56.704417088534463 ], [ 23.235752626919055, 56.704418744562339 ], [ 23.23575360456304, 56.704420390181042 ], [ 23.236145573774248, 56.705056871989697 ], [ 23.236349884687861, 56.705435853699335 ], [ 23.235390763104149, 56.705814855841382 ], [ 23.233887117325455, 56.706408997947079 ], [ 23.233628284745905, 56.706511267705665 ], [ 23.233668255436154, 56.706698394536893 ], [ 23.233676370441149, 56.706736384853855 ], [ 23.234003257508611, 56.707426125890244 ], [ 23.233180745039551, 56.707819651761376 ], [ 23.23278815095269, 56.709550746999902 ], [ 23.227746335560621, 56.710647362520746 ], [ 23.22763612000881, 56.710742651351602 ] ] ] } },
{ "type": "Feature", "properties": { "fid": 599, "nosaukums": "Grauzdu upīte", "garums": null, "posmaID": null, "gadsAvotos": null, "regulets1940": false, "kolhozs": null, "udenskratuve": false, "piezimes": null }, "geometry": { "type": "MultiLineString", "coordinates": [ [ [ 23.191206293719933, 56.560579173466245 ], [ 23.191705886360438, 56.560491650274869 ], [ 23.195563112370593, 56.560531334575678 ], [ 23.19493314510699, 56.561514544757564 ], [ 23.194927430078131, 56.561559240541897 ], [ 23.194969587248654, 56.561593721871809 ], [ 23.198086347626507, 56.562263806750032 ], [ 23.199037469154561, 56.562463469833702 ], [ 23.201668529172732, 56.563015743214137 ], [ 23.201681520767679, 56.56301851837091 ], [ 23.20362338996879, 56.563433250879804 ], [ 23.204266092351208, 56.563570505362222 ], [ 23.204617164542068, 56.563646429525569 ], [ 23.205206803838085, 56.563481793338745 ], [ 23.205368983159119, 56.563474936128486 ], [ 23.205735729644104, 56.563485173081844 ], [ 23.205864827967797, 56.563464947066223 ], [ 23.206421855750019, 56.563293113238167 ], [ 23.206537566079636, 56.563257417889716 ], [ 23.206762570709188, 56.563208857679548 ], [ 23.207223553910271, 56.563156539633134 ], [ 23.207364207098486, 56.563153488553418 ], [ 23.20751087835162, 56.563204419260636 ], [ 23.207571833899149, 56.563252172012547 ], [ 23.207923012947987, 56.564121441192583 ], [ 23.208229816119108, 56.564948323691127 ], [ 23.208379955098323, 56.565290040238487 ], [ 23.208426482282814, 56.56534427910222 ], [ 23.20873410747976, 56.565562007688655 ], [ 23.208976982057703, 56.565742484648787 ], [ 23.209043775043504, 56.5668764070073 ], [ 23.209069925410681, 56.568054718840415 ], [ 23.208359597598637, 56.569202730403553 ], [ 23.208003903746512, 56.569687265470499 ], [ 23.207978314707255, 56.569771305651109 ], [ 23.208010082278264, 56.569847817394582 ], [ 23.20840633502716, 56.570273987702656 ], [ 23.208424024763925, 56.570339883536334 ], [ 23.208398987382409, 56.570397614552121 ], [ 23.208275550168729, 56.570602073955769 ], [ 23.208288913185623, 56.570646891698246 ], [ 23.208580504847944, 56.570835573957289 ], [ 23.209013322783044, 56.571109356114157 ], [ 23.209102230808838, 56.571188862529453 ], [ 23.209129509923319, 56.571252188588417 ], [ 23.209127697953804, 56.57133901173529 ], [ 23.209102110255905, 56.571423052128736 ], [ 23.208870905315756, 56.571701240327229 ], [ 23.208807287435292, 56.571777784674765 ], [ 23.207027291423127, 56.573739797183698 ], [ 23.206776672265725, 56.573901942197267 ], [ 23.205780308466416, 56.574205907595292 ], [ 23.205572718440923, 56.574408409089543 ], [ 23.205029299736914, 56.574979233945236 ], [ 23.204996273261791, 56.575098180814052 ], [ 23.205089420939988, 56.575369780295858 ], [ 23.204428050501903, 56.577146310928917 ], [ 23.204372408584593, 56.577227811329806 ], [ 23.205329516409268, 56.577897681273114 ], [ 23.205328085543442, 56.577965898169019 ], [ 23.205315150436192, 56.577990905464645 ], [ 23.204477971662424, 56.57960916010078 ], [ 23.204514340523026, 56.579643505732989 ], [ 23.206208637506084, 56.580096787389962 ], [ 23.206243436109112, 56.580206172172048 ], [ 23.206306259661691, 56.582494797037903 ], [ 23.206315192414738, 56.582658597115163 ], [ 23.206815845768947, 56.583548733014396 ], [ 23.206825638026778, 56.583671602740303 ], [ 23.206824209541992, 56.583739819597156 ], [ 23.206102369827207, 56.584553929518236 ], [ 23.20601454238945, 56.584614772094831 ], [ 23.205753199188393, 56.584694975069922 ], [ 23.205320116854075, 56.58480477029125 ], [ 23.205247006504614, 56.584898557025937 ], [ 23.205203862232981, 56.584953903950399 ], [ 23.203037348004745, 56.587732901531396 ], [ 23.20302326045574, 56.587814682766449 ], [ 23.20492832144215, 56.591227688773102 ], [ 23.205782798513564, 56.594677164836504 ], [ 23.20585155938311, 56.594936862587076 ], [ 23.205835902743214, 56.595093682632545 ], [ 23.205172525891665, 56.597136888780923 ], [ 23.204897429537908, 56.597984121895308 ], [ 23.204855065861992, 56.599413291515553 ], [ 23.204867514700982, 56.601271177782579 ], [ 23.204165921559834, 56.601102694107432 ], [ 23.202406377523676, 56.60047944792823 ], [ 23.201835358548177, 56.600277148632514 ], [ 23.20165628659738, 56.600308799053629 ], [ 23.201519292156291, 56.600359462558934 ], [ 23.201078272601691, 56.60072679621787 ], [ 23.200862848494697, 56.600870668136636 ], [ 23.198917639411832, 56.601410244146003 ], [ 23.198345982460093, 56.60204660149931 ] ] ] } },
{ "type": "Feature", "properties": { "fid": 600, "nosaukums": "Leinartu strauts", "garums": null, "posmaID": null, "gadsAvotos": null, "regulets1940": true, "kolhozs": null, "udenskratuve": false, "piezimes": null }, "geometry": { "type": "MultiLineString", "coordinates": [ [ [ 23.124635383702351, 56.566861899747138 ], [ 23.124586836983976, 56.567137179469491 ], [ 23.124616073863542, 56.567218021428566 ], [ 23.124870130351106, 56.567401987130353 ], [ 23.125678374601183, 56.567716029718561 ], [ 23.125745775514559, 56.567725462977869 ], [ 23.125870176690267, 56.567726337536342 ], [ 23.12653259449263, 56.567678728454283 ], [ 23.126954697885857, 56.568141615914307 ], [ 23.127037381801323, 56.568192220432124 ], [ 23.127861921452659, 56.568504869817737 ], [ 23.127883118283631, 56.56852405758243 ], [ 23.127894798334314, 56.56854541844141 ], [ 23.12789552351995, 56.568572675380764 ], [ 23.12786701970149, 56.568635938544986 ], [ 23.127665484000705, 56.568871952596552 ], [ 23.127661800191902, 56.568914484638903 ], [ 23.127788810678041, 56.569272263232506 ], [ 23.127971952593018, 56.569482976853365 ], [ 23.128154195310366, 56.569615288551852 ], [ 23.128767339216616, 56.569859252400136 ], [ 23.12862047211361, 56.570783324251927 ], [ 23.128612577413183, 56.570832991952933 ], [ 23.128547688513279, 56.571241251964274 ], [ 23.128387753648699, 56.57206018034254 ], [ 23.128377212000853, 56.572114160005711 ], [ 23.128371502070419, 56.572143398728251 ], [ 23.128365792110209, 56.57217263834869 ], [ 23.128355248791571, 56.572226617099126 ], [ 23.127898248990711, 56.574566414794887 ], [ 23.127371696268636, 56.577790323582541 ], [ 23.127362908966294, 56.577844116874509 ], [ 23.127358150310993, 56.577873255289553 ], [ 23.127353391668869, 56.577902392805939 ], [ 23.127344604312913, 56.577956186095527 ], [ 23.127246551554091, 56.578556460193433 ], [ 23.125510663280011, 56.578971332708626 ], [ 23.125599305479781, 56.580089824731985 ], [ 23.124380924771121, 56.581790352538903 ], [ 23.122532939928689, 56.586246424834052 ], [ 23.12190561736827, 56.587758847645219 ], [ 23.121892797409078, 56.587774184429541 ], [ 23.120905973314734, 56.588954739525526 ], [ 23.120507690072408, 56.589431188773027 ], [ 23.120326219934132, 56.58968972471515 ], [ 23.1202104908626, 56.58979489547977 ], [ 23.119956298676865, 56.589923546010041 ], [ 23.119822257397118, 56.589968797709929 ], [ 23.119666590354612, 56.589992930888897 ], [ 23.11933188728597, 56.590018921261589 ], [ 23.119060435601074, 56.590087899410285 ], [ 23.118904447181738, 56.590164783652924 ], [ 23.118714405955036, 56.590346888309099 ], [ 23.118654728719196, 56.590404073210536 ], [ 23.11828597208472, 56.590573701781558 ], [ 23.117957861287184, 56.590690146233754 ], [ 23.117772149475535, 56.590710925723506 ], [ 23.117422443233988, 56.590680167182576 ], [ 23.117343123198044, 56.590655976929654 ] ] ] } },
{ "type": "Feature", "properties": { "fid": 603, "nosaukums": "Ālave", "garums": null, "posmaID": null, "gadsAvotos": null, "regulets1940": false, "kolhozs": null, "udenskratuve": false, "piezimes": null }, "geometry": { "type": "MultiLineString", "coordinates": [ [ [ 23.116006543380809, 56.506489746162117 ], [ 23.116205940223558, 56.506486291552349 ], [ 23.116312043648627, 56.506484453354332 ], [ 23.117433386818142, 56.506469032997764 ], [ 23.11801466805402, 56.506332811422268 ], [ 23.118965385560877, 56.506087244891667 ], [ 23.118968734752787, 56.506086380064311 ], [ 23.119027612951204, 56.506071171546509 ], [ 23.119392035242804, 56.505977040278601 ], [ 23.119567823277844, 56.505887059962873 ], [ 23.119815302712293, 56.505701558839021 ], [ 23.120116908195271, 56.505391173428606 ], [ 23.120121651725213, 56.505386292437834 ], [ 23.120276412128025, 56.505227025551214 ], [ 23.120625959067983, 56.504758964982344 ], [ 23.121193224912453, 56.503889126846737 ], [ 23.120964562820181, 56.5036700435111 ], [ 23.121113283968761, 56.503596369764026 ], [ 23.121338248853391, 56.503484925601974 ], [ 23.121644486421545, 56.503345321081483 ], [ 23.122066647292382, 56.503232311081952 ], [ 23.122582916057809, 56.503081299951717 ], [ 23.122983552827154, 56.502890805998582 ], [ 23.123599569343192, 56.502456953682319 ], [ 23.124143880268928, 56.502099922530121 ], [ 23.124567207509667, 56.501935360363852 ], [ 23.124968119023947, 56.50173197356122 ], [ 23.125146811366619, 56.501587305713279 ], [ 23.125251166778753, 56.501486481134378 ], [ 23.125348112954157, 56.501392814459209 ], [ 23.125709016649473, 56.501105119421929 ], [ 23.126108269870251, 56.500861228108917 ], [ 23.126387278662477, 56.50071081679063 ], [ 23.126646533579077, 56.500579731153124 ], [ 23.126739268471571, 56.500532841868761 ], [ 23.126761519825298, 56.500521590515362 ], [ 23.126971178971417, 56.500324534589097 ], [ 23.13290978629394, 56.499915699123299 ], [ 23.133247127828859, 56.499870592116721 ], [ 23.133639324039251, 56.499835046359848 ], [ 23.134135348963891, 56.499839841678849 ], [ 23.134254380820938, 56.499851227326879 ], [ 23.134319729909539, 56.49991501708832 ], [ 23.134383456352122, 56.500050046190388 ], [ 23.134428941376942, 56.500148004320167 ], [ 23.134513556498511, 56.500204010973398 ], [ 23.13464170983389, 56.500233932160235 ], [ 23.135090357544787, 56.500257874935684 ], [ 23.135733770070999, 56.500291381423729 ], [ 23.135801958777463, 56.500296314879641 ], [ 23.136419762774075, 56.50034101417188 ], [ 23.136718892620728, 56.500406427625485 ], [ 23.137062341164444, 56.500482677292389 ], [ 23.137263021044138, 56.500470876377491 ], [ 23.13782367596173, 56.500366572593109 ], [ 23.137860856072272, 56.500359131723627 ], [ 23.138927967863356, 56.500145564729017 ], [ 23.139538353841157, 56.499951874941978 ], [ 23.139738850993151, 56.499947985113486 ], [ 23.139938092337729, 56.499999504232569 ], [ 23.140397348298254, 56.500158380020146 ], [ 23.140639266503037, 56.500322065156297 ], [ 23.141343144709214, 56.500906067639022 ], [ 23.141515499290687, 56.500973535595932 ], [ 23.141609584960378, 56.50098588102086 ], [ 23.141630807874034, 56.500986027668418 ], [ 23.14171931843866, 56.500986639225765 ], [ 23.142540197217222, 56.500859756347353 ], [ 23.143006721633178, 56.500779488001271 ], [ 23.143316738815315, 56.500705271574496 ], [ 23.144245170281803, 56.500340719847095 ], [ 23.144898979702038, 56.500114094052584 ], [ 23.145349170534505, 56.499958043373894 ], [ 23.145963239243606, 56.49973195349682 ], [ 23.146105306521477, 56.499650138807631 ], [ 23.146336966202632, 56.499402886227344 ], [ 23.146594184026551, 56.499128350956255 ], [ 23.146922557431434, 56.498742506603286 ], [ 23.147163872412854, 56.498458952709306 ], [ 23.147357039807094, 56.498251102784707 ], [ 23.147725282619248, 56.497854863449547 ], [ 23.147732824087527, 56.497774277465403 ], [ 23.147736099191114, 56.497739279743051 ], [ 23.147680841481488, 56.497512031245307 ], [ 23.147625316678202, 56.497283683859088 ], [ 23.147618979818706, 56.497245162903866 ], [ 23.147452395463564, 56.496232456322907 ], [ 23.147410255416943, 56.495984107469759 ], [ 23.147438851953957, 56.4958198755414 ], [ 23.147492405003806, 56.495512302841021 ], [ 23.147655930303262, 56.495282636501109 ], [ 23.147748569093544, 56.495152527220348 ], [ 23.147918677533454, 56.495045306618245 ], [ 23.148364501587626, 56.494965194447964 ], [ 23.148740050338784, 56.494980764049181 ], [ 23.149894835971189, 56.495231154566831 ], [ 23.150290183627192, 56.495174489355037 ], [ 23.151165928857598, 56.495094708101725 ], [ 23.151723453863937, 56.495167391845555 ], [ 23.152004726624579, 56.495196602210633 ], [ 23.152315142171592, 56.495077864577446 ], [ 23.152720178367591, 56.494824620716457 ], [ 23.15313993217195, 56.494711376060572 ], [ 23.153799870623047, 56.494553231616713 ], [ 23.154413067290879, 56.494411582876545 ], [ 23.154999316577221, 56.494283947973024 ], [ 23.155124302184458, 56.494262705925806 ], [ 23.155279275080993, 56.494266359173899 ], [ 23.155417198623436, 56.494297186135761 ], [ 23.155816215286258, 56.494419454902257 ], [ 23.156376620770779, 56.494574007732687 ], [ 23.156746955411492, 56.494673296424949 ], [ 23.15687563467155, 56.494679447480614 ], [ 23.157035010232573, 56.494653850295833 ], [ 23.157189250153035, 56.494584722710364 ], [ 23.157458926552941, 56.494463753391429 ], [ 23.158068385245198, 56.494217395202668 ], [ 23.158173445205747, 56.494212829713824 ], [ 23.158344350136211, 56.494248179662108 ], [ 23.158641228616855, 56.494315167553822 ], [ 23.159310843406701, 56.494471745963217 ], [ 23.15958881893534, 56.494543801226534 ], [ 23.15977859727791, 56.494567177323219 ], [ 23.159926640188832, 56.494565579400714 ], [ 23.160320325314476, 56.494504564778822 ], [ 23.160787800700824, 56.494427074674043 ], [ 23.160907173383702, 56.494422602672536 ], [ 23.161637897369378, 56.49452256143752 ], [ 23.162433833289899, 56.494628911513225 ], [ 23.162638663170288, 56.49464348727679 ], [ 23.162697871796805, 56.49463938961479 ], [ 23.162752644279294, 56.494635598945756 ], [ 23.162807416770864, 56.494631807354239 ], [ 23.163543089624799, 56.494580888361064 ], [ 23.164086559999394, 56.494545561852391 ], [ 23.164397054475728, 56.494528158003632 ], [ 23.165160830150029, 56.494474016924698 ], [ 23.165719174221465, 56.494446077839875 ], [ 23.165991833455276, 56.49443473744347 ], [ 23.166906518797227, 56.494373271106362 ] ] ] } },
{ "type": "Feature", "properties": { "fid": 604, "nosaukums": "Jugla", "garums": null, "posmaID": null, "gadsAvotos": null, "regulets1940": false, "kolhozs": null, "udenskratuve": false, "piezimes": null }, "geometry": { "type": "MultiLineString", "coordinates": [ [ [ 23.139450036453241, 56.535229987683408 ], [ 23.141198942433537, 56.535890433436421 ], [ 23.142921821052813, 56.535021175583843 ], [ 23.142808886802612, 56.534311241191006 ], [ 23.142590932973064, 56.532941078680118 ], [ 23.142869515903001, 56.532839640975588 ], [ 23.142714761124161, 56.532660337915225 ], [ 23.142691729907856, 56.532633653932791 ], [ 23.142668698723831, 56.532606969946031 ], [ 23.142604921103935, 56.532533075812523 ], [ 23.142994247289952, 56.532385090873305 ], [ 23.144111517627405, 56.531956578936963 ], [ 23.144770790776036, 56.531673393138718 ], [ 23.14488014479296, 56.531612308466244 ], [ 23.14493993014128, 56.531573212001071 ], [ 23.144987968596851, 56.531530219849969 ], [ 23.14501276594099, 56.531501642549344 ], [ 23.145027035938316, 56.531472991924993 ], [ 23.14509020279532, 56.530552812740666 ], [ 23.145103494175981, 56.530359207822947 ], [ 23.145103655870173, 56.530356143403075 ], [ 23.145108739963835, 56.530299399544596 ], [ 23.145109186011847, 56.53029598129207 ], [ 23.145109908118446, 56.530292577516867 ], [ 23.145119232809584, 56.530255803162085 ], [ 23.145121169336409, 56.530249874992641 ], [ 23.145123945706505, 56.530244049633453 ], [ 23.145144812809772, 56.530206366370635 ], [ 23.145145810986733, 56.530204636520899 ], [ 23.145146883614562, 56.530202921558576 ], [ 23.145173204449176, 56.530162383673961 ], [ 23.14517542398961, 56.530159192350688 ], [ 23.145177899089568, 56.530156059387906 ], [ 23.145226422966289, 56.530098206423936 ], [ 23.145231122404592, 56.530093112155321 ], [ 23.145236498347245, 56.530088226488843 ], [ 23.145374150036229, 56.52997307105646 ], [ 23.14537483590944, 56.529972502557982 ], [ 23.145375529829423, 56.529971937708638 ], [ 23.145693124316679, 56.529716306616656 ], [ 23.146151585654739, 56.529307711928254 ], [ 23.146261286684236, 56.529217640647879 ], [ 23.146514591491318, 56.528975123513661 ], [ 23.147478146097932, 56.528042892649196 ], [ 23.147479486623478, 56.528041619748116 ], [ 23.147480865877199, 56.528040359691069 ], [ 23.147637905799499, 56.527899361298743 ], [ 23.147901566571434, 56.527655965409629 ], [ 23.147984421365415, 56.527577364215375 ], [ 23.148113515488923, 56.527398914649254 ], [ 23.148140826042454, 56.527340920526846 ], [ 23.148141363602058, 56.527316966876093 ], [ 23.14813014845646, 56.527264869383004 ], [ 23.148096565673377, 56.527216040779237 ], [ 23.14804318623878, 56.527166391828104 ], [ 23.147930567180619, 56.527107438386508 ], [ 23.147767315657919, 56.527041977812139 ], [ 23.147539843560089, 56.526968546550592 ], [ 23.145578201321921, 56.526522479939409 ], [ 23.145490906841673, 56.526494158746324 ], [ 23.145443841439167, 56.526466797857189 ], [ 23.145412479407817, 56.526435621378489 ], [ 23.144772624678524, 56.525417419007283 ], [ 23.144785883479944, 56.524237908221473 ], [ 23.144852994299821, 56.52311680814654 ], [ 23.144928764030343, 56.521918139825672 ], [ 23.14493700374997, 56.52178777825759 ], [ 23.144939352212354, 56.521750621644216 ], [ 23.144999180271508, 56.520339773232088 ], [ 23.14500829901467, 56.520124729069281 ], [ 23.145074705132387, 56.518558619030209 ], [ 23.145146114316393, 56.518414862927969 ], [ 23.145298969391767, 56.518308053675447 ], [ 23.14606523873972, 56.518050817882383 ], [ 23.146957402920897, 56.517787293617538 ], [ 23.14732219507632, 56.517663743831903 ], [ 23.147515318913516, 56.517542913741913 ], [ 23.147575294505408, 56.517411764042954 ], [ 23.147476250555357, 56.517031931779663 ], [ 23.147332623410378, 56.516623545060206 ], [ 23.147353210708388, 56.516571104987783 ], [ 23.147364422186147, 56.51654254986726 ], [ 23.147375633646856, 56.516513994745537 ], [ 23.147407421841869, 56.516433028218941 ], [ 23.147421052054835, 56.516244689973 ], [ 23.146385274024404, 56.515369494691612 ], [ 23.146331348744944, 56.515183017597224 ], [ 23.146410632596091, 56.515041614889668 ], [ 23.146713652931147, 56.514877930702433 ], [ 23.148365763935626, 56.514054969021331 ], [ 23.151081721601955, 56.514216503344805 ], [ 23.15240563032869, 56.514297015796863 ], [ 23.152666762408415, 56.514287100759439 ], [ 23.152827676812016, 56.514238816094519 ], [ 23.15482388022053, 56.512795320965424 ], [ 23.15507061720119, 56.512683982123356 ], [ 23.155319147946859, 56.51262782927585 ], [ 23.155630060720007, 56.512628936322351 ], [ 23.157015156006622, 56.512703967592174 ], [ 23.158001347076485, 56.512748991003214 ], [ 23.158179096396267, 56.512735900989064 ], [ 23.159092433724897, 56.512462037568561 ], [ 23.159544547100669, 56.512318251003578 ], [ 23.159849098145269, 56.512310564274728 ], [ 23.16025643225359, 56.512331510846643 ], [ 23.161158965321242, 56.512705372975049 ], [ 23.161217226481096, 56.512834419974531 ], [ 23.161233250019109, 56.513067207871252 ], [ 23.161235259275493, 56.513096388945883 ], [ 23.161237266929849, 56.513125569111111 ], [ 23.161240359972737, 56.513170502961842 ], [ 23.160975163758998, 56.513311660540261 ], [ 23.160558635297804, 56.513546659717257 ], [ 23.160592532528202, 56.513714527337378 ], [ 23.160782604945254, 56.513835368067909 ], [ 23.161644105320288, 56.514312911517742 ], [ 23.163861670019287, 56.514747925032204 ], [ 23.165991008460022, 56.514225532247266 ], [ 23.16661894848075, 56.514497133419063 ], [ 23.167975531041844, 56.515083868518282 ], [ 23.172530732511081, 56.514956705006753 ], [ 23.17424252087482, 56.51503891742901 ], [ 23.175327387803843, 56.515068698026369 ], [ 23.175944812262493, 56.515085643208977 ], [ 23.178616871070748, 56.5150948149466 ], [ 23.179379379139306, 56.51509742203389 ], [ 23.182451578186281, 56.515110745428451 ], [ 23.184202549031891, 56.515120954867641 ], [ 23.185212481527699, 56.515035917687513 ], [ 23.186794057409191, 56.51490273007294 ], [ 23.186953937906058, 56.51491105653534 ], [ 23.187457091983845, 56.514937259406345 ], [ 23.190790374160919, 56.515083324515977 ], [ 23.191884075366975, 56.515143857463983 ], [ 23.192168700086455, 56.515159308184586 ] ] ] } },
{ "type": "Feature", "properties": { "fid": 605, "nosaukums": "Jugla", "garums": null, "posmaID": null, "gadsAvotos": null, "regulets1940": false, "kolhozs": null, "udenskratuve": false, "piezimes": null }, "geometry": { "type": "MultiLineString", "coordinates": [ [ [ 23.192168700086455, 56.515159308184586 ], [ 23.192443002059555, 56.515174197911136 ], [ 23.192515549939412, 56.515170218460391 ], [ 23.192576399945246, 56.515148358288819 ], [ 23.193501118767244, 56.514635797820461 ], [ 23.193659893222613, 56.514552255925786 ], [ 23.19406440296337, 56.514559524475324 ], [ 23.195985827669695, 56.514594035034925 ], [ 23.199011712948657, 56.514660316704912 ], [ 23.200797830155256, 56.514529379053727 ], [ 23.201125733423726, 56.514498313244609 ], [ 23.201178905634471, 56.514493276063213 ], [ 23.201232079475112, 56.514488237971129 ], [ 23.203415669489743, 56.514281343718103 ], [ 23.204398795480149, 56.514195064320418 ], [ 23.20662997034389, 56.513999227663149 ], [ 23.207134775880519, 56.513761476769197 ], [ 23.208008823664301, 56.514096430280269 ], [ 23.209796795834322, 56.514769040294823 ], [ 23.20982291343573, 56.514751528437891 ], [ 23.210085424579045, 56.514575520502504 ], [ 23.210210625989344, 56.5144887145659 ], [ 23.210443704066478, 56.514327115048957 ], [ 23.211085732887099, 56.514133751923296 ], [ 23.213535180439493, 56.513468220904862 ], [ 23.216593873526602, 56.512635665558783 ], [ 23.217506194600364, 56.512368546495907 ], [ 23.221723017081306, 56.511205952109734 ], [ 23.223220453918159, 56.510809114016233 ], [ 23.223227765168673, 56.510807176842178 ], [ 23.225196817649394, 56.510264862640028 ], [ 23.225434819647191, 56.510202012074245 ], [ 23.228677097783937, 56.510935094342663 ], [ 23.231575772085495, 56.51159478348486 ], [ 23.231754701775301, 56.511682350633293 ], [ 23.23213739159441, 56.511832659761311 ], [ 23.232410176258931, 56.511918884165986 ], [ 23.232612416913625, 56.511969523980639 ], [ 23.232664256855561, 56.511982505121111 ], [ 23.232716096833059, 56.511995486239975 ], [ 23.232953015886231, 56.512054809344718 ], [ 23.234027349011651, 56.512372693788542 ], [ 23.234176024010509, 56.512410116117849 ], [ 23.234662904526964, 56.512364603374991 ], [ 23.234677381385517, 56.512363250534257 ], [ 23.237135201947595, 56.512066501558238 ], [ 23.237424599538471, 56.512068278084861 ], [ 23.238381431011273, 56.512152952791375 ], [ 23.238953132746236, 56.512196977828395 ], [ 23.241148400098375, 56.51236995984128 ], [ 23.242506830984421, 56.512471955646809 ], [ 23.243312381961506, 56.512504723295983 ], [ 23.243610193495364, 56.512501471181558 ], [ 23.243821132565781, 56.512490092382599 ], [ 23.244014203724198, 56.512455809932753 ], [ 23.244272103271452, 56.512386465976057 ], [ 23.2445164119708, 56.512309440656466 ], [ 23.245259549488932, 56.512025239209017 ], [ 23.245781726222106, 56.511795409620696 ], [ 23.245919932565265, 56.511755726602757 ], [ 23.246901031758711, 56.511605048619025 ], [ 23.247378802414723, 56.511700347394473 ], [ 23.248995663236414, 56.512057260479402 ], [ 23.250183322765352, 56.512373481306582 ], [ 23.252047279761051, 56.512882115536648 ], [ 23.252272157327955, 56.512948431425833 ], [ 23.252544341493408, 56.513056064578493 ], [ 23.253008477448276, 56.513267461386384 ], [ 23.254552212491433, 56.513948081740494 ], [ 23.254594058507131, 56.513966529975939 ], [ 23.254635904563571, 56.513984978197328 ], [ 23.2547206246625, 56.514022329987803 ], [ 23.255962178736478, 56.514483108351989 ], [ 23.256339874320233, 56.514611999533209 ], [ 23.256681720296974, 56.514700154159129 ], [ 23.25739359263844, 56.514841171716483 ], [ 23.257543807320904, 56.514890188506826 ], [ 23.257702045309735, 56.514997503964601 ], [ 23.258575331800596, 56.515534390161143 ], [ 23.259206409733675, 56.515844775772656 ], [ 23.259619737898035, 56.5160270547522 ], [ 23.260015731990961, 56.516158576391071 ], [ 23.260703165663351, 56.51638047290178 ], [ 23.260817335365608, 56.516398880314021 ], [ 23.261005191450316, 56.516397464976002 ], [ 23.262014014556932, 56.516347743441905 ], [ 23.262353228555682, 56.516337094922093 ], [ 23.26244469306334, 56.516345235144783 ], [ 23.263187848654965, 56.516529459505314 ], [ 23.263821860396234, 56.516672511002071 ], [ 23.264049911909936, 56.516724513716511 ], [ 23.264145371397461, 56.516763068140861 ], [ 23.264689512551694, 56.517052473759001 ], [ 23.265408000868991, 56.517565777619247 ], [ 23.265814591777374, 56.517861963131367 ], [ 23.266170751566296, 56.518160382184995 ], [ 23.266283952339801, 56.518229430595895 ], [ 23.266375030859773, 56.518257827413969 ], [ 23.266553342544427, 56.518276608197397 ], [ 23.267038914759237, 56.518279473351157 ], [ 23.267533551537117, 56.518287455486217 ], [ 23.268640936611671, 56.518689728941226 ], [ 23.269792694067323, 56.51912193877174 ], [ 23.26990368019419, 56.519154503759836 ], [ 23.270214160098934, 56.519220152372824 ], [ 23.27062084649387, 56.519286364946332 ], [ 23.271285123087189, 56.519366852183303 ], [ 23.271407858567745, 56.51938884710983 ], [ 23.271736727710586, 56.519499277690137 ], [ 23.272034975399112, 56.519601017019014 ], [ 23.272130692300752, 56.519627107985556 ], [ 23.27234951481314, 56.519656047337165 ], [ 23.273796938937405, 56.519841097179587 ], [ 23.274944980261814, 56.519983960712999 ], [ 23.275171381906844, 56.520019321866904 ], [ 23.275259405328217, 56.520045364636218 ], [ 23.275335276390088, 56.520103250194175 ], [ 23.2757335071474, 56.520411931382995 ], [ 23.276097393998516, 56.52070551944459 ], [ 23.276424018065342, 56.520935063811159 ], [ 23.276530638209096, 56.520995254285133 ], [ 23.276767578139921, 56.521083860975807 ], [ 23.277130830448048, 56.521209369902969 ], [ 23.277624041975553, 56.521382437853177 ], [ 23.277746706769864, 56.521408680209724 ], [ 23.27785806896301, 56.521422092538131 ], [ 23.278050694798772, 56.521412574186535 ], [ 23.278493955044464, 56.521378981664256 ], [ 23.278578539587485, 56.521383727787004 ], [ 23.278666650976298, 56.521405513589038 ], [ 23.278750791088122, 56.521433659738058 ], [ 23.279633047798491, 56.521794069558823 ], [ 23.279854928570902, 56.52186556285352 ], [ 23.280525153334743, 56.522041772412827 ], [ 23.280881994626498, 56.5221389105604 ], [ 23.281179948091793, 56.52222001659824 ], [ 23.281302780756572, 56.522237747215257 ], [ 23.282933681531603, 56.522293973306915 ], [ 23.285026294741865, 56.522359218750879 ], [ 23.285141631129854, 56.522366263942807 ], [ 23.285210425440528, 56.522392189893573 ], [ 23.285252199471003, 56.522422215434659 ], [ 23.285666696620655, 56.522894775027048 ], [ 23.286054306206051, 56.523295017953799 ] ] ] } },
{ "type": "Feature", "properties": { "fid": 606, "nosaukums": "Rīgava", "garums": null, "posmaID": null, "gadsAvotos": null, "regulets1940": true, "kolhozs": null, "udenskratuve": false, "piezimes": null }, "geometry": { "type": "MultiLineString", "coordinates": [ [ [ 23.029656758294653, 56.478219367402168 ], [ 23.028375000645692, 56.477569401905143 ], [ 23.028187035715092, 56.477497317209412 ], [ 23.027767623195167, 56.477424134659024 ], [ 23.027717044627494, 56.477415309161628 ], [ 23.02766646770668, 56.477406483656452 ], [ 23.026418092564974, 56.477188646163206 ], [ 23.025918513570211, 56.476892894606372 ], [ 23.025714193661191, 56.476761531198527 ], [ 23.025677896870231, 56.476605116550182 ], [ 23.025671677156765, 56.476578311151869 ], [ 23.025864066659683, 56.475978906712633 ], [ 23.025946124340727, 56.475814856266204 ], [ 23.027043055951179, 56.474037784420723 ], [ 23.027071975193198, 56.473950209282997 ], [ 23.027067805045952, 56.473740381651218 ], [ 23.027085547620505, 56.473668011887796 ], [ 23.027118725917418, 56.473617959003121 ], [ 23.027437845962552, 56.473458454743671 ], [ 23.027482108249202, 56.473436330540189 ], [ 23.027526368838387, 56.473414207206247 ], [ 23.02781831700614, 56.473268280774384 ], [ 23.027821589126788, 56.473105772149367 ], [ 23.027806554271475, 56.473007677461204 ], [ 23.027780713979912, 56.472973492096862 ], [ 23.027739592226382, 56.472944482688966 ], [ 23.027529478776014, 56.472893820973148 ], [ 23.027557669483329, 56.472784119537216 ], [ 23.027557683799579, 56.472784067537738 ], [ 23.027606999481314, 56.472611989530655 ], [ 23.028107448776975, 56.472638203285435 ], [ 23.028811399097407, 56.471580046244313 ], [ 23.028889560866581, 56.471462551130159 ], [ 23.029011714830659, 56.471264680927803 ], [ 23.029075973285767, 56.471195465283962 ], [ 23.029133791569812, 56.471153040317326 ], [ 23.029211960354274, 56.471110379104509 ], [ 23.029301655306419, 56.471079763070108 ], [ 23.029411204716055, 56.47105568943546 ], [ 23.029548889969533, 56.471039708951828 ], [ 23.030458715346882, 56.470976403883455 ], [ 23.030798840904236, 56.470957975611107 ], [ 23.031010269980101, 56.47094087188497 ], [ 23.031409970482621, 56.470898099933805 ], [ 23.032345901172242, 56.470821901998498 ], [ 23.032736923613292, 56.470796258571113 ], [ 23.032952745348222, 56.470787763508454 ], [ 23.033285268100556, 56.470788548709059 ], [ 23.033703534246271, 56.470792691258495 ], [ 23.034568043583178, 56.470807380156103 ], [ 23.035099926628476, 56.470820386998597 ], [ 23.035323554137474, 56.470828409439051 ], [ 23.035740033596646, 56.470849330932275 ], [ 23.036026022688333, 56.470861128392926 ], [ 23.036599274816155, 56.470874372700969 ], [ 23.03706538294843, 56.470886859858958 ], [ 23.037346566071356, 56.470897891934271 ], [ 23.038212696518421, 56.470925771094144 ], [ 23.0386445481831, 56.470940633873369 ], [ 23.03889343098313, 56.470951457278346 ], [ 23.039488344940224, 56.470979989815206 ], [ 23.039879883438022, 56.471003477160458 ], [ 23.040172752653934, 56.47102363813412 ], [ 23.040427771551961, 56.471030247121753 ], [ 23.040587649249201, 56.471034385533578 ], [ 23.04174152911526, 56.471064249251988 ], [ 23.043421987914627, 56.471123223022097 ], [ 23.044090932475303, 56.471160155548368 ], [ 23.044460156778133, 56.471173310170741 ], [ 23.045164128162298, 56.471164027486168 ], [ 23.045304364280987, 56.471075968187158 ], [ 23.046559058805368, 56.469904721027135 ], [ 23.047015362291518, 56.469525619607033 ], [ 23.048016251666454, 56.468981891407054 ], [ 23.048689132577845, 56.468597507125217 ], [ 23.049638664033029, 56.467850724317969 ], [ 23.049774370976586, 56.467740789735998 ], [ 23.049782076500737, 56.467735050853406 ], [ 23.049790583039254, 56.467729669403901 ], [ 23.04985400695173, 56.467692627302753 ], [ 23.049860233294098, 56.467689182580649 ], [ 23.049866789225511, 56.467685929059911 ], [ 23.049930801771268, 56.467655858193034 ], [ 23.049963280306422, 56.467643976411281 ], [ 23.049999920799717, 56.467636698800725 ], [ 23.050018361038983, 56.467634364595447 ], [ 23.050024457658612, 56.467642809279589 ], [ 23.051930633718126, 56.467436374223112 ], [ 23.051967777186668, 56.467435268796983 ], [ 23.052019839586031, 56.467439276377192 ], [ 23.052080184594608, 56.467453063267747 ], [ 23.052146265103843, 56.467478277579183 ], [ 23.052810798311636, 56.46785768454793 ], [ 23.053255967372156, 56.468098935454556 ], [ 23.053259522058472, 56.468100762202091 ], [ 23.053701010553748, 56.468336206229296 ], [ 23.0537370330694, 56.468347441247907 ], [ 23.053746532882712, 56.468348833504884 ], [ 23.05375967105666, 56.468349081879317 ], [ 23.053798699550267, 56.468346160975315 ], [ 23.054977517641181, 56.468159877972695 ], [ 23.055703122105495, 56.468035419088174 ], [ 23.055713413899451, 56.468033872920309 ], [ 23.055723877350349, 56.468032735065492 ], [ 23.055912908366135, 56.468016015285329 ], [ 23.055921124980635, 56.468015416484903 ], [ 23.055929390529755, 56.468015069628549 ], [ 23.056127785505002, 56.468009790004217 ], [ 23.056136429423756, 56.468009697583028 ], [ 23.056145068123357, 56.468009880952906 ], [ 23.0564110558214, 56.468019777770259 ], [ 23.056417506261102, 56.468020102622482 ], [ 23.057026251115079, 56.468048118199555 ], [ 23.057387338251885, 56.468061470988282 ], [ 23.058604380521917, 56.468106469159935 ], [ 23.060352959036184, 56.468115241910652 ], [ 23.06112070130828, 56.468119085656696 ], [ 23.061521317537068, 56.467685852716443 ], [ 23.061669029453935, 56.467658848704446 ], [ 23.061735311770533, 56.467646730551209 ], [ 23.061801595668097, 56.467634612374738 ], [ 23.062149924151392, 56.467570930356324 ], [ 23.067544648296188, 56.46775429511662 ], [ 23.067811178526469, 56.467763348579219 ], [ 23.068418606682194, 56.467920315420393 ], [ 23.070212363645766, 56.468383820822702 ], [ 23.071956240713639, 56.469489379503003 ], [ 23.072721810009778, 56.470679220900202 ], [ 23.07313506624471, 56.471321466345046 ], [ 23.074377349101159, 56.471521120166443 ], [ 23.074433404360292, 56.47152306542047 ], [ 23.074498108424955, 56.471509802901053 ], [ 23.074551315596423, 56.471477620009892 ], [ 23.076904114014091, 56.469728201167932 ], [ 23.08151484446762, 56.470215510182832 ], [ 23.081612627025322, 56.470225843501829 ], [ 23.081665594440146, 56.47023144009885 ], [ 23.081718560247907, 56.470237036661267 ], [ 23.081918298111948, 56.470258142557348 ], [ 23.08247335890589, 56.470561600503864 ], [ 23.082859341366394, 56.470772617814021 ], [ 23.084871746053242, 56.471046253887089 ], [ 23.086440523221029, 56.47044574115931 ], [ 23.086735238411293, 56.470122114016895 ], [ 23.086972162935382, 56.469906998953668 ], [ 23.087668380370893, 56.469484510275308 ], [ 23.088401152743653, 56.469100761301199 ], [ 23.088715522906298, 56.468962273298445 ], [ 23.089015732296239, 56.468868773927213 ], [ 23.089912333670231, 56.468756229815831 ], [ 23.090231755577644, 56.468776741329215 ], [ 23.091119363975938, 56.468968693150671 ], [ 23.091210158975233, 56.469017717874216 ], [ 23.091495643795017, 56.469309459369867 ], [ 23.092363020483972, 56.469728137534304 ], [ 23.092543482929834, 56.469796652203591 ], [ 23.096480112918151, 56.470329600914219 ], [ 23.096724087726685, 56.470377563591768 ], [ 23.097245945555432, 56.470527316931729 ], [ 23.099879748684504, 56.471429824055789 ], [ 23.100092491643775, 56.471503162705261 ], [ 23.102092076678694, 56.47219244748559 ], [ 23.102287390132464, 56.47223690889961 ], [ 23.102651183180313, 56.472291498680065 ], [ 23.102859494678107, 56.472304550127411 ], [ 23.105320360256037, 56.472391445368679 ], [ 23.106351491473966, 56.472424224456077 ], [ 23.106404943357582, 56.472425923590372 ], [ 23.106458395246243, 56.472427622701659 ], [ 23.107198915018863, 56.472451157642126 ], [ 23.1074609702193, 56.472464021733209 ], [ 23.107689465171106, 56.47250607791284 ], [ 23.108327073473848, 56.47267231320307 ], [ 23.108544058581007, 56.472760471777733 ], [ 23.109415862116467, 56.473233291886366 ], [ 23.109528567795792, 56.473284226575224 ], [ 23.109644372294618, 56.473319993887948 ], [ 23.110055354366864, 56.4733939450443 ], [ 23.113067046833145, 56.473898160487202 ], [ 23.11327835487258, 56.473966684466312 ], [ 23.115200070664557, 56.474762684801142 ], [ 23.11536755691802, 56.474857919705343 ], [ 23.116054696234666, 56.475408173254266 ], [ 23.116860301543301, 56.476053266597077 ], [ 23.118253747483305, 56.477320506639458 ], [ 23.118371759922148, 56.477405058211502 ], [ 23.11848549229099, 56.477449165383092 ], [ 23.118688219191579, 56.477479472013492 ], [ 23.118928783027496, 56.47749218796271 ], [ 23.122694346394454, 56.477397565616968 ], [ 23.12292421770622, 56.477381868761299 ], [ 23.123048222465425, 56.477358736628901 ], [ 23.123118048950754, 56.477345711401369 ], [ 23.124338670973184, 56.476990880007577 ], [ 23.125208917018551, 56.476737889772366 ], [ 23.128582216177982, 56.476828772070306 ], [ 23.130753103546709, 56.476387682657688 ], [ 23.130947164315291, 56.476386112819839 ], [ 23.13506145174469, 56.476700146286227 ], [ 23.135253349152922, 56.476710596766132 ], [ 23.135433119817471, 56.476711088394822 ], [ 23.135594531987248, 56.476689576156971 ], [ 23.135841024080307, 56.476630671416451 ], [ 23.136505580985272, 56.476428015775632 ], [ 23.136574230437514, 56.476390966049863 ], [ 23.136617066260424, 56.476342189748237 ], [ 23.13715266063091, 56.474782550752259 ], [ 23.137228433537494, 56.474555978599703 ], [ 23.13733101611264, 56.474249235757462 ], [ 23.137379323871173, 56.474188951032886 ], [ 23.137704040303859, 56.473899651828226 ], [ 23.138680540548009, 56.473021890435092 ], [ 23.139127022259988, 56.47282291200198 ], [ 23.140461243299065, 56.473008209842973 ], [ 23.140564470922243, 56.473063711827031 ], [ 23.141562285841871, 56.474072779206878 ], [ 23.141965297943859, 56.475631231249139 ], [ 23.142114597540647, 56.475715004134905 ], [ 23.142163061369224, 56.475742197624093 ], [ 23.142211525287344, 56.475769390196099 ], [ 23.1429374147652, 56.476176683281885 ], [ 23.143169114963769, 56.476256576165127 ], [ 23.144930338991152, 56.47629610927946 ], [ 23.145028973512638, 56.47631200749133 ], [ 23.145431162506739, 56.476524792690036 ], [ 23.146290480570421, 56.477361023790436 ], [ 23.146393661810876, 56.477419564487121 ], [ 23.146513748970843, 56.477459958222539 ], [ 23.146623589806698, 56.477466800187017 ], [ 23.149507337748645, 56.477394195245139 ] ] ] } },
{ "type": "Feature", "properties": { "fid": 607, "nosaukums": "Govainis", "garums": null, "posmaID": null, "gadsAvotos": null, "regulets1940": true, "kolhozs": null, "udenskratuve": false, "piezimes": null }, "geometry": { "type": "MultiLineString", "coordinates": [ [ [ 23.05853738781574, 56.446067821085414 ], [ 23.058588268203497, 56.446514965366916 ], [ 23.058784630650504, 56.446545159946851 ], [ 23.058853272338872, 56.446555714616835 ], [ 23.05892191568763, 56.44656626926129 ], [ 23.060025738195939, 56.446735993376286 ], [ 23.061346919333829, 56.446968929488165 ], [ 23.061534872978349, 56.4469747837787 ], [ 23.0620931412945, 56.446935227002086 ], [ 23.066701798486665, 56.447619414989077 ], [ 23.067974541399803, 56.447780811574248 ], [ 23.068531811072461, 56.447986700588139 ], [ 23.070535111329949, 56.448552530369369 ], [ 23.070996045002573, 56.448606962256576 ], [ 23.071870197755683, 56.448785283679022 ], [ 23.072633196563167, 56.448104964261411 ], [ 23.072716791169057, 56.44804130921095 ], [ 23.072771459400137, 56.448015119154817 ], [ 23.07284767605465, 56.448007930147007 ], [ 23.072985349532626, 56.448024474176322 ], [ 23.073234945527101, 56.448087847568175 ], [ 23.074272344129962, 56.448383185986863 ], [ 23.074460585078569, 56.448558696110013 ], [ 23.074485632072978, 56.448582049132419 ], [ 23.075165967966086, 56.448727738410795 ], [ 23.075429005572389, 56.448547519701407 ], [ 23.077333373738853, 56.448208140390243 ], [ 23.078645910659368, 56.448605016329729 ], [ 23.078713139014475, 56.448625343748525 ], [ 23.078780367441578, 56.44864567113104 ], [ 23.079105338323522, 56.448743929909476 ], [ 23.084622811427582, 56.449002444855118 ], [ 23.08990077817673, 56.449281071615346 ], [ 23.092266167793028, 56.44975392557761 ], [ 23.095569231971094, 56.450219710823731 ], [ 23.099564263991777, 56.45063391443415 ], [ 23.10076978901516, 56.450833649529997 ], [ 23.102655939586619, 56.451417476782311 ], [ 23.102744182104267, 56.451447549465627 ], [ 23.104410389892788, 56.452369418661469 ], [ 23.107664938924543, 56.452583493999143 ], [ 23.108388643986419, 56.452644995950756 ], [ 23.108445513954162, 56.452649828480489 ], [ 23.10850238393661, 56.452654660984152 ], [ 23.108888182383001, 56.452687444470456 ], [ 23.11248636688719, 56.45309625609039 ], [ 23.118764870219145, 56.453775427243926 ], [ 23.120532657042773, 56.453966594902603 ], [ 23.122190507508797, 56.453635936852109 ], [ 23.122376190086332, 56.453663325996416 ], [ 23.125122002353034, 56.454263685706131 ], [ 23.12645329342141, 56.454234298341511 ], [ 23.129064342542812, 56.454411489227127 ], [ 23.129950106682333, 56.455179846775181 ], [ 23.133463214638237, 56.455271265951112 ], [ 23.136001829104515, 56.454440911904783 ], [ 23.137534546658117, 56.454299375920407 ], [ 23.140762404455831, 56.455822259309258 ], [ 23.142480364262894, 56.456686028509232 ], [ 23.14441828644469, 56.457660316758933 ], [ 23.146861951483313, 56.458992278170378 ], [ 23.148313479189184, 56.459761547046298 ], [ 23.148458226171758, 56.459778676629043 ] ] ] } },
{ "type": "Feature", "properties": { "fid": 608, "nosaukums": "Skujaine", "garums": null, "posmaID": null, "gadsAvotos": null, "regulets1940": false, "kolhozs": null, "udenskratuve": false, "piezimes": null }, "geometry": { "type": "MultiLineString", "coordinates": [ [ [ 23.019733775814096, 56.424904398291169 ], [ 23.019864304126195, 56.424954972684084 ], [ 23.019920291249409, 56.424976665845961 ], [ 23.020216032948127, 56.425101192477861 ], [ 23.020513124030249, 56.425173360952861 ], [ 23.021046625620794, 56.425229938374308 ], [ 23.021314578612472, 56.425266646404459 ], [ 23.02132593176497, 56.425268201376397 ], [ 23.021688069568707, 56.42531781239127 ], [ 23.022131295158463, 56.425311862192338 ], [ 23.022284332884126, 56.425324872424554 ], [ 23.022407071088221, 56.425356531663802 ], [ 23.022499446095839, 56.425409199812428 ], [ 23.0228754042849, 56.426019366475678 ], [ 23.022919714962182, 56.426175842962969 ], [ 23.022927670575655, 56.426203934677297 ], [ 23.024165396264035, 56.426714937238685 ], [ 23.026319713549832, 56.427604299466807 ], [ 23.026549110333821, 56.427699359932419 ], [ 23.027169945527938, 56.42795662497462 ], [ 23.027232727714019, 56.427981715805323 ], [ 23.027658287617829, 56.428151790588636 ], [ 23.032188458825264, 56.427420986114434 ], [ 23.032553891939205, 56.427220122118847 ], [ 23.03285383026099, 56.427055254603331 ], [ 23.037439622021317, 56.426430142143069 ], [ 23.03754577757941, 56.426415668930296 ], [ 23.037603279894675, 56.426407829134 ], [ 23.037660783807642, 56.426399989323578 ], [ 23.037766939199674, 56.426385515920956 ], [ 23.04153859653211, 56.42587122785806 ], [ 23.04219418533674, 56.425409070127756 ], [ 23.042573832638155, 56.425285525399509 ], [ 23.042637044815375, 56.425279658173451 ], [ 23.042706851674886, 56.425273179612581 ], [ 23.042951255987884, 56.425250495077051 ], [ 23.043315204835164, 56.4252975680226 ], [ 23.043666002084052, 56.425414098917742 ], [ 23.048033275769829, 56.427912552143198 ], [ 23.049605092285734, 56.428811647298836 ], [ 23.049923484409174, 56.42896059242436 ], [ 23.051992977046321, 56.429928657100263 ], [ 23.053917720073596, 56.430006100623572 ], [ 23.055285076730037, 56.430061098589924 ], [ 23.055288166383459, 56.430061072695118 ], [ 23.05823214471453, 56.430036661940306 ], [ 23.059532377915563, 56.43002585792285 ], [ 23.059601300425459, 56.430025285006742 ], [ 23.059670214999034, 56.430025099236431 ], [ 23.060217944458287, 56.43002362406326 ], [ 23.060461872828409, 56.430095993625187 ], [ 23.062602479595519, 56.43137125741648 ], [ 23.064418532763739, 56.432453073653889 ], [ 23.064613238763201, 56.433455667394938 ], [ 23.06465656158742, 56.433700835343387 ], [ 23.064769771985464, 56.434058219697377 ], [ 23.064767860648153, 56.434110441872839 ], [ 23.064726752992001, 56.435234253929828 ], [ 23.064848656096924, 56.43533606437979 ], [ 23.065469979661728, 56.435854968335278 ], [ 23.065772552182569, 56.43591699424622 ], [ 23.067358323883884, 56.435849583314983 ], [ 23.067800167981542, 56.436030612749406 ], [ 23.067941533880749, 56.436088531047545 ], [ 23.068418868815336, 56.4363728495264 ], [ 23.068926169941754, 56.436771371693943 ], [ 23.070059811266077, 56.437661891416973 ], [ 23.070474550344393, 56.438409463286121 ], [ 23.071409374482997, 56.438451523406236 ], [ 23.073128700557088, 56.438528861106114 ], [ 23.075765229749511, 56.438647408690244 ], [ 23.076067267725708, 56.438660986475945 ], [ 23.076830293662393, 56.439783806508892 ], [ 23.078740635925048, 56.44010448034804 ], [ 23.078812913455405, 56.440116612553119 ], [ 23.08016905176412, 56.439550367270037 ], [ 23.081555901768368, 56.439534039565864 ], [ 23.081689668169325, 56.439545558623749 ], [ 23.081853039147532, 56.439573920134237 ], [ 23.081963184576203, 56.439605062944402 ], [ 23.082229736142413, 56.439783206386451 ], [ 23.083658268333007, 56.440737890720513 ], [ 23.084479632626028, 56.441286777315469 ], [ 23.084824176356879, 56.441399026574885 ], [ 23.088654748006931, 56.44179818380902 ], [ 23.088693163768934, 56.441811138856849 ], [ 23.089262252849053, 56.442003045902354 ], [ 23.089307282266564, 56.442018229883985 ], [ 23.089352310098313, 56.442033413837507 ], [ 23.089546081115603, 56.442098755534865 ], [ 23.089692397243862, 56.442421592901859 ], [ 23.089998659412327, 56.443097322083482 ], [ 23.090000373713146, 56.443266008708079 ], [ 23.089839482628818, 56.443519953277111 ], [ 23.089260395965916, 56.444433936524284 ], [ 23.08923406887147, 56.444573774939556 ], [ 23.089322326618419, 56.444727183690112 ], [ 23.089389584919065, 56.444797692495598 ], [ 23.08952623424037, 56.444849615037349 ], [ 23.093930656998918, 56.445880054912053 ], [ 23.094678110653913, 56.446336296097769 ], [ 23.094703392581302, 56.446351727577834 ], [ 23.095828968560909, 56.446221568908548 ], [ 23.100057133324128, 56.446025048060946 ], [ 23.100588919818048, 56.446000321302343 ], [ 23.100986328539943, 56.446118460855409 ], [ 23.101084230121813, 56.446128220221787 ], [ 23.101212247771528, 56.446123144585471 ], [ 23.10135678321684, 56.446108835311122 ], [ 23.103055973451333, 56.445844728783705 ], [ 23.103734537741953, 56.445749978206024 ], [ 23.104611788776012, 56.445686673519852 ], [ 23.107043309774383, 56.445854800928473 ], [ 23.107258083718939, 56.445869649529364 ], [ 23.107611946425283, 56.445894112369984 ], [ 23.107821602526148, 56.445898863910969 ], [ 23.108012583549328, 56.445893662396273 ], [ 23.108619044768343, 56.445834093802844 ], [ 23.10891369198627, 56.445797467360272 ], [ 23.109017621208395, 56.445765281758966 ], [ 23.109092529190956, 56.445702389155755 ], [ 23.110013056290779, 56.444929499807095 ], [ 23.110327224107014, 56.44466570929449 ], [ 23.111293589388705, 56.44385427838678 ], [ 23.11147190396904, 56.443704548003922 ], [ 23.113414148206406, 56.443887038488434 ], [ 23.116334757641045, 56.444161393080236 ], [ 23.11877762578159, 56.443678894912296 ], [ 23.118944706218343, 56.443645892430332 ], [ 23.12089779200571, 56.443906702746226 ], [ 23.122184292270124, 56.444078480578611 ], [ 23.123618500340065, 56.444269963646981 ], [ 23.125559655923993, 56.443520830846282 ], [ 23.12665741485101, 56.443097156770413 ], [ 23.12681797073331, 56.443080600914271 ], [ 23.130614577580257, 56.442689054171019 ], [ 23.131549315681241, 56.442592635228301 ], [ 23.133774365539452, 56.442363088691529 ], [ 23.134603624415575, 56.442480082390432 ], [ 23.136789348532897, 56.442479155656898 ], [ 23.137861110185131, 56.442674747090045 ], [ 23.139896725972534, 56.442543165380521 ], [ 23.140904637671476, 56.442478001520641 ], [ 23.142334829035303, 56.441479374682736 ], [ 23.142390330733402, 56.441440619093797 ], [ 23.142531841157066, 56.441348516331786 ], [ 23.142641961394187, 56.441300756146845 ], [ 23.142776616116969, 56.441274949598622 ], [ 23.142909147625158, 56.441263982630304 ], [ 23.143034083246363, 56.441272767127096 ], [ 23.146058211566519, 56.441839710754955 ], [ 23.146470984662677, 56.441917087877123 ], [ 23.146853399249938, 56.442263983272397 ], [ 23.147324813850524, 56.442691601728271 ], [ 23.147824608358757, 56.442942239727401 ], [ 23.148255963385083, 56.443158551759801 ], [ 23.150474907152724, 56.443325159929074 ], [ 23.151361296712452, 56.443204657335968 ], [ 23.152985317296512, 56.442983857018689 ], [ 23.154474337592543, 56.443263720549012 ], [ 23.155120563152376, 56.443385172560625 ], [ 23.155952867182865, 56.44354159092709 ], [ 23.156342052186755, 56.443544236886993 ], [ 23.156716215586954, 56.443492876914988 ], [ 23.158021709667427, 56.443141558589339 ], [ 23.159225347264137, 56.442817631741633 ], [ 23.159333049168303, 56.442788646258627 ], [ 23.159752615347539, 56.442675726775299 ] ] ] } },
{ "type": "Feature", "properties": { "fid": 609, "nosaukums": "Svētaine", "garums": null, "posmaID": null, "gadsAvotos": null, "regulets1940": false, "kolhozs": null, "udenskratuve": false, "piezimes": null }, "geometry": { "type": "MultiLineString", "coordinates": [ [ [ 23.050020202551817, 56.406848348337057 ], [ 23.049626868019605, 56.406067099317831 ], [ 23.049941110927044, 56.405880669591667 ], [ 23.051892166770276, 56.405898959152893 ], [ 23.055757422295514, 56.405935102749659 ], [ 23.056945108344504, 56.406084213701412 ], [ 23.057012673103966, 56.406092695970727 ], [ 23.057080237893853, 56.406101178203336 ], [ 23.057233687279183, 56.4061204426391 ], [ 23.057689417040756, 56.406170072949848 ], [ 23.057691900795788, 56.406170355072462 ], [ 23.057694374252467, 56.406170660477308 ], [ 23.057886633895368, 56.406195368110609 ], [ 23.057887339796032, 56.406195459726021 ], [ 23.057888044032094, 56.406195553125734 ], [ 23.059530093652203, 56.406415852673177 ], [ 23.059530280999407, 56.40641587835254 ], [ 23.060562113495855, 56.406555292074337 ], [ 23.062406990536818, 56.406793526976749 ], [ 23.062408038889536, 56.406793664281729 ], [ 23.062409083891364, 56.406793806053827 ], [ 23.063738274676258, 56.406976623180832 ], [ 23.063738704293819, 56.406976682129184 ], [ 23.06373913224704, 56.406976742861964 ], [ 23.06415054396458, 56.407034753482151 ], [ 23.064257344442872, 56.407049614993916 ], [ 23.064335540848315, 56.407058658635798 ], [ 23.064406096837963, 56.407065042602134 ], [ 23.064437805333426, 56.40706685768162 ], [ 23.06681193039795, 56.406512907233143 ], [ 23.067216587790355, 56.406436612121006 ], [ 23.067332140160886, 56.406441470215761 ], [ 23.073407194749702, 56.407446491379218 ], [ 23.073644101855162, 56.407465427082691 ], [ 23.074610737354028, 56.407404794758335 ], [ 23.0823033241996, 56.406916661776187 ], [ 23.082716690752491, 56.406887850910181 ], [ 23.082847613066054, 56.406878726318709 ], [ 23.082900800757628, 56.406875018884243 ], [ 23.082953986818836, 56.406871311414982 ], [ 23.086797372670908, 56.406603362871465 ], [ 23.092080100910092, 56.407278615529606 ], [ 23.095898025609944, 56.408136310864037 ], [ 23.10397550821753, 56.412415504443551 ], [ 23.106719235330033, 56.413180675537077 ], [ 23.10706281123576, 56.413222328750976 ], [ 23.108588120312895, 56.41315110335762 ], [ 23.110250317913184, 56.413070416027054 ], [ 23.115214042978184, 56.412436909717663 ], [ 23.115332283001447, 56.412417905604748 ], [ 23.115441388389385, 56.412394355551747 ], [ 23.115571547049154, 56.412359431645037 ], [ 23.117874172814545, 56.411602241862262 ], [ 23.117947003459111, 56.411578291519213 ], [ 23.119644073113484, 56.411017373787729 ], [ 23.122293691391096, 56.411036126367613 ], [ 23.124964513986768, 56.41106693959366 ], [ 23.125585935061526, 56.411074101040953 ], [ 23.125918735664285, 56.411144534517696 ], [ 23.126017010458423, 56.41116533296141 ], [ 23.128584135722196, 56.41173480330221 ], [ 23.128942091624918, 56.411678044756002 ], [ 23.129369142646159, 56.411555370140192 ], [ 23.131347134091829, 56.410987143715111 ], [ 23.134385601991962, 56.41131170649799 ], [ 23.135534571097413, 56.411434118888828 ], [ 23.135563287383519, 56.411437177928356 ], [ 23.136063476251135, 56.411511491575062 ], [ 23.139722458196101, 56.413080879178864 ], [ 23.140937112205378, 56.413635344729009 ], [ 23.140979178905756, 56.413654547068063 ], [ 23.141393951304291, 56.413850760675366 ], [ 23.141405190344777, 56.413855715367852 ], [ 23.1414222647334, 56.413863244136337 ], [ 23.141957394209907, 56.41409917011255 ], [ 23.142326289207944, 56.414232324687532 ], [ 23.144789769178612, 56.414181467952744 ], [ 23.145415223841695, 56.414273822708267 ], [ 23.148374732901345, 56.414710773992077 ], [ 23.148400910978943, 56.414714638317861 ], [ 23.149528969521224, 56.414884990738976 ], [ 23.151621135422577, 56.415074485394079 ], [ 23.152014060666545, 56.41511007007152 ], [ 23.153732772264284, 56.415416944366484 ], [ 23.158331024891574, 56.41629330526056 ], [ 23.158427762306857, 56.416306125877092 ], [ 23.15851200884379, 56.41630925794248 ], [ 23.158598734404539, 56.416304724834646 ], [ 23.158745949038529, 56.416280754601594 ], [ 23.160168146678686, 56.416001012845953 ], [ 23.160483492304479, 56.415960661048437 ], [ 23.160538788258421, 56.415953585077347 ], [ 23.16167713306081, 56.415975366440421 ], [ 23.163728214674791, 56.416016341400223 ], [ 23.163871859148074, 56.416017115466367 ], [ 23.163885183077603, 56.416017261862315 ], [ 23.163983292685327, 56.416018340784767 ], [ 23.165362601687274, 56.416033505147503 ], [ 23.165622705007411, 56.41601482881488 ], [ 23.167604288476635, 56.415710212920793 ], [ 23.167681156885269, 56.415707367442458 ], [ 23.167779761290429, 56.4157141106419 ], [ 23.167844769938522, 56.415725430757078 ], [ 23.167899250712917, 56.415742921903977 ], [ 23.167969597267927, 56.415774283993031 ], [ 23.168485388960754, 56.416167311461081 ], [ 23.168566752559038, 56.416196666183531 ], [ 23.168661211712671, 56.416208182322613 ], [ 23.168836746251465, 56.416209358385167 ], [ 23.170810245150321, 56.416174547483848 ], [ 23.170964991137151, 56.416175581598054 ], [ 23.171282931604068, 56.416187629280287 ], [ 23.171382686491174, 56.416194698047015 ], [ 23.171420044352995, 56.416202950214199 ], [ 23.174700011012945, 56.417534980703714 ], [ 23.175509475618373, 56.417621427700091 ] ] ] } },
{ "type": "Feature", "properties": { "fid": 610, "nosaukums": "Svēpaine", "garums": null, "posmaID": null, "gadsAvotos": null, "regulets1940": false, "kolhozs": null, "udenskratuve": false, "piezimes": null }, "geometry": { "type": "MultiLineString", "coordinates": [ [ [ 23.037080432397413, 56.368861592231646 ], [ 23.036275196306839, 56.369208594669203 ], [ 23.036213821116878, 56.369263603790856 ], [ 23.036212420984761, 56.369319079125589 ], [ 23.036264192251888, 56.369380515960202 ], [ 23.038391192703166, 56.37038724923859 ], [ 23.040113170421467, 56.369983728212276 ], [ 23.041191751645112, 56.37016407988569 ], [ 23.042091468633974, 56.370305763819296 ], [ 23.044554254319909, 56.370693554541219 ], [ 23.047503594268992, 56.371157884384445 ], [ 23.048678978487221, 56.37134290801211 ], [ 23.050123891662516, 56.371570342135669 ], [ 23.050227624921348, 56.37166331177621 ], [ 23.051017111381213, 56.372516901283724 ], [ 23.051072311181603, 56.372575584393189 ], [ 23.051115762559732, 56.372604122259411 ], [ 23.051189251126171, 56.372631039987901 ], [ 23.052211868189293, 56.372885138550558 ], [ 23.052276048523328, 56.372901085821667 ], [ 23.052340230530064, 56.372917033072049 ], [ 23.052445940672385, 56.372943298730689 ], [ 23.05246386585689, 56.372897298394747 ], [ 23.052465390729463, 56.372892809525013 ], [ 23.052466479397079, 56.372888282280698 ], [ 23.052471025041264, 56.372864565506219 ], [ 23.053736779724584, 56.372825102845432 ], [ 23.057617718955495, 56.372208110027259 ], [ 23.057992252136732, 56.371995012935464 ], [ 23.058421307781551, 56.371713820064315 ], [ 23.058490752517706, 56.371682742251679 ], [ 23.058564832192438, 56.371667501283568 ], [ 23.058713977762633, 56.371664915735785 ], [ 23.060783468031239, 56.371939691192146 ], [ 23.061158129366714, 56.371996715587763 ], [ 23.064434702260986, 56.37331211980937 ], [ 23.066358464327731, 56.374084345362022 ], [ 23.070859207333637, 56.375890770280598 ], [ 23.073912659034502, 56.377134233875175 ], [ 23.074191325046815, 56.377239933471373 ], [ 23.074279717467327, 56.377256395964238 ], [ 23.074373428242744, 56.377260814376463 ], [ 23.075781667333999, 56.377050840659813 ], [ 23.076463386856311, 56.376949186424937 ], [ 23.076713750067846, 56.376918515899128 ], [ 23.077109656951219, 56.376896364984091 ], [ 23.077327293415703, 56.376902632509868 ], [ 23.077658000488391, 56.376944134761928 ], [ 23.077884971159541, 56.376980217756341 ], [ 23.077994690932456, 56.377015427636167 ], [ 23.07820259926832, 56.377147114371397 ], [ 23.078939759648012, 56.377611627832124 ], [ 23.079081304624086, 56.377701342466601 ], [ 23.079366531189994, 56.377792123803985 ], [ 23.080207109828972, 56.37802888686592 ], [ 23.080341513484555, 56.378070263439824 ], [ 23.080412944097191, 56.37810134434887 ], [ 23.080448331625998, 56.378156576923715 ], [ 23.080532696180576, 56.378410047557075 ], [ 23.080569566341069, 56.378479109767198 ], [ 23.080654032653822, 56.378519707790936 ], [ 23.080817359212144, 56.378547660188183 ], [ 23.081323857292794, 56.378537661562802 ], [ 23.083165047646602, 56.378476194507051 ], [ 23.084446090243507, 56.378433412124139 ], [ 23.086291849292376, 56.378371745525932 ], [ 23.087535505285, 56.377998847747769 ], [ 23.087654068888515, 56.377944874959738 ], [ 23.087747796900672, 56.377878635645352 ], [ 23.087855767477102, 56.377777176267934 ], [ 23.087900895653544, 56.377711508351993 ], [ 23.08791745808097, 56.377649348225475 ], [ 23.087955453505405, 56.37704075616913 ], [ 23.08797380220647, 56.376973961314938 ], [ 23.088020203592656, 56.376925035170956 ], [ 23.088100217376219, 56.376871708355878 ], [ 23.088861344565423, 56.376498035836313 ], [ 23.089195420287513, 56.376398701975184 ], [ 23.089463138713384, 56.376342105080532 ], [ 23.089496760059923, 56.376337239600289 ], [ 23.089538645452386, 56.376337081747288 ], [ 23.089571989722106, 56.376343834295554 ], [ 23.089704792430133, 56.376395005785689 ], [ 23.090424494687039, 56.376704258534289 ], [ 23.090740928936317, 56.376782804860724 ], [ 23.090959136341048, 56.376835531164716 ], [ 23.091171397278099, 56.376856608459647 ], [ 23.092757484282096, 56.376874265882357 ], [ 23.092905576345714, 56.37687886331053 ], [ 23.092953349806745, 56.376880346675271 ], [ 23.093079581407579, 56.376891030233232 ], [ 23.093180576082101, 56.3769061778492 ], [ 23.093311952765038, 56.376947110280561 ], [ 23.094404872314186, 56.377415237076697 ], [ 23.094849593326344, 56.377438014564461 ], [ 23.094946626138107, 56.377442984349138 ], [ 23.094999184242162, 56.377445676162047 ], [ 23.095051746059827, 56.377448279928451 ], [ 23.09514878277961, 56.377453086957892 ], [ 23.098364373567684, 56.377612325221378 ], [ 23.098593949121447, 56.377623690770783 ], [ 23.101413947815235, 56.378473638220591 ], [ 23.101449558445573, 56.37848437077691 ], [ 23.10192840929178, 56.37873384950381 ], [ 23.103695971080757, 56.379654696050004 ], [ 23.107775736307612, 56.380169122823908 ], [ 23.10831160740517, 56.380521254625968 ], [ 23.108350302027045, 56.380546682245381 ], [ 23.108388996700455, 56.380572109852764 ], [ 23.109334591699291, 56.381193455323007 ], [ 23.110102019183298, 56.38170477005032 ], [ 23.111866368005419, 56.383042320673951 ], [ 23.111993599377517, 56.38305574406742 ], [ 23.116496989997149, 56.384245512734175 ], [ 23.116599303266185, 56.384260479825258 ], [ 23.116700301698877, 56.384265082489819 ], [ 23.119817361546517, 56.38417646940195 ], [ 23.120008213651545, 56.384196807833789 ], [ 23.120226603048664, 56.384237188739846 ], [ 23.120408846274564, 56.384293707431794 ], [ 23.120534981478468, 56.384355006787409 ], [ 23.120620462578174, 56.384425509266279 ], [ 23.120677950902607, 56.384495812299683 ], [ 23.121036673656448, 56.385459153793924 ], [ 23.121217777875003, 56.385727708697317 ], [ 23.122103554132718, 56.386688518976733 ], [ 23.122409759678359, 56.387003705394655 ], [ 23.122441766726642, 56.387036649985973 ], [ 23.122478861132695, 56.387065726677172 ], [ 23.122512934257909, 56.387092435153363 ], [ 23.122549588247683, 56.387116438592024 ], [ 23.122697679090052, 56.387213416853186 ], [ 23.123200901618684, 56.387535391082473 ], [ 23.123718484942817, 56.387892844972107 ], [ 23.124184566595666, 56.388226461100317 ], [ 23.124333354432199, 56.388332959859703 ], [ 23.12655204190791, 56.389506008919781 ], [ 23.126684156429786, 56.389551187546111 ], [ 23.131718508872154, 56.390290200121413 ], [ 23.132051023484458, 56.39030806051327 ], [ 23.133878383358951, 56.39008321272015 ], [ 23.134107156980299, 56.390055060718616 ], [ 23.134432922629138, 56.390026997659135 ], [ 23.134902420654502, 56.389986551813465 ], [ 23.135156420504195, 56.389995747429587 ], [ 23.135409581115209, 56.390042058148509 ], [ 23.13650046084523, 56.390301583966824 ], [ 23.137518681992677, 56.390543812207753 ], [ 23.137839569286257, 56.390663399659609 ], [ 23.13801817187035, 56.390745754691132 ], [ 23.13831288978891, 56.390922111648905 ], [ 23.13840073470756, 56.390958963799214 ], [ 23.138481365774403, 56.39097074230564 ], [ 23.138601256795315, 56.390966397147707 ], [ 23.13909011143933, 56.390881774076625 ], [ 23.139331716780138, 56.390861015107362 ], [ 23.139501032078311, 56.390872545817324 ], [ 23.139711606035597, 56.390917151495259 ], [ 23.14036331968029, 56.391130496108779 ], [ 23.140650192833245, 56.391241210592518 ], [ 23.14119089571027, 56.391548701986991 ], [ 23.141331490133236, 56.391637502409701 ], [ 23.141822695000808, 56.391928944717932 ], [ 23.143442777871069, 56.393062972188694 ], [ 23.14331583834273, 56.394236593694359 ], [ 23.146021676008864, 56.396700728160098 ], [ 23.146721080806589, 56.397344102162279 ], [ 23.147325177069206, 56.397400130843103 ], [ 23.149159460358412, 56.397611412157403 ], [ 23.152685268015066, 56.398395066019226 ], [ 23.154449455110292, 56.398815446122697 ], [ 23.154501810238678, 56.398827920730696 ], [ 23.154544178280556, 56.398842602179521 ], [ 23.154591580477661, 56.398859028619889 ], [ 23.154638982735658, 56.398875454143855 ], [ 23.155849926207591, 56.3992950594265 ], [ 23.156522250628033, 56.399394696171449 ], [ 23.156982273429193, 56.399728514853237 ], [ 23.157033950465706, 56.399748525561741 ], [ 23.157085873610601, 56.399752709511198 ], [ 23.157801900495663, 56.399697869683614 ], [ 23.157888977758233, 56.399696247051175 ], [ 23.161212099780073, 56.400327799870276 ], [ 23.16128182915234, 56.400367420548008 ], [ 23.161312518340971, 56.400416566089717 ], [ 23.16140125380759, 56.40083606923735 ], [ 23.161341484805977, 56.402075021484983 ], [ 23.162559222288998, 56.402466033990251 ], [ 23.164586389711307, 56.401595046349996 ], [ 23.164778968331706, 56.401586556136188 ], [ 23.166367087178106, 56.401929523213077 ], [ 23.168758329351402, 56.402152085278644 ], [ 23.172876360098396, 56.401888905829566 ], [ 23.174206557198985, 56.402342627920071 ], [ 23.17522981445272, 56.402447309901092 ], [ 23.176363663429814, 56.403969939629476 ], [ 23.179207160976524, 56.404825661559649 ], [ 23.180092333291661, 56.405258567493341 ], [ 23.180760368620511, 56.405305155305783 ], [ 23.182240212571699, 56.404748597341602 ], [ 23.182859993654638, 56.40451549248462 ], [ 23.183456267326402, 56.404375049918315 ], [ 23.184617019357102, 56.404589841974243 ] ] ] } },
{ "type": "Feature", "properties": { "fid": 611, "nosaukums": "Cērpaine", "garums": null, "posmaID": null, "gadsAvotos": null, "regulets1940": false, "kolhozs": null, "udenskratuve": false, "piezimes": null }, "geometry": { "type": "MultiLineString", "coordinates": [ [ [ 23.151496675878505, 56.381812953917255 ], [ 23.153887937002434, 56.382589519867146 ], [ 23.156232657775949, 56.382253410956686 ], [ 23.157974683267824, 56.382521121608399 ], [ 23.159031318555193, 56.381191208569426 ], [ 23.15941597161164, 56.381381067980492 ], [ 23.163236624052299, 56.38319227401692 ], [ 23.16717765454203, 56.385918855762334 ], [ 23.167305276301995, 56.385987020182469 ], [ 23.167739607000108, 56.386114194788682 ], [ 23.170372864299615, 56.386483906728365 ], [ 23.172104578130469, 56.386389020044781 ], [ 23.172562567170843, 56.386363921150654 ], [ 23.172751997910723, 56.386379855191421 ], [ 23.172864992987179, 56.3864056331822 ], [ 23.172999297143278, 56.386453125535525 ], [ 23.173165607868047, 56.386531034245408 ], [ 23.174925603893247, 56.387413474232162 ], [ 23.17496526149046, 56.387433357138988 ], [ 23.17497634480668, 56.387438913358544 ], [ 23.175004580574647, 56.387453541465156 ], [ 23.176030644953244, 56.387985123629029 ], [ 23.176140016056639, 56.388035035379446 ], [ 23.176245880822222, 56.388067235492599 ], [ 23.176464241034484, 56.388112693831239 ], [ 23.181327308593378, 56.389067949444993 ], [ 23.184938088630791, 56.389695162558539 ], [ 23.185227632531152, 56.389759194471814 ], [ 23.18539883452484, 56.389828488894437 ], [ 23.185504651599004, 56.389899942186801 ], [ 23.185613790821755, 56.39003441000721 ], [ 23.186002374943676, 56.390706579045137 ], [ 23.186010567580972, 56.3907601332509 ], [ 23.185988541332229, 56.390844553802651 ], [ 23.185934609703303, 56.390922864665015 ], [ 23.185354804408401, 56.391593652178038 ], [ 23.185335445570008, 56.391635292301196 ], [ 23.185336990976687, 56.391695984372248 ], [ 23.1853902955202, 56.391934712663208 ], [ 23.185567346483314, 56.39266161812521 ], [ 23.185640730359165, 56.392778570723209 ], [ 23.187054767686099, 56.393415222331569 ], [ 23.187918368272712, 56.394212684119942 ], [ 23.189193436460918, 56.394749548366029 ], [ 23.190010984210804, 56.395111855503849 ], [ 23.190381812757405, 56.395242566687251 ], [ 23.191132726448906, 56.395451714600895 ], [ 23.191245050897091, 56.39548299868504 ], [ 23.191256550223027, 56.395488445857126 ] ] ] } },
{ "type": "Feature", "properties": { "fid": 612, "nosaukums": "Tērvete", "garums": null, "posmaID": null, "gadsAvotos": null, "regulets1940": false, "kolhozs": null, "udenskratuve": false, "piezimes": null }, "geometry": { "type": "MultiLineString", "coordinates": [ [ [ 23.213083124471233, 56.391432137342001 ], [ 23.211966651965454, 56.390994255125754 ], [ 23.211757615488004, 56.390903805705449 ], [ 23.211678891350083, 56.390825324421861 ], [ 23.211186633083837, 56.389957159938753 ], [ 23.210849452413491, 56.389362472786047 ], [ 23.210358086373827, 56.388495814395171 ], [ 23.209639681704402, 56.387196292011318 ], [ 23.209419704344931, 56.386798358747683 ], [ 23.209383934091814, 56.386672487637369 ], [ 23.209387292868325, 56.386510360196603 ], [ 23.209438871376658, 56.386282179977279 ], [ 23.209455323436778, 56.386209399986001 ], [ 23.209523711273214, 56.385906855304796 ], [ 23.209570304974111, 56.385830127261507 ], [ 23.209680910642316, 56.385738151294468 ], [ 23.210275047888672, 56.385376021281346 ], [ 23.210328347460422, 56.385343535043681 ], [ 23.211469575505593, 56.384647921919729 ], [ 23.21159166816285, 56.384570717184204 ], [ 23.212600520943965, 56.38336411004974 ], [ 23.212684171740616, 56.383203109521553 ], [ 23.212667303585111, 56.383087511143486 ], [ 23.212579589653203, 56.382958842106838 ], [ 23.212497977000535, 56.382844456112132 ], [ 23.212491759752478, 56.382835743687245 ], [ 23.211946133819328, 56.382514782930429 ], [ 23.210765246702117, 56.381838864974348 ], [ 23.210114675332306, 56.381306156384383 ], [ 23.209927388240761, 56.381137861017102 ], [ 23.209830917076097, 56.380947864669359 ], [ 23.209716243975244, 56.380335523497081 ], [ 23.209684512836656, 56.379959970270356 ], [ 23.209688294177749, 56.379777329640049 ], [ 23.209681637997971, 56.379769145265378 ], [ 23.209640922454366, 56.379719081667659 ], [ 23.209618869515399, 56.379691964487023 ], [ 23.209596816626227, 56.379664846404062 ], [ 23.209573631487043, 56.379636337452908 ], [ 23.209541526538317, 56.379620517361282 ], [ 23.209011008816116, 56.379359077998863 ], [ 23.208953622530125, 56.379330937462989 ], [ 23.208535345773754, 56.379166735750417 ], [ 23.207072549429107, 56.378746112209306 ], [ 23.206703090470977, 56.378649058255434 ], [ 23.206513631908521, 56.378586574728828 ], [ 23.204012547286499, 56.377340704837891 ], [ 23.20142844917925, 56.376019288550573 ], [ 23.19786368436198, 56.374080834122708 ], [ 23.197205272947382, 56.373722770149115 ], [ 23.193835067604741, 56.3719948835042 ], [ 23.193762602389882, 56.371960622495671 ], [ 23.192837560269169, 56.371433397098222 ], [ 23.192143195596483, 56.371053757179205 ], [ 23.191869120432216, 56.370950853162434 ], [ 23.191736710585293, 56.370925172392596 ], [ 23.191596690511904, 56.370898015982235 ], [ 23.191459437449275, 56.370871396775442 ], [ 23.191154272831067, 56.370812209460503 ], [ 23.190938182850275, 56.370780056463758 ], [ 23.190728389501249, 56.370792820309319 ], [ 23.190524999519802, 56.37088300675034 ], [ 23.190188793885639, 56.371007107212826 ], [ 23.18827791952662, 56.371712418658014 ], [ 23.18823249451674, 56.371726886798974 ], [ 23.188191805182633, 56.371736250247665 ], [ 23.188134445769045, 56.371740689602767 ], [ 23.188081850982915, 56.371738740528762 ], [ 23.188020763708522, 56.371728068229309 ], [ 23.187957501322572, 56.371710962050784 ], [ 23.183405136647671, 56.370297872194193 ], [ 23.180353692467261, 56.369350528074541 ], [ 23.179994948273478, 56.369239144737953 ], [ 23.177971159605484, 56.368610766838451 ], [ 23.177834617074662, 56.368611663800777 ], [ 23.17726601225824, 56.368615398669689 ], [ 23.177096158428739, 56.368606566986223 ], [ 23.176941630962201, 56.368584356076347 ], [ 23.176862541558716, 56.368563920114077 ] ], [ [ 23.176665194514875, 56.368512927168368 ], [ 23.176191238068785, 56.36839045866099 ], [ 23.175125482571634, 56.368115062323426 ], [ 23.170719618435403, 56.366976425519887 ], [ 23.170592091648167, 56.366936410522875 ], [ 23.170477398782833, 56.366891345568455 ], [ 23.170412765801526, 56.366858170799681 ], [ 23.170381323903861, 56.366814625955932 ], [ 23.170360584021239, 56.366757671070062 ], [ 23.170357288178202, 56.366696337832359 ], [ 23.170366368224091, 56.366624495263551 ], [ 23.170400145484525, 56.366560521500276 ], [ 23.170451264459818, 56.36652297793529 ] ], [ [ 23.171262796124637, 56.365674002263411 ], [ 23.171252628917291, 56.365654589384604 ], [ 23.17113735120753, 56.365529576401684 ], [ 23.170725413762071, 56.365130260715055 ], [ 23.169744969295333, 56.36417981657403 ], [ 23.169335527537431, 56.363782888363396 ], [ 23.169161788941661, 56.363614455438658 ], [ 23.169027799435003, 56.363499924226417 ], [ 23.168930634419265, 56.36344727080985 ], [ 23.168769569939666, 56.363407671446666 ], [ 23.168537170735874, 56.363362420028096 ], [ 23.166891389701913, 56.363135697780578 ], [ 23.166781907157137, 56.363117627659356 ], [ 23.166722304938141, 56.363092831583096 ], [ 23.166663150953063, 56.363047493892743 ], [ 23.165430342047738, 56.361612685180916 ], [ 23.165351161932197, 56.361531260308446 ], [ 23.165266936079416, 56.361469061190206 ], [ 23.165147019327723, 56.361421727779174 ], [ 23.163682671451884, 56.361089877999525 ], [ 23.163484705027532, 56.361046170066885 ], [ 23.163415715569847, 56.361027728658122 ], [ 23.163364199677101, 56.361003627021674 ], [ 23.163315052687988, 56.360976973499895 ], [ 23.163037696437268, 56.360756180648096 ], [ 23.161975297413697, 56.359938373312652 ], [ 23.161385792993403, 56.359430207128916 ], [ 23.161305937097392, 56.359380232570182 ], [ 23.161216491506714, 56.35934560198767 ], [ 23.161075843612391, 56.359325390446777 ], [ 23.160392760669943, 56.35925463958516 ], [ 23.160251493946131, 56.359235298033049 ], [ 23.160181460104358, 56.359225709425694 ], [ 23.160111426298087, 56.35921612077879 ], [ 23.157558157629317, 56.358866504601799 ], [ 23.157337782982502, 56.358836337191683 ], [ 23.156837389317516, 56.358767836255396 ], [ 23.156668004145509, 56.358744647927729 ], [ 23.156576969527691, 56.358729905381892 ], [ 23.156518373259747, 56.358712493083402 ], [ 23.156465771587111, 56.35868549254338 ], [ 23.155820263245094, 56.358195430611005 ], [ 23.155504120162771, 56.357955413774533 ], [ 23.155475694982705, 56.357933392457817 ], [ 23.155455450863204, 56.357907574190399 ], [ 23.155447079374149, 56.35786771360511 ], [ 23.155462076722102, 56.357640568687792 ], [ 23.155495758144621, 56.357130389744512 ], [ 23.155500200434645, 56.357034120938422 ], [ 23.15552031680614, 56.356961069610307 ], [ 23.155873938781379, 56.356657887183843 ], [ 23.156064198669107, 56.356525647870669 ], [ 23.156653638188779, 56.356338330871523 ], [ 23.157270685554806, 56.356142237341452 ], [ 23.157356881234794, 56.356113932689709 ], [ 23.157428373180338, 56.356070763316438 ], [ 23.157474994255551, 56.356001744511907 ], [ 23.157645840907826, 56.355563931717221 ], [ 23.1578757690637, 56.354974703014129 ], [ 23.157882682273698, 56.354923390171329 ], [ 23.157868588650253, 56.35488122938952 ], [ 23.157857730322345, 56.35484874924537 ], [ 23.157438181982979, 56.353843097403576 ], [ 23.157410376638051, 56.35377999232648 ], [ 23.157408436577917, 56.353749966307888 ], [ 23.157414137507413, 56.353727374142174 ], [ 23.157431343364262, 56.35368126788817 ], [ 23.15749942353893, 56.353582862779028 ], [ 23.157592875826012, 56.353449822046123 ], [ 23.15806641895869, 56.352775664402913 ], [ 23.158163636228359, 56.352637256132191 ], [ 23.158189328684188, 56.352600679186331 ], [ 23.158215021110344, 56.352564101336405 ], [ 23.158282819551793, 56.352467577095943 ], [ 23.158345397092333, 56.352356294869978 ], [ 23.158404735592232, 56.352182074537957 ], [ 23.15841263956753, 56.35203318442899 ], [ 23.158396839301421, 56.351963099010526 ], [ 23.158341619495808, 56.351897882539618 ], [ 23.15813610083978, 56.35172344402455 ], [ 23.157937449688877, 56.351559372656077 ], [ 23.157662706212424, 56.351442042152136 ], [ 23.156211260694182, 56.350822175311741 ], [ 23.156138896890862, 56.350800497396001 ], [ 23.15608361869462, 56.350790491127391 ], [ 23.156022433808975, 56.35078622184605 ], [ 23.155941481227018, 56.35078695453803 ], [ 23.155845202163814, 56.350801065398848 ], [ 23.15577537148955, 56.350821775075431 ], [ 23.155625765334371, 56.350894585968959 ], [ 23.154347669049159, 56.351502760598997 ], [ 23.15429523000784, 56.351527713025398 ], [ 23.154242755939787, 56.351552636439422 ], [ 23.153994491372934, 56.351670552449143 ], [ 23.153873747425568, 56.351692840792275 ], [ 23.145634986777093, 56.352241120590563 ], [ 23.144122397741931, 56.352341719851729 ], [ 23.143952221677427, 56.352350817022803 ], [ 23.14381002212226, 56.352349834869834 ], [ 23.143676131398941, 56.352339280030044 ], [ 23.14353190757863, 56.352325443372635 ], [ 23.14058200225514, 56.35198808406399 ], [ 23.140009165087388, 56.351922564048024 ], [ 23.139957485106699, 56.351916652855166 ], [ 23.139905801906327, 56.35191074161834 ], [ 23.139794489675502, 56.351898008582076 ], [ 23.138548496458217, 56.351755482331328 ], [ 23.138465475595062, 56.351745275380836 ], [ 23.138389535609441, 56.351728697042191 ], [ 23.138324161440654, 56.351705130936956 ], [ 23.138188959792242, 56.351650263174022 ], [ 23.137731772230772, 56.351466039397124 ], [ 23.137149933129106, 56.351218617621207 ], [ 23.134167042989908, 56.350037778755571 ], [ 23.133894411770029, 56.349925449559137 ], [ 23.133825836676802, 56.349890302398506 ], [ 23.13374610793641, 56.349837101301866 ], [ 23.133612347259966, 56.349719322287093 ], [ 23.130381856402416, 56.346637189725271 ], [ 23.128880112269364, 56.34520380390088 ], [ 23.128785014279554, 56.345113030091554 ], [ 23.128217338313451, 56.344568171617304 ], [ 23.126390095206933, 56.342814251798643 ], [ 23.126365504149376, 56.342799682935187 ], [ 23.121638169899203, 56.341707547136458 ], [ 23.120984992453071, 56.341561247400932 ], [ 23.118307006514058, 56.340961382095976 ], [ 23.116139221118168, 56.340447660175236 ], [ 23.115925359739549, 56.340384123044998 ], [ 23.115757860916332, 56.340298767775138 ], [ 23.115669998444424, 56.340218410102388 ], [ 23.115571457728066, 56.340082608762195 ], [ 23.115522701013614, 56.33994937652507 ], [ 23.115612475148012, 56.33954049180322 ], [ 23.115624224765618, 56.339486976469928 ], [ 23.115632546165006, 56.339449070327319 ], [ 23.115640869185718, 56.339411163297072 ], [ 23.115668355194135, 56.339285974815901 ], [ 23.115683158577099, 56.339218552037948 ], [ 23.115688733264292, 56.339149935804592 ], [ 23.115671687900292, 56.339111056180087 ], [ 23.115614775544291, 56.339071892055046 ], [ 23.11532296195923, 56.338975898567583 ], [ 23.113603620362333, 56.338428910102465 ], [ 23.110354841933788, 56.337408638782556 ], [ 23.108534789513737, 56.336847124664452 ], [ 23.107115552051436, 56.336409238727306 ], [ 23.104618480368096, 56.335606300240848 ], [ 23.102511024577527, 56.334948260638285 ], [ 23.102422064811211, 56.334920481978713 ], [ 23.101968947167126, 56.334778990097568 ], [ 23.100070352110237, 56.334181582923897 ], [ 23.099925984510779, 56.334122707695244 ], [ 23.096238816769016, 56.332177858291303 ], [ 23.092719260328522, 56.330321562719675 ], [ 23.090133749741771, 56.328958684763293 ], [ 23.089913013054115, 56.328832774670403 ], [ 23.089797032841307, 56.328766618709764 ], [ 23.089789651768719, 56.328762408075008 ], [ 23.089757966666326, 56.328746458031297 ], [ 23.089718534109842, 56.3287266082217 ], [ 23.089685030456888, 56.328709742715155 ], [ 23.089543211551238, 56.328649884676224 ], [ 23.089383701000973, 56.328548378129291 ], [ 23.087809487544622, 56.32725467490387 ], [ 23.085000228687715, 56.324905734357337 ], [ 23.081627054291744, 56.322041435844241 ], [ 23.081467675288266, 56.321936459683648 ], [ 23.081282728148199, 56.321858972657388 ], [ 23.078231145908084, 56.320937734607462 ], [ 23.078019844950894, 56.320874742313478 ], [ 23.077864650399928, 56.320877035712208 ] ] ] } },
{ "type": "Feature", "properties": { "fid": 613, "nosaukums": "Reņģe", "garums": null, "posmaID": null, "gadsAvotos": null, "regulets1940": false, "kolhozs": null, "udenskratuve": false, "piezimes": null }, "geometry": { "type": "MultiLineString", "coordinates": [ [ [ 23.219817840344927, 56.369839793087678 ], [ 23.219886921145626, 56.369890006269564 ], [ 23.222782926507143, 56.370959085713544 ], [ 23.223003862759128, 56.371037657295766 ], [ 23.225159840968047, 56.372618020456763 ], [ 23.226876767953307, 56.373810097629864 ], [ 23.227040485528505, 56.373959595218089 ], [ 23.22761725565918, 56.37458507075366 ], [ 23.232014788851817, 56.376292443354217 ], [ 23.232115646708891, 56.376349671628056 ], [ 23.232617356738064, 56.376764436088301 ], [ 23.234655417656334, 56.378600666974769 ], [ 23.235935913744775, 56.379754246578727 ], [ 23.23603637474249, 56.379832051279934 ], [ 23.236128592754255, 56.379858347961765 ], [ 23.236801610975874, 56.379881175640122 ], [ 23.238352952196831, 56.379933779297374 ], [ 23.23846285722388, 56.379929308761945 ], [ 23.239672042716482, 56.379653770158541 ], [ 23.239802278316937, 56.379633985591674 ], [ 23.239996811156328, 56.379645469979486 ], [ 23.242958861531545, 56.380146683830183 ], [ 23.243116304154189, 56.380157936871868 ], [ 23.243327047603643, 56.380143674094462 ], [ 23.2436517060566, 56.38010488399506 ], [ 23.24380010939673, 56.380087152287729 ] ] ] } },
{ "type": "Feature", "properties": { "fid": 614, "nosaukums": "Bikstupe", "garums": null, "posmaID": null, "gadsAvotos": null, "regulets1940": true, "kolhozs": null, "udenskratuve": false, "piezimes": null }, "geometry": { "type": "MultiLineString", "coordinates": [ [ [ 22.835027416087822, 56.727820579778673 ], [ 22.835078685272162, 56.727871345876139 ], [ 22.836021632076978, 56.728342737231337 ], [ 22.836142611364391, 56.728379185462252 ], [ 22.836379660214302, 56.728402584393145 ], [ 22.83650204146802, 56.728393133960736 ], [ 22.836624766078053, 56.72837309374848 ], [ 22.836780485835718, 56.728325104717669 ], [ 22.837278996165843, 56.728128527496956 ], [ 22.837402264266981, 56.728090836821409 ], [ 22.837486427136149, 56.728070436082206 ], [ 22.837717925017866, 56.728065533066037 ], [ 22.839077850714283, 56.728049932133246 ], [ 22.83958851082939, 56.728082881054178 ], [ 22.841235143682223, 56.728242978067108 ], [ 22.841382899081896, 56.728244351599024 ], [ 22.841576179128722, 56.728228493300108 ], [ 22.842425562507643, 56.728084607404718 ], [ 22.843419916729225, 56.727931396300896 ], [ 22.843945821884613, 56.727851631104784 ], [ 22.844334216847148, 56.727759897127612 ], [ 22.844546126648073, 56.727700290201739 ], [ 22.844623768385727, 56.727678454062037 ], [ 22.844683927422356, 56.727660076626158 ], [ 22.844950265116204, 56.727578458068329 ], [ 22.845728772750576, 56.727223320714018 ], [ 22.846448414511084, 56.726806241942683 ], [ 22.847486041570356, 56.726206001613193 ], [ 22.848146004779728, 56.725848396475975 ], [ 22.848249435968221, 56.7258281665844 ], [ 22.848410256243827, 56.725822590659988 ], [ 22.849323533808708, 56.725894528585869 ], [ 22.850277816404802, 56.725998679488384 ], [ 22.851368827392989, 56.726128611123045 ], [ 22.851496558485671, 56.726154513796367 ], [ 22.851611017624066, 56.726194408866171 ], [ 22.851667531498929, 56.726237300933704 ], [ 22.851673091631927, 56.72626559974919 ] ] ] } },
{ "type": "Feature", "properties": { "fid": 615, "nosaukums": "Bikstupe", "garums": null, "posmaID": null, "gadsAvotos": null, "regulets1940": true, "kolhozs": null, "udenskratuve": false, "piezimes": null }, "geometry": { "type": "MultiLineString", "coordinates": [ [ [ 22.864969051411265, 56.7260442927928 ], [ 22.864972519609086, 56.725929186905681 ], [ 22.864977408330482, 56.725766933858935 ], [ 22.864906303469915, 56.725591883825352 ], [ 22.864902904599173, 56.725583517870788 ], [ 22.8646650729249, 56.725100802070685 ], [ 22.864579391144186, 56.724880060885774 ], [ 22.864552154852252, 56.72455831724448 ], [ 22.864532625847161, 56.724381669434074 ], [ 22.864532047564037, 56.724376456698181 ], [ 22.864526074073567, 56.724322413884089 ], [ 22.864487975432844, 56.723793956225478 ], [ 22.864425016509472, 56.722920653649339 ], [ 22.86445879626158, 56.722310370387454 ], [ 22.864476966626565, 56.721982056558247 ], [ 22.864533571487605, 56.720959288236159 ], [ 22.864854738160489, 56.720510388526051 ], [ 22.865012777874639, 56.720324120837233 ], [ 22.865381254450707, 56.719889819327015 ], [ 22.86540173903218, 56.719865980113418 ], [ 22.865501720053533, 56.719749615274047 ], [ 22.866764182265197, 56.718301523329096 ], [ 22.867003985629236, 56.718026444457657 ], [ 22.868372324173663, 56.716456741884556 ], [ 22.86934414873096, 56.715391616112889 ], [ 22.869752571741962, 56.71494115597649 ], [ 22.870022174330352, 56.714746667517652 ], [ 22.871878608597275, 56.713407381780684 ], [ 22.874159692258377, 56.711890405556744 ], [ 22.874475201262026, 56.711564410524737 ], [ 22.874874286676668, 56.711140293879396 ], [ 22.87525521132271, 56.710753477816283 ], [ 22.875616284879225, 56.710460136903059 ], [ 22.876097606179673, 56.710135418226834 ], [ 22.877528718335373, 56.709063376757861 ], [ 22.877565745300426, 56.709035639721982 ], [ 22.877949593472653, 56.708739379635773 ], [ 22.878241254416775, 56.708485989585419 ], [ 22.878403010011628, 56.708396907901381 ], [ 22.878557688997816, 56.708354590026083 ], [ 22.878941728920068, 56.708242530794841 ], [ 22.879594798166011, 56.708064202443261 ], [ 22.880146202878507, 56.707905316153578 ], [ 22.880225238255491, 56.707882540702663 ], [ 22.880804279623142, 56.707709785082606 ], [ 22.881061131178178, 56.707573791996232 ], [ 22.881088517690984, 56.707563570869134 ], [ 22.881681671381422, 56.707342088706113 ], [ 22.882325398561665, 56.707094975119396 ], [ 22.882848236557198, 56.706899855422364 ], [ 22.883653221915225, 56.706579249222827 ], [ 22.884221356345616, 56.706348779047609 ], [ 22.884552690373699, 56.706214366705133 ], [ 22.884699897023385, 56.706154648496096 ], [ 22.885009700024558, 56.706054394807012 ], [ 22.885261750769445, 56.705984845145771 ], [ 22.885522711877972, 56.705931006961336 ], [ 22.885556139312808, 56.705924110181812 ], [ 22.88575065555607, 56.705879013112281 ], [ 22.886326489717685, 56.705812356288327 ], [ 22.886910190804279, 56.705780189738789 ], [ 22.886911514345297, 56.705780118005492 ], [ 22.887058940132921, 56.705790805810054 ], [ 22.887217238313575, 56.705817196765132 ], [ 22.887459288172003, 56.705894280655158 ], [ 22.887672296420018, 56.705992973302095 ], [ 22.887952253764244, 56.706132837484617 ], [ 22.888322157088659, 56.706420895643333 ], [ 22.888598622973682, 56.706679377605298 ], [ 22.888820520752553, 56.706862431907901 ], [ 22.888998796687648, 56.706982662998996 ], [ 22.889133190269089, 56.707049421704433 ], [ 22.889279885952341, 56.707085077481672 ], [ 22.889588428324775, 56.707148409554698 ], [ 22.889615395513061, 56.707153942684911 ], [ 22.88993754415409, 56.707226704059373 ], [ 22.889983450772231, 56.707237031992776 ], [ 22.890358256681321, 56.707319470538259 ], [ 22.891196320786761, 56.707551725044901 ], [ 22.892557443686098, 56.70796783900397 ], [ 22.892798471309671, 56.707972667284608 ], [ 22.894323280324162, 56.707974158375741 ], [ 22.896584187597352, 56.707994199547315 ], [ 22.897147270611413, 56.708052256320514 ], [ 22.897732850199684, 56.708235395081957 ], [ 22.898153522953756, 56.708423317256475 ], [ 22.899956657030334, 56.70925082437072 ], [ 22.900186175263329, 56.709392883777021 ], [ 22.900659486467326, 56.709724880186464 ], [ 22.901216844434572, 56.710058882688102 ], [ 22.901721682597582, 56.710285000315025 ], [ 22.903305216527876, 56.710486265992657 ], [ 22.904782224194342, 56.710813985275131 ], [ 22.90712442864962, 56.711368186476705 ], [ 22.907724661462783, 56.711467948666773 ], [ 22.910379734707693, 56.711946862228217 ], [ 22.910541728204638, 56.711972942961879 ], [ 22.910631763708984, 56.711987438698145 ], [ 22.910974383497908, 56.711913687330672 ], [ 22.911169036790945, 56.711824257984972 ], [ 22.911303342260318, 56.711649752915903 ], [ 22.911303875230846, 56.711649060371094 ], [ 22.91199501688417, 56.710791348945321 ], [ 22.912792853152574, 56.709867773509245 ], [ 22.913322832221571, 56.709192382651636 ], [ 22.913327276721475, 56.709187182518583 ], [ 22.913423996921555, 56.709073967960371 ], [ 22.913522239113487, 56.709056927350375 ], [ 22.913804214399757, 56.709071317067085 ], [ 22.915247582610633, 56.709113709931337 ], [ 22.915343258427388, 56.709119468099345 ], [ 22.91590282181437, 56.709153141074367 ], [ 22.917101681105155, 56.709225279230019 ], [ 22.917363496135099, 56.709185803014357 ], [ 22.917782801739449, 56.70895680846359 ], [ 22.918850159694507, 56.70836873533986 ], [ 22.922647144499997, 56.706276508481238 ], [ 22.923443089730092, 56.705852685856826 ], [ 22.924466792601077, 56.705307567188704 ], [ 22.924746018044104, 56.704923857323202 ], [ 22.924945080673048, 56.704417310346386 ], [ 22.924974983751497, 56.704337803562225 ], [ 22.92498899371164, 56.704201610929651 ], [ 22.924994478374824, 56.703831674701178 ], [ 22.924979953198338, 56.703453210185145 ], [ 22.925004542953921, 56.703123518806805 ], [ 22.924999739628635, 56.70308839810432 ], [ 22.9249910238795, 56.703024661109751 ], [ 22.924983594561997, 56.702970340235808 ], [ 22.924989513699384, 56.702961341171708 ], [ 22.925041812818467, 56.702881823636957 ], [ 22.925094080653864, 56.702823848056795 ], [ 22.92521128033826, 56.702797042924914 ], [ 22.925566074216185, 56.702711084003106 ], [ 22.92608966217438, 56.702634925671049 ], [ 22.926470740820463, 56.702585353527368 ], [ 22.926769799852149, 56.70257123656134 ], [ 22.926890175053021, 56.702592892890273 ], [ 22.92719755409815, 56.702642825492532 ], [ 22.927525797718104, 56.702670691195038 ], [ 22.927697805629009, 56.702674956837022 ], [ 22.927702393903463, 56.702673160781799 ], [ 22.927795072056458, 56.702636845887056 ], [ 22.927893840847982, 56.70254589172098 ], [ 22.928155423044032, 56.702247699112526 ], [ 22.928666396767593, 56.701723542007493 ], [ 22.928714560094647, 56.701632152061123 ], [ 22.928705622063443, 56.70159034200568 ], [ 22.928622670940555, 56.701481140385631 ], [ 22.928593183831183, 56.701379675939016 ], [ 22.928631523410729, 56.701277069695287 ], [ 22.928971543350887, 56.700890530967314 ], [ 22.929048794384734, 56.700843900359111 ], [ 22.929120114492907, 56.700827829070512 ], [ 22.92934318796835, 56.700815838092716 ], [ 22.930216464099832, 56.700723188495459 ], [ 22.930712068010802, 56.70066902532843 ], [ 22.931554511383805, 56.700592795046013 ], [ 22.932433783426173, 56.7004668038023 ], [ 22.933590770215726, 56.700294532388817 ], [ 22.934480325183667, 56.70016305334471 ], [ 22.935425675355543, 56.700026474311279 ], [ 22.93571894855857, 56.699984470407152 ], [ 22.935857005903419, 56.699935578793891 ], [ 22.9361086591136, 56.699806975920339 ], [ 22.936167684439575, 56.699763017240372 ], [ 22.936263766356735, 56.699691465348891 ], [ 22.936372473107937, 56.699606150832103 ], [ 22.936451547980912, 56.699508330168456 ], [ 22.936525514163257, 56.699384910230272 ], [ 22.936513781116236, 56.699262404737048 ], [ 22.936493538570165, 56.699209888930106 ], [ 22.936452453753059, 56.69910331313352 ], [ 22.936390215718596, 56.69897710611454 ], [ 22.936300498547737, 56.698748231732154 ], [ 22.93624621196091, 56.698519650798616 ], [ 22.936274499743519, 56.69841418022699 ], [ 22.93636397703894, 56.698292547753177 ], [ 22.936504285770155, 56.698162993500091 ], [ 22.936611497189428, 56.698130531044242 ], [ 22.936728203887782, 56.698120395250946 ], [ 22.937002012170197, 56.698103262184169 ], [ 22.937499564289364, 56.698049079845205 ], [ 22.937754709930015, 56.697976144726212 ], [ 22.937841909791551, 56.697935163962825 ], [ 22.93791431759804, 56.697880139992506 ], [ 22.938085769887351, 56.697723033338619 ], [ 22.938229733268667, 56.697527768452467 ], [ 22.93839186773555, 56.697314626268337 ], [ 22.938464860755683, 56.697186526732558 ], [ 22.938485837664903, 56.697057992960978 ], [ 22.938506395855374, 56.696943750017816 ], [ 22.938370323004804, 56.696847246665683 ], [ 22.938043212113751, 56.696758647532384 ], [ 22.937718250568988, 56.69659379609579 ], [ 22.9375454414986, 56.696485310363819 ], [ 22.937484887808132, 56.696430506666744 ], [ 22.937395442582041, 56.696357190054592 ], [ 22.937385770757537, 56.696310754518663 ], [ 22.937447671247071, 56.696192375653972 ], [ 22.937569090358171, 56.696040243578352 ], [ 22.937830133512279, 56.69586914772345 ], [ 22.938115130306443, 56.69575730459534 ], [ 22.93827007613789, 56.695714287346718 ], [ 22.938425872346404, 56.695641045969936 ], [ 22.938632532104549, 56.695509857980348 ], [ 22.938665220586245, 56.695496158308408 ], [ 22.938685742811657, 56.695486200369999 ], [ 22.938753375580497, 56.695437126133648 ], [ 22.938822004135467, 56.695352596563794 ], [ 22.938832742686394, 56.695297972178153 ], [ 22.938805812901823, 56.6952085757205 ], [ 22.938765464192247, 56.695138317025283 ], [ 22.938717298449632, 56.695084203431733 ], [ 22.938646238443582, 56.695022805976912 ] ] ] } },
{ "type": "Feature", "properties": { "fid": 616, "nosaukums": "Bikstupe", "garums": null, "posmaID": null, "gadsAvotos": null, "regulets1940": true, "kolhozs": null, "udenskratuve": false, "piezimes": null }, "geometry": { "type": "MultiLineString", "coordinates": [ [ [ 22.988742218545276, 56.698636852021835 ], [ 22.988840244963995, 56.698654772038076 ], [ 22.988978901100598, 56.698704413450784 ], [ 22.988982294844991, 56.698706354683907 ], [ 22.989979152685716, 56.699276598605422 ], [ 22.990019594304389, 56.699314969414147 ], [ 22.990046216754337, 56.699340227652819 ], [ 22.990072839215756, 56.699365486784117 ], [ 22.990119113250355, 56.699409391655522 ], [ 22.990130850985803, 56.699420528716686 ], [ 22.990155540291269, 56.699466387942167 ], [ 22.990159051505877, 56.699529199927603 ], [ 22.990120004327597, 56.699631629922209 ], [ 22.990095294636525, 56.699779835229577 ], [ 22.990096680053014, 56.699918971082162 ], [ 22.990351060052838, 56.701446120438241 ], [ 22.990432920090466, 56.701680802341045 ], [ 22.990472857153783, 56.702613706593283 ] ] ] } },
{ "type": "Feature", "properties": { "fid": 617, "nosaukums": "Rūšu strauts", "garums": null, "posmaID": null, "gadsAvotos": null, "regulets1940": false, "kolhozs": null, "udenskratuve": true, "piezimes": null }, "geometry": { "type": "MultiLineString", "coordinates": [ [ [ 23.003575371641883, 56.73433983556906 ], [ 23.003624023012517, 56.734343656481805 ], [ 23.003672672758967, 56.734347477362512 ], [ 23.003778094188579, 56.734355756280664 ], [ 23.00461559826222, 56.734467407669129 ], [ 23.00515022774249, 56.734526934033603 ], [ 23.005542150492609, 56.734570570054906 ], [ 23.006435804809527, 56.734600041835208 ], [ 23.006779078187389, 56.734577239114238 ], [ 23.007222665345338, 56.734494581523059 ], [ 23.007539679943207, 56.73436622359602 ], [ 23.008876963950684, 56.733649028852362 ], [ 23.009207592230247, 56.73344416131502 ], [ 23.009743043865495, 56.73318026640645 ], [ 23.010799041085079, 56.732776849314192 ], [ 23.011407916397705, 56.732535875961474 ], [ 23.012114698159593, 56.732160004754036 ], [ 23.012306252626981, 56.732052986519143 ], [ 23.012470964288273, 56.731972889154662 ], [ 23.012661596477646, 56.731900976831668 ], [ 23.012877800372845, 56.731834156033436 ], [ 23.012938543591488, 56.7318153816502 ], [ 23.012999285068549, 56.731796609020655 ], [ 23.013039245466032, 56.731784258298006 ], [ 23.013144427537618, 56.731759552855962 ], [ 23.013296020386271, 56.731736811225261 ], [ 23.013662657221619, 56.731707790284531 ], [ 23.013854516766092, 56.731699730849357 ], [ 23.01406421410282, 56.731675852305905 ], [ 23.014198427700208, 56.731651375593721 ], [ 23.014306639484516, 56.731621904446833 ], [ 23.014492620043526, 56.731561589163427 ], [ 23.014535441037058, 56.731547701785004 ], [ 23.014578261999123, 56.731533814391838 ], [ 23.01465646753465, 56.731508451492026 ], [ 23.014757337200653, 56.731479824852961 ], [ 23.014839951806511, 56.731466855635098 ], [ 23.014923464595526, 56.731463975760249 ], [ 23.015045188225358, 56.731472918458898 ], [ 23.015631009154415, 56.731592309099987 ], [ 23.015839418666662, 56.731612706028194 ], [ 23.01609521529539, 56.731614725292864 ], [ 23.01637738543462, 56.731586481536773 ], [ 23.016668265749036, 56.731551273760864 ], [ 23.017685467137028, 56.731350966080186 ], [ 23.017778377678809, 56.731332669241219 ], [ 23.019355321480425, 56.731045205294002 ], [ 23.019623827996778, 56.73102163900441 ], [ 23.019780011641071, 56.731021505217647 ] ] ] } },
{ "type": "Feature", "properties": { "fid": 618, "nosaukums": "Bikstupe", "garums": null, "posmaID": null, "gadsAvotos": null, "regulets1940": true, "kolhozs": null, "udenskratuve": true, "piezimes": null }, "geometry": { "type": "MultiLineString", "coordinates": [ [ [ 23.02087559488351, 56.731775375919661 ], [ 23.020788760101098, 56.73173225602784 ], [ 23.020474625590364, 56.731593543184353 ], [ 23.020066776276941, 56.731413446541346 ], [ 23.019963400995483, 56.731345814170581 ], [ 23.019902682606016, 56.731280323871168 ], [ 23.019780011641071, 56.731021505217647 ] ], [ [ 23.020860155579225, 56.729717214307641 ], [ 23.020853673168016, 56.729761992856076 ], [ 23.020852425454741, 56.729787733248102 ], [ 23.020850031158915, 56.729808979620373 ], [ 23.020862134558588, 56.729839452750468 ], [ 23.020895995243318, 56.729883260722396 ], [ 23.020904468074765, 56.729911681145168 ], [ 23.020894468856724, 56.729941980661934 ], [ 23.020862264892092, 56.729976156829174 ], [ 23.020678482700468, 56.730101288932744 ], [ 23.020608784452666, 56.730160485806486 ], [ 23.020557740883874, 56.7302107154431 ], [ 23.020385217107627, 56.730398717676266 ], [ 23.020321095438206, 56.73045593313153 ], [ 23.02024393125458, 56.730517524766626 ], [ 23.01989302867938, 56.73074796445362 ], [ 23.019813353082196, 56.730842826878337 ], [ 23.019776187049988, 56.730935901420096 ], [ 23.019780011641071, 56.731021505217647 ] ] ] } },
{ "type": "Feature", "properties": { "fid": 619, "nosaukums": "Kauliņu grāvis", "garums": null, "posmaID": null, "gadsAvotos": null, "regulets1940": true, "kolhozs": null, "udenskratuve": false, "piezimes": null }, "geometry": { "type": "MultiLineString", "coordinates": [ [ [ 23.030880182271389, 56.695324958684438 ], [ 23.031285107068065, 56.695304245131389 ], [ 23.031879617306672, 56.695273831460973 ], [ 23.032588356051139, 56.695504349345597 ], [ 23.032592697563839, 56.695505576190378 ], [ 23.032596963628219, 56.695506879715282 ], [ 23.035282274062688, 56.696358823060876 ], [ 23.035712828546533, 56.696483023761829 ], [ 23.035889504085258, 56.696526731094409 ], [ 23.036012887042215, 56.696548560238831 ], [ 23.036443557916357, 56.696604722885375 ], [ 23.036811746274157, 56.696652874749127 ], [ 23.036816061575575, 56.696653475926212 ], [ 23.036820340801931, 56.696654146902851 ], [ 23.036980588328674, 56.696680677716827 ], [ 23.037088015122279, 56.696698342157653 ], [ 23.037098759399001, 56.696700353254997 ], [ 23.037109198537994, 56.696702803128723 ], [ 23.037206436832015, 56.696728033576782 ], [ 23.037210729721657, 56.696729193398561 ], [ 23.037214953769283, 56.69673042725897 ], [ 23.037772005966623, 56.696899453052254 ], [ 23.037775715802496, 56.696900617335785 ], [ 23.037779363786047, 56.696901837743404 ], [ 23.038557663424353, 56.697170621871173 ], [ 23.039051371054956, 56.697314381179432 ], [ 23.039369831508662, 56.697382980361191 ], [ 23.040344948120925, 56.697587049049744 ], [ 23.040346859816186, 56.697587456393833 ], [ 23.040348761372449, 56.697587877136428 ], [ 23.041431934356371, 56.697831841871682 ], [ 23.041437270015717, 56.697833104804083 ], [ 23.041442519758835, 56.697834471294584 ], [ 23.041701341600923, 56.697904966731265 ], [ 23.041706299599806, 56.697906375888742 ], [ 23.04171116705886, 56.697907877787664 ], [ 23.041955237456804, 56.697986200563847 ], [ 23.041959664742073, 56.697987673911896 ], [ 23.041964005164012, 56.697989223857846 ], [ 23.042154143074661, 56.698059478588441 ], [ 23.042160740591441, 56.698062048541281 ], [ 23.042167098457572, 56.698064795441482 ], [ 23.042571755186909, 56.698248698325948 ], [ 23.04257333871579, 56.698249426553012 ], [ 23.042574903988282, 56.698250166319546 ], [ 23.043797021155783, 56.69883476660528 ], [ 23.043797274468634, 56.698834888042136 ], [ 23.044701706692802, 56.699269822964375 ], [ 23.04470208906308, 56.699270007381372 ], [ 23.044702469777853, 56.699270192684111 ], [ 23.045121536485123, 56.699474260730575 ], [ 23.045279436604126, 56.699555440163579 ], [ 23.045446170067756, 56.699620715467063 ], [ 23.045821881282581, 56.699741756370848 ], [ 23.045825414920191, 56.699742934335966 ], [ 23.04582888342447, 56.699744169302463 ], [ 23.046156096485422, 56.699864514331736 ], [ 23.046160853193246, 56.69986634403628 ], [ 23.046165466731615, 56.699868281356061 ], [ 23.046416012524929, 56.699978137920759 ], [ 23.046424519899503, 56.699982188518 ], [ 23.046432403960562, 56.699986605400703 ], [ 23.04650079345673, 56.700028160615176 ], [ 23.046507839081791, 56.700032797483949 ], [ 23.046514196310635, 56.700037726468452 ], [ 23.046624707508883, 56.700131022659541 ], [ 23.046629541421662, 56.700135420682727 ], [ 23.046633827249472, 56.70013998701279 ], [ 23.046804905894202, 56.700195916683271 ], [ 23.047360047285181, 56.700296432225741 ], [ 23.047912849923474, 56.700361880106648 ], [ 23.048008668894727, 56.70037379695286 ], [ 23.048292686178524, 56.700409118272944 ], [ 23.049804662534576, 56.700478991101818 ], [ 23.051192508448189, 56.700531167798992 ], [ 23.052322152919942, 56.70057223457129 ], [ 23.052443322757121, 56.700576639376393 ], [ 23.05643545520509, 56.700721681500212 ], [ 23.057377439196575, 56.700778334411339 ], [ 23.057555845027498, 56.700831707273224 ], [ 23.057634781320946, 56.700855321457013 ], [ 23.057713716080841, 56.700878935578707 ], [ 23.061777941567033, 56.702094679046787 ], [ 23.062806169977119, 56.702219135296886 ], [ 23.064138051738222, 56.70222914602698 ], [ 23.06626791341672, 56.702660285665445 ], [ 23.066685215048611, 56.702681485118731 ], [ 23.06856599152767, 56.70274495394078 ], [ 23.0688712327972, 56.70275582171265 ], [ 23.069810356176369, 56.70278925198236 ], [ 23.070915063432459, 56.702998870101915 ], [ 23.071102882519163, 56.70304014132693 ], [ 23.071563263761657, 56.70325213072082 ], [ 23.071988755579028, 56.703429740338471 ], [ 23.072165687457076, 56.703503595185673 ], [ 23.073100275343524, 56.703907543881542 ], [ 23.074497688021463, 56.704548737085069 ], [ 23.075325747089, 56.704293629699706 ], [ 23.076142128264614, 56.704043188392944 ], [ 23.076247939732248, 56.703983973378648 ], [ 23.077705521020828, 56.702452536166213 ], [ 23.078156414707955, 56.70196557719818 ], [ 23.078328211208952, 56.701739995160864 ], [ 23.078538115607206, 56.701587872503914 ], [ 23.078898287780962, 56.701546628917207 ], [ 23.079636370343824, 56.701418531969701 ], [ 23.0799217168254, 56.701309042587106 ], [ 23.080049358548685, 56.701295200368854 ], [ 23.080221812026377, 56.701276498547038 ], [ 23.080404706940172, 56.701140639066693 ], [ 23.081224115906831, 56.700403922803631 ], [ 23.08138631406247, 56.700278807331543 ], [ 23.081548356355007, 56.700153810892118 ], [ 23.08207935366671, 56.700042117422925 ], [ 23.085927486316024, 56.699232588406829 ], [ 23.086716275170343, 56.699074594709089 ], [ 23.089319789479099, 56.698553065922162 ], [ 23.089823991579291, 56.698452057971416 ], [ 23.0918065073927, 56.698071805267197 ] ] ] } },
{ "type": "Feature", "properties": { "fid": 620, "nosaukums": "Bikstupe", "garums": null, "posmaID": null, "gadsAvotos": null, "regulets1940": false, "kolhozs": null, "udenskratuve": false, "piezimes": null }, "geometry": { "type": "MultiLineString", "coordinates": [ [ [ 23.092404364150074, 56.695282279053558 ], [ 23.092283538252577, 56.695309373461484 ], [ 23.092166718851555, 56.695361928124107 ], [ 23.09203129373936, 56.695419433141758 ], [ 23.091839553924768, 56.695512130822095 ], [ 23.091583298826944, 56.695596729190591 ], [ 23.091513058466877, 56.695634363793097 ], [ 23.091511563765398, 56.695697433103945 ], [ 23.091598266743375, 56.695898470811144 ], [ 23.091643616715789, 56.696003623975201 ], [ 23.091777028181919, 56.696312958336215 ], [ 23.091819675913477, 56.696442281259934 ], [ 23.091826267563466, 56.696643712289458 ], [ 23.091786075959732, 56.696887601159631 ], [ 23.091759902042707, 56.697261857542621 ], [ 23.091733084628967, 56.697425286375356 ], [ 23.091677974741895, 56.697559033904128 ], [ 23.091672329329079, 56.69757273434746 ], [ 23.091669980337908, 56.697670262369712 ], [ 23.091690839800588, 56.697754430916817 ], [ 23.0918065073927, 56.698071805267197 ], [ 23.091884014355706, 56.698284470597386 ], [ 23.091973671240194, 56.698599785521111 ], [ 23.091995804815454, 56.698868674790766 ], [ 23.091978305422135, 56.699120276783496 ], [ 23.091945511842262, 56.699209385567464 ], [ 23.091917093729791, 56.699286601275297 ], [ 23.091866400168939, 56.699372635398504 ], [ 23.091839555805706, 56.699418193547373 ], [ 23.091803191871385, 56.699502887402979 ], [ 23.09175060773762, 56.699667394266626 ], [ 23.091566908172833, 56.700265136498352 ], [ 23.091564388402734, 56.700273333435248 ], [ 23.09146714397739, 56.700510511655501 ], [ 23.091386266424596, 56.700780531123662 ], [ 23.091351526314938, 56.701035153573706 ], [ 23.091344779122249, 56.701315153454431 ], [ 23.091282795812411, 56.701750826051253 ], [ 23.091160693854683, 56.70220067946763 ], [ 23.091033468575453, 56.702492209676883 ], [ 23.090861086228589, 56.702869201106715 ], [ 23.090800166798054, 56.703022940929273 ], [ 23.090652478984897, 56.703529567090087 ], [ 23.090492666649009, 56.704021765505367 ], [ 23.090245383783511, 56.7044690609236 ], [ 23.090167920038944, 56.70464602550171 ], [ 23.090101292032507, 56.704956477098705 ], [ 23.090028545279427, 56.705125862676624 ], [ 23.089909575857533, 56.705313791266555 ], [ 23.089665476379285, 56.705729596996306 ], [ 23.089124821580466, 56.706681313777459 ], [ 23.088806091992819, 56.707226985681956 ], [ 23.088561961399744, 56.707708857309257 ], [ 23.088028052985571, 56.708911223912629 ], [ 23.087834316172938, 56.709231299629401 ], [ 23.087527529826929, 56.709759210895449 ], [ 23.087511128741781, 56.70978743466312 ], [ 23.087494731072372, 56.709815651266112 ], [ 23.087467257299195, 56.709862925245488 ], [ 23.087448510759575, 56.709895181081052 ], [ 23.08698866523417, 56.710686442705615 ], [ 23.085820235521155, 56.712573962123479 ], [ 23.085735341983597, 56.712719659507847 ], [ 23.08561464176184, 56.712926806774867 ], [ 23.08530727265115, 56.713454306645474 ], [ 23.085024966712897, 56.713863197688347 ], [ 23.083967626782535, 56.714998923443936 ], [ 23.083396420863604, 56.715539072348164 ], [ 23.083199807870997, 56.715623083550959 ], [ 23.082806233153995, 56.715723358616181 ], [ 23.08258818515284, 56.715849071026106 ], [ 23.082484773077741, 56.71602109690113 ], [ 23.082462925751368, 56.716239193943501 ], [ 23.08358616281755, 56.719694112412384 ], [ 23.083580318256573, 56.719822027258623 ], [ 23.083553883873286, 56.719944366853419 ], [ 23.083500767860556, 56.720038564419198 ], [ 23.083434532431788, 56.720121673129867 ], [ 23.083122805065177, 56.720504054253716 ], [ 23.080504240417781, 56.722857228696611 ], [ 23.078848205497479, 56.72434524442793 ], [ 23.078256095445326, 56.724877245374152 ], [ 23.078020866880117, 56.725336514137865 ], [ 23.07749771732556, 56.726614354985614 ], [ 23.076795022280699, 56.728046717123 ], [ 23.076306989770853, 56.728710154265208 ], [ 23.076280949265477, 56.728745554578282 ], [ 23.076254908776949, 56.728780952190768 ], [ 23.076241577404343, 56.728799074547247 ], [ 23.074617463807837, 56.72953171632723 ], [ 23.074187004920386, 56.729725886319308 ], [ 23.070205096946211, 56.731521891706741 ], [ 23.069875173180836, 56.731670687304323 ], [ 23.069531383559966, 56.731735832188811 ], [ 23.069037628320881, 56.731777284869445 ], [ 23.06862579446917, 56.73182686939726 ], [ 23.068375283398289, 56.73189889821743 ], [ 23.068115748491845, 56.73197352024367 ], [ 23.067242822214698, 56.732403330888047 ], [ 23.066347328900118, 56.732441360203588 ], [ 23.060315226573941, 56.732697363695223 ], [ 23.057804518597109, 56.732724065632581 ], [ 23.056559871736642, 56.73273728371629 ], [ 23.0552422307582, 56.732751263181903 ], [ 23.054109123607152, 56.732763273416509 ], [ 23.053992940875322, 56.732737947131071 ], [ 23.052334930784742, 56.73237650261693 ], [ 23.051465021668307, 56.732186851523799 ], [ 23.04947325279187, 56.731752591528227 ], [ 23.049448247692695, 56.73174982953131 ], [ 23.049293654871466, 56.731732756361218 ], [ 23.049217071578614, 56.731730256799182 ], [ 23.049147163128769, 56.731739299112355 ], [ 23.04803077029295, 56.732075483619653 ], [ 23.047925303697472, 56.732112978525663 ], [ 23.047829850301493, 56.732167785442257 ], [ 23.047720751892488, 56.732265185369016 ], [ 23.047425003732084, 56.733027309608474 ], [ 23.047296416912555, 56.733264963467995 ] ] ] } },
{ "type": "Feature", "properties": { "fid": 621, "nosaukums": "Bramberģes strauts", "garums": null, "posmaID": null, "gadsAvotos": null, "regulets1940": true, "kolhozs": null, "udenskratuve": false, "piezimes": null }, "geometry": { "type": "MultiLineString", "coordinates": [ [ [ 23.633143666367147, 56.607624598436566 ], [ 23.633504795248115, 56.608574520066448 ], [ 23.633756536901185, 56.609236676338895 ], [ 23.634120756424757, 56.610172927069385 ], [ 23.634255748123518, 56.61051991978735 ], [ 23.634589287615302, 56.611377244846565 ], [ 23.634621311653454, 56.611537013708734 ], [ 23.634578057443886, 56.611671130165114 ], [ 23.634342661182085, 56.611913940772425 ], [ 23.634080821902437, 56.612089076636224 ], [ 23.633110807073383, 56.612600047647874 ], [ 23.631292919851738, 56.613389424565582 ], [ 23.631108932311175, 56.613508081528771 ], [ 23.63088036391563, 56.613711083691008 ], [ 23.63025971947825, 56.614624757316001 ], [ 23.630100697992564, 56.614829695880609 ], [ 23.629895024255614, 56.615094753793052 ], [ 23.629675557401111, 56.615223714801196 ], [ 23.629355698546373, 56.61531997343419 ], [ 23.628378671966956, 56.615320683864404 ], [ 23.62738361691709, 56.615285248821245 ], [ 23.627115427948116, 56.61524741297368 ], [ 23.626813671972933, 56.615209475891355 ], [ 23.626620832360246, 56.615190381183503 ], [ 23.626517470338197, 56.615194069852421 ], [ 23.626142290161951, 56.615207460751392 ], [ 23.624412746863388, 56.615544037625 ], [ 23.624213816236349, 56.615606947634816 ], [ 23.624151756223657, 56.615626572903068 ], [ 23.624061478809196, 56.615692212227586 ], [ 23.624024950863863, 56.615718772139381 ], [ 23.623887313128346, 56.616056278692469 ], [ 23.623751530322895, 56.616382167930169 ], [ 23.623658429886738, 56.616460580132212 ], [ 23.623414079029214, 56.616557051837276 ], [ 23.622564489213101, 56.616748899810503 ], [ 23.621685987456601, 56.616935041725924 ], [ 23.621148162821328, 56.617002842099865 ], [ 23.620240732205655, 56.617101915871984 ], [ 23.619714462896475, 56.617164441092086 ], [ 23.619479002768546, 56.617210012049476 ], [ 23.619352646475868, 56.617255916319671 ], [ 23.619267693373754, 56.61735749685478 ], [ 23.619233143944093, 56.617454601140054 ], [ 23.619256739552778, 56.617612062552659 ], [ 23.619363562841354, 56.617839214111356 ], [ 23.619619856111306, 56.61820372971394 ], [ 23.61981905236042, 56.618426534533526 ], [ 23.62001603092606, 56.618634798641665 ], [ 23.620075166000614, 56.618687264957664 ], [ 23.620114345481969, 56.618746593494834 ], [ 23.620137175999531, 56.618849730789471 ], [ 23.62013390981382, 56.618927033653286 ], [ 23.620121521754353, 56.619220286877812 ], [ 23.620089099269798, 56.619676315165769 ], [ 23.619929147334652, 56.620038902823694 ], [ 23.619685534838805, 56.620591127415047 ], [ 23.619624576390478, 56.620729307294368 ], [ 23.619598296122664, 56.620788877908943 ], [ 23.619570233069041, 56.620852488615526 ], [ 23.619535522648093, 56.620931168715593 ], [ 23.619608169615553, 56.621052086083864 ], [ 23.619954812279857, 56.621629038548129 ], [ 23.620223936156183, 56.622027321766701 ], [ 23.62011127403829, 56.622329871945766 ], [ 23.620022226284007, 56.622602719858598 ], [ 23.62004038252196, 56.622708845323203 ], [ 23.619774149470466, 56.62361177200399 ], [ 23.619768655724585, 56.623630402643485 ], [ 23.619307480426325, 56.62497361516526 ], [ 23.619255379976028, 56.625125359130891 ], [ 23.619246277908609, 56.625151866754017 ], [ 23.619244904434392, 56.625155868566964 ], [ 23.619230604853531, 56.625177522345588 ], [ 23.619191310675621, 56.625237028767295 ], [ 23.61918148626296, 56.625251908737113 ], [ 23.619175156617487, 56.625541577493522 ], [ 23.619183685614701, 56.625636740815295 ], [ 23.619240934512732, 56.626275431846949 ], [ 23.619251362993953, 56.626391765725074 ], [ 23.619581473262961, 56.626929464135188 ], [ 23.619610404072077, 56.626976587949621 ], [ 23.619771015428316, 56.627238192777746 ], [ 23.619942320613021, 56.627517211587502 ], [ 23.619940474701604, 56.62753221659581 ], [ 23.619913513794032, 56.627751354543292 ], [ 23.619833298341032, 56.628403328673116 ], [ 23.619722911110511, 56.629300501705664 ], [ 23.620495454898105, 56.630999952831644 ], [ 23.620547451952667, 56.632052375883873 ], [ 23.620510680597125, 56.632178345738097 ], [ 23.6203158711713, 56.632780852442963 ], [ 23.620205914098911, 56.633120919097891 ], [ 23.620204812913219, 56.633124896591937 ], [ 23.620204070115872, 56.633128898538097 ], [ 23.620186646021239, 56.633253623714218 ], [ 23.620186213448836, 56.633260010087923 ], [ 23.620186697034814, 56.633266395663355 ], [ 23.620201868675039, 56.633369145464485 ], [ 23.620202434234677, 56.633372239516461 ], [ 23.620203216744123, 56.633375319855809 ], [ 23.620272599154916, 56.633615121234882 ], [ 23.620273351283256, 56.633617494432507 ], [ 23.620274232336048, 56.633619853648902 ], [ 23.62043956707906, 56.634031749570674 ], [ 23.621181550020378, 56.635562548453393 ], [ 23.621207620609329, 56.635617758679402 ], [ 23.621210474949009, 56.635623803777577 ], [ 23.621227003979637, 56.6356588075882 ], [ 23.621243533049739, 56.635693810498083 ], [ 23.621246200625855, 56.635699459726965 ], [ 23.621276591272373, 56.635763817209181 ], [ 23.621306976391764, 56.635946078316827 ], [ 23.621317591715204, 56.636168501956959 ], [ 23.620525369659049, 56.638444277315394 ], [ 23.620409216053858, 56.638799530548155 ], [ 23.620042650954399, 56.639841738156576 ], [ 23.620008773788925, 56.639938054687967 ], [ 23.619924841218392, 56.640209199685614 ], [ 23.619762690396037, 56.640733027566114 ], [ 23.619714735752218, 56.641761652426879 ] ] ] } },
{ "type": "Feature", "properties": { "fid": 622, "nosaukums": null, "garums": null, "posmaID": null, "gadsAvotos": null, "regulets1940": null, "kolhozs": null, "udenskratuve": null, "piezimes": null }, "geometry": { "type": "MultiLineString", "coordinates": [ [ [ 23.548977903418336, 56.684519113712788 ], [ 23.555145098888531, 56.683969367905192 ], [ 23.56146019786399, 56.683427690836119 ], [ 23.57300520718908, 56.682366998003587 ], [ 23.573529507154333, 56.682391249667212 ], [ 23.575147553854922, 56.682250125638738 ], [ 23.578477328149173, 56.681926581310911 ], [ 23.581037660752099, 56.681705462467413 ], [ 23.584269377005285, 56.681405874733677 ], [ 23.58677643559032, 56.681177128369214 ], [ 23.589136848514997, 56.680955179883128 ], [ 23.591949698218809, 56.68071248708452 ], [ 23.593159902588333, 56.68062081754114 ], [ 23.59529633584329, 56.680416066977834 ], [ 23.596164758218681, 56.68035433948554 ], [ 23.597155294789594, 56.680277509732456 ], [ 23.597775229088001, 56.680204640028343 ], [ 23.599109255209463, 56.680025630961616 ], [ 23.599446992356146, 56.680024135414783 ], [ 23.599779352668911, 56.680087167503913 ], [ 23.600386919337101, 56.680295664690156 ], [ 23.600817155253424, 56.680418389739884 ], [ 23.601163839256095, 56.680458227705493 ], [ 23.601581260893266, 56.680462145493365 ], [ 23.602664674323549, 56.680473351095657 ], [ 23.604267347971692, 56.680617871580736 ], [ 23.605054645630876, 56.680687498008353 ], [ 23.605495578328668, 56.68068631318981 ], [ 23.606739498191171, 56.680599882295319 ], [ 23.607716108667219, 56.680507434356926 ], [ 23.608227932261265, 56.68045482645848 ], [ 23.608909305146373, 56.680335621976504 ], [ 23.609952664939723, 56.680137510785634 ], [ 23.610542562962507, 56.680039925678351 ], [ 23.610609124314628, 56.680028914500497 ], [ 23.610675682354437, 56.680017904175237 ], [ 23.610718534931021, 56.680010814935777 ], [ 23.611250091250291, 56.679862729064872 ], [ 23.611542198202798, 56.679737130753288 ], [ 23.61210833185082, 56.6794187479722 ], [ 23.612362617288777, 56.679321430289406 ], [ 23.612607150778857, 56.679260227226727 ], [ 23.612921824658304, 56.679219895954226 ], [ 23.613290503012955, 56.679173277423224 ] ] ] } }
]
}
